,wind_speed,pressure,temperature,roughness_length
,10,0,2,0
Time,,,,
2015-01-01 00:00:00,1.65,102455.0,273.6,0.15
2015-01-01 00:15:00,2.0,102450.0,274.15,0.15
2015-01-01 00:30:00,2.1,102435.0,274.5,0.15
2015-01-01 00:45:00,1.4,102440.0,274.45,0.15
2015-01-01 01:00:00,1.2000000000000002,102460.0,274.35,0.15
2015-01-01 01:15:00,1.1,102460.0,274.25,0.15
2015-01-01 01:30:00,1.25,102465.0,274.2,0.15
2015-01-01 01:45:00,1.7,102470.0,273.95,0.15
2015-01-01 02:00:00,1.4,102455.0,273.75,0.15
2015-01-01 02:15:00,2.0,102440.0,273.75,0.15
2015-01-01 02:30:00,2.05,102440.0,273.75,0.15
2015-01-01 02:45:00,1.8,102420.0,273.75,0.15
2015-01-01 03:00:00,1.25,102440.0,273.75,0.15
2015-01-01 03:15:00,2.0,102410.0,273.65,0.15
2015-01-01 03:30:00,1.7999999999999998,102410.0,273.65,0.15
2015-01-01 03:45:00,1.6,102410.0,273.75,0.15
2015-01-01 04:00:00,1.2000000000000002,102380.0,273.9,0.15
2015-01-01 04:15:00,1.9,102340.0,273.95,0.15
2015-01-01 04:30:00,2.05,102345.0,273.95,0.15
2015-01-01 04:45:00,1.1,102390.0,273.95,0.15
2015-01-01 05:00:00,1.25,102445.0,273.9,0.15
2015-01-01 05:15:00,1.4,102480.0,273.75,0.15
2015-01-01 05:30:00,1.95,102475.0,273.65,0.15
2015-01-01 05:45:00,1.7,102510.0,273.54999999999995,0.15
2015-01-01 06:00:00,1.75,102515.0,273.5,0.15
2015-01-01 06:15:00,1.9,102530.0,273.65,0.15
2015-01-01 06:30:00,1.3,102545.0,273.65,0.15
2015-01-01 06:45:00,1.0,102560.0,273.75,0.15
2015-01-01 07:00:00,1.95,102535.0,273.79999999999995,0.15
2015-01-01 07:15:00,2.0,102510.0,273.75,0.15
2015-01-01 07:30:00,2.05,102500.0,273.79999999999995,0.15
2015-01-01 07:45:00,2.3,102470.0,273.75,0.15
2015-01-01 08:00:00,2.9,102435.0,273.65,0.15
2015-01-01 08:15:00,3.1,102390.0,273.65,0.15
2015-01-01 08:30:00,2.65,102375.0,273.7,0.15
2015-01-01 08:45:00,2.7,102370.0,273.95,0.15
2015-01-01 09:00:00,3.25,102345.0,274.1,0.15
2015-01-01 09:15:00,0.8,102430.0,274.35,0.15
2015-01-01 09:30:00,0.8,102495.0,274.35,0.15
2015-01-01 09:45:00,0.8,102500.0,275.15,0.15
2015-01-01 10:00:00,0.7,102500.0,275.65,0.15
2015-01-01 10:15:00,1.4,102480.0,275.95,0.15
2015-01-01 10:30:00,1.95,102455.0,276.04999999999995,0.15
2015-01-01 10:45:00,2.5,102440.0,276.25,0.15
2015-01-01 11:00:00,2.8,102425.0,276.45,0.15
2015-01-01 11:15:00,2.6,102410.0,276.45,0.15
2015-01-01 11:30:00,3.0,102395.0,276.79999999999995,0.15
2015-01-01 11:45:00,2.8,102360.0,277.25,0.15
2015-01-01 12:00:00,3.7,102290.0,277.45,0.15
2015-01-01 12:15:00,3.5,102250.0,277.54999999999995,0.15
2015-01-01 12:30:00,2.6,102265.0,277.75,0.15
2015-01-01 12:45:00,2.5,102250.0,278.25,0.15
2015-01-01 13:00:00,2.45,102240.0,278.5,0.15
2015-01-01 13:15:00,2.2,102250.0,278.85,0.15
2015-01-01 13:30:00,2.35,102245.0,279.0,0.15
2015-01-01 13:45:00,3.3,102230.0,279.15,0.15
2015-01-01 14:00:00,3.85,102205.0,278.85,0.15
2015-01-01 14:15:00,3.7,102190.0,278.25,0.15
2015-01-01 14:30:00,3.6,102195.0,277.6,0.15
2015-01-01 14:45:00,4.0,102180.0,277.25,0.15
2015-01-01 15:00:00,3.9,102170.0,276.9,0.15
2015-01-01 15:15:00,3.6,102160.0,276.65,0.15
2015-01-01 15:30:00,3.7,102155.0,276.7,0.15
2015-01-01 15:45:00,3.3,102170.0,275.95,0.15
2015-01-01 16:00:00,3.0,102165.0,275.95,0.15
2015-01-01 16:15:00,3.3,102150.0,275.75,0.15
2015-01-01 16:30:00,3.75,102125.0,275.5,0.15
2015-01-01 16:45:00,3.8,102120.0,275.45,0.15
2015-01-01 17:00:00,4.4,102075.0,275.29999999999995,0.15
2015-01-01 17:15:00,4.3,102030.0,275.35,0.15
2015-01-01 17:30:00,3.65,102035.0,275.1,0.15
2015-01-01 17:45:00,3.8,102030.0,275.25,0.15
2015-01-01 18:00:00,3.6,102025.0,275.1,0.15
2015-01-01 18:15:00,3.2,102020.0,275.15,0.15
2015-01-01 18:30:00,3.3,102025.0,275.1,0.15
2015-01-01 18:45:00,4.6,101990.0,275.15,0.15
2015-01-01 19:00:00,3.85,101980.0,275.29999999999995,0.15
2015-01-01 19:15:00,3.0,102000.0,275.15,0.15
2015-01-01 19:30:00,3.9,101970.0,275.29999999999995,0.15
2015-01-01 19:45:00,3.8,101970.0,275.25,0.15
2015-01-01 20:00:00,3.7,101975.0,275.4,0.15
2015-01-01 20:15:00,2.7,101980.0,275.04999999999995,0.15
2015-01-01 20:30:00,3.8,101955.0,275.0,0.15
2015-01-01 20:45:00,4.5,101920.0,274.95,0.15
2015-01-01 21:00:00,4.4,101895.0,275.15,0.15
2015-01-01 21:15:00,4.3,101880.0,275.15,0.15
2015-01-01 21:30:00,4.15,101870.0,275.1,0.15
2015-01-01 21:45:00,4.3,101840.0,275.15,0.15
2015-01-01 22:00:00,4.1,101825.0,275.29999999999995,0.15
2015-01-01 22:15:00,4.3,101800.0,275.04999999999995,0.15
2015-01-01 22:30:00,4.35,101800.0,275.1,0.15
2015-01-01 22:45:00,5.4,101750.0,275.15,0.15
2015-01-01 23:00:00,4.9,101720.0,275.35,0.15
2015-01-01 23:15:00,4.5,101700.0,275.25,0.15
2015-01-01 23:30:00,4.1,101685.0,275.45,0.15
2015-01-01 23:45:00,4.0,101680.0,275.54999999999995,0.15
2015-01-02 00:00:00,3.7,101660.0,275.7,0.15
2015-01-02 00:15:00,4.2,101620.0,275.25,0.15
2015-01-02 00:30:00,4.5,101605.0,275.29999999999995,0.15
2015-01-02 00:45:00,5.5,101600.0,275.65,0.15
2015-01-02 01:00:00,5.15,101595.0,276.1,0.15
2015-01-02 01:15:00,5.8,101580.0,276.25,0.15
2015-01-02 01:30:00,5.95,101550.0,276.2,0.15
2015-01-02 01:45:00,5.5,101530.0,276.45,0.15
2015-01-02 02:00:00,5.35,101500.0,276.79999999999995,0.15
2015-01-02 02:15:00,5.6,101480.0,277.15,0.15
2015-01-02 02:30:00,5.6,101450.0,277.29999999999995,0.15
2015-01-02 02:45:00,5.7,101410.0,277.65,0.15
2015-01-02 03:00:00,5.449999999999999,101395.0,277.75,0.15
2015-01-02 03:15:00,4.8,101380.0,277.65,0.15
2015-01-02 03:30:00,5.25,101340.0,277.79999999999995,0.15
2015-01-02 03:45:00,5.0,101320.0,277.54999999999995,0.15
2015-01-02 04:00:00,4.65,101310.0,277.15,0.15
2015-01-02 04:15:00,4.1,101310.0,276.95,0.15
2015-01-02 04:30:00,4.5,101285.0,276.75,0.15
2015-01-02 04:45:00,5.1,101250.0,276.54999999999995,0.15
2015-01-02 05:00:00,3.8,101275.0,276.79999999999995,0.15
2015-01-02 05:15:00,3.1,101300.0,276.85,0.15
2015-01-02 05:30:00,4.1,101280.0,276.75,0.15
2015-01-02 05:45:00,3.9,101280.0,276.75,0.15
2015-01-02 06:00:00,3.95,101270.0,276.95,0.15
2015-01-02 06:15:00,4.0,101270.0,277.15,0.15
2015-01-02 06:30:00,4.1,101270.0,277.2,0.15
2015-01-02 06:45:00,4.1,101280.0,277.25,0.15
2015-01-02 07:00:00,3.75,101280.0,277.35,0.15
2015-01-02 07:15:00,4.0,101290.0,277.45,0.15
2015-01-02 07:30:00,3.3,101310.0,277.5,0.15
2015-01-02 07:45:00,3.1,101310.0,277.75,0.15
2015-01-02 08:00:00,2.8,101325.0,277.95,0.15
2015-01-02 08:15:00,3.0,101340.0,278.35,0.15
2015-01-02 08:30:00,4.0,101330.0,278.79999999999995,0.15
2015-01-02 08:45:00,4.8,101330.0,279.95,0.15
2015-01-02 09:00:00,4.65,101345.0,280.15,0.15
2015-01-02 09:15:00,5.0,101350.0,280.54999999999995,0.15
2015-01-02 09:30:00,4.15,101365.0,280.65,0.15
2015-01-02 09:45:00,4.2,101370.0,280.85,0.15
2015-01-02 10:00:00,4.0,101400.0,280.9,0.15
2015-01-02 10:15:00,4.4,101400.0,281.15,0.15
2015-01-02 10:30:00,5.15,101410.0,281.25,0.15
2015-01-02 10:45:00,4.8,101430.0,281.54999999999995,0.15
2015-01-02 11:00:00,4.0,101455.0,281.35,0.15
2015-01-02 11:15:00,4.8,101480.0,281.15,0.15
2015-01-02 11:30:00,5.1,101490.0,281.95,0.15
2015-01-02 11:45:00,5.1,101480.0,282.25,0.15
2015-01-02 12:00:00,5.6,101465.0,282.4,0.15
2015-01-02 12:15:00,5.6,101470.0,282.45,0.15
2015-01-02 12:30:00,5.05,101475.0,282.54999999999995,0.15
2015-01-02 12:45:00,5.1,101490.0,282.75,0.15
2015-01-02 13:00:00,4.15,101505.0,282.6,0.15
2015-01-02 13:15:00,4.8,101500.0,282.45,0.15
2015-01-02 13:30:00,4.550000000000001,101525.0,282.4,0.15
2015-01-02 13:45:00,4.5,101560.0,282.15,0.15
2015-01-02 14:00:00,5.75,101590.0,282.2,0.15
2015-01-02 14:15:00,4.2,101590.0,281.95,0.15
2015-01-02 14:30:00,4.15,101600.0,281.5,0.15
2015-01-02 14:45:00,4.0,101650.0,281.04999999999995,0.15
2015-01-02 15:00:00,3.8,101690.0,281.45,0.15
2015-01-02 15:15:00,4.1,101710.0,281.35,0.15
2015-01-02 15:30:00,4.3,101735.0,281.29999999999995,0.15
2015-01-02 15:45:00,4.6,101740.0,280.95,0.15
2015-01-02 16:00:00,4.25,101765.0,280.9,0.15
2015-01-02 16:15:00,4.1,101780.0,280.65,0.15
2015-01-02 16:30:00,4.7,101810.0,280.7,0.15
2015-01-02 16:45:00,5.0,101860.0,280.45,0.15
2015-01-02 17:00:00,5.1,101880.0,280.4,0.15
2015-01-02 17:15:00,3.7,101900.0,280.25,0.15
2015-01-02 17:30:00,5.8,101930.0,280.1,0.15
2015-01-02 17:45:00,5.9,101960.0,280.04999999999995,0.15
2015-01-02 18:00:00,4.55,101980.0,279.6,0.15
2015-01-02 18:15:00,3.4,101980.0,278.65,0.15
2015-01-02 18:30:00,3.3,101985.0,278.4,0.15
2015-01-02 18:45:00,3.6,102000.0,278.65,0.15
2015-01-02 19:00:00,3.45,102025.0,278.2,0.15
2015-01-02 19:15:00,3.3,102030.0,277.85,0.15
2015-01-02 19:30:00,2.95,102035.0,277.5,0.15
2015-01-02 19:45:00,2.8,102040.0,277.65,0.15
2015-01-02 20:00:00,3.2,102050.0,277.35,0.15
2015-01-02 20:15:00,3.7,102060.0,277.85,0.15
2015-01-02 20:30:00,3.65,102070.0,277.45,0.15
2015-01-02 20:45:00,3.4,102090.0,277.54999999999995,0.15
2015-01-02 21:00:00,2.95,102105.0,277.2,0.15
2015-01-02 21:15:00,3.1,102110.0,277.04999999999995,0.15
2015-01-02 21:30:00,3.5,102110.0,276.85,0.15
2015-01-02 21:45:00,4.0,102110.0,277.15,0.15
2015-01-02 22:00:00,4.2,102105.0,277.6,0.15
2015-01-02 22:15:00,4.1,102080.0,277.15,0.15
2015-01-02 22:30:00,3.9,102090.0,277.1,0.15
2015-01-02 22:45:00,3.5,102100.0,276.75,0.15
2015-01-02 23:00:00,2.75,102115.0,276.95,0.15
2015-01-02 23:15:00,2.6,102110.0,276.95,0.15
2015-01-02 23:30:00,2.8,102120.0,276.54999999999995,0.15
2015-01-02 23:45:00,2.7,102110.0,276.65,0.15
2015-01-03 00:00:00,2.7,102105.0,276.5,0.15
2015-01-03 00:15:00,2.4,102090.0,276.75,0.15
2015-01-03 00:30:00,2.1500000000000004,102080.0,276.65,0.15
2015-01-03 00:45:00,2.4,102090.0,276.15,0.15
2015-01-03 01:00:00,2.45,102085.0,276.2,0.15
2015-01-03 01:15:00,2.7,102100.0,276.85,0.15
2015-01-03 01:30:00,2.7,102095.0,276.9,0.15
2015-01-03 01:45:00,2.6,102110.0,276.85,0.15
2015-01-03 02:00:00,2.45,102085.0,277.1,0.15
2015-01-03 02:15:00,2.8,102050.0,277.15,0.15
2015-01-03 02:30:00,2.4000000000000004,102025.0,276.95,0.15
2015-01-03 02:45:00,2.0,101990.0,276.35,0.15
2015-01-03 03:00:00,2.25,101965.0,276.65,0.15
2015-01-03 03:15:00,2.8,101950.0,277.04999999999995,0.15
2015-01-03 03:30:00,3.25,101930.0,277.6,0.15
2015-01-03 03:45:00,3.4,101890.0,277.65,0.15
2015-01-03 04:00:00,3.5,101870.0,277.79999999999995,0.15
2015-01-03 04:15:00,2.5,101860.0,277.45,0.15
2015-01-03 04:30:00,2.5,101860.0,276.95,0.15
2015-01-03 04:45:00,3.0,101810.0,277.04999999999995,0.15
2015-01-03 05:00:00,3.45,101780.0,277.0,0.15
2015-01-03 05:15:00,3.7,101720.0,276.95,0.15
2015-01-03 05:30:00,3.7,101685.0,277.0,0.15
2015-01-03 05:45:00,4.3,101680.0,276.95,0.15
2015-01-03 06:00:00,4.35,101690.0,277.1,0.15
2015-01-03 06:15:00,4.2,101710.0,277.35,0.15
2015-01-03 06:30:00,4.35,101685.0,277.4,0.15
2015-01-03 06:45:00,3.5,101660.0,277.25,0.15
2015-01-03 07:00:00,3.6,101655.0,277.1,0.15
2015-01-03 07:15:00,4.6,101640.0,277.04999999999995,0.15
2015-01-03 07:30:00,4.75,101610.0,276.9,0.15
2015-01-03 07:45:00,4.8,101610.0,276.85,0.15
2015-01-03 08:00:00,4.699999999999999,101600.0,277.0,0.15
2015-01-03 08:15:00,4.8,101570.0,277.04999999999995,0.15
2015-01-03 08:30:00,4.75,101530.0,277.2,0.15
2015-01-03 08:45:00,4.0,101510.0,277.35,0.15
2015-01-03 09:00:00,3.35,101480.0,277.45,0.15
2015-01-03 09:15:00,1.5,101450.0,277.54999999999995,0.15
2015-01-03 09:30:00,2.8,101465.0,277.35,0.15
2015-01-03 09:45:00,2.5,101420.0,277.25,0.15
2015-01-03 10:00:00,3.3,101385.0,277.25,0.15
2015-01-03 10:15:00,3.0,101350.0,277.25,0.15
2015-01-03 10:30:00,2.6500000000000004,101305.0,277.4,0.15
2015-01-03 10:45:00,2.6,101250.0,277.45,0.15
2015-01-03 11:00:00,2.4,101220.0,277.45,0.15
2015-01-03 11:15:00,2.9,101180.0,277.54999999999995,0.15
2015-01-03 11:30:00,3.4,101135.0,277.4,0.15
2015-01-03 11:45:00,2.8,101060.0,277.15,0.15
2015-01-03 12:00:00,3.3,100995.0,276.85,0.15
2015-01-03 12:15:00,2.7,100960.0,276.54999999999995,0.15
2015-01-03 12:30:00,2.35,100920.0,276.4,0.15
2015-01-03 12:45:00,1.8,100890.0,276.35,0.15
2015-01-03 13:00:00,2.05,100825.0,276.35,0.15
2015-01-03 13:15:00,2.7,100790.0,276.35,0.15
2015-01-03 13:30:00,2.3,100755.0,276.29999999999995,0.15
2015-01-03 13:45:00,2.6,100730.0,276.15,0.15
2015-01-03 14:00:00,2.75,100690.0,276.1,0.15
2015-01-03 14:15:00,2.7,100610.0,276.04999999999995,0.15
2015-01-03 14:30:00,3.4,100610.0,276.15,0.15
2015-01-03 14:45:00,3.6,100580.0,276.15,0.15
2015-01-03 15:00:00,3.3,100545.0,276.15,0.15
2015-01-03 15:15:00,3.1,100540.0,276.15,0.15
2015-01-03 15:30:00,3.2,100525.0,276.0,0.15
2015-01-03 15:45:00,3.3,100510.0,275.95,0.15
2015-01-03 16:00:00,2.6,100495.0,275.79999999999995,0.15
2015-01-03 16:15:00,3.0,100470.0,275.75,0.15
2015-01-03 16:30:00,2.7,100475.0,275.6,0.15
2015-01-03 16:45:00,2.3,100490.0,275.25,0.15
2015-01-03 17:00:00,1.5,100515.0,274.7,0.15
2015-01-03 17:15:00,2.0,100490.0,274.45,0.15
2015-01-03 17:30:00,2.6,100475.0,274.5,0.15
2015-01-03 17:45:00,1.5,100520.0,274.54999999999995,0.15
2015-01-03 18:00:00,1.05,100525.0,274.45,0.15
2015-01-03 18:15:00,1.1,100580.0,274.45,0.15
2015-01-03 18:30:00,1.75,100645.0,274.29999999999995,0.15
2015-01-03 18:45:00,2.8,100690.0,274.35,0.15
2015-01-03 19:00:00,2.55,100740.0,274.29999999999995,0.15
2015-01-03 19:15:00,1.8,100770.0,274.25,0.15
2015-01-03 19:30:00,1.35,100780.0,274.29999999999995,0.15
2015-01-03 19:45:00,1.1,100760.0,274.35,0.15
2015-01-03 20:00:00,1.8,100830.0,274.45,0.15
2015-01-03 20:15:00,1.8,100900.0,274.54999999999995,0.15
2015-01-03 20:30:00,2.1,100960.0,274.65,0.15
2015-01-03 20:45:00,2.1,100990.0,274.65,0.15
2015-01-03 21:00:00,2.35,101050.0,274.9,0.15
2015-01-03 21:15:00,2.1,101040.0,274.85,0.15
2015-01-03 21:30:00,1.85,101095.0,275.0,0.15
2015-01-03 21:45:00,1.9,101140.0,274.95,0.15
2015-01-03 22:00:00,2.15,101165.0,275.0,0.15
2015-01-03 22:15:00,2.2,101180.0,275.04999999999995,0.15
2015-01-03 22:30:00,2.05,101205.0,275.35,0.15
2015-01-03 22:45:00,2.0,101220.0,275.54999999999995,0.15
2015-01-03 23:00:00,2.05,101250.0,275.79999999999995,0.15
2015-01-03 23:15:00,2.4,101280.0,275.95,0.15
2015-01-03 23:30:00,2.15,101315.0,276.2,0.15
2015-01-03 23:45:00,1.7,101330.0,276.35,0.15
2015-01-04 00:00:00,1.95,101375.0,276.2,0.15
2015-01-04 00:15:00,1.8,101410.0,276.45,0.15
2015-01-04 00:30:00,2.0,101435.0,276.65,0.15
2015-01-04 00:45:00,2.0,101460.0,277.04999999999995,0.15
2015-01-04 01:00:00,2.3,101475.0,277.35,0.15
2015-01-04 01:15:00,2.6,101510.0,277.35,0.15
2015-01-04 01:30:00,3.0,101535.0,277.2,0.15
2015-01-04 01:45:00,2.2,101570.0,276.95,0.15
2015-01-04 02:00:00,2.6,101600.0,276.7,0.15
2015-01-04 02:15:00,2.7,101600.0,276.54999999999995,0.15
2015-01-04 02:30:00,2.65,101620.0,276.29999999999995,0.15
2015-01-04 02:45:00,2.0,101630.0,276.04999999999995,0.15
2015-01-04 03:00:00,1.65,101645.0,275.95,0.15
2015-01-04 03:15:00,1.7,101660.0,275.75,0.15
2015-01-04 03:30:00,1.45,101665.0,275.7,0.15
2015-01-04 03:45:00,0.9,101670.0,275.54999999999995,0.15
2015-01-04 04:00:00,0.8999999999999999,101690.0,274.9,0.15
2015-01-04 04:15:00,1.3,101710.0,274.45,0.15
2015-01-04 04:30:00,1.45,101720.0,274.5,0.15
2015-01-04 04:45:00,1.2,101740.0,274.15,0.15
2015-01-04 05:00:00,1.0,101745.0,274.4,0.15
2015-01-04 05:15:00,0.6,101760.0,274.15,0.15
2015-01-04 05:30:00,1.25,101765.0,274.4,0.15
2015-01-04 05:45:00,1.8,101780.0,274.35,0.15
2015-01-04 06:00:00,1.15,101795.0,273.95,0.15
2015-01-04 06:15:00,1.2,101820.0,274.45,0.15
2015-01-04 06:30:00,1.05,101845.0,274.29999999999995,0.15
2015-01-04 06:45:00,1.1,101860.0,274.25,0.15
2015-01-04 07:00:00,0.8500000000000001,101865.0,273.6,0.15
2015-01-04 07:15:00,0.8,101880.0,273.54999999999995,0.15
2015-01-04 07:30:00,1.0,101885.0,273.5,0.15
2015-01-04 07:45:00,0.8,101900.0,273.65,0.15
2015-01-04 08:00:00,0.4499999999999999,101920.0,273.95,0.15
2015-01-04 08:15:00,1.1,101950.0,274.35,0.15
2015-01-04 08:30:00,1.3,101980.0,274.25,0.15
2015-01-04 08:45:00,1.3,102000.0,274.65,0.15
2015-01-04 09:00:00,1.15,102025.0,274.9,0.15
2015-01-04 09:15:00,1.3,102040.0,275.25,0.15
2015-01-04 09:30:00,1.1,102065.0,275.54999999999995,0.15
2015-01-04 09:45:00,0.9,102100.0,275.95,0.15
2015-01-04 10:00:00,0.6,102105.0,276.35,0.15
2015-01-04 10:15:00,0.1,102120.0,276.75,0.15
2015-01-04 10:30:00,0.35,102120.0,277.15,0.15
2015-01-04 10:45:00,0.6,102130.0,277.45,0.15
2015-01-04 11:00:00,1.65,102140.0,278.1,0.15
2015-01-04 11:15:00,4.5,102130.0,278.65,0.15
2015-01-04 11:30:00,4.55,102135.0,279.29999999999995,0.15
2015-01-04 11:45:00,3.8,102160.0,279.45,0.15
2015-01-04 12:00:00,4.300000000000001,102155.0,279.5,0.15
2015-01-04 12:15:00,4.7,102170.0,279.54999999999995,0.15
2015-01-04 12:30:00,4.35,102165.0,279.65,0.15
2015-01-04 12:45:00,4.4,102170.0,279.95,0.15
2015-01-04 13:00:00,5.25,102180.0,279.75,0.15
2015-01-04 13:15:00,5.7,102170.0,280.15,0.15
2015-01-04 13:30:00,5.3,102180.0,279.95,0.15
2015-01-04 13:45:00,6.3,102170.0,279.85,0.15
2015-01-04 14:00:00,5.45,102190.0,279.85,0.15
2015-01-04 14:15:00,5.6,102210.0,279.45,0.15
2015-01-04 14:30:00,4.699999999999999,102235.0,279.35,0.15
2015-01-04 14:45:00,4.0,102250.0,278.95,0.15
2015-01-04 15:00:00,4.5,102255.0,279.45,0.15
2015-01-04 15:15:00,4.4,102260.0,279.25,0.15
2015-01-04 15:30:00,4.15,102260.0,279.0,0.15
2015-01-04 15:45:00,3.7,102280.0,278.75,0.15
2015-01-04 16:00:00,3.2,102275.0,278.04999999999995,0.15
2015-01-04 16:15:00,3.0,102300.0,277.25,0.15
2015-01-04 16:30:00,1.85,102305.0,277.04999999999995,0.15
2015-01-04 16:45:00,1.8,102310.0,276.95,0.15
2015-01-04 17:00:00,1.65,102315.0,276.9,0.15
2015-01-04 17:15:00,1.6,102340.0,276.65,0.15
2015-01-04 17:30:00,2.3,102345.0,276.65,0.15
2015-01-04 17:45:00,2.9,102340.0,276.95,0.15
2015-01-04 18:00:00,2.7,102350.0,277.29999999999995,0.15
2015-01-04 18:15:00,2.4,102370.0,277.65,0.15
2015-01-04 18:30:00,2.25,102380.0,277.0,0.15
2015-01-04 18:45:00,2.3,102380.0,277.04999999999995,0.15
2015-01-04 19:00:00,1.7000000000000002,102390.0,277.1,0.15
2015-01-04 19:15:00,1.9,102400.0,277.15,0.15
2015-01-04 19:30:00,1.6,102405.0,276.95,0.15
2015-01-04 19:45:00,2.0,102430.0,276.95,0.15
2015-01-04 20:00:00,2.2,102435.0,277.04999999999995,0.15
2015-01-04 20:15:00,2.3,102450.0,277.35,0.15
2015-01-04 20:30:00,2.1500000000000004,102455.0,277.25,0.15
2015-01-04 20:45:00,2.2,102460.0,276.95,0.15
2015-01-04 21:00:00,2.85,102470.0,276.7,0.15
2015-01-04 21:15:00,2.6,102460.0,276.54999999999995,0.15
2015-01-04 21:30:00,2.4000000000000004,102470.0,276.29999999999995,0.15
2015-01-04 21:45:00,2.6,102470.0,276.85,0.15
2015-01-04 22:00:00,2.6,102495.0,276.85,0.15
2015-01-04 22:15:00,2.1,102470.0,276.65,0.15
2015-01-04 22:30:00,2.3,102465.0,276.25,0.15
2015-01-04 22:45:00,1.3,102450.0,276.04999999999995,0.15
2015-01-04 23:00:00,1.25,102465.0,275.65,0.15
2015-01-04 23:15:00,1.0,102480.0,275.35,0.15
2015-01-04 23:30:00,0.65,102480.0,275.2,0.15
2015-01-04 23:45:00,1.4,102480.0,275.15,0.15
2015-01-05 00:00:00,1.35,102485.0,275.04999999999995,0.15
2015-01-05 00:15:00,1.5,102480.0,275.25,0.15
2015-01-05 00:30:00,1.5,102470.0,275.75,0.15
2015-01-05 00:45:00,1.7,102470.0,275.75,0.15
2015-01-05 01:00:00,1.65,102465.0,275.6,0.15
2015-01-05 01:15:00,0.8,102450.0,275.15,0.15
2015-01-05 01:30:00,0.6,102450.0,274.95,0.15
2015-01-05 01:45:00,1.3,102420.0,274.35,0.15
2015-01-05 02:00:00,1.65,102415.0,274.04999999999995,0.15
2015-01-05 02:15:00,2.1,102400.0,273.35,0.15
2015-01-05 02:30:00,1.0,102400.0,274.15,0.15
2015-01-05 02:45:00,1.0,102400.0,274.45,0.15
2015-01-05 03:00:00,1.5,102390.0,274.6,0.15
2015-01-05 03:15:00,2.1,102380.0,274.54999999999995,0.15
2015-01-05 03:30:00,2.0,102385.0,274.6,0.15
2015-01-05 03:45:00,2.3,102380.0,274.54999999999995,0.15
2015-01-05 04:00:00,2.1500000000000004,102370.0,274.65,0.15
2015-01-05 04:15:00,2.0,102340.0,274.65,0.15
2015-01-05 04:30:00,1.8,102325.0,274.1,0.15
2015-01-05 04:45:00,3.0,102320.0,273.95,0.15
2015-01-05 05:00:00,2.8,102315.0,273.65,0.15
2015-01-05 05:15:00,1.7,102320.0,273.65,0.15
2015-01-05 05:30:00,1.2,102310.0,273.6,0.15
2015-01-05 05:45:00,1.0,102300.0,273.85,0.15
2015-01-05 06:00:00,0.4,102300.0,274.04999999999995,0.15
2015-01-05 06:15:00,0.7,102290.0,274.04999999999995,0.15
2015-01-05 06:30:00,0.75,102270.0,273.85,0.15
2015-01-05 06:45:00,0.8,102270.0,273.65,0.15
2015-01-05 07:00:00,0.95,102270.0,273.54999999999995,0.15
2015-01-05 07:15:00,1.1,102250.0,273.04999999999995,0.15
2015-01-05 07:30:00,1.15,102250.0,273.04999999999995,0.15
2015-01-05 07:45:00,1.2,102240.0,273.25,0.15
2015-01-05 08:00:00,1.4,102230.0,273.2,0.15
2015-01-05 08:15:00,2.2,102230.0,273.35,0.15
2015-01-05 08:30:00,1.95,102230.0,273.79999999999995,0.15
2015-01-05 08:45:00,1.8,102220.0,274.25,0.15
2015-01-05 09:00:00,1.15,102205.0,274.6,0.15
2015-01-05 09:15:00,0.6,102200.0,275.04999999999995,0.15
2015-01-05 09:30:00,1.2,102205.0,275.6,0.15
2015-01-05 09:45:00,1.3,102200.0,275.95,0.15
2015-01-05 10:00:00,2.4,102200.0,276.4,0.15
2015-01-05 10:15:00,2.1,102180.0,276.65,0.15
2015-01-05 10:30:00,1.85,102155.0,277.0,0.15
2015-01-05 10:45:00,1.4,102130.0,277.35,0.15
2015-01-05 11:00:00,1.35,102125.0,277.9,0.15
2015-01-05 11:15:00,1.4,102110.0,278.15,0.15
2015-01-05 11:30:00,1.55,102095.0,278.35,0.15
2015-01-05 11:45:00,1.7,102070.0,278.45,0.15
2015-01-05 12:00:00,1.15,102050.0,278.9,0.15
2015-01-05 12:15:00,1.8,102010.0,278.95,0.15
2015-01-05 12:30:00,1.75,102005.0,279.2,0.15
2015-01-05 12:45:00,1.6,101990.0,279.35,0.15
2015-01-05 13:00:00,1.75,101975.0,279.1,0.15
2015-01-05 13:15:00,1.3,101970.0,279.35,0.15
2015-01-05 13:30:00,1.2,101965.0,279.15,0.15
2015-01-05 13:45:00,1.3,101960.0,279.15,0.15
2015-01-05 14:00:00,1.3,101940.0,278.75,0.15
2015-01-05 14:15:00,0.9,101930.0,278.25,0.15
2015-01-05 14:30:00,0.95,101915.0,278.15,0.15
2015-01-05 14:45:00,0.8,101910.0,278.04999999999995,0.15
2015-01-05 15:00:00,0.8,101890.0,277.9,0.15
2015-01-05 15:15:00,0.8,101890.0,277.65,0.15
2015-01-05 15:30:00,1.05,101885.0,276.9,0.15
2015-01-05 15:45:00,0.9,101890.0,276.25,0.15
2015-01-05 16:00:00,0.4499999999999999,101890.0,275.29999999999995,0.15
2015-01-05 16:15:00,0.2,101880.0,275.35,0.15
2015-01-05 16:30:00,0.35,101880.0,275.0,0.15
2015-01-05 16:45:00,0.8,101870.0,273.54999999999995,0.15
2015-01-05 17:00:00,0.85,101875.0,273.54999999999995,0.15
2015-01-05 17:15:00,0.6,101870.0,273.54999999999995,0.15
2015-01-05 17:30:00,1.9,101860.0,273.6,0.15
2015-01-05 17:45:00,3.2,101840.0,273.15,0.15
2015-01-05 18:00:00,3.4,101830.0,275.04999999999995,0.15
2015-01-05 18:15:00,3.3,101810.0,275.35,0.15
2015-01-05 18:30:00,3.0,101805.0,274.7,0.15
2015-01-05 18:45:00,2.6,101790.0,274.54999999999995,0.15
2015-01-05 19:00:00,2.3,101785.0,274.29999999999995,0.15
2015-01-05 19:15:00,1.8,101780.0,274.04999999999995,0.15
2015-01-05 19:30:00,1.4,101780.0,273.9,0.15
2015-01-05 19:45:00,2.1,101760.0,273.54999999999995,0.15
2015-01-05 20:00:00,1.8,101760.0,273.54999999999995,0.15
2015-01-05 20:15:00,1.8,101730.0,273.35,0.15
2015-01-05 20:30:00,0.95,101720.0,273.79999999999995,0.15
2015-01-05 20:45:00,2.0,101710.0,273.75,0.15
2015-01-05 21:00:00,2.1,101710.0,273.75,0.15
2015-01-05 21:15:00,2.1,101720.0,273.95,0.15
2015-01-05 21:30:00,2.5,101720.0,274.04999999999995,0.15
2015-01-05 21:45:00,2.0,101720.0,274.15,0.15
2015-01-05 22:00:00,2.05,101710.0,274.04999999999995,0.15
2015-01-05 22:15:00,2.0,101700.0,273.85,0.15
2015-01-05 22:30:00,1.6,101685.0,273.79999999999995,0.15
2015-01-05 22:45:00,1.7,101680.0,273.85,0.15
2015-01-05 23:00:00,1.95,101665.0,273.6,0.15
2015-01-05 23:15:00,2.2,101650.0,273.65,0.15
2015-01-05 23:30:00,2.1,101635.0,273.5,0.15
2015-01-05 23:45:00,1.6,101620.0,273.45,0.15
2015-01-06 00:00:00,1.5499999999999998,101610.0,273.45,0.15
2015-01-06 00:15:00,1.7,101590.0,273.54999999999995,0.15
2015-01-06 00:30:00,1.65,101575.0,273.4,0.15
2015-01-06 00:45:00,1.9,101550.0,273.45,0.15
2015-01-06 01:00:00,2.05,101540.0,273.6,0.15
2015-01-06 01:15:00,1.9,101530.0,273.45,0.15
2015-01-06 01:30:00,2.55,101520.0,273.54999999999995,0.15
2015-01-06 01:45:00,2.7,101510.0,273.54999999999995,0.15
2015-01-06 02:00:00,2.45,101495.0,273.75,0.15
2015-01-06 02:15:00,2.3,101470.0,273.65,0.15
2015-01-06 02:30:00,2.2,101465.0,273.5,0.15
2015-01-06 02:45:00,2.5,101440.0,273.35,0.15
2015-01-06 03:00:00,3.05,101440.0,273.0,0.15
2015-01-06 03:15:00,2.8,101430.0,272.85,0.15
2015-01-06 03:30:00,3.1,101430.0,272.85,0.15
2015-01-06 03:45:00,3.3,101420.0,272.75,0.15
2015-01-06 04:00:00,2.85,101395.0,272.85,0.15
2015-01-06 04:15:00,2.6,101380.0,273.04999999999995,0.15
2015-01-06 04:30:00,2.6,101360.0,273.29999999999995,0.15
2015-01-06 04:45:00,2.6,101340.0,273.15,0.15
2015-01-06 05:00:00,3.1500000000000004,101320.0,273.04999999999995,0.15
2015-01-06 05:15:00,3.2,101310.0,273.04999999999995,0.15
2015-01-06 05:30:00,3.25,101320.0,272.45,0.15
2015-01-06 05:45:00,3.2,101310.0,272.75,0.15
2015-01-06 06:00:00,2.9,101290.0,272.9,0.15
2015-01-06 06:15:00,3.2,101280.0,273.04999999999995,0.15
2015-01-06 06:30:00,2.85,101265.0,272.95,0.15
2015-01-06 06:45:00,2.6,101260.0,272.85,0.15
2015-01-06 07:00:00,2.95,101260.0,272.9,0.15
2015-01-06 07:15:00,3.2,101250.0,273.04999999999995,0.15
2015-01-06 07:30:00,3.35,101240.0,273.15,0.15
2015-01-06 07:45:00,3.1,101240.0,273.25,0.15
2015-01-06 08:00:00,3.25,101235.0,273.4,0.15
2015-01-06 08:15:00,3.9,101220.0,273.75,0.15
2015-01-06 08:30:00,3.75,101210.0,273.9,0.15
2015-01-06 08:45:00,4.3,101200.0,274.15,0.15
2015-01-06 09:00:00,4.1,101205.0,274.4,0.15
2015-01-06 09:15:00,4.4,101200.0,274.65,0.15
2015-01-06 09:30:00,4.15,101205.0,274.85,0.15
2015-01-06 09:45:00,3.5,101210.0,275.04999999999995,0.15
2015-01-06 10:00:00,3.9,101185.0,275.29999999999995,0.15
2015-01-06 10:15:00,4.2,101160.0,275.54999999999995,0.15
2015-01-06 10:30:00,4.05,101145.0,275.75,0.15
2015-01-06 10:45:00,3.6,101130.0,275.95,0.15
2015-01-06 11:00:00,3.8,101135.0,276.25,0.15
2015-01-06 11:15:00,4.2,101110.0,276.75,0.15
2015-01-06 11:30:00,4.95,101080.0,277.1,0.15
2015-01-06 11:45:00,4.2,101050.0,277.35,0.15
2015-01-06 12:00:00,5.35,101025.0,277.6,0.15
2015-01-06 12:15:00,5.4,101000.0,277.75,0.15
2015-01-06 12:30:00,4.95,100990.0,277.95,0.15
2015-01-06 12:45:00,5.1,100980.0,278.04999999999995,0.15
2015-01-06 13:00:00,4.7,100975.0,277.65,0.15
2015-01-06 13:15:00,5.0,100980.0,277.65,0.15
2015-01-06 13:30:00,4.800000000000001,100975.0,277.7,0.15
2015-01-06 13:45:00,5.2,100950.0,277.54999999999995,0.15
2015-01-06 14:00:00,4.0,100925.0,277.35,0.15
2015-01-06 14:15:00,3.3,100920.0,277.25,0.15
2015-01-06 14:30:00,3.65,100930.0,277.1,0.15
2015-01-06 14:45:00,4.3,100930.0,276.75,0.15
2015-01-06 15:00:00,3.85,100950.0,276.54999999999995,0.15
2015-01-06 15:15:00,4.0,100950.0,276.54999999999995,0.15
2015-01-06 15:30:00,3.4000000000000004,100970.0,276.29999999999995,0.15
2015-01-06 15:45:00,2.5,100980.0,276.25,0.15
2015-01-06 16:00:00,1.9,100980.0,275.6,0.15
2015-01-06 16:15:00,0.7,101010.0,274.75,0.15
2015-01-06 16:30:00,0.85,101045.0,275.0,0.15
2015-01-06 16:45:00,0.9,101070.0,274.65,0.15
2015-01-06 17:00:00,1.55,101095.0,274.04999999999995,0.15
2015-01-06 17:15:00,1.6,101110.0,274.15,0.15
2015-01-06 17:30:00,2.65,101100.0,275.0,0.15
2015-01-06 17:45:00,2.8,101080.0,275.54999999999995,0.15
2015-01-06 18:00:00,1.75,101090.0,275.7,0.15
2015-01-06 18:15:00,1.8,101090.0,275.54999999999995,0.15
2015-01-06 18:30:00,1.7999999999999998,101105.0,275.79999999999995,0.15
2015-01-06 18:45:00,2.2,101100.0,275.85,0.15
2015-01-06 19:00:00,2.1,101110.0,276.15,0.15
2015-01-06 19:15:00,1.8,101120.0,276.15,0.15
2015-01-06 19:30:00,2.0,101105.0,276.25,0.15
2015-01-06 19:45:00,2.4,101100.0,276.25,0.15
2015-01-06 20:00:00,1.6,101115.0,276.4,0.15
2015-01-06 20:15:00,2.1,101120.0,276.45,0.15
2015-01-06 20:30:00,1.95,101135.0,276.5,0.15
2015-01-06 20:45:00,2.5,101120.0,276.54999999999995,0.15
2015-01-06 21:00:00,2.2,101145.0,276.54999999999995,0.15
2015-01-06 21:15:00,1.9,101150.0,276.54999999999995,0.15
2015-01-06 21:30:00,2.1,101170.0,276.54999999999995,0.15
2015-01-06 21:45:00,2.2,101170.0,276.54999999999995,0.15
2015-01-06 22:00:00,2.55,101200.0,276.25,0.15
2015-01-06 22:15:00,2.4,101220.0,275.95,0.15
2015-01-06 22:30:00,2.0,101235.0,275.95,0.15
2015-01-06 22:45:00,2.1,101250.0,275.85,0.15
2015-01-06 23:00:00,2.1,101255.0,275.85,0.15
2015-01-06 23:15:00,1.2,101270.0,275.95,0.15
2015-01-06 23:30:00,1.05,101275.0,276.04999999999995,0.15
2015-01-06 23:45:00,0.9,101290.0,276.04999999999995,0.15
2015-01-07 00:00:00,1.2999999999999998,101295.0,276.0,0.15
2015-01-07 00:15:00,2.1,101310.0,276.85,0.15
2015-01-07 00:30:00,1.85,101300.0,277.29999999999995,0.15
2015-01-07 00:45:00,1.6,101300.0,277.54999999999995,0.15
2015-01-07 01:00:00,2.75,101315.0,277.65,0.15
2015-01-07 01:15:00,3.2,101340.0,277.95,0.15
2015-01-07 01:30:00,3.5,101345.0,278.2,0.15
2015-01-07 01:45:00,3.4,101370.0,278.15,0.15
2015-01-07 02:00:00,3.15,101385.0,278.29999999999995,0.15
2015-01-07 02:15:00,3.6,101390.0,278.35,0.15
2015-01-07 02:30:00,3.75,101400.0,278.35,0.15
2015-01-07 02:45:00,3.1,101420.0,278.45,0.15
2015-01-07 03:00:00,2.85,101435.0,278.45,0.15
2015-01-07 03:15:00,2.0,101450.0,278.45,0.15
2015-01-07 03:30:00,2.75,101460.0,278.4,0.15
2015-01-07 03:45:00,2.2,101480.0,278.35,0.15
2015-01-07 04:00:00,2.2,101495.0,278.35,0.15
2015-01-07 04:15:00,2.3,101500.0,278.25,0.15
2015-01-07 04:30:00,2.45,101515.0,278.4,0.15
2015-01-07 04:45:00,2.6,101510.0,278.35,0.15
2015-01-07 05:00:00,2.4,101515.0,278.45,0.15
2015-01-07 05:15:00,2.2,101510.0,278.45,0.15
2015-01-07 05:30:00,1.85,101505.0,278.5,0.15
2015-01-07 05:45:00,1.4,101520.0,278.35,0.15
2015-01-07 06:00:00,1.75,101545.0,278.5,0.15
2015-01-07 06:15:00,1.9,101560.0,278.35,0.15
2015-01-07 06:30:00,1.5,101570.0,278.1,0.15
2015-01-07 06:45:00,0.8,101590.0,278.04999999999995,0.15
2015-01-07 07:00:00,1.4,101610.0,278.04999999999995,0.15
2015-01-07 07:15:00,1.9,101650.0,278.15,0.15
2015-01-07 07:30:00,1.9,101685.0,278.04999999999995,0.15
2015-01-07 07:45:00,2.0,101710.0,278.15,0.15
2015-01-07 08:00:00,2.05,101720.0,278.15,0.15
2015-01-07 08:15:00,1.6,101720.0,278.25,0.15
2015-01-07 08:30:00,1.35,101750.0,278.25,0.15
2015-01-07 08:45:00,1.2,101750.0,278.25,0.15
2015-01-07 09:00:00,1.5499999999999998,101760.0,278.45,0.15
2015-01-07 09:15:00,1.7,101760.0,278.35,0.15
2015-01-07 09:30:00,1.45,101760.0,278.45,0.15
2015-01-07 09:45:00,1.7,101760.0,278.65,0.15
2015-01-07 10:00:00,2.1,101760.0,278.7,0.15
2015-01-07 10:15:00,1.9,101750.0,278.95,0.15
2015-01-07 10:30:00,1.9,101750.0,279.29999999999995,0.15
2015-01-07 10:45:00,2.2,101740.0,279.75,0.15
2015-01-07 11:00:00,2.6,101720.0,280.29999999999995,0.15
2015-01-07 11:15:00,3.3,101700.0,280.45,0.15
2015-01-07 11:30:00,3.95,101690.0,280.79999999999995,0.15
2015-01-07 11:45:00,3.9,101680.0,281.04999999999995,0.15
2015-01-07 12:00:00,4.05,101670.0,281.29999999999995,0.15
2015-01-07 12:15:00,4.4,101660.0,281.25,0.15
2015-01-07 12:30:00,3.65,101665.0,281.29999999999995,0.15
2015-01-07 12:45:00,3.8,101650.0,280.65,0.15
2015-01-07 13:00:00,4.0,101665.0,280.29999999999995,0.15
2015-01-07 13:15:00,4.2,101670.0,280.45,0.15
2015-01-07 13:30:00,3.95,101670.0,280.5,0.15
2015-01-07 13:45:00,4.1,101670.0,280.15,0.15
2015-01-07 14:00:00,3.55,101680.0,279.9,0.15
2015-01-07 14:15:00,2.9,101670.0,279.54999999999995,0.15
2015-01-07 14:30:00,3.95,101665.0,279.79999999999995,0.15
2015-01-07 14:45:00,3.5,101670.0,279.75,0.15
2015-01-07 15:00:00,3.95,101665.0,279.5,0.15
2015-01-07 15:15:00,3.6,101680.0,278.75,0.15
2015-01-07 15:30:00,3.55,101680.0,278.65,0.15
2015-01-07 15:45:00,3.5,101680.0,278.04999999999995,0.15
2015-01-07 16:00:00,3.35,101685.0,277.7,0.15
2015-01-07 16:15:00,3.6,101690.0,277.35,0.15
2015-01-07 16:30:00,3.8,101685.0,277.2,0.15
2015-01-07 16:45:00,4.4,101700.0,277.15,0.15
2015-01-07 17:00:00,3.85,101700.0,277.0,0.15
2015-01-07 17:15:00,4.2,101690.0,276.95,0.15
2015-01-07 17:30:00,3.95,101685.0,276.85,0.15
2015-01-07 17:45:00,4.2,101670.0,276.54999999999995,0.15
2015-01-07 18:00:00,4.05,101675.0,276.2,0.15
2015-01-07 18:15:00,3.7,101660.0,275.35,0.15
2015-01-07 18:30:00,2.95,101655.0,275.15,0.15
2015-01-07 18:45:00,2.9,101660.0,275.35,0.15
2015-01-07 19:00:00,2.9,101665.0,274.85,0.15
2015-01-07 19:15:00,2.9,101670.0,274.15,0.15
2015-01-07 19:30:00,2.7,101655.0,273.95,0.15
2015-01-07 19:45:00,2.9,101670.0,274.54999999999995,0.15
2015-01-07 20:00:00,2.55,101660.0,274.35,0.15
2015-01-07 20:15:00,2.7,101670.0,274.35,0.15
2015-01-07 20:30:00,2.75,101650.0,274.45,0.15
2015-01-07 20:45:00,3.1,101630.0,274.25,0.15
2015-01-07 21:00:00,2.6500000000000004,101625.0,274.65,0.15
2015-01-07 21:15:00,2.7,101630.0,274.65,0.15
2015-01-07 21:30:00,3.1500000000000004,101630.0,274.9,0.15
2015-01-07 21:45:00,3.2,101630.0,275.04999999999995,0.15
2015-01-07 22:00:00,3.3,101605.0,275.1,0.15
2015-01-07 22:15:00,3.4,101590.0,274.95,0.15
2015-01-07 22:30:00,3.6,101570.0,275.1,0.15
2015-01-07 22:45:00,3.4,101550.0,275.45,0.15
2015-01-07 23:00:00,3.2,101540.0,275.54999999999995,0.15
2015-01-07 23:15:00,3.2,101530.0,275.65,0.15
2015-01-07 23:30:00,3.1500000000000004,101515.0,275.75,0.15
2015-01-07 23:45:00,2.9,101500.0,275.95,0.15
2015-01-08 00:00:00,3.2,101495.0,276.0,0.15
2015-01-08 00:15:00,3.4,101480.0,275.95,0.15
2015-01-08 00:30:00,3.2,101470.0,276.15,0.15
2015-01-08 00:45:00,3.4,101440.0,276.45,0.15
2015-01-08 01:00:00,3.4,101430.0,276.35,0.15
2015-01-08 01:15:00,3.7,101410.0,276.54999999999995,0.15
2015-01-08 01:30:00,3.1,101420.0,276.7,0.15
2015-01-08 01:45:00,2.6,101440.0,276.95,0.15
2015-01-08 02:00:00,2.85,101440.0,276.95,0.15
2015-01-08 02:15:00,3.2,101420.0,276.85,0.15
2015-01-08 02:30:00,3.35,101395.0,276.95,0.15
2015-01-08 02:45:00,3.5,101380.0,277.25,0.15
2015-01-08 03:00:00,3.8,101355.0,277.4,0.15
2015-01-08 03:15:00,3.9,101340.0,277.45,0.15
2015-01-08 03:30:00,4.6,101315.0,277.6,0.15
2015-01-08 03:45:00,5.7,101300.0,277.75,0.15
2015-01-08 04:00:00,5.199999999999999,101295.0,277.79999999999995,0.15
2015-01-08 04:15:00,5.0,101280.0,278.04999999999995,0.15
2015-01-08 04:30:00,4.85,101265.0,278.0,0.15
2015-01-08 04:45:00,5.3,101250.0,278.04999999999995,0.15
2015-01-08 05:00:00,4.75,101255.0,278.1,0.15
2015-01-08 05:15:00,4.5,101240.0,278.04999999999995,0.15
2015-01-08 05:30:00,5.2,101225.0,278.1,0.15
2015-01-08 05:45:00,4.9,101210.0,278.15,0.15
2015-01-08 06:00:00,4.15,101210.0,278.2,0.15
2015-01-08 06:15:00,3.4,101220.0,278.35,0.15
2015-01-08 06:30:00,3.45,101210.0,278.35,0.15
2015-01-08 06:45:00,3.3,101200.0,278.45,0.15
2015-01-08 07:00:00,3.55,101205.0,278.45,0.15
2015-01-08 07:15:00,3.8,101190.0,278.54999999999995,0.15
2015-01-08 07:30:00,3.65,101185.0,278.65,0.15
2015-01-08 07:45:00,4.0,101180.0,278.75,0.15
2015-01-08 08:00:00,4.05,101175.0,278.95,0.15
2015-01-08 08:15:00,4.0,101160.0,279.15,0.15
2015-01-08 08:30:00,3.6,101145.0,279.4,0.15
2015-01-08 08:45:00,3.6,101130.0,279.54999999999995,0.15
2015-01-08 09:00:00,3.7,101115.0,279.75,0.15
2015-01-08 09:15:00,4.2,101100.0,279.95,0.15
2015-01-08 09:30:00,3.7,101085.0,280.1,0.15
2015-01-08 09:45:00,3.8,101060.0,280.25,0.15
2015-01-08 10:00:00,3.85,101045.0,280.45,0.15
2015-01-08 10:15:00,3.1,101030.0,280.54999999999995,0.15
2015-01-08 10:30:00,3.6,101000.0,280.65,0.15
2015-01-08 10:45:00,3.9,100980.0,280.95,0.15
2015-01-08 11:00:00,4.550000000000001,100970.0,281.15,0.15
2015-01-08 11:15:00,5.0,100970.0,281.15,0.15
2015-01-08 11:30:00,3.9,100940.0,280.9,0.15
2015-01-08 11:45:00,3.2,100900.0,280.85,0.15
2015-01-08 12:00:00,3.65,100850.0,280.9,0.15
2015-01-08 12:15:00,3.3,100810.0,281.04999999999995,0.15
2015-01-08 12:30:00,3.1,100780.0,281.2,0.15
2015-01-08 12:45:00,2.8,100760.0,281.35,0.15
2015-01-08 13:00:00,3.45,100745.0,281.75,0.15
2015-01-08 13:15:00,3.5,100740.0,282.04999999999995,0.15
2015-01-08 13:30:00,3.65,100705.0,282.25,0.15
2015-01-08 13:45:00,3.9,100690.0,282.25,0.15
2015-01-08 14:00:00,4.4,100670.0,282.54999999999995,0.15
2015-01-08 14:15:00,5.0,100670.0,282.75,0.15
2015-01-08 14:30:00,5.1,100670.0,282.7,0.15
2015-01-08 14:45:00,5.1,100670.0,282.95,0.15
2015-01-08 15:00:00,4.95,100675.0,282.75,0.15
2015-01-08 15:15:00,5.1,100670.0,282.65,0.15
2015-01-08 15:30:00,4.95,100640.0,282.7,0.15
2015-01-08 15:45:00,4.6,100640.0,282.54999999999995,0.15
2015-01-08 16:00:00,4.65,100620.0,282.6,0.15
2015-01-08 16:15:00,5.0,100590.0,282.75,0.15
2015-01-08 16:30:00,5.0,100590.0,282.75,0.15
2015-01-08 16:45:00,5.8,100610.0,282.75,0.15
2015-01-08 17:00:00,6.449999999999999,100645.0,282.65,0.15
2015-01-08 17:15:00,10.0,100810.0,281.54999999999995,0.15
2015-01-08 17:30:00,8.45,100895.0,280.9,0.15
2015-01-08 17:45:00,8.0,100960.0,280.65,0.15
2015-01-08 18:00:00,8.45,101060.0,280.54999999999995,0.15
2015-01-08 18:15:00,6.9,101120.0,280.35,0.15
2015-01-08 18:30:00,7.199999999999999,101195.0,280.25,0.15
2015-01-08 18:45:00,5.9,101280.0,280.25,0.15
2015-01-08 19:00:00,5.8,101320.0,280.29999999999995,0.15
2015-01-08 19:15:00,5.1,101370.0,280.15,0.15
2015-01-08 19:30:00,4.949999999999999,101430.0,280.15,0.15
2015-01-08 19:45:00,5.2,101450.0,280.15,0.15
2015-01-08 20:00:00,4.9,101495.0,280.29999999999995,0.15
2015-01-08 20:15:00,4.7,101540.0,280.35,0.15
2015-01-08 20:30:00,4.65,101570.0,280.2,0.15
2015-01-08 20:45:00,4.3,101610.0,280.25,0.15
2015-01-08 21:00:00,4.55,101625.0,280.4,0.15
2015-01-08 21:15:00,3.8,101630.0,280.25,0.15
2015-01-08 21:30:00,4.05,101640.0,280.45,0.15
2015-01-08 21:45:00,3.7,101630.0,280.35,0.15
2015-01-08 22:00:00,4.0,101655.0,280.54999999999995,0.15
2015-01-08 22:15:00,3.9,101680.0,280.54999999999995,0.15
2015-01-08 22:30:00,3.65,101685.0,280.5,0.15
2015-01-08 22:45:00,3.5,101680.0,280.65,0.15
2015-01-08 23:00:00,4.25,101675.0,280.7,0.15
2015-01-08 23:15:00,4.5,101650.0,280.65,0.15
2015-01-08 23:30:00,4.6,101635.0,280.5,0.15
2015-01-08 23:45:00,3.7,101620.0,280.45,0.15
2015-01-09 00:00:00,3.25,101585.0,279.35,0.15
2015-01-09 00:15:00,3.4,101570.0,278.75,0.15
2015-01-09 00:30:00,2.9,101560.0,278.15,0.15
2015-01-09 00:45:00,2.8,101570.0,277.54999999999995,0.15
2015-01-09 01:00:00,2.75,101605.0,278.45,0.15
2015-01-09 01:15:00,3.4,101610.0,278.75,0.15
2015-01-09 01:30:00,3.5,101565.0,278.85,0.15
2015-01-09 01:45:00,3.5,101640.0,279.35,0.15
2015-01-09 02:00:00,3.5,101615.0,279.54999999999995,0.15
2015-01-09 02:15:00,4.0,101570.0,279.75,0.15
2015-01-09 02:30:00,3.8,101545.0,279.6,0.15
2015-01-09 02:45:00,2.0,101660.0,279.85,0.15
2015-01-09 03:00:00,2.05,101605.0,279.75,0.15
2015-01-09 03:15:00,2.4,101580.0,280.15,0.15
2015-01-09 03:30:00,2.65,101570.0,280.35,0.15
2015-01-09 03:45:00,3.4,101500.0,280.35,0.15
2015-01-09 04:00:00,3.8,101435.0,279.9,0.15
2015-01-09 04:15:00,4.3,101380.0,280.04999999999995,0.15
2015-01-09 04:30:00,4.800000000000001,101315.0,280.7,0.15
2015-01-09 04:45:00,5.0,101250.0,280.85,0.15
2015-01-09 05:00:00,4.65,101215.0,280.85,0.15
2015-01-09 05:15:00,4.2,101190.0,280.75,0.15
2015-01-09 05:30:00,5.449999999999999,101155.0,281.4,0.15
2015-01-09 05:45:00,5.1,101140.0,281.45,0.15
2015-01-09 06:00:00,5.9,101170.0,281.79999999999995,0.15
2015-01-09 06:15:00,6.1,101180.0,282.15,0.15
2015-01-09 06:30:00,6.2,101115.0,282.29999999999995,0.15
2015-01-09 06:45:00,6.1,101090.0,282.45,0.15
2015-01-09 07:00:00,6.1,101040.0,282.29999999999995,0.15
2015-01-09 07:15:00,6.3,101000.0,282.25,0.15
2015-01-09 07:30:00,5.85,101010.0,282.29999999999995,0.15
2015-01-09 07:45:00,5.5,100960.0,282.25,0.15
2015-01-09 08:00:00,5.5,100960.0,282.25,0.15
2015-01-09 08:15:00,6.4,100940.0,282.25,0.15
2015-01-09 08:30:00,6.1,100905.0,282.4,0.15
2015-01-09 08:45:00,5.8,100930.0,282.54999999999995,0.15
2015-01-09 09:00:00,6.85,100880.0,282.79999999999995,0.15
2015-01-09 09:15:00,7.5,100780.0,282.85,0.15
2015-01-09 09:30:00,6.2,100780.0,283.15,0.15
2015-01-09 09:45:00,6.8,100790.0,283.35,0.15
2015-01-09 10:00:00,5.75,100805.0,283.35,0.15
2015-01-09 10:15:00,5.7,100820.0,283.45,0.15
2015-01-09 10:30:00,7.3,100745.0,284.1,0.15
2015-01-09 10:45:00,8.3,100720.0,284.35,0.15
2015-01-09 11:00:00,8.25,100650.0,284.54999999999995,0.15
2015-01-09 11:15:00,7.6,100670.0,284.65,0.15
2015-01-09 11:30:00,7.25,100695.0,284.79999999999995,0.15
2015-01-09 11:45:00,7.3,100660.0,284.85,0.15
2015-01-09 12:00:00,6.45,100625.0,284.95,0.15
2015-01-09 12:15:00,6.0,100600.0,285.15,0.15
2015-01-09 12:30:00,8.149999999999999,100590.0,285.45,0.15
2015-01-09 12:45:00,8.5,100580.0,285.35,0.15
2015-01-09 13:00:00,8.1,100555.0,285.5,0.15
2015-01-09 13:15:00,7.6,100600.0,285.65,0.15
2015-01-09 13:30:00,8.2,100600.0,285.65,0.15
2015-01-09 13:45:00,7.1,100580.0,285.45,0.15
2015-01-09 14:00:00,7.85,100565.0,285.45,0.15
2015-01-09 14:15:00,6.9,100550.0,285.45,0.15
2015-01-09 14:30:00,7.15,100550.0,285.35,0.15
2015-01-09 14:45:00,7.7,100560.0,285.54999999999995,0.15
2015-01-09 15:00:00,7.15,100610.0,285.5,0.15
2015-01-09 15:15:00,7.2,100690.0,285.45,0.15
2015-01-09 15:30:00,6.25,100700.0,285.5,0.15
2015-01-09 15:45:00,5.2,100750.0,285.65,0.15
2015-01-09 16:00:00,6.05,100725.0,285.6,0.15
2015-01-09 16:15:00,6.0,100690.0,285.75,0.15
2015-01-09 16:30:00,6.25,100710.0,285.65,0.15
2015-01-09 16:45:00,5.7,100720.0,285.75,0.15
2015-01-09 17:00:00,7.0,100705.0,284.65,0.15
2015-01-09 17:15:00,9.0,100690.0,283.54999999999995,0.15
2015-01-09 17:30:00,6.15,100665.0,283.2,0.15
2015-01-09 17:45:00,4.2,100660.0,282.54999999999995,0.15
2015-01-09 18:00:00,3.15,100630.0,282.25,0.15
2015-01-09 18:15:00,1.9,100580.0,282.04999999999995,0.15
2015-01-09 18:30:00,2.2,100530.0,282.0,0.15
2015-01-09 18:45:00,2.8,100510.0,281.75,0.15
2015-01-09 19:00:00,2.15,100445.0,281.7,0.15
2015-01-09 19:15:00,2.7,100400.0,281.75,0.15
2015-01-09 19:30:00,3.25,100365.0,281.65,0.15
2015-01-09 19:45:00,2.7,100350.0,281.75,0.15
2015-01-09 20:00:00,2.8,100320.0,281.9,0.15
2015-01-09 20:15:00,3.0,100270.0,282.04999999999995,0.15
2015-01-09 20:30:00,3.05,100255.0,282.25,0.15
2015-01-09 20:45:00,3.0,100230.0,282.54999999999995,0.15
2015-01-09 21:00:00,3.0,100220.0,284.0,0.15
2015-01-09 21:15:00,6.6,100210.0,286.35,0.15
2015-01-09 21:30:00,9.8,100195.0,287.25,0.15
2015-01-09 21:45:00,10.1,100180.0,287.65,0.15
2015-01-09 22:00:00,10.05,100210.0,287.75,0.15
2015-01-09 22:15:00,9.7,100220.0,287.65,0.15
2015-01-09 22:30:00,9.55,100255.0,287.9,0.15
2015-01-09 22:45:00,7.8,100270.0,287.75,0.15
2015-01-09 23:00:00,9.4,100275.0,287.9,0.15
2015-01-09 23:15:00,8.9,100270.0,288.45,0.15
2015-01-09 23:30:00,8.899999999999999,100260.0,288.65,0.15
2015-01-09 23:45:00,8.5,100250.0,288.65,0.15
2015-01-10 00:00:00,8.45,100265.0,288.65,0.15
2015-01-10 00:15:00,8.9,100270.0,288.65,0.15
2015-01-10 00:30:00,9.3,100275.0,288.6,0.15
2015-01-10 00:45:00,10.3,100270.0,288.54999999999995,0.15
2015-01-10 01:00:00,9.15,100270.0,288.54999999999995,0.15
2015-01-10 01:15:00,8.4,100270.0,288.54999999999995,0.15
2015-01-10 01:30:00,9.0,100285.0,288.45,0.15
2015-01-10 01:45:00,8.0,100290.0,288.35,0.15
2015-01-10 02:00:00,9.65,100300.0,288.1,0.15
2015-01-10 02:15:00,8.5,100300.0,288.04999999999995,0.15
2015-01-10 02:30:00,7.6,100320.0,287.95,0.15
2015-01-10 02:45:00,8.6,100330.0,287.85,0.15
2015-01-10 03:00:00,10.0,100350.0,287.7,0.15
2015-01-10 03:15:00,7.2,100320.0,287.65,0.15
2015-01-10 03:30:00,6.75,100295.0,287.45,0.15
2015-01-10 03:45:00,7.0,100280.0,287.75,0.15
2015-01-10 04:00:00,6.800000000000001,100255.0,287.5,0.15
2015-01-10 04:15:00,8.0,100230.0,287.75,0.15
2015-01-10 04:30:00,7.05,100215.0,287.54999999999995,0.15
2015-01-10 04:45:00,6.7,100210.0,287.85,0.15
2015-01-10 05:00:00,8.25,100210.0,287.95,0.15
2015-01-10 05:15:00,7.4,100210.0,287.95,0.15
2015-01-10 05:30:00,7.1,100205.0,288.04999999999995,0.15
2015-01-10 05:45:00,6.6,100190.0,287.95,0.15
2015-01-10 06:00:00,7.75,100175.0,287.85,0.15
2015-01-10 06:15:00,6.2,100160.0,287.65,0.15
2015-01-10 06:30:00,6.25,100150.0,287.7,0.15
2015-01-10 06:45:00,5.4,100150.0,287.54999999999995,0.15
2015-01-10 07:00:00,5.65,100105.0,287.1,0.15
2015-01-10 07:15:00,6.1,100110.0,287.45,0.15
2015-01-10 07:30:00,6.05,100115.0,287.15,0.15
2015-01-10 07:45:00,4.2,100100.0,286.95,0.15
2015-01-10 08:00:00,3.65,100100.0,287.15,0.15
2015-01-10 08:15:00,4.4,100110.0,287.85,0.15
2015-01-10 08:30:00,4.9,100115.0,287.7,0.15
2015-01-10 08:45:00,4.4,100120.0,287.85,0.15
2015-01-10 09:00:00,5.45,100115.0,287.85,0.15
2015-01-10 09:15:00,4.6,100140.0,288.04999999999995,0.15
2015-01-10 09:30:00,6.6,100135.0,287.75,0.15
2015-01-10 09:45:00,6.0,100140.0,287.54999999999995,0.15
2015-01-10 10:00:00,8.2,100130.0,287.65,0.15
2015-01-10 10:15:00,7.4,100060.0,287.65,0.15
2015-01-10 10:30:00,6.45,100015.0,288.15,0.15
2015-01-10 10:45:00,7.8,100050.0,287.95,0.15
2015-01-10 11:00:00,7.4,100090.0,287.6,0.15
2015-01-10 11:15:00,7.0,100080.0,287.54999999999995,0.15
2015-01-10 11:30:00,8.25,100025.0,287.7,0.15
2015-01-10 11:45:00,8.6,99950.0,287.85,0.15
2015-01-10 12:00:00,9.1,99925.0,287.85,0.15
2015-01-10 12:15:00,9.5,99920.0,287.85,0.15
2015-01-10 12:30:00,7.699999999999999,99875.0,287.75,0.15
2015-01-10 12:45:00,8.3,99840.0,287.95,0.15
2015-01-10 13:00:00,9.75,99860.0,287.75,0.15
2015-01-10 13:15:00,9.7,99860.0,287.45,0.15
2015-01-10 13:30:00,9.3,99835.0,287.54999999999995,0.15
2015-01-10 13:45:00,10.2,99790.0,287.54999999999995,0.15
2015-01-10 14:00:00,10.1,99765.0,287.45,0.15
2015-01-10 14:15:00,10.8,99760.0,287.35,0.15
2015-01-10 14:30:00,9.85,99765.0,287.2,0.15
2015-01-10 14:45:00,9.1,99770.0,287.25,0.15
2015-01-10 15:00:00,8.65,99780.0,286.35,0.15
2015-01-10 15:15:00,9.7,99780.0,286.35,0.15
2015-01-10 15:30:00,9.5,99775.0,286.4,0.15
2015-01-10 15:45:00,10.0,99780.0,286.15,0.15
2015-01-10 16:00:00,11.8,99975.0,282.79999999999995,0.15
2015-01-10 16:15:00,7.7,100040.0,282.35,0.15
2015-01-10 16:30:00,7.65,100110.0,282.2,0.15
2015-01-10 16:45:00,6.0,100140.0,282.35,0.15
2015-01-10 17:00:00,5.5,100170.0,282.29999999999995,0.15
2015-01-10 17:15:00,5.2,100180.0,282.45,0.15
2015-01-10 17:30:00,5.800000000000001,100200.0,282.35,0.15
2015-01-10 17:45:00,5.4,100210.0,282.25,0.15
2015-01-10 18:00:00,4.7,100235.0,282.2,0.15
2015-01-10 18:15:00,4.4,100270.0,282.15,0.15
2015-01-10 18:30:00,4.9,100290.0,282.15,0.15
2015-01-10 18:45:00,3.5,100310.0,282.04999999999995,0.15
2015-01-10 19:00:00,5.25,100315.0,281.85,0.15
2015-01-10 19:15:00,6.5,100330.0,281.75,0.15
2015-01-10 19:30:00,6.75,100370.0,281.15,0.15
2015-01-10 19:45:00,6.6,100400.0,280.75,0.15
2015-01-10 20:00:00,6.449999999999999,100405.0,280.7,0.15
2015-01-10 20:15:00,6.6,100420.0,280.15,0.15
2015-01-10 20:30:00,6.35,100425.0,280.0,0.15
2015-01-10 20:45:00,5.1,100430.0,279.85,0.15
2015-01-10 21:00:00,4.95,100430.0,279.4,0.15
2015-01-10 21:15:00,5.0,100430.0,279.45,0.15
2015-01-10 21:30:00,4.8,100445.0,279.4,0.15
2015-01-10 21:45:00,5.3,100460.0,279.04999999999995,0.15
2015-01-10 22:00:00,4.15,100475.0,278.95,0.15
2015-01-10 22:15:00,3.7,100490.0,278.65,0.15
2015-01-10 22:30:00,2.95,100495.0,278.2,0.15
2015-01-10 22:45:00,3.2,100490.0,277.75,0.15
2015-01-10 23:00:00,3.25,100485.0,277.9,0.15
2015-01-10 23:15:00,3.7,100490.0,278.04999999999995,0.15
2015-01-10 23:30:00,3.1,100495.0,277.54999999999995,0.15
2015-01-10 23:45:00,3.7,100480.0,277.85,0.15
2015-01-11 00:00:00,3.15,100450.0,277.45,0.15
2015-01-11 00:15:00,3.1,100440.0,277.54999999999995,0.15
2015-01-11 00:30:00,2.95,100435.0,277.95,0.15
2015-01-11 00:45:00,3.2,100430.0,277.35,0.15
2015-01-11 01:00:00,3.15,100440.0,277.29999999999995,0.15
2015-01-11 01:15:00,3.7,100420.0,277.65,0.15
2015-01-11 01:30:00,3.85,100420.0,277.85,0.15
2015-01-11 01:45:00,4.3,100410.0,277.75,0.15
2015-01-11 02:00:00,3.65,100385.0,277.4,0.15
2015-01-11 02:15:00,3.3,100380.0,276.95,0.15
2015-01-11 02:30:00,2.8,100375.0,277.0,0.15
2015-01-11 02:45:00,2.5,100370.0,276.75,0.15
2015-01-11 03:00:00,3.0,100370.0,276.75,0.15
2015-01-11 03:15:00,3.6,100390.0,277.25,0.15
2015-01-11 03:30:00,5.1,100385.0,277.04999999999995,0.15
2015-01-11 03:45:00,5.0,100380.0,276.85,0.15
2015-01-11 04:00:00,4.4,100370.0,276.95,0.15
2015-01-11 04:15:00,4.0,100340.0,276.95,0.15
2015-01-11 04:30:00,4.05,100345.0,276.65,0.15
2015-01-11 04:45:00,3.7,100360.0,276.75,0.15
2015-01-11 05:00:00,4.65,100360.0,277.15,0.15
2015-01-11 05:15:00,5.0,100350.0,276.75,0.15
2015-01-11 05:30:00,5.199999999999999,100365.0,277.04999999999995,0.15
2015-01-11 05:45:00,5.2,100370.0,276.85,0.15
2015-01-11 06:00:00,5.0,100375.0,277.04999999999995,0.15
2015-01-11 06:15:00,5.1,100390.0,277.25,0.15
2015-01-11 06:30:00,5.5,100380.0,277.35,0.15
2015-01-11 06:45:00,5.9,100390.0,277.65,0.15
2015-01-11 07:00:00,5.95,100405.0,277.35,0.15
2015-01-11 07:15:00,6.3,100420.0,277.75,0.15
2015-01-11 07:30:00,6.25,100445.0,277.79999999999995,0.15
2015-01-11 07:45:00,6.4,100470.0,277.85,0.15
2015-01-11 08:00:00,6.9,100495.0,277.95,0.15
2015-01-11 08:15:00,6.4,100500.0,277.85,0.15
2015-01-11 08:30:00,6.85,100540.0,277.79999999999995,0.15
2015-01-11 08:45:00,6.2,100570.0,277.85,0.15
2015-01-11 09:00:00,6.15,100600.0,277.75,0.15
2015-01-11 09:15:00,5.6,100610.0,278.04999999999995,0.15
2015-01-11 09:30:00,6.65,100625.0,278.35,0.15
2015-01-11 09:45:00,6.9,100660.0,278.25,0.15
2015-01-11 10:00:00,7.45,100675.0,278.54999999999995,0.15
2015-01-11 10:15:00,8.2,100690.0,278.85,0.15
2015-01-11 10:30:00,7.7,100690.0,279.04999999999995,0.15
2015-01-11 10:45:00,8.7,100720.0,279.15,0.15
2015-01-11 11:00:00,8.95,100735.0,279.29999999999995,0.15
2015-01-11 11:15:00,7.0,100750.0,279.25,0.15
2015-01-11 11:30:00,8.2,100770.0,279.4,0.15
2015-01-11 11:45:00,7.3,100780.0,279.35,0.15
2015-01-11 12:00:00,8.75,100790.0,279.45,0.15
2015-01-11 12:15:00,8.8,100790.0,279.54999999999995,0.15
2015-01-11 12:30:00,8.8,100800.0,279.65,0.15
2015-01-11 12:45:00,9.5,100820.0,279.95,0.15
2015-01-11 13:00:00,8.05,100825.0,280.1,0.15
2015-01-11 13:15:00,9.8,100840.0,279.85,0.15
2015-01-11 13:30:00,8.05,100855.0,279.7,0.15
2015-01-11 13:45:00,7.5,100880.0,279.65,0.15
2015-01-11 14:00:00,8.25,100885.0,279.54999999999995,0.15
2015-01-11 14:15:00,8.1,100900.0,279.65,0.15
2015-01-11 14:30:00,7.35,100915.0,279.65,0.15
2015-01-11 14:45:00,7.1,100930.0,279.54999999999995,0.15
2015-01-11 15:00:00,7.25,100940.0,279.65,0.15
2015-01-11 15:15:00,6.7,100950.0,279.54999999999995,0.15
2015-01-11 15:30:00,6.7,100960.0,279.54999999999995,0.15
2015-01-11 15:45:00,7.1,100980.0,279.65,0.15
2015-01-11 16:00:00,6.8,100995.0,279.65,0.15
2015-01-11 16:15:00,6.7,101010.0,279.54999999999995,0.15
2015-01-11 16:30:00,7.55,101015.0,279.6,0.15
2015-01-11 16:45:00,7.7,101030.0,279.75,0.15
2015-01-11 17:00:00,8.05,101020.0,279.7,0.15
2015-01-11 17:15:00,8.3,101020.0,279.65,0.15
2015-01-11 17:30:00,7.300000000000001,101010.0,279.65,0.15
2015-01-11 17:45:00,7.1,101030.0,279.54999999999995,0.15
2015-01-11 18:00:00,6.9,101045.0,279.6,0.15
2015-01-11 18:15:00,8.7,101050.0,279.75,0.15
2015-01-11 18:30:00,6.800000000000001,101055.0,279.7,0.15
2015-01-11 18:45:00,8.5,101080.0,279.85,0.15
2015-01-11 19:00:00,8.65,101115.0,279.9,0.15
2015-01-11 19:15:00,7.4,101130.0,279.54999999999995,0.15
2015-01-11 19:30:00,8.0,101145.0,279.54999999999995,0.15
2015-01-11 19:45:00,7.4,101150.0,279.35,0.15
2015-01-11 20:00:00,6.4,101150.0,279.54999999999995,0.15
2015-01-11 20:15:00,7.6,101130.0,279.54999999999995,0.15
2015-01-11 20:30:00,6.8,101165.0,279.6,0.15
2015-01-11 20:45:00,5.5,101130.0,279.54999999999995,0.15
2015-01-11 21:00:00,4.0,101125.0,279.25,0.15
2015-01-11 21:15:00,4.7,101120.0,279.54999999999995,0.15
2015-01-11 21:30:00,4.550000000000001,101095.0,279.54999999999995,0.15
2015-01-11 21:45:00,4.3,101090.0,279.45,0.15
2015-01-11 22:00:00,4.6,101090.0,279.75,0.15
2015-01-11 22:15:00,4.5,101080.0,280.15,0.15
2015-01-11 22:30:00,5.0,101080.0,280.15,0.15
2015-01-11 22:45:00,5.0,101080.0,280.45,0.15
2015-01-11 23:00:00,5.25,101085.0,280.35,0.15
2015-01-11 23:15:00,4.7,101090.0,280.45,0.15
2015-01-11 23:30:00,4.800000000000001,101085.0,280.25,0.15
2015-01-11 23:45:00,4.1,101050.0,280.25,0.15
2015-01-12 00:00:00,4.8,101045.0,280.25,0.15
2015-01-12 00:15:00,5.3,101030.0,280.45,0.15
2015-01-12 00:30:00,6.05,101030.0,280.9,0.15
2015-01-12 00:45:00,6.2,100990.0,281.04999999999995,0.15
2015-01-12 01:00:00,5.699999999999999,100980.0,281.04999999999995,0.15
2015-01-12 01:15:00,6.6,100960.0,280.95,0.15
2015-01-12 01:30:00,6.75,100970.0,281.1,0.15
2015-01-12 01:45:00,6.8,100970.0,281.15,0.15
2015-01-12 02:00:00,5.9,100965.0,280.95,0.15
2015-01-12 02:15:00,5.1,100950.0,281.04999999999995,0.15
2015-01-12 02:30:00,4.699999999999999,100945.0,281.1,0.15
2015-01-12 02:45:00,4.3,100920.0,281.04999999999995,0.15
2015-01-12 03:00:00,5.35,100940.0,281.35,0.15
2015-01-12 03:15:00,5.8,100930.0,281.54999999999995,0.15
2015-01-12 03:30:00,6.15,100920.0,281.45,0.15
2015-01-12 03:45:00,6.0,100910.0,281.45,0.15
2015-01-12 04:00:00,5.75,100885.0,281.45,0.15
2015-01-12 04:15:00,4.9,100870.0,281.45,0.15
2015-01-12 04:30:00,5.0,100855.0,281.0,0.15
2015-01-12 04:45:00,4.7,100830.0,280.85,0.15
2015-01-12 05:00:00,4.550000000000001,100810.0,280.79999999999995,0.15
2015-01-12 05:15:00,5.2,100800.0,280.85,0.15
2015-01-12 05:30:00,5.55,100815.0,280.95,0.15
2015-01-12 05:45:00,5.8,100800.0,280.75,0.15
2015-01-12 06:00:00,5.4,100800.0,280.45,0.15
2015-01-12 06:15:00,4.5,100790.0,280.54999999999995,0.15
2015-01-12 06:30:00,5.15,100755.0,280.9,0.15
2015-01-12 06:45:00,5.2,100750.0,281.04999999999995,0.15
2015-01-12 07:00:00,5.8,100745.0,281.15,0.15
2015-01-12 07:15:00,6.0,100770.0,281.15,0.15
2015-01-12 07:30:00,6.4,100770.0,281.15,0.15
2015-01-12 07:45:00,6.4,100770.0,281.15,0.15
2015-01-12 08:00:00,6.4,100770.0,281.25,0.15
2015-01-12 08:15:00,6.1,100760.0,281.15,0.15
2015-01-12 08:30:00,6.15,100765.0,281.25,0.15
2015-01-12 08:45:00,6.7,100740.0,281.25,0.15
2015-01-12 09:00:00,6.300000000000001,100740.0,281.35,0.15
2015-01-12 09:15:00,5.1,100750.0,281.25,0.15
2015-01-12 09:30:00,5.1,100770.0,281.29999999999995,0.15
2015-01-12 09:45:00,5.9,100760.0,281.35,0.15
2015-01-12 10:00:00,5.65,100745.0,281.5,0.15
2015-01-12 10:15:00,6.4,100730.0,281.65,0.15
2015-01-12 10:30:00,6.050000000000001,100725.0,281.65,0.15
2015-01-12 10:45:00,6.3,100700.0,281.75,0.15
2015-01-12 11:00:00,7.199999999999999,100640.0,282.0,0.15
2015-01-12 11:15:00,7.7,100610.0,282.04999999999995,0.15
2015-01-12 11:30:00,8.0,100605.0,282.04999999999995,0.15
2015-01-12 11:45:00,7.4,100580.0,281.95,0.15
2015-01-12 12:00:00,7.55,100575.0,281.95,0.15
2015-01-12 12:15:00,7.2,100560.0,282.04999999999995,0.15
2015-01-12 12:30:00,7.35,100535.0,282.15,0.15
2015-01-12 12:45:00,7.1,100530.0,282.15,0.15
2015-01-12 13:00:00,7.449999999999999,100515.0,282.25,0.15
2015-01-12 13:15:00,7.8,100490.0,282.25,0.15
2015-01-12 13:30:00,7.9,100495.0,282.2,0.15
2015-01-12 13:45:00,8.2,100480.0,282.15,0.15
2015-01-12 14:00:00,7.8,100480.0,282.29999999999995,0.15
2015-01-12 14:15:00,8.1,100470.0,282.15,0.15
2015-01-12 14:30:00,7.85,100465.0,282.25,0.15
2015-01-12 14:45:00,7.3,100480.0,282.15,0.15
2015-01-12 15:00:00,5.85,100490.0,282.0,0.15
2015-01-12 15:15:00,6.6,100490.0,282.04999999999995,0.15
2015-01-12 15:30:00,6.1,100485.0,282.0,0.15
2015-01-12 15:45:00,7.0,100480.0,281.85,0.15
2015-01-12 16:00:00,7.1,100470.0,281.9,0.15
2015-01-12 16:15:00,7.1,100480.0,281.85,0.15
2015-01-12 16:30:00,6.75,100470.0,281.95,0.15
2015-01-12 16:45:00,5.6,100460.0,281.85,0.15
2015-01-12 17:00:00,6.3,100455.0,281.85,0.15
2015-01-12 17:15:00,6.0,100440.0,281.95,0.15
2015-01-12 17:30:00,6.0,100445.0,282.0,0.15
2015-01-12 17:45:00,6.2,100430.0,282.15,0.15
2015-01-12 18:00:00,7.4,100415.0,282.15,0.15
2015-01-12 18:15:00,8.3,100420.0,282.25,0.15
2015-01-12 18:30:00,7.75,100405.0,282.35,0.15
2015-01-12 18:45:00,7.9,100400.0,282.45,0.15
2015-01-12 19:00:00,7.050000000000001,100395.0,282.45,0.15
2015-01-12 19:15:00,7.8,100390.0,282.45,0.15
2015-01-12 19:30:00,7.85,100370.0,282.45,0.15
2015-01-12 19:45:00,7.5,100370.0,282.54999999999995,0.15
2015-01-12 20:00:00,7.199999999999999,100345.0,282.54999999999995,0.15
2015-01-12 20:15:00,7.2,100330.0,282.35,0.15
2015-01-12 20:30:00,6.2,100340.0,282.35,0.15
2015-01-12 20:45:00,6.4,100340.0,282.15,0.15
2015-01-12 21:00:00,6.35,100325.0,282.45,0.15
2015-01-12 21:15:00,6.4,100320.0,282.65,0.15
2015-01-12 21:30:00,6.95,100295.0,282.79999999999995,0.15
2015-01-12 21:45:00,8.0,100290.0,282.95,0.15
2015-01-12 22:00:00,7.75,100280.0,283.15,0.15
2015-01-12 22:15:00,7.2,100270.0,283.15,0.15
2015-01-12 22:30:00,6.75,100245.0,282.79999999999995,0.15
2015-01-12 22:45:00,7.1,100240.0,282.95,0.15
2015-01-12 23:00:00,7.3,100240.0,283.1,0.15
2015-01-12 23:15:00,8.0,100210.0,283.45,0.15
2015-01-12 23:30:00,7.6,100200.0,283.2,0.15
2015-01-12 23:45:00,6.6,100180.0,283.25,0.15
2015-01-13 00:00:00,5.4,100190.0,283.29999999999995,0.15
2015-01-13 00:15:00,6.0,100170.0,283.25,0.15
2015-01-13 00:30:00,5.8,100170.0,283.1,0.15
2015-01-13 00:45:00,5.7,100160.0,283.15,0.15
2015-01-13 01:00:00,5.25,100155.0,283.25,0.15
2015-01-13 01:15:00,3.8,100150.0,283.25,0.15
2015-01-13 01:30:00,4.85,100135.0,283.25,0.15
2015-01-13 01:45:00,4.3,100120.0,283.25,0.15
2015-01-13 02:00:00,4.800000000000001,100100.0,283.5,0.15
2015-01-13 02:15:00,5.0,100090.0,283.54999999999995,0.15
2015-01-13 02:30:00,4.95,100060.0,283.29999999999995,0.15
2015-01-13 02:45:00,5.7,100040.0,283.35,0.15
2015-01-13 03:00:00,6.449999999999999,100035.0,283.2,0.15
2015-01-13 03:15:00,6.2,100010.0,283.15,0.15
2015-01-13 03:30:00,6.0,99995.0,283.25,0.15
2015-01-13 03:45:00,6.5,99980.0,283.25,0.15
2015-01-13 04:00:00,6.75,99975.0,283.25,0.15
2015-01-13 04:15:00,5.9,99970.0,283.35,0.15
2015-01-13 04:30:00,5.95,99955.0,283.45,0.15
2015-01-13 04:45:00,6.6,99940.0,283.35,0.15
2015-01-13 05:00:00,6.15,99940.0,283.5,0.15
2015-01-13 05:15:00,4.9,99910.0,283.45,0.15
2015-01-13 05:30:00,5.449999999999999,99890.0,283.6,0.15
2015-01-13 05:45:00,5.4,99880.0,283.65,0.15
2015-01-13 06:00:00,5.55,99885.0,283.45,0.15
2015-01-13 06:15:00,5.5,99850.0,282.95,0.15
2015-01-13 06:30:00,5.550000000000001,99850.0,282.9,0.15
2015-01-13 06:45:00,5.4,99820.0,282.95,0.15
2015-01-13 07:00:00,5.85,99810.0,282.9,0.15
2015-01-13 07:15:00,7.0,99800.0,282.75,0.15
2015-01-13 07:30:00,6.949999999999999,99780.0,282.9,0.15
2015-01-13 07:45:00,6.5,99800.0,283.04999999999995,0.15
2015-01-13 08:00:00,6.35,99800.0,283.25,0.15
2015-01-13 08:15:00,5.5,99780.0,283.35,0.15
2015-01-13 08:30:00,5.300000000000001,99760.0,283.45,0.15
2015-01-13 08:45:00,6.0,99750.0,283.75,0.15
2015-01-13 09:00:00,6.0,99725.0,284.29999999999995,0.15
2015-01-13 09:15:00,5.7,99730.0,284.45,0.15
2015-01-13 09:30:00,6.6,99730.0,284.7,0.15
2015-01-13 09:45:00,7.4,99720.0,285.15,0.15
2015-01-13 10:00:00,7.699999999999999,99690.0,284.7,0.15
2015-01-13 10:15:00,7.1,99640.0,285.04999999999995,0.15
2015-01-13 10:30:00,8.05,99615.0,285.4,0.15
2015-01-13 10:45:00,8.0,99550.0,285.45,0.15
2015-01-13 11:00:00,7.899999999999999,99515.0,285.7,0.15
2015-01-13 11:15:00,7.6,99470.0,286.15,0.15
2015-01-13 11:30:00,7.949999999999999,99450.0,285.9,0.15
2015-01-13 11:45:00,6.8,99420.0,286.04999999999995,0.15
2015-01-13 12:00:00,7.449999999999999,99400.0,286.15,0.15
2015-01-13 12:15:00,7.6,99390.0,286.25,0.15
2015-01-13 12:30:00,7.75,99385.0,286.35,0.15
2015-01-13 12:45:00,8.3,99370.0,286.25,0.15
2015-01-13 13:00:00,9.5,99395.0,285.65,0.15
2015-01-13 13:15:00,9.3,99400.0,285.65,0.15
2015-01-13 13:30:00,7.899999999999999,99380.0,285.5,0.15
2015-01-13 13:45:00,8.3,99400.0,284.95,0.15
2015-01-13 14:00:00,7.4,99410.0,284.7,0.15
2015-01-13 14:15:00,6.2,99430.0,284.85,0.15
2015-01-13 14:30:00,7.95,99430.0,285.1,0.15
2015-01-13 14:45:00,7.7,99470.0,285.15,0.15
2015-01-13 15:00:00,8.3,99480.0,285.25,0.15
2015-01-13 15:15:00,8.0,99500.0,285.04999999999995,0.15
2015-01-13 15:30:00,8.05,99500.0,285.0,0.15
2015-01-13 15:45:00,7.7,99520.0,284.75,0.15
2015-01-13 16:00:00,7.45,99525.0,284.6,0.15
2015-01-13 16:15:00,6.0,99510.0,284.54999999999995,0.15
2015-01-13 16:30:00,5.800000000000001,99510.0,284.7,0.15
2015-01-13 16:45:00,5.8,99520.0,284.65,0.15
2015-01-13 17:00:00,5.15,99530.0,284.6,0.15
2015-01-13 17:15:00,4.9,99510.0,284.65,0.15
2015-01-13 17:30:00,4.9,99515.0,284.6,0.15
2015-01-13 17:45:00,5.4,99520.0,284.75,0.15
2015-01-13 18:00:00,5.9,99545.0,284.0,0.15
2015-01-13 18:15:00,4.4,99590.0,283.54999999999995,0.15
2015-01-13 18:30:00,2.75,99595.0,283.29999999999995,0.15
2015-01-13 18:45:00,4.7,99590.0,283.25,0.15
2015-01-13 19:00:00,4.4,99600.0,283.35,0.15
2015-01-13 19:15:00,4.3,99610.0,283.35,0.15
2015-01-13 19:30:00,5.0,99635.0,282.25,0.15
2015-01-13 19:45:00,3.6,99630.0,282.04999999999995,0.15
2015-01-13 20:00:00,2.55,99635.0,282.29999999999995,0.15
2015-01-13 20:15:00,2.0,99660.0,282.45,0.15
2015-01-13 20:30:00,2.3,99670.0,282.1,0.15
2015-01-13 20:45:00,2.7,99670.0,282.25,0.15
2015-01-13 21:00:00,2.9,99665.0,282.1,0.15
2015-01-13 21:15:00,3.0,99670.0,282.15,0.15
2015-01-13 21:30:00,2.5,99665.0,281.7,0.15
2015-01-13 21:45:00,2.7,99670.0,280.95,0.15
2015-01-13 22:00:00,3.1,99680.0,281.04999999999995,0.15
2015-01-13 22:15:00,2.8,99670.0,281.15,0.15
2015-01-13 22:30:00,3.45,99660.0,281.65,0.15
2015-01-13 22:45:00,3.2,99650.0,281.15,0.15
2015-01-13 23:00:00,3.25,99635.0,280.85,0.15
2015-01-13 23:15:00,2.7,99620.0,280.45,0.15
2015-01-13 23:30:00,3.05,99590.0,280.6,0.15
2015-01-13 23:45:00,2.9,99570.0,279.45,0.15
2015-01-14 00:00:00,3.05,99570.0,279.0,0.15
2015-01-14 00:15:00,3.2,99560.0,279.65,0.15
2015-01-14 00:30:00,3.1,99550.0,280.0,0.15
2015-01-14 00:45:00,2.9,99540.0,280.35,0.15
2015-01-14 01:00:00,4.05,99525.0,280.54999999999995,0.15
2015-01-14 01:15:00,3.5,99520.0,280.54999999999995,0.15
2015-01-14 01:30:00,3.95,99480.0,280.95,0.15
2015-01-14 01:45:00,4.8,99460.0,280.85,0.15
2015-01-14 02:00:00,4.05,99430.0,280.4,0.15
2015-01-14 02:15:00,3.6,99430.0,280.54999999999995,0.15
2015-01-14 02:30:00,3.8,99465.0,281.2,0.15
2015-01-14 02:45:00,4.6,99510.0,281.45,0.15
2015-01-14 03:00:00,9.8,99680.0,277.35,0.15
2015-01-14 03:15:00,6.5,99720.0,276.65,0.15
2015-01-14 03:30:00,4.45,99720.0,276.54999999999995,0.15
2015-01-14 03:45:00,3.1,99760.0,276.75,0.15
2015-01-14 04:00:00,3.55,99745.0,276.75,0.15
2015-01-14 04:15:00,3.1,99740.0,276.45,0.15
2015-01-14 04:30:00,2.55,99755.0,275.9,0.15
2015-01-14 04:45:00,2.0,99780.0,276.15,0.15
2015-01-14 05:00:00,2.25,99790.0,276.54999999999995,0.15
2015-01-14 05:15:00,1.4,99820.0,275.95,0.15
2015-01-14 05:30:00,2.25,99840.0,276.5,0.15
2015-01-14 05:45:00,2.3,99840.0,275.75,0.15
2015-01-14 06:00:00,1.95,99835.0,276.45,0.15
2015-01-14 06:15:00,2.3,99810.0,276.25,0.15
2015-01-14 06:30:00,2.3,99810.0,275.6,0.15
2015-01-14 06:45:00,2.8,99820.0,276.04999999999995,0.15
2015-01-14 07:00:00,3.4,99810.0,276.35,0.15
2015-01-14 07:15:00,3.2,99810.0,276.04999999999995,0.15
2015-01-14 07:30:00,3.55,99790.0,276.4,0.15
2015-01-14 07:45:00,3.5,99770.0,276.54999999999995,0.15
2015-01-14 08:00:00,3.15,99805.0,276.6,0.15
2015-01-14 08:15:00,3.5,99840.0,275.65,0.15
2015-01-14 08:30:00,3.4,99860.0,276.29999999999995,0.15
2015-01-14 08:45:00,3.1,99880.0,276.45,0.15
2015-01-14 09:00:00,2.8,99885.0,277.15,0.15
2015-01-14 09:15:00,3.1,99870.0,277.15,0.15
2015-01-14 09:30:00,4.65,99855.0,278.04999999999995,0.15
2015-01-14 09:45:00,5.0,99850.0,279.04999999999995,0.15
2015-01-14 10:00:00,4.65,99835.0,279.29999999999995,0.15
2015-01-14 10:15:00,4.4,99810.0,279.65,0.15
2015-01-14 10:30:00,4.75,99795.0,279.7,0.15
2015-01-14 10:45:00,4.9,99770.0,280.04999999999995,0.15
2015-01-14 11:00:00,6.25,99760.0,280.25,0.15
2015-01-14 11:15:00,7.3,99730.0,280.54999999999995,0.15
2015-01-14 11:30:00,6.65,99725.0,280.2,0.15
2015-01-14 11:45:00,5.2,99720.0,280.35,0.15
2015-01-14 12:00:00,5.6,99690.0,281.04999999999995,0.15
2015-01-14 12:15:00,7.2,99660.0,281.95,0.15
2015-01-14 12:30:00,7.449999999999999,99670.0,281.4,0.15
2015-01-14 12:45:00,8.7,99770.0,279.65,0.15
2015-01-14 13:00:00,8.350000000000001,99795.0,276.79999999999995,0.15
2015-01-14 13:15:00,4.6,99760.0,277.15,0.15
2015-01-14 13:30:00,3.35,99785.0,277.4,0.15
2015-01-14 13:45:00,4.0,99820.0,277.65,0.15
2015-01-14 14:00:00,4.8,99845.0,278.1,0.15
2015-01-14 14:15:00,6.3,99890.0,278.54999999999995,0.15
2015-01-14 14:30:00,6.199999999999999,99910.0,278.75,0.15
2015-01-14 14:45:00,7.7,99950.0,279.15,0.15
2015-01-14 15:00:00,6.9,99985.0,278.9,0.15
2015-01-14 15:15:00,7.9,100030.0,278.65,0.15
2015-01-14 15:30:00,6.6,100085.0,278.54999999999995,0.15
2015-01-14 15:45:00,5.8,100120.0,278.35,0.15
2015-01-14 16:00:00,6.0,100140.0,278.35,0.15
2015-01-14 16:15:00,5.2,100170.0,278.54999999999995,0.15
2015-01-14 16:30:00,4.75,100185.0,278.25,0.15
2015-01-14 16:45:00,5.0,100210.0,278.04999999999995,0.15
2015-01-14 17:00:00,5.15,100250.0,277.9,0.15
2015-01-14 17:15:00,4.8,100270.0,277.85,0.15
2015-01-14 17:30:00,3.85,100270.0,277.15,0.15
2015-01-14 17:45:00,2.8,100280.0,276.85,0.15
2015-01-14 18:00:00,2.85,100305.0,276.9,0.15
2015-01-14 18:15:00,2.5,100320.0,276.04999999999995,0.15
2015-01-14 18:30:00,1.75,100325.0,275.54999999999995,0.15
2015-01-14 18:45:00,1.9,100320.0,275.04999999999995,0.15
2015-01-14 19:00:00,2.45,100340.0,275.15,0.15
2015-01-14 19:15:00,2.6,100340.0,275.25,0.15
2015-01-14 19:30:00,3.1500000000000004,100350.0,275.29999999999995,0.15
2015-01-14 19:45:00,3.1,100340.0,275.25,0.15
2015-01-14 20:00:00,3.05,100340.0,275.4,0.15
2015-01-14 20:15:00,3.5,100350.0,275.15,0.15
2015-01-14 20:30:00,3.25,100345.0,275.4,0.15
2015-01-14 20:45:00,3.4,100360.0,276.65,0.15
2015-01-14 21:00:00,3.6,100335.0,275.29999999999995,0.15
2015-01-14 21:15:00,4.0,100320.0,275.95,0.15
2015-01-14 21:30:00,3.6,100310.0,276.1,0.15
2015-01-14 21:45:00,3.7,100300.0,276.04999999999995,0.15
2015-01-14 22:00:00,4.300000000000001,100265.0,276.65,0.15
2015-01-14 22:15:00,4.4,100230.0,276.54999999999995,0.15
2015-01-14 22:30:00,4.35,100185.0,277.0,0.15
2015-01-14 22:45:00,4.0,100170.0,277.04999999999995,0.15
2015-01-14 23:00:00,4.05,100140.0,277.04999999999995,0.15
2015-01-14 23:15:00,4.1,100110.0,276.65,0.15
2015-01-14 23:30:00,3.6,100110.0,276.54999999999995,0.15
2015-01-14 23:45:00,3.9,100080.0,277.35,0.15
2015-01-15 00:00:00,4.2,100015.0,277.6,0.15
2015-01-15 00:15:00,4.0,99980.0,277.85,0.15
2015-01-15 00:30:00,4.6,99920.0,278.1,0.15
2015-01-15 00:45:00,5.3,99880.0,278.25,0.15
2015-01-15 01:00:00,4.699999999999999,99825.0,278.29999999999995,0.15
2015-01-15 01:15:00,5.1,99780.0,278.45,0.15
2015-01-15 01:30:00,4.35,99770.0,278.35,0.15
2015-01-15 01:45:00,4.1,99740.0,278.95,0.15
2015-01-15 02:00:00,4.3,99710.0,279.0,0.15
2015-01-15 02:15:00,5.0,99670.0,279.15,0.15
2015-01-15 02:30:00,5.15,99630.0,279.5,0.15
2015-01-15 02:45:00,5.1,99590.0,279.35,0.15
2015-01-15 03:00:00,4.8,99560.0,279.4,0.15
2015-01-15 03:15:00,5.5,99530.0,280.04999999999995,0.15
2015-01-15 03:30:00,5.65,99495.0,280.65,0.15
2015-01-15 03:45:00,5.8,99450.0,280.95,0.15
2015-01-15 04:00:00,6.35,99420.0,281.35,0.15
2015-01-15 04:15:00,6.2,99390.0,281.45,0.15
2015-01-15 04:30:00,5.75,99350.0,281.75,0.15
2015-01-15 04:45:00,5.5,99310.0,281.75,0.15
2015-01-15 05:00:00,6.4,99295.0,282.1,0.15
2015-01-15 05:15:00,7.7,99290.0,282.35,0.15
2015-01-15 05:30:00,7.3,99275.0,282.54999999999995,0.15
2015-01-15 05:45:00,7.1,99260.0,282.65,0.15
2015-01-15 06:00:00,7.2,99250.0,282.7,0.15
2015-01-15 06:15:00,7.5,99230.0,282.85,0.15
2015-01-15 06:30:00,7.25,99200.0,282.65,0.15
2015-01-15 06:45:00,8.1,99190.0,282.54999999999995,0.15
2015-01-15 07:00:00,7.45,99200.0,282.7,0.15
2015-01-15 07:15:00,6.8,99190.0,282.54999999999995,0.15
2015-01-15 07:30:00,7.5,99175.0,282.7,0.15
2015-01-15 07:45:00,7.8,99170.0,282.85,0.15
2015-01-15 08:00:00,7.300000000000001,99150.0,282.85,0.15
2015-01-15 08:15:00,7.4,99140.0,282.95,0.15
2015-01-15 08:30:00,7.699999999999999,99155.0,283.04999999999995,0.15
2015-01-15 08:45:00,6.4,99150.0,283.15,0.15
2015-01-15 09:00:00,6.75,99145.0,283.25,0.15
2015-01-15 09:15:00,6.5,99150.0,283.35,0.15
2015-01-15 09:30:00,6.4,99135.0,283.5,0.15
2015-01-15 09:45:00,7.4,99120.0,283.65,0.15
2015-01-15 10:00:00,7.6,99095.0,283.85,0.15
2015-01-15 10:15:00,6.9,99110.0,283.95,0.15
2015-01-15 10:30:00,6.8,99095.0,284.15,0.15
2015-01-15 10:45:00,8.6,99070.0,284.25,0.15
2015-01-15 11:00:00,8.6,99050.0,284.54999999999995,0.15
2015-01-15 11:15:00,7.9,99030.0,284.75,0.15
2015-01-15 11:30:00,7.9,99015.0,284.85,0.15
2015-01-15 11:45:00,8.5,99000.0,284.95,0.15
2015-01-15 12:00:00,7.95,98960.0,284.95,0.15
2015-01-15 12:15:00,8.4,98940.0,285.04999999999995,0.15
2015-01-15 12:30:00,7.4,98910.0,285.1,0.15
2015-01-15 12:45:00,8.2,98910.0,285.25,0.15
2015-01-15 13:00:00,7.6,98875.0,285.2,0.15
2015-01-15 13:15:00,6.5,98860.0,285.25,0.15
2015-01-15 13:30:00,8.350000000000001,98840.0,285.5,0.15
2015-01-15 13:45:00,9.5,98810.0,285.54999999999995,0.15
2015-01-15 14:00:00,7.699999999999999,98785.0,285.65,0.15
2015-01-15 14:15:00,8.2,98780.0,285.65,0.15
2015-01-15 14:30:00,8.850000000000001,98780.0,285.75,0.15
2015-01-15 14:45:00,9.2,98770.0,285.65,0.15
2015-01-15 15:00:00,9.45,98795.0,285.65,0.15
2015-01-15 15:15:00,8.7,98780.0,285.54999999999995,0.15
2015-01-15 15:30:00,9.45,98795.0,285.25,0.15
2015-01-15 15:45:00,9.0,98790.0,284.95,0.15
2015-01-15 16:00:00,8.5,98795.0,284.9,0.15
2015-01-15 16:15:00,7.7,98800.0,284.85,0.15
2015-01-15 16:30:00,7.2,98795.0,284.85,0.15
2015-01-15 16:45:00,6.7,98800.0,284.75,0.15
2015-01-15 17:00:00,7.75,98815.0,284.79999999999995,0.15
2015-01-15 17:15:00,8.2,98820.0,284.75,0.15
2015-01-15 17:30:00,7.85,98820.0,284.85,0.15
2015-01-15 17:45:00,7.3,98830.0,284.85,0.15
2015-01-15 18:00:00,6.9,98840.0,284.79999999999995,0.15
2015-01-15 18:15:00,6.0,98860.0,284.65,0.15
2015-01-15 18:30:00,6.949999999999999,98865.0,284.54999999999995,0.15
2015-01-15 18:45:00,6.5,98880.0,284.15,0.15
2015-01-15 19:00:00,5.9,98885.0,284.04999999999995,0.15
2015-01-15 19:15:00,5.4,98890.0,284.04999999999995,0.15
2015-01-15 19:30:00,5.0,98895.0,283.9,0.15
2015-01-15 19:45:00,4.5,98910.0,283.85,0.15
2015-01-15 20:00:00,4.75,98900.0,283.79999999999995,0.15
2015-01-15 20:15:00,5.3,98900.0,283.85,0.15
2015-01-15 20:30:00,5.7,98925.0,283.6,0.15
2015-01-15 20:45:00,4.4,98930.0,283.04999999999995,0.15
2015-01-15 21:00:00,4.800000000000001,98960.0,282.7,0.15
2015-01-15 21:15:00,3.4,99000.0,282.35,0.15
2015-01-15 21:30:00,5.6,99020.0,282.29999999999995,0.15
2015-01-15 21:45:00,5.0,99040.0,282.15,0.15
2015-01-15 22:00:00,4.949999999999999,99060.0,282.0,0.15
2015-01-15 22:15:00,4.1,99080.0,281.95,0.15
2015-01-15 22:30:00,3.15,99110.0,281.85,0.15
2015-01-15 22:45:00,2.6,99140.0,281.85,0.15
2015-01-15 23:00:00,2.85,99140.0,281.75,0.15
2015-01-15 23:15:00,3.0,99160.0,281.75,0.15
2015-01-15 23:30:00,3.0,99170.0,281.54999999999995,0.15
2015-01-15 23:45:00,2.7,99200.0,281.95,0.15
2015-01-16 00:00:00,2.7,99215.0,281.7,0.15
2015-01-16 00:15:00,2.5,99220.0,281.54999999999995,0.15
2015-01-16 00:30:00,2.4000000000000004,99230.0,281.65,0.15
2015-01-16 00:45:00,2.2,99250.0,281.54999999999995,0.15
2015-01-16 01:00:00,2.85,99270.0,281.54999999999995,0.15
2015-01-16 01:15:00,3.1,99290.0,281.45,0.15
2015-01-16 01:30:00,3.7,99315.0,281.65,0.15
2015-01-16 01:45:00,3.6,99320.0,281.54999999999995,0.15
2015-01-16 02:00:00,4.0,99340.0,281.5,0.15
2015-01-16 02:15:00,5.4,99360.0,281.45,0.15
2015-01-16 02:30:00,4.35,99365.0,281.4,0.15
2015-01-16 02:45:00,3.8,99380.0,281.04999999999995,0.15
2015-01-16 03:00:00,3.55,99380.0,280.9,0.15
2015-01-16 03:15:00,2.7,99380.0,280.65,0.15
2015-01-16 03:30:00,3.5,99390.0,280.9,0.15
2015-01-16 03:45:00,3.8,99390.0,280.35,0.15
2015-01-16 04:00:00,3.7,99395.0,280.0,0.15
2015-01-16 04:15:00,3.2,99400.0,280.04999999999995,0.15
2015-01-16 04:30:00,3.9,99385.0,280.1,0.15
2015-01-16 04:45:00,3.2,99380.0,279.85,0.15
2015-01-16 05:00:00,3.0,99400.0,279.4,0.15
2015-01-16 05:15:00,2.3,99410.0,279.54999999999995,0.15
2015-01-16 05:30:00,2.35,99420.0,279.9,0.15
2015-01-16 05:45:00,3.0,99430.0,280.04999999999995,0.15
2015-01-16 06:00:00,2.7,99435.0,278.9,0.15
2015-01-16 06:15:00,2.3,99430.0,278.25,0.15
2015-01-16 06:30:00,2.1,99455.0,278.2,0.15
2015-01-16 06:45:00,2.0,99470.0,278.45,0.15
2015-01-16 07:00:00,1.85,99495.0,279.04999999999995,0.15
2015-01-16 07:15:00,1.8,99520.0,278.95,0.15
2015-01-16 07:30:00,2.35,99505.0,278.95,0.15
2015-01-16 07:45:00,2.3,99500.0,278.75,0.15
2015-01-16 08:00:00,2.05,99490.0,279.0,0.15
2015-01-16 08:15:00,1.3,99490.0,279.25,0.15
2015-01-16 08:30:00,1.8,99490.0,279.65,0.15
2015-01-16 08:45:00,2.4,99500.0,279.75,0.15
2015-01-16 09:00:00,2.15,99515.0,279.65,0.15
2015-01-16 09:15:00,1.3,99530.0,279.85,0.15
2015-01-16 09:30:00,1.25,99530.0,280.6,0.15
2015-01-16 09:45:00,1.7,99540.0,280.85,0.15
2015-01-16 10:00:00,1.5,99540.0,280.85,0.15
2015-01-16 10:15:00,1.2,99550.0,280.85,0.15
2015-01-16 10:30:00,1.35,99540.0,280.95,0.15
2015-01-16 10:45:00,1.1,99530.0,280.95,0.15
2015-01-16 11:00:00,1.4500000000000002,99530.0,281.04999999999995,0.15
2015-01-16 11:15:00,1.9,99530.0,281.15,0.15
2015-01-16 11:30:00,1.75,99520.0,281.25,0.15
2015-01-16 11:45:00,1.6,99510.0,281.45,0.15
2015-01-16 12:00:00,1.7,99485.0,281.79999999999995,0.15
2015-01-16 12:15:00,2.5,99470.0,282.25,0.15
2015-01-16 12:30:00,2.75,99455.0,281.85,0.15
2015-01-16 12:45:00,2.9,99490.0,281.95,0.15
2015-01-16 13:00:00,2.3,99475.0,282.0,0.15
2015-01-16 13:15:00,2.1,99460.0,281.95,0.15
2015-01-16 13:30:00,1.75,99460.0,282.04999999999995,0.15
2015-01-16 13:45:00,1.4,99470.0,282.04999999999995,0.15
2015-01-16 14:00:00,1.45,99460.0,282.04999999999995,0.15
2015-01-16 14:15:00,1.7,99460.0,281.95,0.15
2015-01-16 14:30:00,1.9,99455.0,282.0,0.15
2015-01-16 14:45:00,1.8,99470.0,281.85,0.15
2015-01-16 15:00:00,1.55,99470.0,281.54999999999995,0.15
2015-01-16 15:15:00,1.0,99470.0,281.35,0.15
2015-01-16 15:30:00,1.05,99485.0,281.25,0.15
2015-01-16 15:45:00,1.7,99480.0,281.04999999999995,0.15
2015-01-16 16:00:00,2.45,99490.0,280.45,0.15
2015-01-16 16:15:00,2.9,99490.0,280.54999999999995,0.15
2015-01-16 16:30:00,2.95,99495.0,279.9,0.15
2015-01-16 16:45:00,2.6,99510.0,280.45,0.15
2015-01-16 17:00:00,2.55,99495.0,279.75,0.15
2015-01-16 17:15:00,2.0,99500.0,279.35,0.15
2015-01-16 17:30:00,1.5,99500.0,279.9,0.15
2015-01-16 17:45:00,1.1,99520.0,279.95,0.15
2015-01-16 18:00:00,1.0,99520.0,279.65,0.15
2015-01-16 18:15:00,0.9,99530.0,279.35,0.15
2015-01-16 18:30:00,1.35,99550.0,279.15,0.15
2015-01-16 18:45:00,1.2,99540.0,279.45,0.15
2015-01-16 19:00:00,0.95,99535.0,279.15,0.15
2015-01-16 19:15:00,1.0,99540.0,279.15,0.15
2015-01-16 19:30:00,0.95,99565.0,278.95,0.15
2015-01-16 19:45:00,0.8,99580.0,278.85,0.15
2015-01-16 20:00:00,1.1,99570.0,278.95,0.15
2015-01-16 20:15:00,0.7,99590.0,278.04999999999995,0.15
2015-01-16 20:30:00,0.8,99610.0,278.5,0.15
2015-01-16 20:45:00,0.8,99610.0,277.95,0.15
2015-01-16 21:00:00,0.8999999999999999,99605.0,278.1,0.15
2015-01-16 21:15:00,0.6,99620.0,277.75,0.15
2015-01-16 21:30:00,0.95,99630.0,277.2,0.15
2015-01-16 21:45:00,0.8,99640.0,277.75,0.15
2015-01-16 22:00:00,1.65,99660.0,277.65,0.15
2015-01-16 22:15:00,1.7,99680.0,277.35,0.15
2015-01-16 22:30:00,0.95,99700.0,277.85,0.15
2015-01-16 22:45:00,1.8,99710.0,277.15,0.15
2015-01-16 23:00:00,1.75,99735.0,277.65,0.15
2015-01-16 23:15:00,2.4,99750.0,277.65,0.15
2015-01-16 23:30:00,2.75,99765.0,278.35,0.15
2015-01-16 23:45:00,4.0,99780.0,278.95,0.15
2015-01-17 00:00:00,3.0,99780.0,278.95,0.15
2015-01-17 00:15:00,3.5,99790.0,278.85,0.15
2015-01-17 00:30:00,3.0,99805.0,278.95,0.15
2015-01-17 00:45:00,3.5,99810.0,278.85,0.15
2015-01-17 01:00:00,4.05,99825.0,279.04999999999995,0.15
2015-01-17 01:15:00,4.9,99840.0,278.95,0.15
2015-01-17 01:30:00,3.45,99860.0,278.45,0.15
2015-01-17 01:45:00,2.2,99890.0,278.35,0.15
2015-01-17 02:00:00,2.35,99905.0,278.35,0.15
2015-01-17 02:15:00,2.9,99920.0,278.45,0.15
2015-01-17 02:30:00,2.3,99940.0,278.4,0.15
2015-01-17 02:45:00,2.4,99960.0,278.45,0.15
2015-01-17 03:00:00,2.55,99965.0,278.4,0.15
2015-01-17 03:15:00,3.3,99990.0,278.25,0.15
2015-01-17 03:30:00,3.0,100000.0,278.29999999999995,0.15
2015-01-17 03:45:00,2.9,100010.0,278.25,0.15
2015-01-17 04:00:00,2.55,99990.0,277.45,0.15
2015-01-17 04:15:00,2.6,100010.0,277.65,0.15
2015-01-17 04:30:00,2.6500000000000004,100030.0,277.45,0.15
2015-01-17 04:45:00,2.0,100060.0,277.45,0.15
2015-01-17 05:00:00,1.95,100075.0,277.25,0.15
2015-01-17 05:15:00,1.3,100100.0,277.45,0.15
2015-01-17 05:30:00,1.3,100115.0,277.35,0.15
2015-01-17 05:45:00,1.3,100120.0,277.15,0.15
2015-01-17 06:00:00,1.7,100130.0,277.15,0.15
2015-01-17 06:15:00,1.6,100140.0,277.45,0.15
2015-01-17 06:30:00,1.25,100165.0,277.45,0.15
2015-01-17 06:45:00,0.2,100180.0,277.25,0.15
2015-01-17 07:00:00,0.4499999999999999,100200.0,276.85,0.15
2015-01-17 07:15:00,0.3,100210.0,276.45,0.15
2015-01-17 07:30:00,0.3,100230.0,276.7,0.15
2015-01-17 07:45:00,0.5,100260.0,276.85,0.15
2015-01-17 08:00:00,0.75,100275.0,276.85,0.15
2015-01-17 08:15:00,1.0,100300.0,276.95,0.15
2015-01-17 08:30:00,1.45,100320.0,276.95,0.15
2015-01-17 08:45:00,1.6,100330.0,276.75,0.15
2015-01-17 09:00:00,1.75,100345.0,277.29999999999995,0.15
2015-01-17 09:15:00,1.6,100370.0,277.25,0.15
2015-01-17 09:30:00,1.7999999999999998,100375.0,277.25,0.15
2015-01-17 09:45:00,1.6,100380.0,277.25,0.15
2015-01-17 10:00:00,1.55,100390.0,277.6,0.15
2015-01-17 10:15:00,1.2,100420.0,277.54999999999995,0.15
2015-01-17 10:30:00,1.35,100430.0,278.0,0.15
2015-01-17 10:45:00,1.9,100440.0,278.65,0.15
2015-01-17 11:00:00,1.95,100430.0,278.4,0.15
2015-01-17 11:15:00,1.9,100430.0,278.35,0.15
2015-01-17 11:30:00,1.8,100425.0,278.54999999999995,0.15
2015-01-17 11:45:00,1.7,100420.0,278.85,0.15
2015-01-17 12:00:00,1.75,100435.0,278.5,0.15
2015-01-17 12:15:00,1.2,100440.0,278.54999999999995,0.15
2015-01-17 12:30:00,2.45,100445.0,278.95,0.15
2015-01-17 12:45:00,2.8,100430.0,278.65,0.15
2015-01-17 13:00:00,2.6,100430.0,278.65,0.15
2015-01-17 13:15:00,2.5,100420.0,278.75,0.15
2015-01-17 13:30:00,2.0,100425.0,279.25,0.15
2015-01-17 13:45:00,2.9,100420.0,279.75,0.15
2015-01-17 14:00:00,2.75,100430.0,279.1,0.15
2015-01-17 14:15:00,2.5,100440.0,278.85,0.15
2015-01-17 14:30:00,2.05,100435.0,278.79999999999995,0.15
2015-01-17 14:45:00,1.8,100440.0,278.54999999999995,0.15
2015-01-17 15:00:00,1.2000000000000002,100435.0,278.45,0.15
2015-01-17 15:15:00,1.2,100430.0,277.85,0.15
2015-01-17 15:30:00,0.6499999999999999,100425.0,277.85,0.15
2015-01-17 15:45:00,0.5,100420.0,276.95,0.15
2015-01-17 16:00:00,0.8,100435.0,276.4,0.15
2015-01-17 16:15:00,1.2,100440.0,276.54999999999995,0.15
2015-01-17 16:30:00,1.5499999999999998,100450.0,275.6,0.15
2015-01-17 16:45:00,1.4,100450.0,275.75,0.15
2015-01-17 17:00:00,1.2000000000000002,100450.0,275.2,0.15
2015-01-17 17:15:00,1.7,100440.0,275.25,0.15
2015-01-17 17:30:00,2.2,100435.0,275.45,0.15
2015-01-17 17:45:00,2.2,100440.0,275.04999999999995,0.15
2015-01-17 18:00:00,2.3,100460.0,275.0,0.15
2015-01-17 18:15:00,1.7,100470.0,274.75,0.15
2015-01-17 18:30:00,2.0,100475.0,274.1,0.15
2015-01-17 18:45:00,2.1,100490.0,273.75,0.15
2015-01-17 19:00:00,2.6,100485.0,273.95,0.15
2015-01-17 19:15:00,2.5,100490.0,273.65,0.15
2015-01-17 19:30:00,2.4000000000000004,100490.0,273.9,0.15
2015-01-17 19:45:00,2.0,100500.0,274.15,0.15
2015-01-17 20:00:00,2.05,100505.0,274.15,0.15
2015-01-17 20:15:00,2.0,100520.0,273.95,0.15
2015-01-17 20:30:00,3.0,100510.0,273.65,0.15
2015-01-17 20:45:00,2.3,100520.0,273.65,0.15
2015-01-17 21:00:00,2.8,100515.0,273.75,0.15
2015-01-17 21:15:00,2.6,100530.0,273.65,0.15
2015-01-17 21:30:00,2.4,100535.0,273.5,0.15
2015-01-17 21:45:00,3.4,100530.0,273.85,0.15
2015-01-17 22:00:00,2.95,100540.0,273.75,0.15
2015-01-17 22:15:00,3.2,100540.0,273.25,0.15
2015-01-17 22:30:00,3.3,100535.0,273.4,0.15
2015-01-17 22:45:00,2.7,100530.0,274.15,0.15
2015-01-17 23:00:00,2.55,100530.0,273.75,0.15
2015-01-17 23:15:00,2.4,100540.0,273.35,0.15
2015-01-17 23:30:00,3.65,100525.0,273.25,0.15
2015-01-17 23:45:00,3.7,100520.0,273.54999999999995,0.15
2015-01-18 00:00:00,3.9,100505.0,273.29999999999995,0.15
2015-01-18 00:15:00,4.0,100500.0,273.35,0.15
2015-01-18 00:30:00,3.55,100495.0,273.29999999999995,0.15
2015-01-18 00:45:00,3.6,100490.0,273.54999999999995,0.15
2015-01-18 01:00:00,3.35,100490.0,273.6,0.15
2015-01-18 01:15:00,3.8,100480.0,273.75,0.15
2015-01-18 01:30:00,3.9,100475.0,273.9,0.15
2015-01-18 01:45:00,3.0,100470.0,274.15,0.15
2015-01-18 02:00:00,3.45,100455.0,273.9,0.15
2015-01-18 02:15:00,3.5,100440.0,274.15,0.15
2015-01-18 02:30:00,3.45,100435.0,274.0,0.15
2015-01-18 02:45:00,3.8,100420.0,274.04999999999995,0.15
2015-01-18 03:00:00,3.05,100420.0,273.95,0.15
2015-01-18 03:15:00,2.8,100410.0,274.04999999999995,0.15
2015-01-18 03:30:00,3.2,100405.0,274.29999999999995,0.15
2015-01-18 03:45:00,2.9,100390.0,274.25,0.15
2015-01-18 04:00:00,2.85,100380.0,274.29999999999995,0.15
2015-01-18 04:15:00,2.8,100360.0,274.45,0.15
2015-01-18 04:30:00,2.4,100355.0,274.45,0.15
2015-01-18 04:45:00,2.6,100350.0,274.45,0.15
2015-01-18 05:00:00,2.45,100345.0,274.6,0.15
2015-01-18 05:15:00,2.5,100340.0,274.85,0.15
2015-01-18 05:30:00,2.8,100350.0,274.9,0.15
2015-01-18 05:45:00,2.9,100350.0,274.95,0.15
2015-01-18 06:00:00,3.4000000000000004,100350.0,274.95,0.15
2015-01-18 06:15:00,3.5,100360.0,274.85,0.15
2015-01-18 06:30:00,4.45,100350.0,274.95,0.15
2015-01-18 06:45:00,3.9,100340.0,274.95,0.15
2015-01-18 07:00:00,4.15,100340.0,275.04999999999995,0.15
2015-01-18 07:15:00,3.8,100350.0,275.15,0.15
2015-01-18 07:30:00,3.15,100350.0,275.15,0.15
2015-01-18 07:45:00,3.2,100350.0,275.45,0.15
2015-01-18 08:00:00,3.05,100360.0,275.45,0.15
2015-01-18 08:15:00,3.8,100350.0,275.54999999999995,0.15
2015-01-18 08:30:00,3.7,100350.0,275.75,0.15
2015-01-18 08:45:00,3.2,100340.0,275.95,0.15
2015-01-18 09:00:00,3.4,100340.0,276.2,0.15
2015-01-18 09:15:00,3.9,100330.0,276.54999999999995,0.15
2015-01-18 09:30:00,3.95,100335.0,276.85,0.15
2015-01-18 09:45:00,3.6,100330.0,277.15,0.15
2015-01-18 10:00:00,4.6,100335.0,277.2,0.15
2015-01-18 10:15:00,4.5,100330.0,277.15,0.15
2015-01-18 10:30:00,4.1,100320.0,277.35,0.15
2015-01-18 10:45:00,4.1,100310.0,277.54999999999995,0.15
2015-01-18 11:00:00,4.6,100305.0,277.75,0.15
2015-01-18 11:15:00,5.3,100290.0,278.15,0.15
2015-01-18 11:30:00,4.05,100285.0,278.2,0.15
2015-01-18 11:45:00,4.0,100280.0,278.35,0.15
2015-01-18 12:00:00,4.5,100260.0,278.5,0.15
2015-01-18 12:15:00,4.3,100240.0,278.54999999999995,0.15
2015-01-18 12:30:00,4.05,100225.0,278.4,0.15
2015-01-18 12:45:00,3.8,100190.0,278.75,0.15
2015-01-18 13:00:00,4.25,100185.0,278.7,0.15
2015-01-18 13:15:00,3.5,100170.0,279.04999999999995,0.15
2015-01-18 13:30:00,3.95,100165.0,278.9,0.15
2015-01-18 13:45:00,4.0,100160.0,278.54999999999995,0.15
2015-01-18 14:00:00,3.8,100160.0,278.7,0.15
2015-01-18 14:15:00,2.9,100150.0,278.65,0.15
2015-01-18 14:30:00,3.4000000000000004,100155.0,278.29999999999995,0.15
2015-01-18 14:45:00,2.8,100140.0,277.95,0.15
2015-01-18 15:00:00,2.6500000000000004,100130.0,277.85,0.15
2015-01-18 15:15:00,2.5,100120.0,277.65,0.15
2015-01-18 15:30:00,2.75,100120.0,277.4,0.15
2015-01-18 15:45:00,2.5,100130.0,277.35,0.15
2015-01-18 16:00:00,2.9000000000000004,100130.0,276.7,0.15
2015-01-18 16:15:00,3.3,100120.0,275.95,0.15
2015-01-18 16:30:00,3.4,100130.0,276.45,0.15
2015-01-18 16:45:00,3.4,100130.0,276.54999999999995,0.15
2015-01-18 17:00:00,3.5,100130.0,276.29999999999995,0.15
2015-01-18 17:15:00,3.7,100130.0,276.04999999999995,0.15
2015-01-18 17:30:00,3.4,100145.0,276.0,0.15
2015-01-18 17:45:00,3.5,100160.0,275.75,0.15
2015-01-18 18:00:00,3.8,100155.0,275.54999999999995,0.15
2015-01-18 18:15:00,4.2,100160.0,275.25,0.15
2015-01-18 18:30:00,4.0,100155.0,275.2,0.15
2015-01-18 18:45:00,3.2,100170.0,275.25,0.15
2015-01-18 19:00:00,3.25,100165.0,275.04999999999995,0.15
2015-01-18 19:15:00,2.8,100180.0,274.75,0.15
2015-01-18 19:30:00,2.9,100190.0,274.75,0.15
2015-01-18 19:45:00,3.1,100190.0,274.75,0.15
2015-01-18 20:00:00,3.6,100190.0,274.65,0.15
2015-01-18 20:15:00,3.9,100190.0,274.15,0.15
2015-01-18 20:30:00,3.4000000000000004,100190.0,274.25,0.15
2015-01-18 20:45:00,2.8,100200.0,273.95,0.15
2015-01-18 21:00:00,3.1,100190.0,273.95,0.15
2015-01-18 21:15:00,2.9,100190.0,273.95,0.15
2015-01-18 21:30:00,3.35,100175.0,274.1,0.15
2015-01-18 21:45:00,2.8,100180.0,274.04999999999995,0.15
2015-01-18 22:00:00,3.3,100190.0,273.9,0.15
2015-01-18 22:15:00,3.1,100190.0,273.95,0.15
2015-01-18 22:30:00,3.25,100195.0,273.7,0.15
2015-01-18 22:45:00,3.6,100200.0,273.35,0.15
2015-01-18 23:00:00,3.15,100200.0,272.95,0.15
2015-01-18 23:15:00,2.7,100200.0,272.85,0.15
2015-01-18 23:30:00,2.75,100180.0,273.04999999999995,0.15
2015-01-18 23:45:00,2.7,100180.0,273.15,0.15
2015-01-19 00:00:00,2.45,100180.0,273.15,0.15
2015-01-19 00:15:00,2.3,100170.0,273.04999999999995,0.15
2015-01-19 00:30:00,2.1,100175.0,273.04999999999995,0.15
2015-01-19 00:45:00,2.4,100180.0,272.04999999999995,0.15
2015-01-19 01:00:00,3.1,100170.0,272.95,0.15
2015-01-19 01:15:00,3.4,100170.0,273.15,0.15
2015-01-19 01:30:00,4.05,100155.0,273.0,0.15
2015-01-19 01:45:00,3.3,100150.0,273.04999999999995,0.15
2015-01-19 02:00:00,2.95,100140.0,272.95,0.15
2015-01-19 02:15:00,2.6,100140.0,273.04999999999995,0.15
2015-01-19 02:30:00,2.5,100120.0,273.2,0.15
2015-01-19 02:45:00,2.3,100100.0,273.04999999999995,0.15
2015-01-19 03:00:00,2.05,100095.0,273.15,0.15
2015-01-19 03:15:00,2.2,100080.0,273.15,0.15
2015-01-19 03:30:00,2.1,100075.0,273.15,0.15
2015-01-19 03:45:00,2.6,100050.0,273.15,0.15
2015-01-19 04:00:00,1.85,100055.0,273.1,0.15
2015-01-19 04:15:00,2.0,100030.0,272.85,0.15
2015-01-19 04:30:00,1.75,100025.0,272.7,0.15
2015-01-19 04:45:00,0.9,100030.0,271.65,0.15
2015-01-19 05:00:00,1.75,100030.0,272.04999999999995,0.15
2015-01-19 05:15:00,1.6,100040.0,272.35,0.15
2015-01-19 05:30:00,1.65,100050.0,272.35,0.15
2015-01-19 05:45:00,1.2,100060.0,271.75,0.15
2015-01-19 06:00:00,1.35,100055.0,271.4,0.15
2015-01-19 06:15:00,2.1,100060.0,271.35,0.15
2015-01-19 06:30:00,2.05,100055.0,272.1,0.15
2015-01-19 06:45:00,1.8,100060.0,272.04999999999995,0.15
2015-01-19 07:00:00,2.05,100060.0,271.4,0.15
2015-01-19 07:15:00,2.1,100060.0,271.75,0.15
2015-01-19 07:30:00,2.0,100070.0,272.15,0.15
2015-01-19 07:45:00,2.6,100070.0,272.15,0.15
2015-01-19 08:00:00,2.15,100060.0,272.54999999999995,0.15
2015-01-19 08:15:00,1.7,100060.0,272.65,0.15
2015-01-19 08:30:00,1.75,100060.0,272.0,0.15
2015-01-19 08:45:00,2.0,100060.0,272.15,0.15
2015-01-19 09:00:00,2.05,100065.0,273.0,0.15
2015-01-19 09:15:00,1.8,100060.0,273.54999999999995,0.15
2015-01-19 09:30:00,1.4,100070.0,273.85,0.15
2015-01-19 09:45:00,1.1,100070.0,274.04999999999995,0.15
2015-01-19 10:00:00,0.95,100070.0,274.35,0.15
2015-01-19 10:15:00,1.4,100060.0,274.85,0.15
2015-01-19 10:30:00,1.45,100055.0,275.25,0.15
2015-01-19 10:45:00,2.2,100040.0,275.35,0.15
2015-01-19 11:00:00,1.85,100025.0,275.6,0.15
2015-01-19 11:15:00,1.5,100010.0,275.35,0.15
2015-01-19 11:30:00,1.7,100010.0,275.75,0.15
2015-01-19 11:45:00,2.3,99990.0,275.75,0.15
2015-01-19 12:00:00,2.05,99975.0,275.79999999999995,0.15
2015-01-19 12:15:00,1.7,99960.0,275.95,0.15
2015-01-19 12:30:00,1.65,99935.0,276.15,0.15
2015-01-19 12:45:00,1.2,99930.0,276.25,0.15
2015-01-19 13:00:00,1.65,99915.0,276.15,0.15
2015-01-19 13:15:00,1.5,99900.0,276.25,0.15
2015-01-19 13:30:00,1.5,99905.0,276.29999999999995,0.15
2015-01-19 13:45:00,1.4,99900.0,276.15,0.15
2015-01-19 14:00:00,1.85,99895.0,276.45,0.15
2015-01-19 14:15:00,1.9,99890.0,276.25,0.15
2015-01-19 14:30:00,1.6,99905.0,276.04999999999995,0.15
2015-01-19 14:45:00,1.5,99900.0,275.85,0.15
2015-01-19 15:00:00,1.15,99900.0,275.9,0.15
2015-01-19 15:15:00,1.4,99890.0,275.54999999999995,0.15
2015-01-19 15:30:00,1.7999999999999998,99890.0,275.35,0.15
2015-01-19 15:45:00,1.8,99900.0,274.75,0.15
2015-01-19 16:00:00,1.4,99920.0,274.95,0.15
2015-01-19 16:15:00,1.3,99930.0,274.54999999999995,0.15
2015-01-19 16:30:00,1.4,99930.0,274.4,0.15
2015-01-19 16:45:00,1.5,99930.0,273.95,0.15
2015-01-19 17:00:00,1.75,99925.0,274.25,0.15
2015-01-19 17:15:00,1.9,99920.0,274.45,0.15
2015-01-19 17:30:00,1.75,99930.0,274.5,0.15
2015-01-19 17:45:00,1.5,99920.0,274.35,0.15
2015-01-19 18:00:00,1.65,99935.0,274.29999999999995,0.15
2015-01-19 18:15:00,1.9,99930.0,274.15,0.15
2015-01-19 18:30:00,2.3,99925.0,274.0,0.15
2015-01-19 18:45:00,1.4,99930.0,274.04999999999995,0.15
2015-01-19 19:00:00,1.2,99930.0,274.04999999999995,0.15
2015-01-19 19:15:00,1.8,99920.0,273.95,0.15
2015-01-19 19:30:00,1.65,99925.0,273.9,0.15
2015-01-19 19:45:00,1.3,99930.0,274.04999999999995,0.15
2015-01-19 20:00:00,1.25,99930.0,273.85,0.15
2015-01-19 20:15:00,1.3,99930.0,273.54999999999995,0.15
2015-01-19 20:30:00,1.5499999999999998,99935.0,273.35,0.15
2015-01-19 20:45:00,1.6,99940.0,273.75,0.15
2015-01-19 21:00:00,1.4,99940.0,273.79999999999995,0.15
2015-01-19 21:15:00,0.9,99940.0,273.65,0.15
2015-01-19 21:30:00,1.15,99940.0,273.5,0.15
2015-01-19 21:45:00,1.2,99940.0,273.65,0.15
2015-01-19 22:00:00,1.2,99940.0,273.65,0.15
2015-01-19 22:15:00,1.1,99950.0,273.75,0.15
2015-01-19 22:30:00,1.3,99945.0,273.45,0.15
2015-01-19 22:45:00,1.4,99940.0,273.45,0.15
2015-01-19 23:00:00,1.3,99955.0,273.54999999999995,0.15
2015-01-19 23:15:00,1.6,99950.0,273.35,0.15
2015-01-19 23:30:00,1.25,99955.0,273.29999999999995,0.15
2015-01-19 23:45:00,1.0,99960.0,273.54999999999995,0.15
2015-01-20 00:00:00,0.75,99960.0,273.45,0.15
2015-01-20 00:15:00,1.3,99950.0,273.54999999999995,0.15
2015-01-20 00:30:00,1.55,99950.0,273.65,0.15
2015-01-20 00:45:00,1.5,99950.0,273.65,0.15
2015-01-20 01:00:00,1.05,99950.0,273.65,0.15
2015-01-20 01:15:00,0.7,99950.0,273.75,0.15
2015-01-20 01:30:00,0.45,99950.0,273.75,0.15
2015-01-20 01:45:00,0.5,99950.0,273.75,0.15
2015-01-20 02:00:00,0.9,99950.0,273.65,0.15
2015-01-20 02:15:00,1.1,99950.0,273.65,0.15
2015-01-20 02:30:00,0.9,99955.0,273.65,0.15
2015-01-20 02:45:00,1.0,99950.0,273.75,0.15
2015-01-20 03:00:00,0.55,99945.0,273.65,0.15
2015-01-20 03:15:00,0.7,99940.0,273.54999999999995,0.15
2015-01-20 03:30:00,0.9,99940.0,273.75,0.15
2015-01-20 03:45:00,0.5,99930.0,273.95,0.15
2015-01-20 04:00:00,0.4,99920.0,273.79999999999995,0.15
2015-01-20 04:15:00,0.1,99910.0,273.75,0.15
2015-01-20 04:30:00,0.6,99910.0,273.75,0.15
2015-01-20 04:45:00,0.3,99900.0,273.65,0.15
2015-01-20 05:00:00,0.5,99920.0,273.65,0.15
2015-01-20 05:15:00,1.0,99930.0,273.54999999999995,0.15
2015-01-20 05:30:00,1.7,99945.0,273.65,0.15
2015-01-20 05:45:00,1.4,99950.0,273.75,0.15
2015-01-20 06:00:00,1.25,99970.0,273.79999999999995,0.15
2015-01-20 06:15:00,1.1,99980.0,273.85,0.15
2015-01-20 06:30:00,1.15,99995.0,273.85,0.15
2015-01-20 06:45:00,1.1,100000.0,273.85,0.15
2015-01-20 07:00:00,0.8,100015.0,273.9,0.15
2015-01-20 07:15:00,0.3,100030.0,273.95,0.15
2015-01-20 07:30:00,0.7,100035.0,273.95,0.15
2015-01-20 07:45:00,1.0,100050.0,273.95,0.15
2015-01-20 08:00:00,1.1,100050.0,273.95,0.15
2015-01-20 08:15:00,1.1,100060.0,274.04999999999995,0.15
2015-01-20 08:30:00,1.15,100075.0,274.04999999999995,0.15
2015-01-20 08:45:00,1.0,100090.0,274.15,0.15
2015-01-20 09:00:00,1.15,100100.0,274.15,0.15
2015-01-20 09:15:00,1.0,100100.0,274.25,0.15
2015-01-20 09:30:00,0.75,100110.0,274.29999999999995,0.15
2015-01-20 09:45:00,0.8,100110.0,274.54999999999995,0.15
2015-01-20 10:00:00,0.5,100110.0,274.45,0.15
2015-01-20 10:15:00,0.1,100120.0,274.65,0.15
2015-01-20 10:30:00,0.3,100120.0,274.9,0.15
2015-01-20 10:45:00,0.6,100100.0,274.85,0.15
2015-01-20 11:00:00,0.45,100100.0,274.95,0.15
2015-01-20 11:15:00,0.2,100100.0,275.04999999999995,0.15
2015-01-20 11:30:00,0.4499999999999999,100105.0,275.15,0.15
2015-01-20 11:45:00,1.0,100090.0,275.45,0.15
2015-01-20 12:00:00,1.2,100090.0,275.45,0.15
2015-01-20 12:15:00,1.0,100090.0,275.65,0.15
2015-01-20 12:30:00,0.7,100080.0,275.85,0.15
2015-01-20 12:45:00,1.6,100080.0,275.95,0.15
2015-01-20 13:00:00,1.6,100070.0,276.1,0.15
2015-01-20 13:15:00,1.3,100070.0,276.04999999999995,0.15
2015-01-20 13:30:00,1.8,100075.0,276.0,0.15
2015-01-20 13:45:00,1.6,100070.0,275.95,0.15
2015-01-20 14:00:00,1.65,100080.0,275.95,0.15
2015-01-20 14:15:00,1.1,100090.0,275.95,0.15
2015-01-20 14:30:00,0.3,100105.0,276.0,0.15
2015-01-20 14:45:00,0.0,100100.0,275.95,0.15
2015-01-20 15:00:00,0.35,100100.0,275.79999999999995,0.15
2015-01-20 15:15:00,1.5,100090.0,275.54999999999995,0.15
2015-01-20 15:30:00,1.4500000000000002,100100.0,275.35,0.15
2015-01-20 15:45:00,1.2,100100.0,275.25,0.15
2015-01-20 16:00:00,1.0,100105.0,275.29999999999995,0.15
2015-01-20 16:15:00,1.0,100120.0,275.25,0.15
2015-01-20 16:30:00,0.7,100120.0,275.1,0.15
2015-01-20 16:45:00,0.8,100110.0,274.95,0.15
2015-01-20 17:00:00,1.0,100120.0,274.9,0.15
2015-01-20 17:15:00,1.0,100120.0,274.95,0.15
2015-01-20 17:30:00,1.05,100115.0,275.0,0.15
2015-01-20 17:45:00,1.5,100110.0,274.95,0.15
2015-01-20 18:00:00,1.5,100125.0,274.9,0.15
2015-01-20 18:15:00,1.6,100130.0,274.95,0.15
2015-01-20 18:30:00,1.6,100135.0,274.85,0.15
2015-01-20 18:45:00,1.5,100140.0,274.85,0.15
2015-01-20 19:00:00,1.55,100145.0,274.79999999999995,0.15
2015-01-20 19:15:00,1.6,100160.0,274.75,0.15
2015-01-20 19:30:00,1.6,100175.0,274.65,0.15
2015-01-20 19:45:00,1.6,100180.0,274.75,0.15
2015-01-20 20:00:00,1.55,100190.0,274.79999999999995,0.15
2015-01-20 20:15:00,1.6,100190.0,274.85,0.15
2015-01-20 20:30:00,1.65,100185.0,274.65,0.15
2015-01-20 20:45:00,2.0,100190.0,274.54999999999995,0.15
2015-01-20 21:00:00,0.8,100170.0,274.65,0.15
2015-01-20 21:15:00,2.3,100170.0,274.65,0.15
2015-01-20 21:30:00,1.85,100170.0,274.7,0.15
2015-01-20 21:45:00,1.5,100170.0,274.54999999999995,0.15
2015-01-20 22:00:00,1.85,100160.0,274.5,0.15
2015-01-20 22:15:00,1.4,100170.0,274.25,0.15
2015-01-20 22:30:00,1.95,100170.0,273.95,0.15
2015-01-20 22:45:00,2.1,100180.0,274.04999999999995,0.15
2015-01-20 23:00:00,2.0,100165.0,273.95,0.15
2015-01-20 23:15:00,1.8,100170.0,273.85,0.15
2015-01-20 23:30:00,1.5,100170.0,273.65,0.15
2015-01-20 23:45:00,1.5,100170.0,273.25,0.15
2015-01-21 00:00:00,2.25,100165.0,273.29999999999995,0.15
2015-01-21 00:15:00,2.6,100140.0,273.35,0.15
2015-01-21 00:30:00,2.8,100140.0,273.35,0.15
2015-01-21 00:45:00,2.6,100130.0,272.85,0.15
2015-01-21 01:00:00,2.6,100120.0,272.75,0.15
2015-01-21 01:15:00,2.6,100120.0,272.65,0.15
2015-01-21 01:30:00,2.7,100115.0,272.6,0.15
2015-01-21 01:45:00,2.6,100110.0,272.75,0.15
2015-01-21 02:00:00,2.55,100090.0,272.6,0.15
2015-01-21 02:15:00,3.2,100060.0,272.45,0.15
2015-01-21 02:30:00,2.75,100055.0,272.54999999999995,0.15
2015-01-21 02:45:00,2.4,100050.0,272.54999999999995,0.15
2015-01-21 03:00:00,2.6,100035.0,272.25,0.15
2015-01-21 03:15:00,2.4,100030.0,272.25,0.15
2015-01-21 03:30:00,2.45,100035.0,272.2,0.15
2015-01-21 03:45:00,2.6,100050.0,272.15,0.15
2015-01-21 04:00:00,2.5,100035.0,271.95,0.15
2015-01-21 04:15:00,2.3,100030.0,271.95,0.15
2015-01-21 04:30:00,2.7,100030.0,271.7,0.15
2015-01-21 04:45:00,2.9,100030.0,271.54999999999995,0.15
2015-01-21 05:00:00,3.2,100030.0,271.9,0.15
2015-01-21 05:15:00,3.4,100040.0,271.75,0.15
2015-01-21 05:30:00,3.75,100035.0,271.79999999999995,0.15
2015-01-21 05:45:00,3.8,100030.0,271.54999999999995,0.15
2015-01-21 06:00:00,3.35,100035.0,271.54999999999995,0.15
2015-01-21 06:15:00,2.9,100040.0,271.54999999999995,0.15
2015-01-21 06:30:00,3.25,100045.0,271.6,0.15
2015-01-21 06:45:00,3.0,100040.0,271.95,0.15
2015-01-21 07:00:00,3.15,100055.0,272.04999999999995,0.15
2015-01-21 07:15:00,3.1,100060.0,272.15,0.15
2015-01-21 07:30:00,3.3,100060.0,272.0,0.15
2015-01-21 07:45:00,2.7,100060.0,272.15,0.15
2015-01-21 08:00:00,3.1500000000000004,100060.0,272.54999999999995,0.15
2015-01-21 08:15:00,3.1,100070.0,272.95,0.15
2015-01-21 08:30:00,2.95,100075.0,273.04999999999995,0.15
2015-01-21 08:45:00,2.0,100100.0,272.95,0.15
2015-01-21 09:00:00,2.45,100100.0,273.15,0.15
2015-01-21 09:15:00,2.6,100100.0,273.45,0.15
2015-01-21 09:30:00,2.05,100105.0,273.75,0.15
2015-01-21 09:45:00,2.1,100100.0,273.95,0.15
2015-01-21 10:00:00,3.1,100090.0,274.2,0.15
2015-01-21 10:15:00,3.6,100080.0,274.45,0.15
2015-01-21 10:30:00,4.05,100060.0,274.95,0.15
2015-01-21 10:45:00,3.9,100050.0,275.35,0.15
2015-01-21 11:00:00,4.1,100040.0,275.45,0.15
2015-01-21 11:15:00,4.6,100040.0,275.95,0.15
2015-01-21 11:30:00,4.2,100025.0,275.85,0.15
2015-01-21 11:45:00,4.0,100020.0,275.54999999999995,0.15
2015-01-21 12:00:00,3.4000000000000004,100010.0,275.95,0.15
2015-01-21 12:15:00,4.1,99990.0,276.04999999999995,0.15
2015-01-21 12:30:00,4.35,99985.0,276.15,0.15
2015-01-21 12:45:00,4.0,99970.0,276.15,0.15
2015-01-21 13:00:00,4.15,99955.0,276.29999999999995,0.15
2015-01-21 13:15:00,4.7,99950.0,276.35,0.15
2015-01-21 13:30:00,3.85,99950.0,276.35,0.15
2015-01-21 13:45:00,3.0,99960.0,276.35,0.15
2015-01-21 14:00:00,2.95,99960.0,276.35,0.15
2015-01-21 14:15:00,2.8,99960.0,276.35,0.15
2015-01-21 14:30:00,2.75,99955.0,276.4,0.15
2015-01-21 14:45:00,3.9,99950.0,276.45,0.15
2015-01-21 15:00:00,3.3,99955.0,276.4,0.15
2015-01-21 15:15:00,2.9,99970.0,276.35,0.15
2015-01-21 15:30:00,3.1500000000000004,99975.0,276.2,0.15
2015-01-21 15:45:00,2.5,99980.0,276.15,0.15
2015-01-21 16:00:00,2.2,99990.0,276.04999999999995,0.15
2015-01-21 16:15:00,2.5,100000.0,275.95,0.15
2015-01-21 16:30:00,3.25,99990.0,275.95,0.15
2015-01-21 16:45:00,3.2,99990.0,275.95,0.15
2015-01-21 17:00:00,3.0,99990.0,275.85,0.15
2015-01-21 17:15:00,3.0,99990.0,275.95,0.15
2015-01-21 17:30:00,3.3,100000.0,275.9,0.15
2015-01-21 17:45:00,3.4,100020.0,275.85,0.15
2015-01-21 18:00:00,3.25,100025.0,276.0,0.15
2015-01-21 18:15:00,3.3,100030.0,276.04999999999995,0.15
2015-01-21 18:30:00,2.8,100040.0,276.04999999999995,0.15
2015-01-21 18:45:00,3.0,100030.0,275.95,0.15
2015-01-21 19:00:00,3.1,100045.0,276.0,0.15
2015-01-21 19:15:00,3.3,100050.0,275.85,0.15
2015-01-21 19:30:00,3.45,100060.0,275.85,0.15
2015-01-21 19:45:00,3.0,100060.0,275.95,0.15
2015-01-21 20:00:00,3.3,100055.0,275.9,0.15
2015-01-21 20:15:00,3.3,100060.0,275.85,0.15
2015-01-21 20:30:00,3.15,100065.0,275.75,0.15
2015-01-21 20:45:00,3.1,100080.0,275.75,0.15
2015-01-21 21:00:00,3.1,100095.0,275.79999999999995,0.15
2015-01-21 21:15:00,3.2,100100.0,275.85,0.15
2015-01-21 21:30:00,3.7,100095.0,275.9,0.15
2015-01-21 21:45:00,3.3,100100.0,275.85,0.15
2015-01-21 22:00:00,3.0,100120.0,275.85,0.15
2015-01-21 22:15:00,3.1,100110.0,275.85,0.15
2015-01-21 22:30:00,3.45,100120.0,275.75,0.15
2015-01-21 22:45:00,3.0,100130.0,275.45,0.15
2015-01-21 23:00:00,3.35,100130.0,275.5,0.15
2015-01-21 23:15:00,3.4,100120.0,275.25,0.15
2015-01-21 23:30:00,2.95,100125.0,275.35,0.15
2015-01-21 23:45:00,3.6,100120.0,275.45,0.15
2015-01-22 00:00:00,3.5,100120.0,275.29999999999995,0.15
2015-01-22 00:15:00,2.8,100120.0,275.15,0.15
2015-01-22 00:30:00,2.7,100125.0,275.1,0.15
2015-01-22 00:45:00,2.1,100130.0,275.04999999999995,0.15
2015-01-22 01:00:00,2.25,100125.0,274.85,0.15
2015-01-22 01:15:00,2.5,100140.0,274.85,0.15
2015-01-22 01:30:00,3.0,100150.0,274.9,0.15
2015-01-22 01:45:00,2.6,100160.0,274.85,0.15
2015-01-22 02:00:00,2.55,100160.0,274.75,0.15
2015-01-22 02:15:00,2.6,100160.0,274.65,0.15
2015-01-22 02:30:00,3.3,100155.0,274.4,0.15
2015-01-22 02:45:00,3.2,100150.0,274.04999999999995,0.15
2015-01-22 03:00:00,2.45,100150.0,274.0,0.15
2015-01-22 03:15:00,1.9,100150.0,274.04999999999995,0.15
2015-01-22 03:30:00,2.0,100160.0,273.79999999999995,0.15
2015-01-22 03:45:00,1.8,100160.0,273.85,0.15
2015-01-22 04:00:00,1.6,100150.0,273.75,0.15
2015-01-22 04:15:00,1.7,100150.0,273.95,0.15
2015-01-22 04:30:00,1.65,100155.0,273.79999999999995,0.15
2015-01-22 04:45:00,1.7,100190.0,273.75,0.15
2015-01-22 05:00:00,1.6,100200.0,273.85,0.15
2015-01-22 05:15:00,1.4,100210.0,273.54999999999995,0.15
2015-01-22 05:30:00,1.5,100220.0,273.95,0.15
2015-01-22 05:45:00,1.7,100220.0,274.25,0.15
2015-01-22 06:00:00,1.7999999999999998,100210.0,274.25,0.15
2015-01-22 06:15:00,1.8,100230.0,274.25,0.15
2015-01-22 06:30:00,1.6,100245.0,274.29999999999995,0.15
2015-01-22 06:45:00,1.4,100250.0,274.25,0.15
2015-01-22 07:00:00,1.35,100270.0,274.2,0.15
2015-01-22 07:15:00,1.0,100290.0,274.15,0.15
2015-01-22 07:30:00,1.4500000000000002,100315.0,274.1,0.15
2015-01-22 07:45:00,1.9,100330.0,274.15,0.15
2015-01-22 08:00:00,1.5499999999999998,100350.0,274.04999999999995,0.15
2015-01-22 08:15:00,1.6,100370.0,274.04999999999995,0.15
2015-01-22 08:30:00,1.85,100385.0,274.29999999999995,0.15
2015-01-22 08:45:00,2.0,100400.0,274.45,0.15
2015-01-22 09:00:00,2.2,100415.0,274.65,0.15
2015-01-22 09:15:00,2.5,100420.0,274.85,0.15
2015-01-22 09:30:00,2.3,100435.0,274.79999999999995,0.15
2015-01-22 09:45:00,2.7,100440.0,274.65,0.15
2015-01-22 10:00:00,2.5,100455.0,274.7,0.15
2015-01-22 10:15:00,2.4,100470.0,274.75,0.15
2015-01-22 10:30:00,2.3,100480.0,274.7,0.15
2015-01-22 10:45:00,2.3,100480.0,274.75,0.15
2015-01-22 11:00:00,2.7,100480.0,274.9,0.15
2015-01-22 11:15:00,2.4,100480.0,274.95,0.15
2015-01-22 11:30:00,2.2,100480.0,275.15,0.15
2015-01-22 11:45:00,2.5,100490.0,275.45,0.15
2015-01-22 12:00:00,1.9,100500.0,275.25,0.15
2015-01-22 12:15:00,1.9,100500.0,275.25,0.15
2015-01-22 12:30:00,1.9,100510.0,275.29999999999995,0.15
2015-01-22 12:45:00,1.7,100510.0,275.35,0.15
2015-01-22 13:00:00,1.95,100515.0,275.4,0.15
2015-01-22 13:15:00,1.9,100510.0,275.54999999999995,0.15
2015-01-22 13:30:00,2.1,100510.0,275.4,0.15
2015-01-22 13:45:00,2.2,100510.0,275.65,0.15
2015-01-22 14:00:00,1.85,100535.0,275.75,0.15
2015-01-22 14:15:00,1.9,100550.0,275.65,0.15
2015-01-22 14:30:00,1.55,100555.0,275.79999999999995,0.15
2015-01-22 14:45:00,1.1,100550.0,275.65,0.15
2015-01-22 15:00:00,2.05,100575.0,275.6,0.15
2015-01-22 15:15:00,2.8,100590.0,275.45,0.15
2015-01-22 15:30:00,2.4,100600.0,275.4,0.15
2015-01-22 15:45:00,2.5,100620.0,275.45,0.15
2015-01-22 16:00:00,2.55,100635.0,275.4,0.15
2015-01-22 16:15:00,2.7,100640.0,275.45,0.15
2015-01-22 16:30:00,2.75,100655.0,275.45,0.15
2015-01-22 16:45:00,2.9,100660.0,275.45,0.15
2015-01-22 17:00:00,3.0,100680.0,275.35,0.15
2015-01-22 17:15:00,2.7,100700.0,275.25,0.15
2015-01-22 17:30:00,2.7,100720.0,275.25,0.15
2015-01-22 17:45:00,2.9,100730.0,275.15,0.15
2015-01-22 18:00:00,3.05,100750.0,275.15,0.15
2015-01-22 18:15:00,2.7,100760.0,275.04999999999995,0.15
2015-01-22 18:30:00,2.55,100770.0,275.15,0.15
2015-01-22 18:45:00,2.4,100780.0,275.15,0.15
2015-01-22 19:00:00,1.9,100795.0,275.04999999999995,0.15
2015-01-22 19:15:00,1.8,100800.0,275.04999999999995,0.15
2015-01-22 19:30:00,1.85,100805.0,275.15,0.15
2015-01-22 19:45:00,1.8,100810.0,275.25,0.15
2015-01-22 20:00:00,1.65,100825.0,275.04999999999995,0.15
2015-01-22 20:15:00,1.6,100840.0,274.95,0.15
2015-01-22 20:30:00,1.6,100840.0,274.95,0.15
2015-01-22 20:45:00,2.2,100850.0,274.95,0.15
2015-01-22 21:00:00,2.1,100860.0,274.95,0.15
2015-01-22 21:15:00,2.1,100870.0,274.95,0.15
2015-01-22 21:30:00,2.6,100885.0,274.79999999999995,0.15
2015-01-22 21:45:00,3.2,100900.0,274.85,0.15
2015-01-22 22:00:00,3.1,100925.0,274.95,0.15
2015-01-22 22:15:00,2.3,100930.0,274.95,0.15
2015-01-22 22:30:00,2.5,100945.0,275.0,0.15
2015-01-22 22:45:00,2.5,100960.0,275.04999999999995,0.15
2015-01-22 23:00:00,2.35,100960.0,275.1,0.15
2015-01-22 23:15:00,2.2,100960.0,275.04999999999995,0.15
2015-01-22 23:30:00,2.6,100975.0,275.0,0.15
2015-01-22 23:45:00,2.6,100980.0,275.04999999999995,0.15
2015-01-23 00:00:00,2.05,100970.0,275.15,0.15
2015-01-23 00:15:00,1.7,100980.0,275.15,0.15
2015-01-23 00:30:00,2.6,100985.0,275.1,0.15
2015-01-23 00:45:00,2.3,100990.0,274.85,0.15
2015-01-23 01:00:00,2.3,100985.0,274.95,0.15
2015-01-23 01:15:00,2.8,100990.0,274.85,0.15
2015-01-23 01:30:00,2.25,101005.0,274.85,0.15
2015-01-23 01:45:00,2.2,101020.0,274.95,0.15
2015-01-23 02:00:00,2.3,101020.0,274.75,0.15
2015-01-23 02:15:00,2.4,101030.0,274.45,0.15
2015-01-23 02:30:00,1.7000000000000002,101020.0,274.54999999999995,0.15
2015-01-23 02:45:00,1.5,101010.0,274.65,0.15
2015-01-23 03:00:00,1.4,101015.0,274.54999999999995,0.15
2015-01-23 03:15:00,1.2,101020.0,274.54999999999995,0.15
2015-01-23 03:30:00,1.9,101040.0,274.45,0.15
2015-01-23 03:45:00,1.9,101060.0,274.45,0.15
2015-01-23 04:00:00,2.05,101070.0,274.45,0.15
2015-01-23 04:15:00,1.8,101080.0,274.35,0.15
2015-01-23 04:30:00,2.3,101095.0,274.35,0.15
2015-01-23 04:45:00,2.7,101100.0,274.45,0.15
2015-01-23 05:00:00,2.25,101105.0,274.2,0.15
2015-01-23 05:15:00,2.2,101110.0,273.65,0.15
2015-01-23 05:30:00,2.65,101135.0,273.7,0.15
2015-01-23 05:45:00,2.7,101150.0,273.54999999999995,0.15
2015-01-23 06:00:00,3.05,101170.0,273.1,0.15
2015-01-23 06:15:00,3.7,101200.0,273.85,0.15
2015-01-23 06:30:00,3.4,101215.0,274.1,0.15
2015-01-23 06:45:00,3.5,101230.0,274.15,0.15
2015-01-23 07:00:00,3.1,101230.0,274.1,0.15
2015-01-23 07:15:00,2.5,101240.0,274.04999999999995,0.15
2015-01-23 07:30:00,2.4000000000000004,101240.0,273.5,0.15
2015-01-23 07:45:00,2.6,101250.0,273.25,0.15
2015-01-23 08:00:00,2.2,101270.0,273.45,0.15
2015-01-23 08:15:00,2.2,101280.0,273.35,0.15
2015-01-23 08:30:00,2.25,101290.0,273.25,0.15
2015-01-23 08:45:00,2.0,101290.0,273.45,0.15
2015-01-23 09:00:00,2.35,101315.0,273.79999999999995,0.15
2015-01-23 09:15:00,2.1,101320.0,274.25,0.15
2015-01-23 09:30:00,2.65,101345.0,274.7,0.15
2015-01-23 09:45:00,3.1,101360.0,274.85,0.15
2015-01-23 10:00:00,2.45,101365.0,275.04999999999995,0.15
2015-01-23 10:15:00,3.0,101380.0,275.25,0.15
2015-01-23 10:30:00,3.05,101380.0,275.29999999999995,0.15
2015-01-23 10:45:00,3.3,101380.0,275.54999999999995,0.15
2015-01-23 11:00:00,3.1500000000000004,101370.0,275.45,0.15
2015-01-23 11:15:00,3.0,101370.0,275.45,0.15
2015-01-23 11:30:00,2.55,101365.0,275.5,0.15
2015-01-23 11:45:00,2.5,101360.0,275.54999999999995,0.15
2015-01-23 12:00:00,2.55,101360.0,275.65,0.15
2015-01-23 12:15:00,2.8,101350.0,275.85,0.15
2015-01-23 12:30:00,2.15,101355.0,275.9,0.15
2015-01-23 12:45:00,2.6,101360.0,275.54999999999995,0.15
2015-01-23 13:00:00,2.45,101325.0,275.79999999999995,0.15
2015-01-23 13:15:00,2.8,101300.0,275.95,0.15
2015-01-23 13:30:00,2.8,101315.0,275.7,0.15
2015-01-23 13:45:00,2.6,101310.0,275.65,0.15
2015-01-23 14:00:00,2.3,101325.0,275.4,0.15
2015-01-23 14:15:00,2.4,101340.0,275.45,0.15
2015-01-23 14:30:00,2.45,101345.0,275.45,0.15
2015-01-23 14:45:00,2.1,101360.0,275.45,0.15
2015-01-23 15:00:00,1.85,101370.0,275.35,0.15
2015-01-23 15:15:00,1.6,101380.0,275.35,0.15
2015-01-23 15:30:00,1.45,101395.0,275.25,0.15
2015-01-23 15:45:00,1.9,101400.0,275.15,0.15
2015-01-23 16:00:00,2.1500000000000004,101420.0,275.04999999999995,0.15
2015-01-23 16:15:00,1.7,101420.0,274.95,0.15
2015-01-23 16:30:00,1.75,101425.0,274.95,0.15
2015-01-23 16:45:00,1.9,101440.0,274.85,0.15
2015-01-23 17:00:00,1.9,101440.0,274.95,0.15
2015-01-23 17:15:00,1.6,101440.0,274.95,0.15
2015-01-23 17:30:00,1.2,101450.0,274.9,0.15
2015-01-23 17:45:00,1.2,101450.0,275.04999999999995,0.15
2015-01-23 18:00:00,1.3,101450.0,275.04999999999995,0.15
2015-01-23 18:15:00,1.7,101460.0,275.04999999999995,0.15
2015-01-23 18:30:00,1.2000000000000002,101455.0,275.0,0.15
2015-01-23 18:45:00,1.1,101450.0,274.95,0.15
2015-01-23 19:00:00,1.55,101450.0,275.0,0.15
2015-01-23 19:15:00,1.2,101440.0,274.95,0.15
2015-01-23 19:30:00,1.9,101425.0,274.95,0.15
2015-01-23 19:45:00,2.1,101420.0,274.85,0.15
2015-01-23 20:00:00,1.9,101425.0,274.75,0.15
2015-01-23 20:15:00,2.8,101420.0,274.65,0.15
2015-01-23 20:30:00,2.0,101420.0,274.5,0.15
2015-01-23 20:45:00,2.3,101410.0,274.54999999999995,0.15
2015-01-23 21:00:00,2.25,101400.0,274.4,0.15
2015-01-23 21:15:00,3.1,101400.0,274.45,0.15
2015-01-23 21:30:00,2.35,101395.0,274.4,0.15
2015-01-23 21:45:00,2.7,101380.0,274.25,0.15
2015-01-23 22:00:00,2.75,101365.0,274.25,0.15
2015-01-23 22:15:00,2.6,101350.0,274.15,0.15
2015-01-23 22:30:00,2.3,101340.0,274.0,0.15
2015-01-23 22:45:00,2.6,101330.0,273.75,0.15
2015-01-23 23:00:00,2.4,101315.0,273.35,0.15
2015-01-23 23:15:00,2.7,101290.0,273.45,0.15
2015-01-23 23:30:00,2.55,101265.0,272.85,0.15
2015-01-23 23:45:00,2.0,101250.0,272.95,0.15
2015-01-24 00:00:00,1.65,101230.0,272.75,0.15
2015-01-24 00:15:00,1.6,101210.0,272.45,0.15
2015-01-24 00:30:00,1.8,101200.0,272.45,0.15
2015-01-24 00:45:00,2.4,101190.0,272.35,0.15
2015-01-24 01:00:00,2.45,101175.0,272.1,0.15
2015-01-24 01:15:00,2.9,101150.0,272.35,0.15
2015-01-24 01:30:00,2.65,101140.0,272.15,0.15
2015-01-24 01:45:00,2.4,101120.0,272.35,0.15
2015-01-24 02:00:00,2.95,101090.0,272.4,0.15
2015-01-24 02:15:00,3.2,101060.0,272.25,0.15
2015-01-24 02:30:00,2.95,101045.0,272.29999999999995,0.15
2015-01-24 02:45:00,2.6,101040.0,272.35,0.15
2015-01-24 03:00:00,2.85,101015.0,272.2,0.15
2015-01-24 03:15:00,3.1,100980.0,272.04999999999995,0.15
2015-01-24 03:30:00,3.2,100965.0,272.0,0.15
2015-01-24 03:45:00,3.3,100940.0,272.15,0.15
2015-01-24 04:00:00,3.3,100920.0,272.25,0.15
2015-01-24 04:15:00,3.5,100900.0,272.15,0.15
2015-01-24 04:30:00,3.35,100885.0,272.35,0.15
2015-01-24 04:45:00,3.5,100860.0,272.45,0.15
2015-01-24 05:00:00,3.6,100840.0,272.5,0.15
2015-01-24 05:15:00,3.6,100820.0,272.65,0.15
2015-01-24 05:30:00,3.7,100800.0,272.85,0.15
2015-01-24 05:45:00,3.7,100790.0,272.95,0.15
2015-01-24 06:00:00,3.1,100790.0,272.95,0.15
2015-01-24 06:15:00,2.9,100790.0,273.04999999999995,0.15
2015-01-24 06:30:00,2.95,100795.0,273.1,0.15
2015-01-24 06:45:00,3.6,100770.0,273.04999999999995,0.15
2015-01-24 07:00:00,3.2,100750.0,273.29999999999995,0.15
2015-01-24 07:15:00,2.8,100750.0,273.45,0.15
2015-01-24 07:30:00,2.7,100735.0,273.6,0.15
2015-01-24 07:45:00,2.5,100730.0,273.75,0.15
2015-01-24 08:00:00,2.85,100730.0,273.9,0.15
2015-01-24 08:15:00,2.1,100740.0,273.85,0.15
2015-01-24 08:30:00,1.75,100745.0,274.04999999999995,0.15
2015-01-24 08:45:00,2.0,100760.0,273.75,0.15
2015-01-24 09:00:00,2.6,100740.0,273.45,0.15
2015-01-24 09:15:00,2.5,100740.0,273.45,0.15
2015-01-24 09:30:00,2.95,100745.0,273.6,0.15
2015-01-24 09:45:00,2.6,100740.0,273.75,0.15
2015-01-24 10:00:00,2.65,100740.0,273.79999999999995,0.15
2015-01-24 10:15:00,2.4,100740.0,273.85,0.15
2015-01-24 10:30:00,3.0,100740.0,273.95,0.15
2015-01-24 10:45:00,3.0,100740.0,274.04999999999995,0.15
2015-01-24 11:00:00,2.85,100735.0,274.15,0.15
2015-01-24 11:15:00,2.2,100720.0,274.25,0.15
2015-01-24 11:30:00,2.5,100710.0,274.35,0.15
2015-01-24 11:45:00,2.3,100710.0,274.35,0.15
2015-01-24 12:00:00,2.1500000000000004,100705.0,274.4,0.15
2015-01-24 12:15:00,2.0,100700.0,274.45,0.15
2015-01-24 12:30:00,1.5499999999999998,100710.0,274.45,0.15
2015-01-24 12:45:00,1.4,100720.0,274.45,0.15
2015-01-24 13:00:00,1.25,100730.0,274.45,0.15
2015-01-24 13:15:00,1.1,100730.0,274.54999999999995,0.15
2015-01-24 13:30:00,0.9,100745.0,274.4,0.15
2015-01-24 13:45:00,1.0,100770.0,274.45,0.15
2015-01-24 14:00:00,1.35,100800.0,274.4,0.15
2015-01-24 14:15:00,1.7,100820.0,274.54999999999995,0.15
2015-01-24 14:30:00,2.4000000000000004,100835.0,274.54999999999995,0.15
2015-01-24 14:45:00,2.5,100860.0,274.45,0.15
2015-01-24 15:00:00,2.6,100890.0,274.54999999999995,0.15
2015-01-24 15:15:00,2.7,100900.0,274.54999999999995,0.15
2015-01-24 15:30:00,2.35,100930.0,274.6,0.15
2015-01-24 15:45:00,2.1,100960.0,274.65,0.15
2015-01-24 16:00:00,1.7,100995.0,274.75,0.15
2015-01-24 16:15:00,1.3,101020.0,274.65,0.15
2015-01-24 16:30:00,1.4,101050.0,274.65,0.15
2015-01-24 16:45:00,1.6,101070.0,274.75,0.15
2015-01-24 17:00:00,1.5,101100.0,274.65,0.15
2015-01-24 17:15:00,1.2,101120.0,274.65,0.15
2015-01-24 17:30:00,1.5499999999999998,101145.0,274.7,0.15
2015-01-24 17:45:00,2.4,101180.0,274.75,0.15
2015-01-24 18:00:00,2.9,101205.0,274.85,0.15
2015-01-24 18:15:00,3.6,101220.0,274.75,0.15
2015-01-24 18:30:00,3.8,101245.0,274.7,0.15
2015-01-24 18:45:00,2.9,101260.0,274.75,0.15
2015-01-24 19:00:00,1.95,101285.0,274.35,0.15
2015-01-24 19:15:00,1.4,101310.0,273.45,0.15
2015-01-24 19:30:00,1.25,101325.0,273.79999999999995,0.15
2015-01-24 19:45:00,0.5,101340.0,273.65,0.15
2015-01-24 20:00:00,0.4499999999999999,101350.0,273.45,0.15
2015-01-24 20:15:00,0.6,101360.0,272.95,0.15
2015-01-24 20:30:00,0.7,101380.0,272.4,0.15
2015-01-24 20:45:00,0.6,101390.0,272.65,0.15
2015-01-24 21:00:00,0.55,101405.0,273.1,0.15
2015-01-24 21:15:00,0.7,101420.0,273.35,0.15
2015-01-24 21:30:00,0.8500000000000001,101440.0,273.0,0.15
2015-01-24 21:45:00,0.6,101440.0,272.95,0.15
2015-01-24 22:00:00,0.55,101450.0,273.35,0.15
2015-01-24 22:15:00,0.9,101480.0,273.35,0.15
2015-01-24 22:30:00,0.55,101480.0,273.35,0.15
2015-01-24 22:45:00,0.3,101500.0,273.15,0.15
2015-01-24 23:00:00,0.5,101510.0,273.54999999999995,0.15
2015-01-24 23:15:00,0.3,101530.0,272.75,0.15
2015-01-24 23:30:00,0.25,101530.0,272.5,0.15
2015-01-24 23:45:00,0.0,101550.0,272.54999999999995,0.15
2015-01-25 00:00:00,0.4,101555.0,273.0,0.15
2015-01-25 00:15:00,0.6,101570.0,273.54999999999995,0.15
2015-01-25 00:30:00,0.8,101565.0,273.5,0.15
2015-01-25 00:45:00,0.5,101560.0,272.85,0.15
2015-01-25 01:00:00,0.9,101565.0,272.79999999999995,0.15
2015-01-25 01:15:00,0.1,101580.0,272.65,0.15
2015-01-25 01:30:00,0.7,101590.0,272.85,0.15
2015-01-25 01:45:00,1.0,101590.0,272.35,0.15
2015-01-25 02:00:00,0.9,101595.0,272.5,0.15
2015-01-25 02:15:00,1.0,101600.0,271.35,0.15
2015-01-25 02:30:00,0.8,101625.0,272.15,0.15
2015-01-25 02:45:00,0.7,101620.0,272.04999999999995,0.15
2015-01-25 03:00:00,0.9,101630.0,272.6,0.15
2015-01-25 03:15:00,1.4,101640.0,272.65,0.15
2015-01-25 03:30:00,1.5,101640.0,272.9,0.15
2015-01-25 03:45:00,1.5,101660.0,273.15,0.15
2015-01-25 04:00:00,0.8,101675.0,272.65,0.15
2015-01-25 04:15:00,0.7,101680.0,273.25,0.15
2015-01-25 04:30:00,0.95,101700.0,273.45,0.15
2015-01-25 04:45:00,1.0,101700.0,273.45,0.15
2015-01-25 05:00:00,0.9,101715.0,273.5,0.15
2015-01-25 05:15:00,0.6,101720.0,273.65,0.15
2015-01-25 05:30:00,0.35,101720.0,273.7,0.15
2015-01-25 05:45:00,0.3,101740.0,273.65,0.15
2015-01-25 06:00:00,0.45,101755.0,273.65,0.15
2015-01-25 06:15:00,0.4,101760.0,273.75,0.15
2015-01-25 06:30:00,0.95,101765.0,273.6,0.15
2015-01-25 06:45:00,0.7,101780.0,273.65,0.15
2015-01-25 07:00:00,1.2,101780.0,273.79999999999995,0.15
2015-01-25 07:15:00,0.8,101780.0,273.75,0.15
2015-01-25 07:30:00,0.95,101800.0,273.85,0.15
2015-01-25 07:45:00,0.9,101800.0,273.85,0.15
2015-01-25 08:00:00,0.8,101815.0,274.1,0.15
2015-01-25 08:15:00,0.4,101810.0,274.35,0.15
2015-01-25 08:30:00,0.4,101815.0,274.45,0.15
2015-01-25 08:45:00,0.7,101830.0,274.65,0.15
2015-01-25 09:00:00,1.4,101840.0,274.75,0.15
2015-01-25 09:15:00,1.5,101850.0,274.85,0.15
2015-01-25 09:30:00,1.15,101845.0,275.0,0.15
2015-01-25 09:45:00,1.1,101850.0,275.15,0.15
2015-01-25 10:00:00,1.15,101850.0,275.54999999999995,0.15
2015-01-25 10:15:00,0.8,101840.0,275.35,0.15
2015-01-25 10:30:00,1.0,101825.0,275.15,0.15
2015-01-25 10:45:00,1.3,101810.0,275.54999999999995,0.15
2015-01-25 11:00:00,1.4,101795.0,275.7,0.15
2015-01-25 11:15:00,1.1,101780.0,276.04999999999995,0.15
2015-01-25 11:30:00,0.6499999999999999,101775.0,276.35,0.15
2015-01-25 11:45:00,0.8,101780.0,276.15,0.15
2015-01-25 12:00:00,1.05,101760.0,276.4,0.15
2015-01-25 12:15:00,0.3,101750.0,276.54999999999995,0.15
2015-01-25 12:30:00,0.2,101735.0,276.9,0.15
2015-01-25 12:45:00,0.6,101720.0,277.54999999999995,0.15
2015-01-25 13:00:00,1.2000000000000002,101725.0,276.65,0.15
2015-01-25 13:15:00,1.4,101720.0,276.15,0.15
2015-01-25 13:30:00,1.15,101710.0,276.35,0.15
2015-01-25 13:45:00,1.0,101710.0,276.45,0.15
2015-01-25 14:00:00,1.1,101700.0,276.45,0.15
2015-01-25 14:15:00,1.3,101710.0,276.45,0.15
2015-01-25 14:30:00,1.55,101710.0,276.4,0.15
2015-01-25 14:45:00,1.3,101710.0,276.75,0.15
2015-01-25 15:00:00,1.2999999999999998,101705.0,276.65,0.15
2015-01-25 15:15:00,1.6,101710.0,276.45,0.15
2015-01-25 15:30:00,1.85,101715.0,276.5,0.15
2015-01-25 15:45:00,2.2,101710.0,276.54999999999995,0.15
2015-01-25 16:00:00,1.75,101715.0,276.45,0.15
2015-01-25 16:15:00,1.7,101720.0,276.35,0.15
2015-01-25 16:30:00,1.65,101715.0,276.29999999999995,0.15
2015-01-25 16:45:00,1.1,101740.0,276.45,0.15
2015-01-25 17:00:00,1.25,101740.0,276.29999999999995,0.15
2015-01-25 17:15:00,1.0,101740.0,276.45,0.15
2015-01-25 17:30:00,1.3,101735.0,276.4,0.15
2015-01-25 17:45:00,1.4,101740.0,276.15,0.15
2015-01-25 18:00:00,1.4,101730.0,276.29999999999995,0.15
2015-01-25 18:15:00,1.7,101720.0,276.45,0.15
2015-01-25 18:30:00,1.95,101720.0,276.29999999999995,0.15
2015-01-25 18:45:00,1.7,101720.0,276.35,0.15
2015-01-25 19:00:00,1.7999999999999998,101705.0,276.29999999999995,0.15
2015-01-25 19:15:00,1.7,101690.0,276.25,0.15
2015-01-25 19:30:00,1.55,101685.0,276.25,0.15
2015-01-25 19:45:00,1.5,101680.0,276.25,0.15
2015-01-25 20:00:00,1.25,101680.0,276.2,0.15
2015-01-25 20:15:00,1.5,101670.0,275.95,0.15
2015-01-25 20:30:00,1.65,101665.0,276.1,0.15
2015-01-25 20:45:00,1.7,101670.0,276.04999999999995,0.15
2015-01-25 21:00:00,1.55,101660.0,276.1,0.15
2015-01-25 21:15:00,1.6,101640.0,276.04999999999995,0.15
2015-01-25 21:30:00,1.5,101630.0,276.04999999999995,0.15
2015-01-25 21:45:00,1.2,101630.0,276.04999999999995,0.15
2015-01-25 22:00:00,1.25,101610.0,276.1,0.15
2015-01-25 22:15:00,1.6,101610.0,276.04999999999995,0.15
2015-01-25 22:30:00,1.65,101610.0,275.95,0.15
2015-01-25 22:45:00,1.8,101610.0,275.65,0.15
2015-01-25 23:00:00,1.8,101605.0,275.75,0.15
2015-01-25 23:15:00,2.3,101600.0,276.04999999999995,0.15
2015-01-25 23:30:00,2.35,101580.0,275.9,0.15
2015-01-25 23:45:00,2.0,101560.0,276.04999999999995,0.15
2015-01-26 00:00:00,2.1,101530.0,275.95,0.15
2015-01-26 00:15:00,2.2,101500.0,275.75,0.15
2015-01-26 00:30:00,2.25,101495.0,275.75,0.15
2015-01-26 00:45:00,1.9,101490.0,275.75,0.15
2015-01-26 01:00:00,2.1,101475.0,275.54999999999995,0.15
2015-01-26 01:15:00,2.6,101470.0,275.75,0.15
2015-01-26 01:30:00,2.6,101465.0,275.79999999999995,0.15
2015-01-26 01:45:00,2.7,101450.0,275.75,0.15
2015-01-26 02:00:00,2.85,101440.0,275.75,0.15
2015-01-26 02:15:00,3.1,101430.0,275.65,0.15
2015-01-26 02:30:00,2.6500000000000004,101410.0,275.65,0.15
2015-01-26 02:45:00,2.5,101390.0,275.85,0.15
2015-01-26 03:00:00,2.35,101355.0,275.65,0.15
2015-01-26 03:15:00,2.7,101320.0,275.65,0.15
2015-01-26 03:30:00,2.7,101310.0,275.79999999999995,0.15
2015-01-26 03:45:00,2.8,101290.0,275.75,0.15
2015-01-26 04:00:00,2.8,101265.0,275.65,0.15
2015-01-26 04:15:00,2.8,101240.0,275.75,0.15
2015-01-26 04:30:00,2.55,101225.0,275.79999999999995,0.15
2015-01-26 04:45:00,2.5,101210.0,275.75,0.15
2015-01-26 05:00:00,2.7,101200.0,275.85,0.15
2015-01-26 05:15:00,3.0,101190.0,276.04999999999995,0.15
2015-01-26 05:30:00,3.05,101185.0,276.04999999999995,0.15
2015-01-26 05:45:00,3.0,101180.0,276.04999999999995,0.15
2015-01-26 06:00:00,3.2,101165.0,276.04999999999995,0.15
2015-01-26 06:15:00,3.6,101160.0,275.95,0.15
2015-01-26 06:30:00,3.6,101145.0,276.0,0.15
2015-01-26 06:45:00,3.6,101130.0,276.04999999999995,0.15
2015-01-26 07:00:00,3.8,101125.0,276.0,0.15
2015-01-26 07:15:00,3.9,101110.0,275.95,0.15
2015-01-26 07:30:00,4.05,101100.0,276.1,0.15
2015-01-26 07:45:00,3.3,101100.0,276.25,0.15
2015-01-26 08:00:00,2.85,101085.0,276.15,0.15
2015-01-26 08:15:00,2.7,101070.0,276.15,0.15
2015-01-26 08:30:00,2.55,101065.0,276.1,0.15
2015-01-26 08:45:00,2.9,101050.0,276.04999999999995,0.15
2015-01-26 09:00:00,3.4,101030.0,276.2,0.15
2015-01-26 09:15:00,3.6,101020.0,276.35,0.15
2015-01-26 09:30:00,3.7,101010.0,276.45,0.15
2015-01-26 09:45:00,3.9,101010.0,276.45,0.15
2015-01-26 10:00:00,3.7,100995.0,276.6,0.15
2015-01-26 10:15:00,4.6,100970.0,276.75,0.15
2015-01-26 10:30:00,4.15,100950.0,276.79999999999995,0.15
2015-01-26 10:45:00,4.1,100920.0,276.95,0.15
2015-01-26 11:00:00,4.05,100890.0,277.0,0.15
2015-01-26 11:15:00,3.9,100860.0,277.04999999999995,0.15
2015-01-26 11:30:00,4.300000000000001,100830.0,277.2,0.15
2015-01-26 11:45:00,3.9,100810.0,277.35,0.15
2015-01-26 12:00:00,3.6,100780.0,277.4,0.15
2015-01-26 12:15:00,3.5,100770.0,277.54999999999995,0.15
2015-01-26 12:30:00,4.0,100750.0,277.5,0.15
2015-01-26 12:45:00,4.0,100730.0,277.45,0.15
2015-01-26 13:00:00,3.5,100715.0,277.45,0.15
2015-01-26 13:15:00,3.8,100690.0,277.45,0.15
2015-01-26 13:30:00,3.4,100675.0,277.45,0.15
2015-01-26 13:45:00,3.1,100650.0,277.54999999999995,0.15
2015-01-26 14:00:00,3.4,100640.0,277.6,0.15
2015-01-26 14:15:00,3.7,100620.0,277.65,0.15
2015-01-26 14:30:00,3.3,100605.0,277.7,0.15
2015-01-26 14:45:00,2.9,100590.0,277.75,0.15
2015-01-26 15:00:00,3.0,100575.0,277.75,0.15
2015-01-26 15:15:00,2.7,100570.0,277.75,0.15
2015-01-26 15:30:00,2.6,100545.0,277.75,0.15
2015-01-26 15:45:00,2.9,100540.0,277.85,0.15
2015-01-26 16:00:00,2.55,100535.0,277.85,0.15
2015-01-26 16:15:00,2.8,100540.0,277.95,0.15
2015-01-26 16:30:00,2.05,100555.0,278.1,0.15
2015-01-26 16:45:00,1.3,100570.0,278.25,0.15
2015-01-26 17:00:00,1.05,100580.0,278.54999999999995,0.15
2015-01-26 17:15:00,4.0,100610.0,278.95,0.15
2015-01-26 17:30:00,4.0,100615.0,279.2,0.15
2015-01-26 17:45:00,3.5,100620.0,279.25,0.15
2015-01-26 18:00:00,2.45,100625.0,279.25,0.15
2015-01-26 18:15:00,2.9,100660.0,279.35,0.15
2015-01-26 18:30:00,3.8,100665.0,279.65,0.15
2015-01-26 18:45:00,4.8,100700.0,279.85,0.15
2015-01-26 19:00:00,5.65,100705.0,279.65,0.15
2015-01-26 19:15:00,6.7,100710.0,279.65,0.15
2015-01-26 19:30:00,6.2,100715.0,279.25,0.15
2015-01-26 19:45:00,6.2,100740.0,279.45,0.15
2015-01-26 20:00:00,5.4,100745.0,279.0,0.15
2015-01-26 20:15:00,5.0,100730.0,278.75,0.15
2015-01-26 20:30:00,4.75,100745.0,278.25,0.15
2015-01-26 20:45:00,5.1,100760.0,278.65,0.15
2015-01-26 21:00:00,5.300000000000001,100765.0,278.6,0.15
2015-01-26 21:15:00,4.4,100780.0,278.45,0.15
2015-01-26 21:30:00,5.25,100795.0,278.6,0.15
2015-01-26 21:45:00,5.7,100800.0,278.65,0.15
2015-01-26 22:00:00,5.0,100810.0,278.0,0.15
2015-01-26 22:15:00,4.7,100810.0,278.04999999999995,0.15
2015-01-26 22:30:00,4.75,100835.0,278.15,0.15
2015-01-26 22:45:00,5.4,100850.0,277.65,0.15
2015-01-26 23:00:00,4.55,100840.0,277.65,0.15
2015-01-26 23:15:00,5.1,100860.0,277.75,0.15
2015-01-26 23:30:00,4.7,100870.0,277.9,0.15
2015-01-26 23:45:00,3.9,100870.0,277.54999999999995,0.15
2015-01-27 00:00:00,4.7,100875.0,277.9,0.15
2015-01-27 00:15:00,4.7,100870.0,278.04999999999995,0.15
2015-01-27 00:30:00,5.55,100880.0,278.1,0.15
2015-01-27 00:45:00,5.2,100890.0,277.65,0.15
2015-01-27 01:00:00,4.05,100895.0,277.7,0.15
2015-01-27 01:15:00,4.2,100900.0,277.75,0.15
2015-01-27 01:30:00,3.85,100915.0,277.5,0.15
2015-01-27 01:45:00,4.5,100930.0,277.45,0.15
2015-01-27 02:00:00,3.85,100940.0,277.15,0.15
2015-01-27 02:15:00,3.8,100940.0,277.04999999999995,0.15
2015-01-27 02:30:00,3.9,100945.0,277.1,0.15
2015-01-27 02:45:00,4.0,100950.0,277.04999999999995,0.15
2015-01-27 03:00:00,4.0,100960.0,276.75,0.15
2015-01-27 03:15:00,2.8,100960.0,276.54999999999995,0.15
2015-01-27 03:30:00,2.9,100980.0,276.4,0.15
2015-01-27 03:45:00,2.9,100990.0,276.85,0.15
2015-01-27 04:00:00,2.8,101000.0,276.75,0.15
2015-01-27 04:15:00,2.6,101020.0,276.25,0.15
2015-01-27 04:30:00,2.25,101020.0,276.65,0.15
2015-01-27 04:45:00,2.1,101000.0,276.85,0.15
2015-01-27 05:00:00,2.75,101015.0,276.54999999999995,0.15
2015-01-27 05:15:00,3.4,101020.0,276.65,0.15
2015-01-27 05:30:00,2.85,101020.0,276.79999999999995,0.15
2015-01-27 05:45:00,2.5,101010.0,276.75,0.15
2015-01-27 06:00:00,2.45,101000.0,276.7,0.15
2015-01-27 06:15:00,2.6,101000.0,276.95,0.15
2015-01-27 06:30:00,2.55,101010.0,276.75,0.15
2015-01-27 06:45:00,2.1,101020.0,276.45,0.15
2015-01-27 07:00:00,2.55,101015.0,276.04999999999995,0.15
2015-01-27 07:15:00,3.4,101020.0,276.54999999999995,0.15
2015-01-27 07:30:00,3.0,101040.0,276.75,0.15
2015-01-27 07:45:00,3.5,101050.0,276.75,0.15
2015-01-27 08:00:00,3.25,101055.0,276.79999999999995,0.15
2015-01-27 08:15:00,2.7,101060.0,277.04999999999995,0.15
2015-01-27 08:30:00,3.35,101065.0,277.15,0.15
2015-01-27 08:45:00,3.2,101070.0,277.35,0.15
2015-01-27 09:00:00,2.85,101080.0,277.25,0.15
2015-01-27 09:15:00,3.1,101070.0,277.54999999999995,0.15
2015-01-27 09:30:00,5.4,101085.0,277.79999999999995,0.15
2015-01-27 09:45:00,4.4,101100.0,278.15,0.15
2015-01-27 10:00:00,3.7,101095.0,278.15,0.15
2015-01-27 10:15:00,4.2,101100.0,278.04999999999995,0.15
2015-01-27 10:30:00,3.85,101105.0,278.29999999999995,0.15
2015-01-27 10:45:00,4.1,101100.0,278.25,0.15
2015-01-27 11:00:00,3.6,101075.0,278.4,0.15
2015-01-27 11:15:00,4.8,101070.0,278.54999999999995,0.15
2015-01-27 11:30:00,3.85,101060.0,278.2,0.15
2015-01-27 11:45:00,4.3,101060.0,278.35,0.15
2015-01-27 12:00:00,4.25,101055.0,278.7,0.15
2015-01-27 12:15:00,3.9,101060.0,279.15,0.15
2015-01-27 12:30:00,4.800000000000001,101030.0,279.29999999999995,0.15
2015-01-27 12:45:00,4.9,101020.0,279.04999999999995,0.15
2015-01-27 13:00:00,5.95,101025.0,279.2,0.15
2015-01-27 13:15:00,5.5,101020.0,279.45,0.15
2015-01-27 13:30:00,4.7,101010.0,279.29999999999995,0.15
2015-01-27 13:45:00,4.0,101020.0,279.35,0.15
2015-01-27 14:00:00,3.95,101015.0,279.35,0.15
2015-01-27 14:15:00,3.9,101010.0,279.45,0.15
2015-01-27 14:30:00,4.6,101015.0,279.35,0.15
2015-01-27 14:45:00,4.1,101010.0,279.15,0.15
2015-01-27 15:00:00,5.15,101030.0,279.04999999999995,0.15
2015-01-27 15:15:00,4.1,101030.0,278.54999999999995,0.15
2015-01-27 15:30:00,3.5,101015.0,277.85,0.15
2015-01-27 15:45:00,2.3,101020.0,277.65,0.15
2015-01-27 16:00:00,3.25,101025.0,277.5,0.15
2015-01-27 16:15:00,2.8,101030.0,277.95,0.15
2015-01-27 16:30:00,3.2,101035.0,278.04999999999995,0.15
2015-01-27 16:45:00,2.9,101060.0,277.85,0.15
2015-01-27 17:00:00,3.35,101065.0,277.95,0.15
2015-01-27 17:15:00,3.3,101080.0,278.04999999999995,0.15
2015-01-27 17:30:00,2.45,101085.0,277.85,0.15
2015-01-27 17:45:00,1.8,101100.0,277.95,0.15
2015-01-27 18:00:00,1.5,101100.0,278.1,0.15
2015-01-27 18:15:00,1.2,101100.0,277.95,0.15
2015-01-27 18:30:00,1.1,101105.0,277.9,0.15
2015-01-27 18:45:00,1.0,101100.0,277.75,0.15
2015-01-27 19:00:00,0.65,101110.0,277.79999999999995,0.15
2015-01-27 19:15:00,0.7,101100.0,277.75,0.15
2015-01-27 19:30:00,0.8,101100.0,277.9,0.15
2015-01-27 19:45:00,1.1,101090.0,277.95,0.15
2015-01-27 20:00:00,1.6,101070.0,278.2,0.15
2015-01-27 20:15:00,2.2,101070.0,278.35,0.15
2015-01-27 20:30:00,2.2,101070.0,278.4,0.15
2015-01-27 20:45:00,2.3,101060.0,278.35,0.15
2015-01-27 21:00:00,2.55,101060.0,278.29999999999995,0.15
2015-01-27 21:15:00,2.3,101060.0,278.35,0.15
2015-01-27 21:30:00,2.7,101055.0,278.45,0.15
2015-01-27 21:45:00,2.5,101050.0,278.25,0.15
2015-01-27 22:00:00,2.2,101040.0,278.35,0.15
2015-01-27 22:15:00,2.4,101050.0,278.04999999999995,0.15
2015-01-27 22:30:00,2.1500000000000004,101045.0,278.04999999999995,0.15
2015-01-27 22:45:00,2.0,101030.0,278.15,0.15
2015-01-27 23:00:00,2.2,101015.0,278.0,0.15
2015-01-27 23:15:00,2.1,101010.0,277.85,0.15
2015-01-27 23:30:00,2.05,100980.0,277.75,0.15
2015-01-27 23:45:00,2.1,100960.0,277.45,0.15
2015-01-28 00:00:00,1.85,100950.0,277.15,0.15
2015-01-28 00:15:00,2.0,100940.0,276.85,0.15
2015-01-28 00:30:00,1.75,100930.0,276.95,0.15
2015-01-28 00:45:00,1.9,100920.0,276.75,0.15
2015-01-28 01:00:00,2.1,100915.0,276.54999999999995,0.15
2015-01-28 01:15:00,2.1,100900.0,277.04999999999995,0.15
2015-01-28 01:30:00,2.6,100885.0,276.29999999999995,0.15
2015-01-28 01:45:00,2.7,100850.0,276.04999999999995,0.15
2015-01-28 02:00:00,2.6,100825.0,276.54999999999995,0.15
2015-01-28 02:15:00,2.8,100800.0,276.45,0.15
2015-01-28 02:30:00,2.7,100770.0,276.45,0.15
2015-01-28 02:45:00,2.6,100750.0,276.75,0.15
2015-01-28 03:00:00,2.2,100735.0,276.6,0.15
2015-01-28 03:15:00,2.4,100680.0,276.35,0.15
2015-01-28 03:30:00,2.6,100625.0,276.65,0.15
2015-01-28 03:45:00,2.8,100590.0,275.95,0.15
2015-01-28 04:00:00,3.35,100565.0,276.15,0.15
2015-01-28 04:15:00,3.4,100560.0,276.65,0.15
2015-01-28 04:30:00,3.0,100565.0,276.65,0.15
2015-01-28 04:45:00,3.3,100550.0,276.75,0.15
2015-01-28 05:00:00,2.85,100545.0,277.0,0.15
2015-01-28 05:15:00,2.7,100510.0,276.95,0.15
2015-01-28 05:30:00,2.95,100465.0,276.79999999999995,0.15
2015-01-28 05:45:00,3.4,100430.0,276.85,0.15
2015-01-28 06:00:00,3.45,100415.0,276.95,0.15
2015-01-28 06:15:00,3.5,100430.0,277.04999999999995,0.15
2015-01-28 06:30:00,3.15,100415.0,277.4,0.15
2015-01-28 06:45:00,3.2,100400.0,277.54999999999995,0.15
2015-01-28 07:00:00,3.8,100380.0,277.75,0.15
2015-01-28 07:15:00,4.1,100370.0,277.85,0.15
2015-01-28 07:30:00,4.55,100330.0,277.95,0.15
2015-01-28 07:45:00,4.3,100270.0,277.85,0.15
2015-01-28 08:00:00,4.4,100260.0,277.85,0.15
2015-01-28 08:15:00,4.3,100250.0,278.04999999999995,0.15
2015-01-28 08:30:00,4.449999999999999,100240.0,278.15,0.15
2015-01-28 08:45:00,4.3,100200.0,278.15,0.15
2015-01-28 09:00:00,4.8,100175.0,278.35,0.15
2015-01-28 09:15:00,5.3,100140.0,278.54999999999995,0.15
2015-01-28 09:30:00,5.300000000000001,100090.0,278.75,0.15
2015-01-28 09:45:00,6.1,100020.0,278.85,0.15
2015-01-28 10:00:00,5.85,99985.0,279.35,0.15
2015-01-28 10:15:00,6.7,99950.0,279.85,0.15
2015-01-28 10:30:00,6.75,99950.0,279.95,0.15
2015-01-28 10:45:00,6.1,99900.0,279.95,0.15
2015-01-28 11:00:00,5.55,99850.0,279.54999999999995,0.15
2015-01-28 11:15:00,5.7,99790.0,279.45,0.15
2015-01-28 11:30:00,4.85,99760.0,279.54999999999995,0.15
2015-01-28 11:45:00,5.4,99680.0,279.75,0.15
2015-01-28 12:00:00,6.45,99585.0,280.04999999999995,0.15
2015-01-28 12:15:00,7.7,99530.0,280.25,0.15
2015-01-28 12:30:00,6.35,99480.0,280.45,0.15
2015-01-28 12:45:00,7.5,99410.0,280.65,0.15
2015-01-28 13:00:00,7.15,99380.0,280.4,0.15
2015-01-28 13:15:00,7.1,99340.0,280.25,0.15
2015-01-28 13:30:00,6.35,99235.0,280.4,0.15
2015-01-28 13:45:00,6.6,99180.0,280.45,0.15
2015-01-28 14:00:00,7.55,99110.0,280.35,0.15
2015-01-28 14:15:00,8.2,99080.0,280.25,0.15
2015-01-28 14:30:00,7.85,99030.0,280.1,0.15
2015-01-28 14:45:00,7.9,98990.0,280.04999999999995,0.15
2015-01-28 15:00:00,6.85,98950.0,279.9,0.15
2015-01-28 15:15:00,6.3,98920.0,280.04999999999995,0.15
2015-01-28 15:30:00,7.05,98865.0,280.1,0.15
2015-01-28 15:45:00,7.0,98810.0,280.04999999999995,0.15
2015-01-28 16:00:00,7.25,98750.0,280.0,0.15
2015-01-28 16:15:00,6.6,98720.0,280.15,0.15
2015-01-28 16:30:00,6.05,98695.0,280.35,0.15
2015-01-28 16:45:00,7.5,98660.0,280.45,0.15
2015-01-28 17:00:00,7.800000000000001,98620.0,280.65,0.15
2015-01-28 17:15:00,7.7,98590.0,280.65,0.15
2015-01-28 17:30:00,8.55,98560.0,280.75,0.15
2015-01-28 17:45:00,7.7,98530.0,280.45,0.15
2015-01-28 18:00:00,7.35,98595.0,279.5,0.15
2015-01-28 18:15:00,9.3,98710.0,278.45,0.15
2015-01-28 18:30:00,9.5,98780.0,277.2,0.15
2015-01-28 18:45:00,5.5,98780.0,277.04999999999995,0.15
2015-01-28 19:00:00,3.7,98760.0,276.95,0.15
2015-01-28 19:15:00,3.5,98750.0,276.85,0.15
2015-01-28 19:30:00,4.25,98745.0,277.2,0.15
2015-01-28 19:45:00,5.2,98750.0,277.25,0.15
2015-01-28 20:00:00,5.25,98750.0,277.0,0.15
2015-01-28 20:15:00,4.5,98770.0,276.45,0.15
2015-01-28 20:30:00,4.1,98760.0,276.85,0.15
2015-01-28 20:45:00,5.2,98760.0,277.15,0.15
2015-01-28 21:00:00,4.8,98770.0,276.9,0.15
2015-01-28 21:15:00,4.3,98750.0,276.85,0.15
2015-01-28 21:30:00,4.95,98745.0,277.0,0.15
2015-01-28 21:45:00,4.8,98740.0,276.65,0.15
2015-01-28 22:00:00,5.199999999999999,98720.0,276.85,0.15
2015-01-28 22:15:00,4.3,98710.0,276.85,0.15
2015-01-28 22:30:00,5.35,98720.0,276.9,0.15
2015-01-28 22:45:00,6.6,98720.0,276.95,0.15
2015-01-28 23:00:00,5.3,98720.0,276.15,0.15
2015-01-28 23:15:00,5.5,98710.0,276.35,0.15
2015-01-28 23:30:00,4.95,98705.0,276.15,0.15
2015-01-28 23:45:00,5.3,98700.0,276.35,0.15
2015-01-29 00:00:00,4.800000000000001,98710.0,276.45,0.15
2015-01-29 00:15:00,3.3,98710.0,275.95,0.15
2015-01-29 00:30:00,3.2,98705.0,276.1,0.15
2015-01-29 00:45:00,3.8,98690.0,275.65,0.15
2015-01-29 01:00:00,4.65,98685.0,275.95,0.15
2015-01-29 01:15:00,4.3,98670.0,275.85,0.15
2015-01-29 01:30:00,4.65,98645.0,275.85,0.15
2015-01-29 01:45:00,4.6,98640.0,275.75,0.15
2015-01-29 02:00:00,4.65,98630.0,275.6,0.15
2015-01-29 02:15:00,4.0,98620.0,275.54999999999995,0.15
2015-01-29 02:30:00,4.550000000000001,98605.0,275.54999999999995,0.15
2015-01-29 02:45:00,4.4,98580.0,275.54999999999995,0.15
2015-01-29 03:00:00,4.1,98560.0,275.35,0.15
2015-01-29 03:15:00,3.8,98530.0,275.25,0.15
2015-01-29 03:30:00,3.5,98510.0,275.29999999999995,0.15
2015-01-29 03:45:00,3.5,98480.0,274.85,0.15
2015-01-29 04:00:00,4.3,98460.0,275.15,0.15
2015-01-29 04:15:00,4.2,98420.0,275.15,0.15
2015-01-29 04:30:00,3.95,98395.0,275.6,0.15
2015-01-29 04:45:00,3.8,98370.0,275.75,0.15
2015-01-29 05:00:00,4.55,98340.0,275.79999999999995,0.15
2015-01-29 05:15:00,4.3,98320.0,275.65,0.15
2015-01-29 05:30:00,4.050000000000001,98300.0,275.95,0.15
2015-01-29 05:45:00,4.6,98280.0,276.25,0.15
2015-01-29 06:00:00,4.3,98260.0,276.35,0.15
2015-01-29 06:15:00,4.5,98230.0,276.45,0.15
2015-01-29 06:30:00,4.4,98210.0,276.45,0.15
2015-01-29 06:45:00,5.2,98170.0,276.65,0.15
2015-01-29 07:00:00,4.8,98160.0,276.75,0.15
2015-01-29 07:15:00,4.5,98160.0,276.35,0.15
2015-01-29 07:30:00,4.4,98155.0,276.65,0.15
2015-01-29 07:45:00,5.6,98130.0,276.54999999999995,0.15
2015-01-29 08:00:00,4.0,98110.0,276.25,0.15
2015-01-29 08:15:00,4.3,98080.0,276.75,0.15
2015-01-29 08:30:00,5.85,98060.0,276.6,0.15
2015-01-29 08:45:00,5.2,98040.0,276.54999999999995,0.15
2015-01-29 09:00:00,4.699999999999999,98005.0,276.65,0.15
2015-01-29 09:15:00,4.9,97990.0,276.95,0.15
2015-01-29 09:30:00,5.949999999999999,97970.0,277.1,0.15
2015-01-29 09:45:00,4.9,97940.0,277.35,0.15
2015-01-29 10:00:00,4.9,97910.0,277.65,0.15
2015-01-29 10:15:00,5.6,97880.0,278.25,0.15
2015-01-29 10:30:00,5.15,97835.0,278.2,0.15
2015-01-29 10:45:00,4.4,97790.0,278.65,0.15
2015-01-29 11:00:00,6.9,97745.0,279.4,0.15
2015-01-29 11:15:00,8.3,97700.0,279.85,0.15
2015-01-29 11:30:00,8.350000000000001,97660.0,279.6,0.15
2015-01-29 11:45:00,8.6,97630.0,280.04999999999995,0.15
2015-01-29 12:00:00,8.45,97600.0,279.2,0.15
2015-01-29 12:15:00,8.1,97560.0,279.35,0.15
2015-01-29 12:30:00,6.75,97510.0,279.85,0.15
2015-01-29 12:45:00,7.2,97460.0,280.45,0.15
2015-01-29 13:00:00,7.8,97425.0,280.0,0.15
2015-01-29 13:15:00,8.1,97370.0,279.45,0.15
2015-01-29 13:30:00,6.8,97340.0,279.6,0.15
2015-01-29 13:45:00,5.8,97290.0,279.25,0.15
2015-01-29 14:00:00,5.35,97255.0,279.7,0.15
2015-01-29 14:15:00,4.7,97220.0,279.35,0.15
2015-01-29 14:30:00,6.45,97185.0,279.2,0.15
2015-01-29 14:45:00,6.3,97160.0,278.95,0.15
2015-01-29 15:00:00,7.25,97120.0,278.5,0.15
2015-01-29 15:15:00,7.0,97060.0,278.15,0.15
2015-01-29 15:30:00,4.95,97015.0,277.85,0.15
2015-01-29 15:45:00,6.4,96990.0,277.75,0.15
2015-01-29 16:00:00,6.95,96935.0,277.54999999999995,0.15
2015-01-29 16:15:00,5.0,96890.0,277.15,0.15
2015-01-29 16:30:00,5.65,96860.0,277.35,0.15
2015-01-29 16:45:00,6.0,96820.0,277.15,0.15
2015-01-29 17:00:00,5.6,96785.0,276.85,0.15
2015-01-29 17:15:00,4.3,96750.0,276.75,0.15
2015-01-29 17:30:00,3.8,96720.0,276.6,0.15
2015-01-29 17:45:00,3.8,96670.0,276.54999999999995,0.15
2015-01-29 18:00:00,3.7,96640.0,276.7,0.15
2015-01-29 18:15:00,3.7,96610.0,276.85,0.15
2015-01-29 18:30:00,3.05,96570.0,277.1,0.15
2015-01-29 18:45:00,2.7,96520.0,276.65,0.15
2015-01-29 19:00:00,1.75,96495.0,276.54999999999995,0.15
2015-01-29 19:15:00,2.3,96440.0,276.65,0.15
2015-01-29 19:30:00,2.6,96410.0,276.7,0.15
2015-01-29 19:45:00,3.1,96380.0,276.85,0.15
2015-01-29 20:00:00,2.95,96355.0,276.65,0.15
2015-01-29 20:15:00,3.3,96310.0,276.45,0.15
2015-01-29 20:30:00,2.85,96285.0,276.6,0.15
2015-01-29 20:45:00,2.2,96280.0,276.65,0.15
2015-01-29 21:00:00,2.4,96265.0,276.29999999999995,0.15
2015-01-29 21:15:00,2.6,96250.0,276.35,0.15
2015-01-29 21:30:00,3.1500000000000004,96235.0,276.45,0.15
2015-01-29 21:45:00,3.0,96220.0,276.45,0.15
2015-01-29 22:00:00,2.55,96195.0,276.5,0.15
2015-01-29 22:15:00,2.3,96180.0,276.35,0.15
2015-01-29 22:30:00,2.25,96160.0,276.35,0.15
2015-01-29 22:45:00,1.7,96160.0,276.04999999999995,0.15
2015-01-29 23:00:00,2.6,96155.0,276.25,0.15
2015-01-29 23:15:00,2.5,96140.0,276.54999999999995,0.15
2015-01-29 23:30:00,3.2,96125.0,276.29999999999995,0.15
2015-01-29 23:45:00,2.7,96110.0,276.04999999999995,0.15
2015-01-30 00:00:00,3.2,96120.0,275.9,0.15
2015-01-30 00:15:00,3.2,96120.0,275.65,0.15
2015-01-30 00:30:00,3.1,96115.0,275.04999999999995,0.15
2015-01-30 00:45:00,2.5,96110.0,274.54999999999995,0.15
2015-01-30 01:00:00,2.4000000000000004,96125.0,274.5,0.15
2015-01-30 01:15:00,4.5,96140.0,274.65,0.15
2015-01-30 01:30:00,4.3,96170.0,274.54999999999995,0.15
2015-01-30 01:45:00,4.7,96180.0,274.54999999999995,0.15
2015-01-30 02:00:00,4.85,96205.0,274.5,0.15
2015-01-30 02:15:00,4.8,96220.0,274.54999999999995,0.15
2015-01-30 02:30:00,4.2,96220.0,274.75,0.15
2015-01-30 02:45:00,4.7,96250.0,274.85,0.15
2015-01-30 03:00:00,5.25,96270.0,274.9,0.15
2015-01-30 03:15:00,5.0,96290.0,274.85,0.15
2015-01-30 03:30:00,5.05,96330.0,274.95,0.15
2015-01-30 03:45:00,4.6,96350.0,274.95,0.15
2015-01-30 04:00:00,4.3,96375.0,274.79999999999995,0.15
2015-01-30 04:15:00,4.1,96390.0,274.95,0.15
2015-01-30 04:30:00,4.85,96415.0,274.79999999999995,0.15
2015-01-30 04:45:00,4.6,96440.0,274.85,0.15
2015-01-30 05:00:00,4.7,96450.0,274.9,0.15
2015-01-30 05:15:00,3.4,96440.0,274.75,0.15
2015-01-30 05:30:00,4.55,96440.0,274.79999999999995,0.15
2015-01-30 05:45:00,5.2,96460.0,274.75,0.15
2015-01-30 06:00:00,5.4,96480.0,274.79999999999995,0.15
2015-01-30 06:15:00,5.2,96480.0,274.95,0.15
2015-01-30 06:30:00,5.949999999999999,96505.0,274.95,0.15
2015-01-30 06:45:00,6.2,96510.0,274.95,0.15
2015-01-30 07:00:00,5.0,96540.0,275.04999999999995,0.15
2015-01-30 07:15:00,4.6,96560.0,274.85,0.15
2015-01-30 07:30:00,4.65,96600.0,275.04999999999995,0.15
2015-01-30 07:45:00,5.1,96610.0,274.85,0.15
2015-01-30 08:00:00,4.6,96615.0,274.85,0.15
2015-01-30 08:15:00,3.3,96630.0,274.85,0.15
2015-01-30 08:30:00,2.9000000000000004,96655.0,274.9,0.15
2015-01-30 08:45:00,3.7,96650.0,275.04999999999995,0.15
2015-01-30 09:00:00,4.55,96650.0,275.29999999999995,0.15
2015-01-30 09:15:00,3.8,96670.0,276.15,0.15
2015-01-30 09:30:00,4.65,96670.0,276.0,0.15
2015-01-30 09:45:00,4.7,96680.0,275.95,0.15
2015-01-30 10:00:00,4.949999999999999,96690.0,276.15,0.15
2015-01-30 10:15:00,4.7,96690.0,276.25,0.15
2015-01-30 10:30:00,4.85,96695.0,276.15,0.15
2015-01-30 10:45:00,4.1,96690.0,276.35,0.15
2015-01-30 11:00:00,4.8,96685.0,276.5,0.15
2015-01-30 11:15:00,4.4,96670.0,276.65,0.15
2015-01-30 11:30:00,3.0,96650.0,276.5,0.15
2015-01-30 11:45:00,2.5,96640.0,276.65,0.15
2015-01-30 12:00:00,2.4000000000000004,96635.0,277.1,0.15
2015-01-30 12:15:00,3.0,96650.0,277.15,0.15
2015-01-30 12:30:00,3.05,96635.0,277.25,0.15
2015-01-30 12:45:00,3.2,96630.0,277.35,0.15
2015-01-30 13:00:00,3.35,96620.0,277.0,0.15
2015-01-30 13:15:00,2.7,96600.0,277.54999999999995,0.15
2015-01-30 13:30:00,4.35,96600.0,278.0,0.15
2015-01-30 13:45:00,4.1,96590.0,278.25,0.15
2015-01-30 14:00:00,3.35,96595.0,278.45,0.15
2015-01-30 14:15:00,2.8,96590.0,277.25,0.15
2015-01-30 14:30:00,2.25,96605.0,276.75,0.15
2015-01-30 14:45:00,2.2,96610.0,276.54999999999995,0.15
2015-01-30 15:00:00,2.95,96620.0,276.29999999999995,0.15
2015-01-30 15:15:00,2.6,96620.0,276.75,0.15
2015-01-30 15:30:00,1.9,96610.0,276.75,0.15
2015-01-30 15:45:00,1.5,96620.0,276.25,0.15
2015-01-30 16:00:00,1.5499999999999998,96620.0,275.85,0.15
2015-01-30 16:15:00,1.8,96630.0,275.15,0.15
2015-01-30 16:30:00,1.7,96640.0,275.7,0.15
2015-01-30 16:45:00,1.6,96640.0,275.75,0.15
2015-01-30 17:00:00,1.45,96640.0,275.65,0.15
2015-01-30 17:15:00,1.9,96650.0,275.54999999999995,0.15
2015-01-30 17:30:00,1.7,96675.0,275.29999999999995,0.15
2015-01-30 17:45:00,2.7,96680.0,275.75,0.15
2015-01-30 18:00:00,2.05,96695.0,275.65,0.15
2015-01-30 18:15:00,2.0,96710.0,275.75,0.15
2015-01-30 18:30:00,1.85,96715.0,275.85,0.15
2015-01-30 18:45:00,1.4,96710.0,275.75,0.15
2015-01-30 19:00:00,2.1500000000000004,96710.0,275.4,0.15
2015-01-30 19:15:00,1.7,96720.0,275.35,0.15
2015-01-30 19:30:00,2.05,96720.0,275.5,0.15
2015-01-30 19:45:00,2.5,96700.0,276.04999999999995,0.15
2015-01-30 20:00:00,2.55,96705.0,275.95,0.15
2015-01-30 20:15:00,2.0,96710.0,275.85,0.15
2015-01-30 20:30:00,2.65,96705.0,275.85,0.15
2015-01-30 20:45:00,2.5,96700.0,275.85,0.15
2015-01-30 21:00:00,2.45,96690.0,275.79999999999995,0.15
2015-01-30 21:15:00,2.6,96700.0,275.75,0.15
2015-01-30 21:30:00,2.25,96700.0,275.6,0.15
2015-01-30 21:45:00,2.0,96700.0,275.54999999999995,0.15
2015-01-30 22:00:00,2.75,96695.0,275.7,0.15
2015-01-30 22:15:00,2.4,96710.0,275.75,0.15
2015-01-30 22:30:00,3.05,96720.0,275.79999999999995,0.15
2015-01-30 22:45:00,3.7,96720.0,276.04999999999995,0.15
2015-01-30 23:00:00,2.95,96725.0,275.95,0.15
2015-01-30 23:15:00,2.9,96720.0,275.85,0.15
2015-01-30 23:30:00,2.9,96725.0,275.95,0.15
2015-01-30 23:45:00,2.9,96730.0,275.65,0.15
2015-01-31 00:00:00,3.25,96720.0,275.7,0.15
2015-01-31 00:15:00,3.0,96720.0,275.65,0.15
2015-01-31 00:30:00,3.35,96710.0,275.75,0.15
2015-01-31 00:45:00,2.9,96720.0,275.85,0.15
2015-01-31 01:00:00,3.5500000000000003,96720.0,275.9,0.15
2015-01-31 01:15:00,4.5,96730.0,276.04999999999995,0.15
2015-01-31 01:30:00,4.65,96755.0,276.15,0.15
2015-01-31 01:45:00,4.6,96770.0,276.15,0.15
2015-01-31 02:00:00,5.0,96765.0,276.04999999999995,0.15
2015-01-31 02:15:00,3.9,96770.0,276.04999999999995,0.15
2015-01-31 02:30:00,4.1,96785.0,276.04999999999995,0.15
2015-01-31 02:45:00,3.8,96790.0,276.04999999999995,0.15
2015-01-31 03:00:00,3.85,96795.0,276.25,0.15
2015-01-31 03:15:00,3.7,96810.0,276.35,0.15
2015-01-31 03:30:00,3.5,96805.0,276.35,0.15
2015-01-31 03:45:00,3.4,96810.0,276.25,0.15
2015-01-31 04:00:00,3.5,96805.0,276.35,0.15
2015-01-31 04:15:00,3.3,96810.0,276.35,0.15
2015-01-31 04:30:00,2.85,96815.0,276.29999999999995,0.15
2015-01-31 04:45:00,3.2,96830.0,276.35,0.15
2015-01-31 05:00:00,2.8,96835.0,276.35,0.15
2015-01-31 05:15:00,2.7,96840.0,276.35,0.15
2015-01-31 05:30:00,2.85,96850.0,276.35,0.15
2015-01-31 05:45:00,2.3,96870.0,276.45,0.15
2015-01-31 06:00:00,3.1,96890.0,276.2,0.15
2015-01-31 06:15:00,2.7,96900.0,276.35,0.15
2015-01-31 06:30:00,3.55,96915.0,276.25,0.15
2015-01-31 06:45:00,3.8,96920.0,276.04999999999995,0.15
2015-01-31 07:00:00,3.65,96945.0,275.85,0.15
2015-01-31 07:15:00,3.7,96960.0,275.65,0.15
2015-01-31 07:30:00,3.55,96970.0,275.79999999999995,0.15
2015-01-31 07:45:00,2.9,96990.0,275.95,0.15
2015-01-31 08:00:00,2.5,97005.0,276.2,0.15
2015-01-31 08:15:00,2.3,97010.0,276.45,0.15
2015-01-31 08:30:00,2.55,97020.0,276.6,0.15
2015-01-31 08:45:00,3.8,97030.0,276.75,0.15
2015-01-31 09:00:00,3.25,97035.0,276.85,0.15
2015-01-31 09:15:00,3.2,97040.0,276.95,0.15
2015-01-31 09:30:00,3.0,97050.0,277.1,0.15
2015-01-31 09:45:00,3.2,97070.0,277.15,0.15
2015-01-31 10:00:00,3.35,97080.0,277.45,0.15
2015-01-31 10:15:00,3.8,97090.0,277.95,0.15
2015-01-31 10:30:00,4.25,97105.0,278.2,0.15
2015-01-31 10:45:00,3.9,97100.0,278.35,0.15
2015-01-31 11:00:00,4.3,97100.0,278.5,0.15
2015-01-31 11:15:00,4.8,97090.0,279.25,0.15
2015-01-31 11:30:00,4.45,97090.0,279.5,0.15
2015-01-31 11:45:00,4.3,97100.0,279.54999999999995,0.15
2015-01-31 12:00:00,4.25,97080.0,280.15,0.15
2015-01-31 12:15:00,4.7,97080.0,280.15,0.15
2015-01-31 12:30:00,4.4,97080.0,280.0,0.15
2015-01-31 12:45:00,5.0,97080.0,280.54999999999995,0.15
2015-01-31 13:00:00,4.800000000000001,97080.0,279.6,0.15
2015-01-31 13:15:00,5.7,97080.0,279.25,0.15
2015-01-31 13:30:00,5.1,97100.0,279.4,0.15
2015-01-31 13:45:00,3.5,97100.0,279.25,0.15
2015-01-31 14:00:00,4.9,97130.0,278.95,0.15
2015-01-31 14:15:00,5.1,97150.0,279.04999999999995,0.15
2015-01-31 14:30:00,4.75,97150.0,278.79999999999995,0.15
2015-01-31 14:45:00,4.9,97160.0,278.65,0.15
2015-01-31 15:00:00,3.6,97170.0,278.5,0.15
2015-01-31 15:15:00,2.8,97190.0,277.75,0.15
2015-01-31 15:30:00,2.35,97205.0,277.35,0.15
2015-01-31 15:45:00,1.4,97220.0,277.15,0.15
2015-01-31 16:00:00,0.9,97235.0,277.0,0.15
2015-01-31 16:15:00,1.6,97250.0,276.85,0.15
2015-01-31 16:30:00,1.75,97265.0,276.5,0.15
2015-01-31 16:45:00,2.4,97280.0,276.25,0.15
2015-01-31 17:00:00,1.8,97300.0,275.75,0.15
2015-01-31 17:15:00,1.1,97320.0,275.95,0.15
2015-01-31 17:30:00,0.95,97325.0,276.0,0.15
2015-01-31 17:45:00,1.0,97340.0,275.95,0.15
2015-01-31 18:00:00,1.7999999999999998,97355.0,275.7,0.15
2015-01-31 18:15:00,1.7,97370.0,275.35,0.15
2015-01-31 18:30:00,2.7,97390.0,275.25,0.15
2015-01-31 18:45:00,2.9,97400.0,275.54999999999995,0.15
2015-01-31 19:00:00,2.85,97425.0,275.1,0.15
2015-01-31 19:15:00,1.9,97430.0,274.95,0.15
2015-01-31 19:30:00,1.6,97435.0,274.54999999999995,0.15
2015-01-31 19:45:00,1.7,97430.0,274.04999999999995,0.15
2015-01-31 20:00:00,1.7,97440.0,274.2,0.15
2015-01-31 20:15:00,0.9,97450.0,273.75,0.15
2015-01-31 20:30:00,1.4,97455.0,273.65,0.15
2015-01-31 20:45:00,1.6,97470.0,273.15,0.15
2015-01-31 21:00:00,1.7000000000000002,97475.0,273.85,0.15
2015-01-31 21:15:00,1.6,97480.0,273.35,0.15
2015-01-31 21:30:00,1.85,97485.0,273.15,0.15
2015-01-31 21:45:00,2.3,97480.0,272.65,0.15
2015-01-31 22:00:00,2.0,97485.0,272.4,0.15
2015-01-31 22:15:00,1.8,97490.0,272.15,0.15
2015-01-31 22:30:00,2.0,97500.0,272.79999999999995,0.15
2015-01-31 22:45:00,1.8,97510.0,272.95,0.15
2015-01-31 23:00:00,2.05,97520.0,273.85,0.15
2015-01-31 23:15:00,2.1,97520.0,274.35,0.15
2015-01-31 23:30:00,1.45,97530.0,273.9,0.15
2015-01-31 23:45:00,1.6,97530.0,274.25,0.15
2015-02-01 00:00:00,1.4,97530.0,274.04999999999995,0.15
2015-02-01 00:15:00,1.5,97530.0,273.75,0.15
2015-02-01 00:30:00,1.5,97525.0,273.35,0.15
2015-02-01 00:45:00,1.6,97540.0,273.04999999999995,0.15
2015-02-01 01:00:00,1.65,97545.0,273.25,0.15
2015-02-01 01:15:00,1.9,97560.0,273.65,0.15
2015-02-01 01:30:00,1.4500000000000002,97560.0,273.5,0.15
2015-02-01 01:45:00,1.0,97560.0,273.25,0.15
2015-02-01 02:00:00,0.65,97560.0,273.4,0.15
2015-02-01 02:15:00,0.4,97560.0,273.75,0.15
2015-02-01 02:30:00,0.8500000000000001,97560.0,273.5,0.15
2015-02-01 02:45:00,1.1,97560.0,273.54999999999995,0.15
2015-02-01 03:00:00,1.5,97565.0,273.35,0.15
2015-02-01 03:15:00,0.7,97570.0,273.35,0.15
2015-02-01 03:30:00,0.8,97580.0,273.6,0.15
2015-02-01 03:45:00,1.0,97590.0,273.45,0.15
2015-02-01 04:00:00,0.65,97600.0,273.25,0.15
2015-02-01 04:15:00,0.6,97610.0,273.45,0.15
2015-02-01 04:30:00,1.15,97620.0,273.54999999999995,0.15
2015-02-01 04:45:00,1.4,97620.0,273.75,0.15
2015-02-01 05:00:00,1.25,97640.0,273.5,0.15
2015-02-01 05:15:00,2.0,97650.0,273.54999999999995,0.15
2015-02-01 05:30:00,1.95,97655.0,273.85,0.15
2015-02-01 05:45:00,2.1,97660.0,274.04999999999995,0.15
2015-02-01 06:00:00,1.5499999999999998,97665.0,274.04999999999995,0.15
2015-02-01 06:15:00,1.7,97680.0,274.04999999999995,0.15
2015-02-01 06:30:00,1.9,97685.0,273.9,0.15
2015-02-01 06:45:00,2.0,97690.0,273.95,0.15
2015-02-01 07:00:00,1.95,97720.0,273.9,0.15
2015-02-01 07:15:00,2.3,97740.0,273.95,0.15
2015-02-01 07:30:00,2.45,97750.0,274.04999999999995,0.15
2015-02-01 07:45:00,1.9,97760.0,274.25,0.15
2015-02-01 08:00:00,2.15,97760.0,274.4,0.15
2015-02-01 08:15:00,2.5,97770.0,274.45,0.15
2015-02-01 08:30:00,2.75,97775.0,274.5,0.15
2015-02-01 08:45:00,2.7,97780.0,274.65,0.15
2015-02-01 09:00:00,2.2,97795.0,274.85,0.15
2015-02-01 09:15:00,1.9,97800.0,275.04999999999995,0.15
2015-02-01 09:30:00,2.8,97815.0,275.15,0.15
2015-02-01 09:45:00,2.9,97830.0,275.25,0.15
2015-02-01 10:00:00,2.95,97850.0,275.54999999999995,0.15
2015-02-01 10:15:00,3.4,97880.0,275.45,0.15
2015-02-01 10:30:00,2.95,97885.0,274.95,0.15
2015-02-01 10:45:00,2.8,97900.0,274.65,0.15
2015-02-01 11:00:00,2.35,97905.0,274.45,0.15
2015-02-01 11:15:00,2.3,97910.0,274.45,0.15
2015-02-01 11:30:00,2.25,97910.0,274.54999999999995,0.15
2015-02-01 11:45:00,2.9,97920.0,274.54999999999995,0.15
2015-02-01 12:00:00,2.8,97915.0,275.0,0.15
2015-02-01 12:15:00,2.6,97910.0,275.65,0.15
2015-02-01 12:30:00,2.3,97905.0,276.25,0.15
2015-02-01 12:45:00,2.2,97910.0,276.35,0.15
2015-02-01 13:00:00,2.0,97910.0,276.54999999999995,0.15
2015-02-01 13:15:00,1.7,97920.0,276.85,0.15
2015-02-01 13:30:00,1.05,97935.0,277.04999999999995,0.15
2015-02-01 13:45:00,1.3,97940.0,277.15,0.15
2015-02-01 14:00:00,1.4500000000000002,97955.0,277.0,0.15
2015-02-01 14:15:00,1.5,97970.0,276.85,0.15
2015-02-01 14:30:00,2.0,97970.0,276.85,0.15
2015-02-01 14:45:00,2.5,97980.0,276.85,0.15
2015-02-01 15:00:00,2.25,97990.0,276.75,0.15
2015-02-01 15:15:00,2.0,98000.0,276.75,0.15
2015-02-01 15:30:00,1.0,98020.0,276.7,0.15
2015-02-01 15:45:00,0.9,98030.0,276.65,0.15
2015-02-01 16:00:00,1.7999999999999998,98055.0,276.54999999999995,0.15
2015-02-01 16:15:00,1.5,98070.0,276.15,0.15
2015-02-01 16:30:00,1.05,98080.0,275.85,0.15
2015-02-01 16:45:00,0.8,98110.0,275.54999999999995,0.15
2015-02-01 17:00:00,0.5,98130.0,275.29999999999995,0.15
2015-02-01 17:15:00,0.3,98160.0,275.04999999999995,0.15
2015-02-01 17:30:00,0.75,98175.0,275.0,0.15
2015-02-01 17:45:00,1.3,98190.0,274.85,0.15
2015-02-01 18:00:00,1.15,98215.0,274.95,0.15
2015-02-01 18:15:00,1.1,98240.0,275.04999999999995,0.15
2015-02-01 18:30:00,0.95,98270.0,275.1,0.15
2015-02-01 18:45:00,1.5,98300.0,275.15,0.15
2015-02-01 19:00:00,1.4,98325.0,275.35,0.15
2015-02-01 19:15:00,1.3,98340.0,275.45,0.15
2015-02-01 19:30:00,1.75,98355.0,275.54999999999995,0.15
2015-02-01 19:45:00,1.7,98370.0,275.54999999999995,0.15
2015-02-01 20:00:00,1.5,98380.0,275.65,0.15
2015-02-01 20:15:00,1.7,98410.0,275.45,0.15
2015-02-01 20:30:00,1.95,98420.0,275.65,0.15
2015-02-01 20:45:00,2.3,98430.0,275.85,0.15
2015-02-01 21:00:00,1.8,98435.0,275.65,0.15
2015-02-01 21:15:00,1.6,98440.0,275.65,0.15
2015-02-01 21:30:00,1.35,98445.0,275.7,0.15
2015-02-01 21:45:00,1.8,98460.0,275.75,0.15
2015-02-01 22:00:00,2.45,98460.0,275.85,0.15
2015-02-01 22:15:00,3.7,98470.0,275.65,0.15
2015-02-01 22:30:00,2.05,98475.0,275.75,0.15
2015-02-01 22:45:00,2.0,98490.0,275.95,0.15
2015-02-01 23:00:00,1.7000000000000002,98510.0,275.9,0.15
2015-02-01 23:15:00,2.6,98530.0,275.85,0.15
2015-02-01 23:30:00,3.0,98545.0,276.04999999999995,0.15
2015-02-01 23:45:00,3.1,98560.0,276.25,0.15
2015-02-02 00:00:00,2.55,98585.0,276.29999999999995,0.15
2015-02-02 00:15:00,2.3,98590.0,276.25,0.15
2015-02-02 00:30:00,2.55,98600.0,276.25,0.15
2015-02-02 00:45:00,2.8,98600.0,275.95,0.15
2015-02-02 01:00:00,2.1,98615.0,275.95,0.15
2015-02-02 01:15:00,2.9,98640.0,275.65,0.15
2015-02-02 01:30:00,2.35,98645.0,275.15,0.15
2015-02-02 01:45:00,1.3,98650.0,275.04999999999995,0.15
2015-02-02 02:00:00,1.45,98655.0,275.1,0.15
2015-02-02 02:15:00,2.0,98650.0,275.65,0.15
2015-02-02 02:30:00,1.95,98660.0,275.75,0.15
2015-02-02 02:45:00,1.7,98670.0,275.85,0.15
2015-02-02 03:00:00,1.2000000000000002,98685.0,275.7,0.15
2015-02-02 03:15:00,2.3,98700.0,275.75,0.15
2015-02-02 03:30:00,2.2,98715.0,275.9,0.15
2015-02-02 03:45:00,3.7,98730.0,275.85,0.15
2015-02-02 04:00:00,3.95,98745.0,275.54999999999995,0.15
2015-02-02 04:15:00,2.7,98750.0,275.54999999999995,0.15
2015-02-02 04:30:00,2.35,98750.0,275.54999999999995,0.15
2015-02-02 04:45:00,3.2,98760.0,275.65,0.15
2015-02-02 05:00:00,4.05,98760.0,275.5,0.15
2015-02-02 05:15:00,4.3,98770.0,275.04999999999995,0.15
2015-02-02 05:30:00,3.9,98770.0,275.29999999999995,0.15
2015-02-02 05:45:00,3.8,98780.0,275.65,0.15
2015-02-02 06:00:00,3.7,98790.0,275.65,0.15
2015-02-02 06:15:00,4.3,98800.0,275.54999999999995,0.15
2015-02-02 06:30:00,3.3,98815.0,275.54999999999995,0.15
2015-02-02 06:45:00,3.4,98820.0,275.35,0.15
2015-02-02 07:00:00,3.25,98825.0,275.15,0.15
2015-02-02 07:15:00,4.2,98840.0,274.95,0.15
2015-02-02 07:30:00,4.35,98850.0,275.35,0.15
2015-02-02 07:45:00,5.0,98860.0,275.45,0.15
2015-02-02 08:00:00,4.25,98875.0,275.45,0.15
2015-02-02 08:15:00,3.9,98880.0,275.54999999999995,0.15
2015-02-02 08:30:00,5.25,98895.0,275.54999999999995,0.15
2015-02-02 08:45:00,5.1,98900.0,275.65,0.15
2015-02-02 09:00:00,4.4,98905.0,275.6,0.15
2015-02-02 09:15:00,4.7,98910.0,275.54999999999995,0.15
2015-02-02 09:30:00,3.45,98920.0,275.54999999999995,0.15
2015-02-02 09:45:00,3.9,98930.0,275.65,0.15
2015-02-02 10:00:00,3.9,98920.0,275.79999999999995,0.15
2015-02-02 10:15:00,3.9,98920.0,275.75,0.15
2015-02-02 10:30:00,3.75,98920.0,275.65,0.15
2015-02-02 10:45:00,4.3,98910.0,276.15,0.15
2015-02-02 11:00:00,5.6,98915.0,275.75,0.15
2015-02-02 11:15:00,4.8,98910.0,275.85,0.15
2015-02-02 11:30:00,5.05,98900.0,276.1,0.15
2015-02-02 11:45:00,5.7,98890.0,276.15,0.15
2015-02-02 12:00:00,5.3,98890.0,275.75,0.15
2015-02-02 12:15:00,5.1,98890.0,274.95,0.15
2015-02-02 12:30:00,3.9,98890.0,275.45,0.15
2015-02-02 12:45:00,4.7,98910.0,275.75,0.15
2015-02-02 13:00:00,5.75,98905.0,275.85,0.15
2015-02-02 13:15:00,5.5,98910.0,275.65,0.15
2015-02-02 13:30:00,5.65,98920.0,275.54999999999995,0.15
2015-02-02 13:45:00,4.9,98920.0,275.54999999999995,0.15
2015-02-02 14:00:00,4.6,98920.0,275.85,0.15
2015-02-02 14:15:00,5.2,98920.0,275.95,0.15
2015-02-02 14:30:00,5.35,98925.0,276.1,0.15
2015-02-02 14:45:00,5.2,98930.0,275.95,0.15
2015-02-02 15:00:00,4.45,98930.0,275.85,0.15
2015-02-02 15:15:00,4.4,98930.0,275.95,0.15
2015-02-02 15:30:00,4.199999999999999,98940.0,275.95,0.15
2015-02-02 15:45:00,4.2,98940.0,275.95,0.15
2015-02-02 16:00:00,5.1,98950.0,275.79999999999995,0.15
2015-02-02 16:15:00,4.9,98960.0,275.65,0.15
2015-02-02 16:30:00,4.75,98965.0,275.65,0.15
2015-02-02 16:45:00,3.9,98980.0,275.54999999999995,0.15
2015-02-02 17:00:00,3.7,98980.0,275.54999999999995,0.15
2015-02-02 17:15:00,4.1,98980.0,275.54999999999995,0.15
2015-02-02 17:30:00,3.8,98990.0,275.45,0.15
2015-02-02 17:45:00,4.2,98990.0,275.45,0.15
2015-02-02 18:00:00,3.2,98995.0,275.35,0.15
2015-02-02 18:15:00,3.0,99010.0,274.65,0.15
2015-02-02 18:30:00,3.2,99025.0,274.95,0.15
2015-02-02 18:45:00,3.4,99040.0,275.15,0.15
2015-02-02 19:00:00,4.0,99040.0,275.29999999999995,0.15
2015-02-02 19:15:00,3.6,99040.0,275.35,0.15
2015-02-02 19:30:00,3.3,99040.0,275.4,0.15
2015-02-02 19:45:00,2.2,99040.0,275.35,0.15
2015-02-02 20:00:00,3.45,99050.0,275.35,0.15
2015-02-02 20:15:00,4.0,99050.0,275.25,0.15
2015-02-02 20:30:00,3.45,99055.0,275.4,0.15
2015-02-02 20:45:00,3.9,99060.0,275.65,0.15
2015-02-02 21:00:00,3.15,99050.0,275.35,0.15
2015-02-02 21:15:00,3.4,99050.0,275.45,0.15
2015-02-02 21:30:00,3.05,99040.0,275.29999999999995,0.15
2015-02-02 21:45:00,1.9,99050.0,275.25,0.15
2015-02-02 22:00:00,2.05,99050.0,275.4,0.15
2015-02-02 22:15:00,2.4,99050.0,275.45,0.15
2015-02-02 22:30:00,2.0,99045.0,275.45,0.15
2015-02-02 22:45:00,2.9,99050.0,275.45,0.15
2015-02-02 23:00:00,2.6,99050.0,275.45,0.15
2015-02-02 23:15:00,2.3,99060.0,275.25,0.15
2015-02-02 23:30:00,2.8,99070.0,275.35,0.15
2015-02-02 23:45:00,2.1,99060.0,275.35,0.15
2015-02-03 00:00:00,2.7,99055.0,275.29999999999995,0.15
2015-02-03 00:15:00,3.1,99050.0,275.35,0.15
2015-02-03 00:30:00,2.9000000000000004,99055.0,275.2,0.15
2015-02-03 00:45:00,3.8,99060.0,275.25,0.15
2015-02-03 01:00:00,3.2,99055.0,275.25,0.15
2015-02-03 01:15:00,3.4,99060.0,275.25,0.15
2015-02-03 01:30:00,2.55,99070.0,275.1,0.15
2015-02-03 01:45:00,1.4,99070.0,274.95,0.15
2015-02-03 02:00:00,1.4,99070.0,275.1,0.15
2015-02-03 02:15:00,1.8,99070.0,274.95,0.15
2015-02-03 02:30:00,1.9,99065.0,275.0,0.15
2015-02-03 02:45:00,1.8,99060.0,275.15,0.15
2015-02-03 03:00:00,2.1,99060.0,275.0,0.15
2015-02-03 03:15:00,1.7,99050.0,275.04999999999995,0.15
2015-02-03 03:30:00,1.85,99050.0,275.0,0.15
2015-02-03 03:45:00,1.8,99050.0,274.85,0.15
2015-02-03 04:00:00,1.75,99060.0,274.85,0.15
2015-02-03 04:15:00,1.1,99060.0,274.75,0.15
2015-02-03 04:30:00,1.2,99075.0,274.75,0.15
2015-02-03 04:45:00,1.7,99070.0,274.85,0.15
2015-02-03 05:00:00,1.7999999999999998,99075.0,274.79999999999995,0.15
2015-02-03 05:15:00,1.8,99080.0,274.85,0.15
2015-02-03 05:30:00,1.65,99080.0,274.85,0.15
2015-02-03 05:45:00,1.1,99080.0,274.75,0.15
2015-02-03 06:00:00,0.8500000000000001,99090.0,274.65,0.15
2015-02-03 06:15:00,0.8,99090.0,274.75,0.15
2015-02-03 06:30:00,1.1,99100.0,274.6,0.15
2015-02-03 06:45:00,1.5,99110.0,274.45,0.15
2015-02-03 07:00:00,1.6,99125.0,274.35,0.15
2015-02-03 07:15:00,1.7,99140.0,274.45,0.15
2015-02-03 07:30:00,1.2,99155.0,274.4,0.15
2015-02-03 07:45:00,0.9,99170.0,274.45,0.15
2015-02-03 08:00:00,1.35,99175.0,274.65,0.15
2015-02-03 08:15:00,2.1,99180.0,274.95,0.15
2015-02-03 08:30:00,2.45,99185.0,275.04999999999995,0.15
2015-02-03 08:45:00,2.6,99190.0,275.35,0.15
2015-02-03 09:00:00,3.05,99205.0,275.4,0.15
2015-02-03 09:15:00,3.4,99200.0,275.35,0.15
2015-02-03 09:30:00,2.35,99230.0,275.04999999999995,0.15
2015-02-03 09:45:00,1.3,99240.0,274.95,0.15
2015-02-03 10:00:00,1.85,99255.0,275.04999999999995,0.15
2015-02-03 10:15:00,1.2,99270.0,274.45,0.15
2015-02-03 10:30:00,0.3,99280.0,274.4,0.15
2015-02-03 10:45:00,0.3,99270.0,274.54999999999995,0.15
2015-02-03 11:00:00,0.55,99270.0,274.65,0.15
2015-02-03 11:15:00,1.0,99260.0,274.85,0.15
2015-02-03 11:30:00,0.9,99260.0,275.1,0.15
2015-02-03 11:45:00,0.8,99270.0,275.65,0.15
2015-02-03 12:00:00,0.8500000000000001,99275.0,275.9,0.15
2015-02-03 12:15:00,0.7,99280.0,276.25,0.15
2015-02-03 12:30:00,0.8500000000000001,99275.0,276.6,0.15
2015-02-03 12:45:00,1.2,99270.0,276.65,0.15
2015-02-03 13:00:00,1.1,99280.0,276.54999999999995,0.15
2015-02-03 13:15:00,1.6,99290.0,276.54999999999995,0.15
2015-02-03 13:30:00,2.1,99290.0,276.5,0.15
2015-02-03 13:45:00,2.3,99290.0,276.54999999999995,0.15
2015-02-03 14:00:00,1.85,99285.0,276.6,0.15
2015-02-03 14:15:00,1.8,99290.0,276.65,0.15
2015-02-03 14:30:00,1.6,99300.0,276.6,0.15
2015-02-03 14:45:00,1.7,99300.0,276.65,0.15
2015-02-03 15:00:00,1.25,99310.0,276.54999999999995,0.15
2015-02-03 15:15:00,1.7,99300.0,276.25,0.15
2015-02-03 15:30:00,1.3,99325.0,276.04999999999995,0.15
2015-02-03 15:45:00,0.8,99340.0,276.25,0.15
2015-02-03 16:00:00,1.35,99355.0,276.2,0.15
2015-02-03 16:15:00,1.0,99370.0,275.85,0.15
2015-02-03 16:30:00,0.5,99385.0,275.75,0.15
2015-02-03 16:45:00,1.0,99390.0,275.65,0.15
2015-02-03 17:00:00,0.4499999999999999,99410.0,275.4,0.15
2015-02-03 17:15:00,0.7,99420.0,275.04999999999995,0.15
2015-02-03 17:30:00,0.6,99445.0,274.5,0.15
2015-02-03 17:45:00,0.7,99450.0,274.54999999999995,0.15
2015-02-03 18:00:00,0.6499999999999999,99465.0,274.29999999999995,0.15
2015-02-03 18:15:00,0.5,99480.0,274.04999999999995,0.15
2015-02-03 18:30:00,0.4,99495.0,273.5,0.15
2015-02-03 18:45:00,0.5,99510.0,273.75,0.15
2015-02-03 19:00:00,1.1,99515.0,273.29999999999995,0.15
2015-02-03 19:15:00,0.8,99530.0,273.15,0.15
2015-02-03 19:30:00,1.0,99535.0,272.85,0.15
2015-02-03 19:45:00,1.5,99540.0,272.95,0.15
2015-02-03 20:00:00,1.35,99535.0,273.0,0.15
2015-02-03 20:15:00,1.3,99550.0,272.95,0.15
2015-02-03 20:30:00,1.55,99550.0,272.75,0.15
2015-02-03 20:45:00,1.8,99560.0,273.45,0.15
2015-02-03 21:00:00,1.85,99575.0,273.5,0.15
2015-02-03 21:15:00,3.9,99590.0,273.95,0.15
2015-02-03 21:30:00,3.2,99590.0,273.9,0.15
2015-02-03 21:45:00,3.1,99600.0,273.54999999999995,0.15
2015-02-03 22:00:00,2.15,99620.0,273.15,0.15
2015-02-03 22:15:00,1.9,99630.0,272.65,0.15
2015-02-03 22:30:00,2.3,99630.0,272.25,0.15
2015-02-03 22:45:00,2.3,99660.0,271.95,0.15
2015-02-03 23:00:00,2.9000000000000004,99665.0,271.54999999999995,0.15
2015-02-03 23:15:00,2.7,99700.0,271.54999999999995,0.15
2015-02-03 23:30:00,2.7,99710.0,271.6,0.15
2015-02-03 23:45:00,3.3,99720.0,271.75,0.15
2015-02-04 00:00:00,3.75,99725.0,272.35,0.15
2015-02-04 00:15:00,3.8,99730.0,272.54999999999995,0.15
2015-02-04 00:30:00,3.45,99735.0,272.45,0.15
2015-02-04 00:45:00,2.7,99760.0,272.45,0.15
2015-02-04 01:00:00,3.15,99765.0,272.54999999999995,0.15
2015-02-04 01:15:00,3.0,99780.0,272.65,0.15
2015-02-04 01:30:00,3.0,99795.0,272.7,0.15
2015-02-04 01:45:00,3.4,99810.0,272.85,0.15
2015-02-04 02:00:00,2.5,99835.0,272.85,0.15
2015-02-04 02:15:00,2.2,99840.0,272.75,0.15
2015-02-04 02:30:00,2.35,99850.0,272.79999999999995,0.15
2015-02-04 02:45:00,1.9,99860.0,272.65,0.15
2015-02-04 03:00:00,2.8,99875.0,272.25,0.15
2015-02-04 03:15:00,2.8,99890.0,271.54999999999995,0.15
2015-02-04 03:30:00,2.8,99895.0,271.35,0.15
2015-02-04 03:45:00,2.0,99910.0,271.35,0.15
2015-02-04 04:00:00,1.4,99920.0,271.25,0.15
2015-02-04 04:15:00,1.2,99920.0,270.95,0.15
2015-02-04 04:30:00,1.15,99925.0,270.6,0.15
2015-02-04 04:45:00,1.4,99930.0,270.54999999999995,0.15
2015-02-04 05:00:00,1.6,99950.0,270.2,0.15
2015-02-04 05:15:00,2.1,99960.0,270.65,0.15
2015-02-04 05:30:00,0.95,99970.0,270.29999999999995,0.15
2015-02-04 05:45:00,0.4,99980.0,269.85,0.15
2015-02-04 06:00:00,0.6,99990.0,269.9,0.15
2015-02-04 06:15:00,0.6,100010.0,269.85,0.15
2015-02-04 06:30:00,0.65,100035.0,269.5,0.15
2015-02-04 06:45:00,1.0,100060.0,269.65,0.15
2015-02-04 07:00:00,0.95,100080.0,269.29999999999995,0.15
2015-02-04 07:15:00,0.7,100100.0,269.15,0.15
2015-02-04 07:30:00,0.6499999999999999,100120.0,269.85,0.15
2015-02-04 07:45:00,0.6,100140.0,269.75,0.15
2015-02-04 08:00:00,1.25,100150.0,269.65,0.15
2015-02-04 08:15:00,0.8,100180.0,270.45,0.15
2015-02-04 08:30:00,0.5,100195.0,271.1,0.15
2015-02-04 08:45:00,0.7,100210.0,271.65,0.15
2015-02-04 09:00:00,0.25,100225.0,272.0,0.15
2015-02-04 09:15:00,0.5,100240.0,272.25,0.15
2015-02-04 09:30:00,0.5,100245.0,272.65,0.15
2015-02-04 09:45:00,0.7,100260.0,272.95,0.15
2015-02-04 10:00:00,0.95,100270.0,273.04999999999995,0.15
2015-02-04 10:15:00,0.5,100270.0,273.35,0.15
2015-02-04 10:30:00,0.35,100265.0,274.04999999999995,0.15
2015-02-04 10:45:00,0.6,100260.0,274.15,0.15
2015-02-04 11:00:00,0.5,100260.0,274.29999999999995,0.15
2015-02-04 11:15:00,0.7,100240.0,274.35,0.15
2015-02-04 11:30:00,0.7,100250.0,274.9,0.15
2015-02-04 11:45:00,1.0,100250.0,274.65,0.15
2015-02-04 12:00:00,0.8500000000000001,100250.0,274.7,0.15
2015-02-04 12:15:00,0.7,100260.0,275.35,0.15
2015-02-04 12:30:00,1.5,100260.0,274.95,0.15
2015-02-04 12:45:00,1.4,100280.0,274.75,0.15
2015-02-04 13:00:00,1.3,100280.0,275.45,0.15
2015-02-04 13:15:00,0.7,100280.0,275.75,0.15
2015-02-04 13:30:00,1.2,100280.0,275.7,0.15
2015-02-04 13:45:00,1.2,100290.0,275.85,0.15
2015-02-04 14:00:00,0.8500000000000001,100300.0,275.95,0.15
2015-02-04 14:15:00,0.7,100310.0,275.85,0.15
2015-02-04 14:30:00,0.45,100315.0,275.75,0.15
2015-02-04 14:45:00,1.3,100330.0,275.75,0.15
2015-02-04 15:00:00,1.45,100345.0,275.7,0.15
2015-02-04 15:15:00,1.3,100340.0,275.75,0.15
2015-02-04 15:30:00,1.2000000000000002,100355.0,275.7,0.15
2015-02-04 15:45:00,0.9,100380.0,275.54999999999995,0.15
2015-02-04 16:00:00,0.5,100390.0,275.54999999999995,0.15
2015-02-04 16:15:00,0.1,100390.0,275.35,0.15
2015-02-04 16:30:00,0.7,100400.0,274.7,0.15
2015-02-04 16:45:00,0.8,100400.0,274.15,0.15
2015-02-04 17:00:00,1.05,100410.0,273.7,0.15
2015-02-04 17:15:00,1.1,100410.0,273.65,0.15
2015-02-04 17:30:00,0.55,100435.0,273.2,0.15
2015-02-04 17:45:00,0.9,100450.0,272.95,0.15
2015-02-04 18:00:00,1.05,100460.0,273.25,0.15
2015-02-04 18:15:00,1.0,100480.0,273.15,0.15
2015-02-04 18:30:00,1.15,100505.0,272.9,0.15
2015-02-04 18:45:00,1.8,100520.0,273.25,0.15
2015-02-04 19:00:00,1.3,100530.0,272.29999999999995,0.15
2015-02-04 19:15:00,0.7,100540.0,271.35,0.15
2015-02-04 19:30:00,0.6499999999999999,100565.0,271.25,0.15
2015-02-04 19:45:00,0.9,100590.0,271.75,0.15
2015-02-04 20:00:00,1.2,100605.0,271.54999999999995,0.15
2015-02-04 20:15:00,1.5,100620.0,271.15,0.15
2015-02-04 20:30:00,1.0,100645.0,271.29999999999995,0.15
2015-02-04 20:45:00,1.6,100660.0,271.25,0.15
2015-02-04 21:00:00,1.15,100675.0,270.45,0.15
2015-02-04 21:15:00,0.9,100690.0,270.65,0.15
2015-02-04 21:30:00,0.6499999999999999,100690.0,270.75,0.15
2015-02-04 21:45:00,1.3,100690.0,270.65,0.15
2015-02-04 22:00:00,1.2,100705.0,270.2,0.15
2015-02-04 22:15:00,1.1,100700.0,270.45,0.15
2015-02-04 22:30:00,1.15,100715.0,270.65,0.15
2015-02-04 22:45:00,0.5,100720.0,270.25,0.15
2015-02-04 23:00:00,0.8500000000000001,100720.0,269.85,0.15
2015-02-04 23:15:00,0.5,100730.0,269.65,0.15
2015-02-04 23:30:00,0.15,100735.0,269.5,0.15
2015-02-04 23:45:00,0.5,100740.0,269.15,0.15
2015-02-05 00:00:00,1.05,100730.0,269.65,0.15
2015-02-05 00:15:00,0.7,100740.0,269.25,0.15
2015-02-05 00:30:00,0.35,100750.0,270.0,0.15
2015-02-05 00:45:00,0.4,100760.0,270.04999999999995,0.15
2015-02-05 01:00:00,0.75,100760.0,269.65,0.15
2015-02-05 01:15:00,0.7,100760.0,269.65,0.15
2015-02-05 01:30:00,0.6,100760.0,269.45,0.15
2015-02-05 01:45:00,1.2,100760.0,269.25,0.15
2015-02-05 02:00:00,1.5499999999999998,100750.0,268.6,0.15
2015-02-05 02:15:00,1.5,100750.0,268.65,0.15
2015-02-05 02:30:00,1.2000000000000002,100745.0,268.29999999999995,0.15
2015-02-05 02:45:00,1.4,100730.0,267.85,0.15
2015-02-05 03:00:00,0.85,100735.0,268.45,0.15
2015-02-05 03:15:00,0.6,100740.0,268.85,0.15
2015-02-05 03:30:00,0.55,100750.0,269.6,0.15
2015-02-05 03:45:00,0.3,100760.0,269.65,0.15
2015-02-05 04:00:00,0.6499999999999999,100765.0,269.1,0.15
2015-02-05 04:15:00,0.8,100780.0,269.25,0.15
2015-02-05 04:30:00,1.9,100785.0,269.95,0.15
2015-02-05 04:45:00,2.1,100790.0,270.04999999999995,0.15
2015-02-05 05:00:00,2.0,100780.0,270.75,0.15
2015-02-05 05:15:00,1.9,100800.0,270.45,0.15
2015-02-05 05:30:00,1.45,100805.0,269.9,0.15
2015-02-05 05:45:00,1.5,100800.0,269.35,0.15
2015-02-05 06:00:00,1.4,100815.0,269.15,0.15
2015-02-05 06:15:00,0.6,100830.0,268.95,0.15
2015-02-05 06:30:00,0.6499999999999999,100855.0,269.5,0.15
2015-02-05 06:45:00,0.4,100870.0,269.54999999999995,0.15
2015-02-05 07:00:00,0.95,100880.0,270.04999999999995,0.15
2015-02-05 07:15:00,1.0,100880.0,269.35,0.15
2015-02-05 07:30:00,0.6000000000000001,100905.0,269.2,0.15
2015-02-05 07:45:00,0.8,100910.0,269.75,0.15
2015-02-05 08:00:00,1.65,100925.0,270.45,0.15
2015-02-05 08:15:00,1.8,100930.0,270.95,0.15
2015-02-05 08:30:00,2.1500000000000004,100940.0,271.29999999999995,0.15
2015-02-05 08:45:00,1.7,100950.0,271.65,0.15
2015-02-05 09:00:00,1.95,100965.0,271.9,0.15
2015-02-05 09:15:00,2.0,100980.0,271.85,0.15
2015-02-05 09:30:00,1.7,100985.0,272.0,0.15
2015-02-05 09:45:00,1.7,101000.0,272.04999999999995,0.15
2015-02-05 10:00:00,1.95,101005.0,272.25,0.15
2015-02-05 10:15:00,2.8,101010.0,272.25,0.15
2015-02-05 10:30:00,3.75,101025.0,272.25,0.15
2015-02-05 10:45:00,4.6,101030.0,272.15,0.15
2015-02-05 11:00:00,4.550000000000001,101015.0,272.25,0.15
2015-02-05 11:15:00,3.2,101010.0,272.35,0.15
2015-02-05 11:30:00,2.85,101015.0,272.4,0.15
2015-02-05 11:45:00,3.0,101020.0,272.45,0.15
2015-02-05 12:00:00,3.5,101025.0,272.5,0.15
2015-02-05 12:15:00,4.4,101010.0,272.75,0.15
2015-02-05 12:30:00,3.7,101020.0,273.04999999999995,0.15
2015-02-05 12:45:00,3.9,101010.0,273.15,0.15
2015-02-05 13:00:00,3.55,101010.0,273.5,0.15
2015-02-05 13:15:00,3.8,101000.0,273.65,0.15
2015-02-05 13:30:00,3.55,100995.0,274.1,0.15
2015-02-05 13:45:00,3.7,101010.0,274.25,0.15
2015-02-05 14:00:00,4.35,101015.0,274.04999999999995,0.15
2015-02-05 14:15:00,2.9,101010.0,274.35,0.15
2015-02-05 14:30:00,3.45,101025.0,274.4,0.15
2015-02-05 14:45:00,3.2,101020.0,274.35,0.15
2015-02-05 15:00:00,2.8,101015.0,274.65,0.15
2015-02-05 15:15:00,3.1,101020.0,274.54999999999995,0.15
2015-02-05 15:30:00,4.05,101035.0,274.2,0.15
2015-02-05 15:45:00,3.8,101040.0,274.15,0.15
2015-02-05 16:00:00,3.65,101050.0,274.0,0.15
2015-02-05 16:15:00,4.4,101050.0,273.54999999999995,0.15
2015-02-05 16:30:00,3.7,101060.0,273.4,0.15
2015-02-05 16:45:00,3.3,101080.0,273.54999999999995,0.15
2015-02-05 17:00:00,3.05,101105.0,273.45,0.15
2015-02-05 17:15:00,3.1,101120.0,273.45,0.15
2015-02-05 17:30:00,3.65,101135.0,273.29999999999995,0.15
2015-02-05 17:45:00,3.7,101140.0,273.35,0.15
2015-02-05 18:00:00,3.75,101155.0,273.54999999999995,0.15
2015-02-05 18:15:00,3.5,101170.0,273.54999999999995,0.15
2015-02-05 18:30:00,4.05,101175.0,273.65,0.15
2015-02-05 18:45:00,4.0,101190.0,273.65,0.15
2015-02-05 19:00:00,4.5,101190.0,273.6,0.15
2015-02-05 19:15:00,4.1,101200.0,273.54999999999995,0.15
2015-02-05 19:30:00,3.55,101200.0,273.45,0.15
2015-02-05 19:45:00,3.3,101210.0,273.35,0.15
2015-02-05 20:00:00,3.3,101215.0,273.29999999999995,0.15
2015-02-05 20:15:00,2.8,101210.0,273.25,0.15
2015-02-05 20:30:00,2.35,101205.0,273.1,0.15
2015-02-05 20:45:00,2.8,101220.0,272.75,0.15
2015-02-05 21:00:00,2.6,101215.0,272.45,0.15
2015-02-05 21:15:00,2.4,101220.0,272.25,0.15
2015-02-05 21:30:00,3.4,101245.0,271.65,0.15
2015-02-05 21:45:00,3.4,101250.0,271.54999999999995,0.15
2015-02-05 22:00:00,3.4,101255.0,271.9,0.15
2015-02-05 22:15:00,3.1,101260.0,271.95,0.15
2015-02-05 22:30:00,3.35,101265.0,272.0,0.15
2015-02-05 22:45:00,3.8,101270.0,271.54999999999995,0.15
2015-02-05 23:00:00,3.8,101285.0,271.65,0.15
2015-02-05 23:15:00,3.5,101290.0,271.75,0.15
2015-02-05 23:30:00,3.5,101295.0,271.45,0.15
2015-02-05 23:45:00,3.7,101290.0,271.45,0.15
2015-02-06 00:00:00,3.7,101285.0,271.5,0.15
2015-02-06 00:15:00,3.3,101270.0,271.54999999999995,0.15
2015-02-06 00:30:00,2.9,101275.0,271.4,0.15
2015-02-06 00:45:00,2.7,101260.0,271.35,0.15
2015-02-06 01:00:00,3.2,101250.0,271.04999999999995,0.15
2015-02-06 01:15:00,3.2,101260.0,270.85,0.15
2015-02-06 01:30:00,3.2,101260.0,271.1,0.15
2015-02-06 01:45:00,3.2,101270.0,271.45,0.15
2015-02-06 02:00:00,3.35,101260.0,271.65,0.15
2015-02-06 02:15:00,3.7,101270.0,270.85,0.15
2015-02-06 02:30:00,3.95,101275.0,270.15,0.15
2015-02-06 02:45:00,3.8,101270.0,270.54999999999995,0.15
2015-02-06 03:00:00,3.75,101275.0,270.7,0.15
2015-02-06 03:15:00,3.5,101270.0,270.65,0.15
2015-02-06 03:30:00,3.1500000000000004,101270.0,270.54999999999995,0.15
2015-02-06 03:45:00,2.8,101270.0,270.45,0.15
2015-02-06 04:00:00,2.75,101290.0,270.29999999999995,0.15
2015-02-06 04:15:00,2.9,101290.0,270.04999999999995,0.15
2015-02-06 04:30:00,3.0,101320.0,269.75,0.15
2015-02-06 04:45:00,2.8,101330.0,269.85,0.15
2015-02-06 05:00:00,2.75,101350.0,270.04999999999995,0.15
2015-02-06 05:15:00,2.6,101340.0,270.15,0.15
2015-02-06 05:30:00,2.6500000000000004,101345.0,269.79999999999995,0.15
2015-02-06 05:45:00,3.0,101330.0,269.65,0.15
2015-02-06 06:00:00,3.25,101335.0,268.85,0.15
2015-02-06 06:15:00,3.9,101340.0,268.95,0.15
2015-02-06 06:30:00,3.55,101355.0,269.2,0.15
2015-02-06 06:45:00,3.1,101370.0,269.35,0.15
2015-02-06 07:00:00,3.1500000000000004,101375.0,268.95,0.15
2015-02-06 07:15:00,3.5,101390.0,269.04999999999995,0.15
2015-02-06 07:30:00,2.75,101395.0,268.9,0.15
2015-02-06 07:45:00,2.9,101380.0,269.35,0.15
2015-02-06 08:00:00,3.45,101405.0,270.0,0.15
2015-02-06 08:15:00,3.4,101410.0,270.35,0.15
2015-02-06 08:30:00,3.9,101400.0,271.04999999999995,0.15
2015-02-06 08:45:00,4.4,101380.0,271.54999999999995,0.15
2015-02-06 09:00:00,4.05,101385.0,271.79999999999995,0.15
2015-02-06 09:15:00,5.5,101390.0,272.25,0.15
2015-02-06 09:30:00,4.9,101415.0,272.95,0.15
2015-02-06 09:45:00,3.6,101430.0,273.45,0.15
2015-02-06 10:00:00,4.75,101425.0,273.85,0.15
2015-02-06 10:15:00,4.4,101420.0,274.35,0.15
2015-02-06 10:30:00,5.300000000000001,101435.0,274.54999999999995,0.15
2015-02-06 10:45:00,5.4,101430.0,274.85,0.15
2015-02-06 11:00:00,6.65,101420.0,275.15,0.15
2015-02-06 11:15:00,6.4,101410.0,275.45,0.15
2015-02-06 11:30:00,6.050000000000001,101410.0,275.6,0.15
2015-02-06 11:45:00,6.7,101420.0,275.75,0.15
2015-02-06 12:00:00,6.95,101425.0,275.9,0.15
2015-02-06 12:15:00,6.6,101420.0,276.35,0.15
2015-02-06 12:30:00,6.4,101420.0,276.54999999999995,0.15
2015-02-06 12:45:00,6.2,101420.0,276.85,0.15
2015-02-06 13:00:00,5.699999999999999,101400.0,277.04999999999995,0.15
2015-02-06 13:15:00,6.1,101400.0,277.35,0.15
2015-02-06 13:30:00,6.25,101395.0,277.2,0.15
2015-02-06 13:45:00,4.9,101400.0,277.45,0.15
2015-02-06 14:00:00,5.75,101405.0,277.35,0.15
2015-02-06 14:15:00,5.3,101410.0,277.25,0.15
2015-02-06 14:30:00,5.45,101425.0,277.5,0.15
2015-02-06 14:45:00,5.0,101430.0,277.35,0.15
2015-02-06 15:00:00,5.3,101430.0,277.29999999999995,0.15
2015-02-06 15:15:00,5.1,101430.0,277.15,0.15
2015-02-06 15:30:00,4.8,101445.0,276.95,0.15
2015-02-06 15:45:00,5.3,101460.0,276.65,0.15
2015-02-06 16:00:00,4.8,101470.0,276.4,0.15
2015-02-06 16:15:00,3.7,101480.0,276.04999999999995,0.15
2015-02-06 16:30:00,3.55,101480.0,275.7,0.15
2015-02-06 16:45:00,3.5,101510.0,275.04999999999995,0.15
2015-02-06 17:00:00,3.6,101525.0,274.79999999999995,0.15
2015-02-06 17:15:00,3.0,101540.0,274.04999999999995,0.15
2015-02-06 17:30:00,3.25,101560.0,273.95,0.15
2015-02-06 17:45:00,3.7,101560.0,273.54999999999995,0.15
2015-02-06 18:00:00,4.6,101565.0,273.5,0.15
2015-02-06 18:15:00,3.9,101570.0,273.35,0.15
2015-02-06 18:30:00,2.75,101580.0,273.29999999999995,0.15
2015-02-06 18:45:00,1.7,101590.0,273.35,0.15
2015-02-06 19:00:00,1.05,101615.0,273.04999999999995,0.15
2015-02-06 19:15:00,0.1,101600.0,272.75,0.15
2015-02-06 19:30:00,0.55,101600.0,270.85,0.15
2015-02-06 19:45:00,0.0,101620.0,271.45,0.15
2015-02-06 20:00:00,0.8,101640.0,271.54999999999995,0.15
2015-02-06 20:15:00,1.4,101640.0,270.65,0.15
2015-02-06 20:30:00,1.55,101645.0,271.29999999999995,0.15
2015-02-06 20:45:00,1.7,101650.0,270.04999999999995,0.15
2015-02-06 21:00:00,1.65,101670.0,270.79999999999995,0.15
2015-02-06 21:15:00,1.3,101690.0,271.04999999999995,0.15
2015-02-06 21:30:00,1.5499999999999998,101710.0,270.79999999999995,0.15
2015-02-06 21:45:00,1.8,101710.0,270.65,0.15
2015-02-06 22:00:00,1.85,101715.0,270.79999999999995,0.15
2015-02-06 22:15:00,1.1,101720.0,270.65,0.15
2015-02-06 22:30:00,0.8500000000000001,101725.0,271.0,0.15
2015-02-06 22:45:00,1.7,101730.0,270.85,0.15
2015-02-06 23:00:00,1.1,101740.0,270.65,0.15
2015-02-06 23:15:00,0.9,101740.0,270.85,0.15
2015-02-06 23:30:00,0.7,101735.0,271.1,0.15
2015-02-06 23:45:00,0.6,101730.0,271.85,0.15
2015-02-07 00:00:00,0.7,101735.0,270.0,0.15
2015-02-07 00:15:00,1.0,101750.0,269.45,0.15
2015-02-07 00:30:00,0.55,101760.0,269.5,0.15
2015-02-07 00:45:00,1.2,101780.0,269.54999999999995,0.15
2015-02-07 01:00:00,1.9,101795.0,269.6,0.15
2015-02-07 01:15:00,2.3,101800.0,268.85,0.15
2015-02-07 01:30:00,1.25,101800.0,268.75,0.15
2015-02-07 01:45:00,0.6,101790.0,268.65,0.15
2015-02-07 02:00:00,0.4499999999999999,101795.0,268.85,0.15
2015-02-07 02:15:00,0.7,101820.0,268.75,0.15
2015-02-07 02:30:00,0.55,101845.0,267.75,0.15
2015-02-07 02:45:00,0.7,101850.0,268.75,0.15
2015-02-07 03:00:00,1.1,101840.0,269.29999999999995,0.15
2015-02-07 03:15:00,0.5,101840.0,267.85,0.15
2015-02-07 03:30:00,1.0,101830.0,267.75,0.15
2015-02-07 03:45:00,1.0,101830.0,267.54999999999995,0.15
2015-02-07 04:00:00,0.3,101835.0,267.75,0.15
2015-02-07 04:15:00,0.4,101840.0,268.15,0.15
2015-02-07 04:30:00,0.15,101840.0,267.4,0.15
2015-02-07 04:45:00,0.4,101830.0,267.15,0.15
2015-02-07 05:00:00,0.65,101850.0,266.79999999999995,0.15
2015-02-07 05:15:00,0.4,101870.0,267.54999999999995,0.15
2015-02-07 05:30:00,1.1,101850.0,267.6,0.15
2015-02-07 05:45:00,1.4,101840.0,266.15,0.15
2015-02-07 06:00:00,1.7999999999999998,101835.0,266.79999999999995,0.15
2015-02-07 06:15:00,0.4,101850.0,267.35,0.15
2015-02-07 06:30:00,0.65,101865.0,267.5,0.15
2015-02-07 06:45:00,0.9,101890.0,265.85,0.15
2015-02-07 07:00:00,1.1,101895.0,266.25,0.15
2015-02-07 07:15:00,0.5,101920.0,266.54999999999995,0.15
2015-02-07 07:30:00,0.95,101945.0,266.85,0.15
2015-02-07 07:45:00,0.8,101970.0,268.45,0.15
2015-02-07 08:00:00,0.45,101980.0,268.1,0.15
2015-02-07 08:15:00,0.5,101990.0,270.35,0.15
2015-02-07 08:30:00,0.4499999999999999,102000.0,271.0,0.15
2015-02-07 08:45:00,0.4,101990.0,271.85,0.15
2015-02-07 09:00:00,0.8,102000.0,272.29999999999995,0.15
2015-02-07 09:15:00,0.9,102010.0,272.85,0.15
2015-02-07 09:30:00,0.6,102015.0,273.15,0.15
2015-02-07 09:45:00,0.7,102020.0,273.75,0.15
2015-02-07 10:00:00,1.0,102025.0,274.35,0.15
2015-02-07 10:15:00,1.2,102030.0,274.95,0.15
2015-02-07 10:30:00,1.1,102015.0,275.54999999999995,0.15
2015-02-07 10:45:00,1.5,102000.0,275.65,0.15
2015-02-07 11:00:00,1.25,101990.0,276.0,0.15
2015-02-07 11:15:00,1.0,101960.0,276.65,0.15
2015-02-07 11:30:00,1.65,101965.0,276.54999999999995,0.15
2015-02-07 11:45:00,1.7,101940.0,277.35,0.15
2015-02-07 12:00:00,1.6,101920.0,277.6,0.15
2015-02-07 12:15:00,1.8,101890.0,277.75,0.15
2015-02-07 12:30:00,2.7,101915.0,277.85,0.15
2015-02-07 12:45:00,4.0,101900.0,278.04999999999995,0.15
2015-02-07 13:00:00,3.9,101875.0,277.95,0.15
2015-02-07 13:15:00,3.4,101830.0,278.15,0.15
2015-02-07 13:30:00,2.65,101795.0,278.2,0.15
2015-02-07 13:45:00,2.3,101770.0,278.25,0.15
2015-02-07 14:00:00,3.4,101790.0,278.5,0.15
2015-02-07 14:15:00,4.1,101790.0,278.35,0.15
2015-02-07 14:30:00,4.85,101820.0,278.45,0.15
2015-02-07 14:45:00,6.1,101820.0,278.65,0.15
2015-02-07 15:00:00,4.35,101810.0,278.5,0.15
2015-02-07 15:15:00,3.1,101800.0,278.04999999999995,0.15
2015-02-07 15:30:00,3.65,101810.0,277.9,0.15
2015-02-07 15:45:00,3.1,101790.0,277.75,0.15
2015-02-07 16:00:00,2.5,101785.0,277.45,0.15
2015-02-07 16:15:00,3.1,101780.0,277.45,0.15
2015-02-07 16:30:00,2.8,101780.0,277.25,0.15
2015-02-07 16:45:00,3.8,101780.0,277.25,0.15
2015-02-07 17:00:00,4.300000000000001,101795.0,277.04999999999995,0.15
2015-02-07 17:15:00,3.3,101840.0,277.04999999999995,0.15
2015-02-07 17:30:00,4.55,101840.0,276.65,0.15
2015-02-07 17:45:00,3.5,101800.0,276.15,0.15
2015-02-07 18:00:00,2.55,101795.0,276.0,0.15
2015-02-07 18:15:00,2.5,101790.0,275.95,0.15
2015-02-07 18:30:00,3.3,101780.0,276.0,0.15
2015-02-07 18:45:00,3.1,101760.0,276.04999999999995,0.15
2015-02-07 19:00:00,2.75,101780.0,276.04999999999995,0.15
2015-02-07 19:15:00,2.2,101700.0,276.15,0.15
2015-02-07 19:30:00,2.7,101735.0,276.15,0.15
2015-02-07 19:45:00,3.2,101720.0,276.25,0.15
2015-02-07 20:00:00,3.45,101705.0,276.4,0.15
2015-02-07 20:15:00,3.5,101710.0,276.45,0.15
2015-02-07 20:30:00,3.1500000000000004,101695.0,276.5,0.15
2015-02-07 20:45:00,3.1,101670.0,276.65,0.15
2015-02-07 21:00:00,3.95,101690.0,276.79999999999995,0.15
2015-02-07 21:15:00,4.1,101680.0,276.85,0.15
2015-02-07 21:30:00,4.45,101640.0,277.0,0.15
2015-02-07 21:45:00,4.5,101660.0,277.15,0.15
2015-02-07 22:00:00,4.0,101625.0,277.2,0.15
2015-02-07 22:15:00,4.0,101590.0,277.35,0.15
2015-02-07 22:30:00,4.1,101590.0,277.35,0.15
2015-02-07 22:45:00,4.5,101580.0,277.35,0.15
2015-02-07 23:00:00,5.05,101585.0,277.45,0.15
2015-02-07 23:15:00,4.2,101570.0,277.54999999999995,0.15
2015-02-07 23:30:00,4.0,101555.0,277.79999999999995,0.15
2015-02-07 23:45:00,4.2,101530.0,277.75,0.15
2015-02-08 00:00:00,4.699999999999999,101515.0,277.75,0.15
2015-02-08 00:15:00,3.5,101500.0,277.75,0.15
2015-02-08 00:30:00,4.1,101485.0,277.75,0.15
2015-02-08 00:45:00,4.8,101530.0,277.85,0.15
2015-02-08 01:00:00,4.75,101500.0,277.79999999999995,0.15
2015-02-08 01:15:00,4.5,101500.0,277.85,0.15
2015-02-08 01:30:00,4.55,101465.0,277.75,0.15
2015-02-08 01:45:00,5.6,101450.0,277.85,0.15
2015-02-08 02:00:00,4.65,101450.0,277.7,0.15
2015-02-08 02:15:00,4.4,101460.0,277.54999999999995,0.15
2015-02-08 02:30:00,4.85,101435.0,277.29999999999995,0.15
2015-02-08 02:45:00,4.2,101450.0,277.25,0.15
2015-02-08 03:00:00,4.9,101440.0,277.54999999999995,0.15
2015-02-08 03:15:00,5.0,101430.0,277.65,0.15
2015-02-08 03:30:00,5.25,101400.0,277.7,0.15
2015-02-08 03:45:00,6.2,101420.0,277.15,0.15
2015-02-08 04:00:00,5.699999999999999,101380.0,277.6,0.15
2015-02-08 04:15:00,5.4,101380.0,277.54999999999995,0.15
2015-02-08 04:30:00,6.65,101395.0,277.54999999999995,0.15
2015-02-08 04:45:00,5.6,101400.0,277.35,0.15
2015-02-08 05:00:00,5.3,101430.0,277.29999999999995,0.15
2015-02-08 05:15:00,5.5,101420.0,277.35,0.15
2015-02-08 05:30:00,6.9,101440.0,277.29999999999995,0.15
2015-02-08 05:45:00,7.0,101470.0,277.35,0.15
2015-02-08 06:00:00,6.449999999999999,101495.0,277.2,0.15
2015-02-08 06:15:00,6.4,101500.0,277.45,0.15
2015-02-08 06:30:00,6.3,101530.0,277.1,0.15
2015-02-08 06:45:00,5.1,101560.0,276.85,0.15
2015-02-08 07:00:00,4.550000000000001,101550.0,276.75,0.15
2015-02-08 07:15:00,5.1,101560.0,276.85,0.15
2015-02-08 07:30:00,5.4,101555.0,276.95,0.15
2015-02-08 07:45:00,4.7,101560.0,276.75,0.15
2015-02-08 08:00:00,5.35,101585.0,276.95,0.15
2015-02-08 08:15:00,6.9,101630.0,276.95,0.15
2015-02-08 08:30:00,6.1,101625.0,277.0,0.15
2015-02-08 08:45:00,5.7,101640.0,277.15,0.15
2015-02-08 09:00:00,6.05,101675.0,277.25,0.15
2015-02-08 09:15:00,6.6,101700.0,277.25,0.15
2015-02-08 09:30:00,6.2,101725.0,277.29999999999995,0.15
2015-02-08 09:45:00,5.9,101740.0,277.35,0.15
2015-02-08 10:00:00,5.199999999999999,101760.0,277.4,0.15
2015-02-08 10:15:00,5.0,101760.0,277.45,0.15
2015-02-08 10:30:00,5.449999999999999,101785.0,277.6,0.15
2015-02-08 10:45:00,5.8,101800.0,277.65,0.15
2015-02-08 11:00:00,5.800000000000001,101790.0,278.15,0.15
2015-02-08 11:15:00,5.9,101810.0,278.04999999999995,0.15
2015-02-08 11:30:00,5.85,101800.0,278.04999999999995,0.15
2015-02-08 11:45:00,5.4,101770.0,278.04999999999995,0.15
2015-02-08 12:00:00,5.3,101790.0,278.54999999999995,0.15
2015-02-08 12:15:00,6.6,101790.0,278.35,0.15
2015-02-08 12:30:00,6.2,101785.0,277.95,0.15
2015-02-08 12:45:00,6.0,101800.0,277.95,0.15
2015-02-08 13:00:00,5.550000000000001,101790.0,277.79999999999995,0.15
2015-02-08 13:15:00,5.2,101790.0,278.35,0.15
2015-02-08 13:30:00,5.95,101805.0,278.04999999999995,0.15
2015-02-08 13:45:00,6.5,101800.0,278.04999999999995,0.15
2015-02-08 14:00:00,5.5,101820.0,278.45,0.15
2015-02-08 14:15:00,5.7,101830.0,278.15,0.15
2015-02-08 14:30:00,5.4,101845.0,278.6,0.15
2015-02-08 14:45:00,5.0,101850.0,278.25,0.15
2015-02-08 15:00:00,4.9,101845.0,278.0,0.15
2015-02-08 15:15:00,5.2,101870.0,277.95,0.15
2015-02-08 15:30:00,5.2,101895.0,277.85,0.15
2015-02-08 15:45:00,4.1,101890.0,277.65,0.15
2015-02-08 16:00:00,4.449999999999999,101900.0,277.0,0.15
2015-02-08 16:15:00,4.2,101900.0,276.95,0.15
2015-02-08 16:30:00,4.0,101915.0,276.75,0.15
2015-02-08 16:45:00,3.2,101920.0,275.54999999999995,0.15
2015-02-08 17:00:00,3.3,101950.0,275.15,0.15
2015-02-08 17:15:00,3.1,101940.0,275.15,0.15
2015-02-08 17:30:00,3.0,101960.0,274.85,0.15
2015-02-08 17:45:00,2.3,101970.0,275.25,0.15
2015-02-08 18:00:00,2.35,101970.0,275.2,0.15
2015-02-08 18:15:00,2.0,101990.0,275.04999999999995,0.15
2015-02-08 18:30:00,2.1500000000000004,101995.0,275.25,0.15
2015-02-08 18:45:00,1.9,102020.0,274.15,0.15
2015-02-08 19:00:00,1.05,102035.0,274.7,0.15
2015-02-08 19:15:00,1.1,102030.0,274.75,0.15
2015-02-08 19:30:00,0.65,102030.0,274.75,0.15
2015-02-08 19:45:00,0.6,102030.0,274.85,0.15
2015-02-08 20:00:00,1.0,102035.0,274.7,0.15
2015-02-08 20:15:00,1.1,102030.0,274.75,0.15
2015-02-08 20:30:00,1.25,102030.0,274.65,0.15
2015-02-08 20:45:00,1.8,102030.0,274.54999999999995,0.15
2015-02-08 21:00:00,1.85,102010.0,275.15,0.15
2015-02-08 21:15:00,2.1,102000.0,275.25,0.15
2015-02-08 21:30:00,2.5,102010.0,275.29999999999995,0.15
2015-02-08 21:45:00,3.1,102000.0,275.45,0.15
2015-02-08 22:00:00,2.4,101995.0,276.04999999999995,0.15
2015-02-08 22:15:00,2.7,101980.0,276.15,0.15
2015-02-08 22:30:00,2.55,101975.0,276.5,0.15
2015-02-08 22:45:00,2.6,101980.0,276.75,0.15
2015-02-08 23:00:00,2.45,101975.0,276.75,0.15
2015-02-08 23:15:00,2.2,101960.0,276.75,0.15
2015-02-08 23:30:00,2.1500000000000004,101945.0,276.5,0.15
2015-02-08 23:45:00,2.6,101940.0,276.95,0.15
2015-02-09 00:00:00,2.25,101920.0,276.9,0.15
2015-02-09 00:15:00,2.2,101910.0,276.75,0.15
2015-02-09 00:30:00,2.45,101915.0,277.0,0.15
2015-02-09 00:45:00,2.2,101910.0,276.65,0.15
2015-02-09 01:00:00,2.55,101895.0,276.7,0.15
2015-02-09 01:15:00,2.4,101890.0,276.75,0.15
2015-02-09 01:30:00,2.35,101885.0,276.65,0.15
2015-02-09 01:45:00,2.7,101870.0,276.75,0.15
2015-02-09 02:00:00,2.9,101850.0,276.75,0.15
2015-02-09 02:15:00,3.0,101830.0,276.85,0.15
2015-02-09 02:30:00,3.7,101815.0,277.04999999999995,0.15
2015-02-09 02:45:00,3.1,101800.0,277.04999999999995,0.15
2015-02-09 03:00:00,2.65,101785.0,277.04999999999995,0.15
2015-02-09 03:15:00,3.0,101760.0,277.25,0.15
2015-02-09 03:30:00,3.55,101745.0,277.2,0.15
2015-02-09 03:45:00,3.0,101740.0,277.35,0.15
2015-02-09 04:00:00,3.15,101720.0,277.35,0.15
2015-02-09 04:15:00,3.5,101720.0,277.45,0.15
2015-02-09 04:30:00,3.9,101715.0,277.45,0.15
2015-02-09 04:45:00,4.0,101710.0,277.54999999999995,0.15
2015-02-09 05:00:00,4.4,101730.0,277.54999999999995,0.15
2015-02-09 05:15:00,4.4,101730.0,277.54999999999995,0.15
2015-02-09 05:30:00,4.1,101750.0,277.6,0.15
2015-02-09 05:45:00,3.8,101760.0,277.75,0.15
2015-02-09 06:00:00,3.9,101770.0,277.79999999999995,0.15
2015-02-09 06:15:00,3.8,101760.0,277.75,0.15
2015-02-09 06:30:00,3.9,101755.0,277.6,0.15
2015-02-09 06:45:00,3.8,101760.0,277.65,0.15
2015-02-09 07:00:00,3.9,101760.0,277.6,0.15
2015-02-09 07:15:00,3.2,101760.0,277.54999999999995,0.15
2015-02-09 07:30:00,3.15,101780.0,277.45,0.15
2015-02-09 07:45:00,2.7,101780.0,277.35,0.15
2015-02-09 08:00:00,2.95,101780.0,277.35,0.15
2015-02-09 08:15:00,3.5,101770.0,277.45,0.15
2015-02-09 08:30:00,2.85,101770.0,277.5,0.15
2015-02-09 08:45:00,3.3,101770.0,277.54999999999995,0.15
2015-02-09 09:00:00,3.35,101765.0,277.7,0.15
2015-02-09 09:15:00,3.3,101750.0,277.75,0.15
2015-02-09 09:30:00,3.4,101755.0,277.85,0.15
2015-02-09 09:45:00,3.4,101760.0,277.85,0.15
2015-02-09 10:00:00,4.2,101755.0,277.95,0.15
2015-02-09 10:15:00,4.2,101750.0,278.04999999999995,0.15
2015-02-09 10:30:00,4.75,101760.0,278.2,0.15
2015-02-09 10:45:00,4.4,101750.0,278.25,0.15
2015-02-09 11:00:00,4.85,101740.0,278.35,0.15
2015-02-09 11:15:00,4.1,101720.0,278.45,0.15
2015-02-09 11:30:00,4.65,101695.0,278.7,0.15
2015-02-09 11:45:00,4.7,101680.0,278.95,0.15
2015-02-09 12:00:00,5.1,101675.0,278.85,0.15
2015-02-09 12:15:00,5.3,101670.0,279.04999999999995,0.15
2015-02-09 12:30:00,5.1,101680.0,279.04999999999995,0.15
2015-02-09 12:45:00,5.1,101680.0,279.25,0.15
2015-02-09 13:00:00,4.8,101670.0,279.0,0.15
2015-02-09 13:15:00,4.7,101660.0,278.95,0.15
2015-02-09 13:30:00,4.55,101660.0,278.9,0.15
2015-02-09 13:45:00,4.4,101670.0,278.95,0.15
2015-02-09 14:00:00,4.0,101670.0,278.95,0.15
2015-02-09 14:15:00,3.9,101670.0,279.15,0.15
2015-02-09 14:30:00,3.35,101670.0,279.2,0.15
2015-02-09 14:45:00,3.4,101680.0,279.15,0.15
2015-02-09 15:00:00,3.5,101685.0,279.15,0.15
2015-02-09 15:15:00,3.8,101680.0,279.15,0.15
2015-02-09 15:30:00,4.1,101695.0,279.2,0.15
2015-02-09 15:45:00,4.4,101690.0,279.25,0.15
2015-02-09 16:00:00,3.8,101700.0,279.2,0.15
2015-02-09 16:15:00,4.1,101700.0,279.15,0.15
2015-02-09 16:30:00,4.550000000000001,101710.0,279.15,0.15
2015-02-09 16:45:00,4.8,101720.0,279.25,0.15
2015-02-09 17:00:00,4.4,101725.0,279.15,0.15
2015-02-09 17:15:00,3.7,101740.0,279.04999999999995,0.15
2015-02-09 17:30:00,4.199999999999999,101745.0,279.1,0.15
2015-02-09 17:45:00,4.5,101750.0,279.04999999999995,0.15
2015-02-09 18:00:00,4.5,101750.0,279.1,0.15
2015-02-09 18:15:00,4.2,101760.0,279.04999999999995,0.15
2015-02-09 18:30:00,4.35,101755.0,279.0,0.15
2015-02-09 18:45:00,4.1,101760.0,279.04999999999995,0.15
2015-02-09 19:00:00,3.15,101770.0,278.95,0.15
2015-02-09 19:15:00,3.1,101790.0,279.04999999999995,0.15
2015-02-09 19:30:00,3.55,101795.0,279.0,0.15
2015-02-09 19:45:00,4.3,101810.0,279.04999999999995,0.15
2015-02-09 20:00:00,3.95,101810.0,279.04999999999995,0.15
2015-02-09 20:15:00,3.6,101820.0,279.04999999999995,0.15
2015-02-09 20:30:00,4.35,101835.0,279.0,0.15
2015-02-09 20:45:00,3.9,101830.0,278.95,0.15
2015-02-09 21:00:00,3.2,101830.0,278.95,0.15
2015-02-09 21:15:00,3.0,101830.0,278.85,0.15
2015-02-09 21:30:00,2.9,101840.0,278.9,0.15
2015-02-09 21:45:00,3.1,101840.0,278.95,0.15
2015-02-09 22:00:00,3.4,101830.0,278.85,0.15
2015-02-09 22:15:00,3.9,101830.0,278.85,0.15
2015-02-09 22:30:00,3.35,101830.0,278.9,0.15
2015-02-09 22:45:00,3.6,101830.0,278.95,0.15
2015-02-09 23:00:00,3.5,101830.0,279.0,0.15
2015-02-09 23:15:00,3.6,101820.0,278.95,0.15
2015-02-09 23:30:00,3.1,101820.0,278.95,0.15
2015-02-09 23:45:00,3.1,101810.0,278.95,0.15
2015-02-10 00:00:00,3.05,101810.0,278.95,0.15
2015-02-10 00:15:00,2.9,101820.0,278.95,0.15
2015-02-10 00:30:00,2.5,101815.0,278.95,0.15
2015-02-10 00:45:00,2.7,101830.0,279.04999999999995,0.15
2015-02-10 01:00:00,2.85,101835.0,278.95,0.15
2015-02-10 01:15:00,2.3,101840.0,278.95,0.15
2015-02-10 01:30:00,2.4000000000000004,101840.0,278.85,0.15
2015-02-10 01:45:00,3.0,101840.0,278.85,0.15
2015-02-10 02:00:00,3.0,101830.0,278.85,0.15
2015-02-10 02:15:00,2.9,101820.0,278.85,0.15
2015-02-10 02:30:00,3.15,101830.0,278.79999999999995,0.15
2015-02-10 02:45:00,3.2,101830.0,278.85,0.15
2015-02-10 03:00:00,2.95,101830.0,278.85,0.15
2015-02-10 03:15:00,3.1,101840.0,278.85,0.15
2015-02-10 03:30:00,3.0,101850.0,278.85,0.15
2015-02-10 03:45:00,3.3,101860.0,278.75,0.15
2015-02-10 04:00:00,2.9,101860.0,278.7,0.15
2015-02-10 04:15:00,3.5,101860.0,278.75,0.15
2015-02-10 04:30:00,3.2,101875.0,278.75,0.15
2015-02-10 04:45:00,3.5,101880.0,278.75,0.15
2015-02-10 05:00:00,2.95,101860.0,278.65,0.15
2015-02-10 05:15:00,3.2,101860.0,278.65,0.15
2015-02-10 05:30:00,3.1,101860.0,278.65,0.15
2015-02-10 05:45:00,3.0,101850.0,278.65,0.15
2015-02-10 06:00:00,2.75,101860.0,278.54999999999995,0.15
2015-02-10 06:15:00,2.5,101870.0,278.65,0.15
2015-02-10 06:30:00,2.75,101875.0,278.65,0.15
2015-02-10 06:45:00,2.7,101890.0,278.65,0.15
2015-02-10 07:00:00,2.5,101900.0,278.65,0.15
2015-02-10 07:15:00,2.6,101910.0,278.65,0.15
2015-02-10 07:30:00,2.7,101915.0,278.7,0.15
2015-02-10 07:45:00,2.3,101930.0,278.75,0.15
2015-02-10 08:00:00,2.05,101930.0,278.85,0.15
2015-02-10 08:15:00,2.3,101940.0,278.85,0.15
2015-02-10 08:30:00,2.1500000000000004,101940.0,278.9,0.15
2015-02-10 08:45:00,2.3,101950.0,279.04999999999995,0.15
2015-02-10 09:00:00,2.3,101955.0,279.15,0.15
2015-02-10 09:15:00,3.5,101970.0,279.25,0.15
2015-02-10 09:30:00,3.35,101975.0,279.2,0.15
2015-02-10 09:45:00,2.9,101990.0,279.15,0.15
2015-02-10 10:00:00,2.75,101990.0,279.25,0.15
2015-02-10 10:15:00,2.7,102000.0,279.25,0.15
2015-02-10 10:30:00,2.9,102000.0,279.25,0.15
2015-02-10 10:45:00,2.8,102000.0,279.25,0.15
2015-02-10 11:00:00,2.7,101985.0,279.4,0.15
2015-02-10 11:15:00,3.0,101970.0,279.54999999999995,0.15
2015-02-10 11:30:00,2.35,101965.0,279.4,0.15
2015-02-10 11:45:00,2.0,101960.0,279.35,0.15
2015-02-10 12:00:00,2.0,101945.0,279.29999999999995,0.15
2015-02-10 12:15:00,1.8,101930.0,279.45,0.15
2015-02-10 12:30:00,1.95,101930.0,279.35,0.15
2015-02-10 12:45:00,2.5,101920.0,279.45,0.15
2015-02-10 13:00:00,2.0,101920.0,279.6,0.15
2015-02-10 13:15:00,2.3,101920.0,279.45,0.15
2015-02-10 13:30:00,2.35,101920.0,279.45,0.15
2015-02-10 13:45:00,2.4,101910.0,279.54999999999995,0.15
2015-02-10 14:00:00,1.85,101915.0,279.6,0.15
2015-02-10 14:15:00,1.4,101910.0,279.65,0.15
2015-02-10 14:30:00,1.65,101920.0,279.5,0.15
2015-02-10 14:45:00,1.9,101910.0,279.54999999999995,0.15
2015-02-10 15:00:00,1.7000000000000002,101905.0,279.5,0.15
2015-02-10 15:15:00,1.6,101900.0,279.54999999999995,0.15
2015-02-10 15:30:00,1.4500000000000002,101885.0,279.54999999999995,0.15
2015-02-10 15:45:00,1.4,101880.0,279.54999999999995,0.15
2015-02-10 16:00:00,1.55,101880.0,279.29999999999995,0.15
2015-02-10 16:15:00,1.4,101890.0,279.04999999999995,0.15
2015-02-10 16:30:00,1.05,101885.0,279.04999999999995,0.15
2015-02-10 16:45:00,0.5,101890.0,279.15,0.15
2015-02-10 17:00:00,0.65,101895.0,278.95,0.15
2015-02-10 17:15:00,1.5,101900.0,278.85,0.15
2015-02-10 17:30:00,2.25,101910.0,278.79999999999995,0.15
2015-02-10 17:45:00,2.7,101920.0,278.65,0.15
2015-02-10 18:00:00,2.1,101920.0,278.9,0.15
2015-02-10 18:15:00,2.4,101910.0,278.85,0.15
2015-02-10 18:30:00,2.1,101915.0,278.9,0.15
2015-02-10 18:45:00,1.7,101920.0,278.85,0.15
2015-02-10 19:00:00,2.3,101905.0,278.7,0.15
2015-02-10 19:15:00,2.3,101900.0,278.65,0.15
2015-02-10 19:30:00,1.7000000000000002,101890.0,278.65,0.15
2015-02-10 19:45:00,2.0,101890.0,278.75,0.15
2015-02-10 20:00:00,1.8,101890.0,278.75,0.15
2015-02-10 20:15:00,1.6,101900.0,278.75,0.15
2015-02-10 20:30:00,1.7999999999999998,101900.0,278.5,0.15
2015-02-10 20:45:00,2.2,101900.0,278.45,0.15
2015-02-10 21:00:00,2.25,101885.0,278.7,0.15
2015-02-10 21:15:00,1.9,101870.0,278.75,0.15
2015-02-10 21:30:00,2.1,101855.0,278.79999999999995,0.15
2015-02-10 21:45:00,2.7,101840.0,278.85,0.15
2015-02-10 22:00:00,2.65,101830.0,278.95,0.15
2015-02-10 22:15:00,3.0,101820.0,278.85,0.15
2015-02-10 22:30:00,2.5,101810.0,278.75,0.15
2015-02-10 22:45:00,2.6,101800.0,278.75,0.15
2015-02-10 23:00:00,2.5,101790.0,278.65,0.15
2015-02-10 23:15:00,3.0,101780.0,278.54999999999995,0.15
2015-02-10 23:30:00,2.65,101775.0,278.54999999999995,0.15
2015-02-10 23:45:00,2.4,101770.0,278.54999999999995,0.15
2015-02-11 00:00:00,3.35,101755.0,278.45,0.15
2015-02-11 00:15:00,2.7,101750.0,278.35,0.15
2015-02-11 00:30:00,2.9,101745.0,278.25,0.15
2015-02-11 00:45:00,3.3,101740.0,278.15,0.15
2015-02-11 01:00:00,3.4,101735.0,278.04999999999995,0.15
2015-02-11 01:15:00,3.4,101720.0,277.95,0.15
2015-02-11 01:30:00,3.4,101705.0,277.95,0.15
2015-02-11 01:45:00,3.2,101690.0,277.85,0.15
2015-02-11 02:00:00,2.65,101665.0,277.95,0.15
2015-02-11 02:15:00,2.4,101650.0,277.95,0.15
2015-02-11 02:30:00,2.7,101645.0,277.85,0.15
2015-02-11 02:45:00,2.5,101640.0,277.85,0.15
2015-02-11 03:00:00,3.15,101630.0,277.75,0.15
2015-02-11 03:15:00,3.1,101630.0,277.75,0.15
2015-02-11 03:30:00,3.4,101610.0,277.75,0.15
2015-02-11 03:45:00,4.2,101590.0,277.75,0.15
2015-02-11 04:00:00,3.45,101590.0,277.75,0.15
2015-02-11 04:15:00,3.4,101590.0,277.85,0.15
2015-02-11 04:30:00,3.1,101580.0,277.85,0.15
2015-02-11 04:45:00,2.7,101580.0,277.85,0.15
2015-02-11 05:00:00,2.8,101570.0,277.75,0.15
2015-02-11 05:15:00,2.6,101560.0,277.75,0.15
2015-02-11 05:30:00,2.8,101565.0,277.85,0.15
2015-02-11 05:45:00,2.1,101560.0,277.85,0.15
2015-02-11 06:00:00,2.4000000000000004,101545.0,277.79999999999995,0.15
2015-02-11 06:15:00,3.3,101540.0,277.75,0.15
2015-02-11 06:30:00,3.8,101545.0,277.75,0.15
2015-02-11 06:45:00,4.2,101560.0,277.65,0.15
2015-02-11 07:00:00,3.9,101560.0,277.6,0.15
2015-02-11 07:15:00,4.3,101550.0,277.65,0.15
2015-02-11 07:30:00,4.15,101560.0,277.65,0.15
2015-02-11 07:45:00,4.6,101550.0,277.54999999999995,0.15
2015-02-11 08:00:00,4.949999999999999,101550.0,277.54999999999995,0.15
2015-02-11 08:15:00,4.4,101570.0,277.35,0.15
2015-02-11 08:30:00,4.4,101560.0,277.4,0.15
2015-02-11 08:45:00,5.0,101550.0,277.45,0.15
2015-02-11 09:00:00,5.05,101555.0,277.35,0.15
2015-02-11 09:15:00,4.0,101550.0,277.25,0.15
2015-02-11 09:30:00,4.449999999999999,101550.0,277.35,0.15
2015-02-11 09:45:00,4.9,101550.0,277.35,0.15
2015-02-11 10:00:00,4.2,101550.0,277.35,0.15
2015-02-11 10:15:00,5.2,101540.0,277.45,0.15
2015-02-11 10:30:00,5.0,101535.0,277.6,0.15
2015-02-11 10:45:00,5.0,101510.0,278.04999999999995,0.15
2015-02-11 11:00:00,5.2,101500.0,277.95,0.15
2015-02-11 11:15:00,5.3,101490.0,277.75,0.15
2015-02-11 11:30:00,4.300000000000001,101465.0,277.85,0.15
2015-02-11 11:45:00,4.5,101450.0,277.85,0.15
2015-02-11 12:00:00,4.949999999999999,101435.0,278.04999999999995,0.15
2015-02-11 12:15:00,4.3,101410.0,278.25,0.15
2015-02-11 12:30:00,4.1,101410.0,278.15,0.15
2015-02-11 12:45:00,4.8,101380.0,278.35,0.15
2015-02-11 13:00:00,4.7,101355.0,278.2,0.15
2015-02-11 13:15:00,5.1,101340.0,278.15,0.15
2015-02-11 13:30:00,5.0,101325.0,278.5,0.15
2015-02-11 13:45:00,4.7,101310.0,278.65,0.15
2015-02-11 14:00:00,5.050000000000001,101285.0,278.9,0.15
2015-02-11 14:15:00,4.4,101260.0,279.04999999999995,0.15
2015-02-11 14:30:00,4.949999999999999,101255.0,278.95,0.15
2015-02-11 14:45:00,5.0,101240.0,279.35,0.15
2015-02-11 15:00:00,5.050000000000001,101220.0,279.1,0.15
2015-02-11 15:15:00,5.2,101210.0,279.15,0.15
2015-02-11 15:30:00,4.95,101205.0,278.9,0.15
2015-02-11 15:45:00,4.2,101200.0,278.85,0.15
2015-02-11 16:00:00,4.25,101200.0,278.54999999999995,0.15
2015-02-11 16:15:00,4.6,101190.0,278.25,0.15
2015-02-11 16:30:00,3.95,101185.0,277.85,0.15
2015-02-11 16:45:00,4.0,101180.0,277.45,0.15
2015-02-11 17:00:00,4.199999999999999,101180.0,277.2,0.15
2015-02-11 17:15:00,4.0,101190.0,276.85,0.15
2015-02-11 17:30:00,4.199999999999999,101200.0,276.85,0.15
2015-02-11 17:45:00,4.4,101180.0,276.75,0.15
2015-02-11 18:00:00,4.6,101185.0,276.29999999999995,0.15
2015-02-11 18:15:00,4.8,101180.0,276.04999999999995,0.15
2015-02-11 18:30:00,4.25,101190.0,275.95,0.15
2015-02-11 18:45:00,3.8,101190.0,275.85,0.15
2015-02-11 19:00:00,3.9,101180.0,275.85,0.15
2015-02-11 19:15:00,3.8,101180.0,275.85,0.15
2015-02-11 19:30:00,4.1,101185.0,275.75,0.15
2015-02-11 19:45:00,3.8,101180.0,275.75,0.15
2015-02-11 20:00:00,3.8,101170.0,275.85,0.15
2015-02-11 20:15:00,3.9,101180.0,276.04999999999995,0.15
2015-02-11 20:30:00,2.9000000000000004,101180.0,276.15,0.15
2015-02-11 20:45:00,2.8,101180.0,276.25,0.15
2015-02-11 21:00:00,2.95,101180.0,276.29999999999995,0.15
2015-02-11 21:15:00,4.2,101180.0,276.04999999999995,0.15
2015-02-11 21:30:00,4.0,101190.0,276.2,0.15
2015-02-11 21:45:00,3.2,101200.0,276.15,0.15
2015-02-11 22:00:00,2.95,101200.0,276.15,0.15
2015-02-11 22:15:00,3.9,101190.0,276.15,0.15
2015-02-11 22:30:00,4.4,101195.0,276.15,0.15
2015-02-11 22:45:00,3.9,101190.0,276.15,0.15
2015-02-11 23:00:00,3.85,101180.0,276.15,0.15
2015-02-11 23:15:00,3.6,101180.0,276.04999999999995,0.15
2015-02-11 23:30:00,4.1,101170.0,276.04999999999995,0.15
2015-02-11 23:45:00,4.2,101170.0,276.04999999999995,0.15
2015-02-12 00:00:00,4.5,101170.0,276.0,0.15
2015-02-12 00:15:00,3.7,101160.0,275.95,0.15
2015-02-12 00:30:00,3.25,101165.0,275.95,0.15
2015-02-12 00:45:00,4.5,101170.0,276.04999999999995,0.15
2015-02-12 01:00:00,4.0,101170.0,275.95,0.15
2015-02-12 01:15:00,4.2,101160.0,275.95,0.15
2015-02-12 01:30:00,3.95,101155.0,275.95,0.15
2015-02-12 01:45:00,3.9,101140.0,275.95,0.15
2015-02-12 02:00:00,3.1500000000000004,101140.0,275.95,0.15
2015-02-12 02:15:00,3.2,101130.0,275.95,0.15
2015-02-12 02:30:00,2.85,101125.0,275.95,0.15
2015-02-12 02:45:00,3.1,101110.0,276.04999999999995,0.15
2015-02-12 03:00:00,3.75,101095.0,275.95,0.15
2015-02-12 03:15:00,3.2,101080.0,275.95,0.15
2015-02-12 03:30:00,3.15,101080.0,275.95,0.15
2015-02-12 03:45:00,2.6,101080.0,276.04999999999995,0.15
2015-02-12 04:00:00,3.0,101075.0,276.0,0.15
2015-02-12 04:15:00,2.7,101070.0,276.04999999999995,0.15
2015-02-12 04:30:00,2.9,101050.0,276.0,0.15
2015-02-12 04:45:00,3.0,101040.0,275.95,0.15
2015-02-12 05:00:00,2.7,101040.0,276.0,0.15
2015-02-12 05:15:00,2.4,101040.0,276.04999999999995,0.15
2015-02-12 05:30:00,2.85,101040.0,276.04999999999995,0.15
2015-02-12 05:45:00,3.0,101040.0,275.95,0.15
2015-02-12 06:00:00,3.05,101045.0,275.95,0.15
2015-02-12 06:15:00,3.2,101060.0,276.04999999999995,0.15
2015-02-12 06:30:00,3.1,101065.0,276.0,0.15
2015-02-12 06:45:00,3.6,101070.0,276.04999999999995,0.15
2015-02-12 07:00:00,3.25,101075.0,276.04999999999995,0.15
2015-02-12 07:15:00,3.1,101090.0,276.04999999999995,0.15
2015-02-12 07:30:00,3.25,101100.0,276.1,0.15
2015-02-12 07:45:00,4.1,101100.0,276.15,0.15
2015-02-12 08:00:00,4.05,101105.0,276.15,0.15
2015-02-12 08:15:00,3.9,101120.0,276.25,0.15
2015-02-12 08:30:00,4.15,101115.0,276.35,0.15
2015-02-12 08:45:00,3.7,101120.0,276.45,0.15
2015-02-12 09:00:00,3.2,101120.0,276.54999999999995,0.15
2015-02-12 09:15:00,4.2,101120.0,276.65,0.15
2015-02-12 09:30:00,4.699999999999999,101115.0,276.95,0.15
2015-02-12 09:45:00,4.5,101110.0,276.85,0.15
2015-02-12 10:00:00,4.75,101115.0,277.1,0.15
2015-02-12 10:15:00,4.4,101120.0,277.35,0.15
2015-02-12 10:30:00,4.449999999999999,101110.0,277.25,0.15
2015-02-12 10:45:00,4.8,101110.0,277.54999999999995,0.15
2015-02-12 11:00:00,4.300000000000001,101100.0,277.65,0.15
2015-02-12 11:15:00,5.1,101090.0,277.85,0.15
2015-02-12 11:30:00,5.35,101080.0,278.15,0.15
2015-02-12 11:45:00,5.9,101070.0,278.04999999999995,0.15
2015-02-12 12:00:00,5.7,101050.0,278.7,0.15
2015-02-12 12:15:00,5.6,101040.0,279.15,0.15
2015-02-12 12:30:00,4.949999999999999,101025.0,279.0,0.15
2015-02-12 12:45:00,5.0,101000.0,278.95,0.15
2015-02-12 13:00:00,5.3,100995.0,279.35,0.15
2015-02-12 13:15:00,5.0,100980.0,279.25,0.15
2015-02-12 13:30:00,4.65,100975.0,279.5,0.15
2015-02-12 13:45:00,4.7,100940.0,280.04999999999995,0.15
2015-02-12 14:00:00,4.65,100940.0,280.04999999999995,0.15
2015-02-12 14:15:00,4.8,100930.0,279.85,0.15
2015-02-12 14:30:00,4.6,100920.0,279.79999999999995,0.15
2015-02-12 14:45:00,4.2,100930.0,279.54999999999995,0.15
2015-02-12 15:00:00,4.55,100920.0,279.65,0.15
2015-02-12 15:15:00,4.7,100920.0,279.54999999999995,0.15
2015-02-12 15:30:00,4.199999999999999,100920.0,279.35,0.15
2015-02-12 15:45:00,4.6,100920.0,279.15,0.15
2015-02-12 16:00:00,4.8,100905.0,278.75,0.15
2015-02-12 16:15:00,5.5,100890.0,278.45,0.15
2015-02-12 16:30:00,5.15,100900.0,278.1,0.15
2015-02-12 16:45:00,4.3,100910.0,277.85,0.15
2015-02-12 17:00:00,4.0,100920.0,277.54999999999995,0.15
2015-02-12 17:15:00,4.0,100930.0,277.45,0.15
2015-02-12 17:30:00,3.6,100935.0,277.0,0.15
2015-02-12 17:45:00,4.4,100940.0,276.85,0.15
2015-02-12 18:00:00,4.25,100940.0,276.6,0.15
2015-02-12 18:15:00,4.3,100940.0,276.45,0.15
2015-02-12 18:30:00,4.0,100940.0,276.35,0.15
2015-02-12 18:45:00,4.9,100940.0,276.15,0.15
2015-02-12 19:00:00,4.6,100950.0,276.04999999999995,0.15
2015-02-12 19:15:00,4.3,100950.0,275.85,0.15
2015-02-12 19:30:00,4.55,100940.0,275.79999999999995,0.15
2015-02-12 19:45:00,4.7,100940.0,275.54999999999995,0.15
2015-02-12 20:00:00,4.550000000000001,100945.0,275.29999999999995,0.15
2015-02-12 20:15:00,4.2,100950.0,275.25,0.15
2015-02-12 20:30:00,4.1,100950.0,275.15,0.15
2015-02-12 20:45:00,4.6,100940.0,275.15,0.15
2015-02-12 21:00:00,4.300000000000001,100950.0,275.04999999999995,0.15
2015-02-12 21:15:00,4.1,100950.0,275.04999999999995,0.15
2015-02-12 21:30:00,3.8,100955.0,274.9,0.15
2015-02-12 21:45:00,4.0,100940.0,274.95,0.15
2015-02-12 22:00:00,4.2,100940.0,274.79999999999995,0.15
2015-02-12 22:15:00,4.0,100930.0,274.85,0.15
2015-02-12 22:30:00,3.95,100915.0,274.9,0.15
2015-02-12 22:45:00,4.2,100900.0,274.75,0.15
2015-02-12 23:00:00,4.0,100900.0,274.7,0.15
2015-02-12 23:15:00,3.8,100900.0,274.54999999999995,0.15
2015-02-12 23:30:00,3.6,100895.0,274.5,0.15
2015-02-12 23:45:00,3.6,100890.0,274.45,0.15
2015-02-13 00:00:00,3.8,100875.0,274.5,0.15
2015-02-13 00:15:00,3.9,100870.0,274.35,0.15
2015-02-13 00:30:00,3.75,100860.0,274.35,0.15
2015-02-13 00:45:00,3.8,100840.0,274.35,0.15
2015-02-13 01:00:00,3.7,100845.0,274.35,0.15
2015-02-13 01:15:00,3.6,100830.0,274.35,0.15
2015-02-13 01:30:00,3.8,100830.0,274.35,0.15
2015-02-13 01:45:00,4.2,100820.0,274.25,0.15
2015-02-13 02:00:00,4.449999999999999,100800.0,274.25,0.15
2015-02-13 02:15:00,5.2,100790.0,274.35,0.15
2015-02-13 02:30:00,4.65,100775.0,274.29999999999995,0.15
2015-02-13 02:45:00,4.0,100750.0,274.15,0.15
2015-02-13 03:00:00,3.7,100755.0,274.1,0.15
2015-02-13 03:15:00,3.3,100740.0,274.04999999999995,0.15
2015-02-13 03:30:00,3.75,100730.0,273.79999999999995,0.15
2015-02-13 03:45:00,3.5,100730.0,273.85,0.15
2015-02-13 04:00:00,3.75,100730.0,273.85,0.15
2015-02-13 04:15:00,3.8,100730.0,273.75,0.15
2015-02-13 04:30:00,3.95,100710.0,273.9,0.15
2015-02-13 04:45:00,3.8,100700.0,273.95,0.15
2015-02-13 05:00:00,4.4,100690.0,274.1,0.15
2015-02-13 05:15:00,4.0,100680.0,274.15,0.15
2015-02-13 05:30:00,4.15,100670.0,274.1,0.15
2015-02-13 05:45:00,3.6,100670.0,274.15,0.15
2015-02-13 06:00:00,4.1,100660.0,274.1,0.15
2015-02-13 06:15:00,4.3,100670.0,273.95,0.15
2015-02-13 06:30:00,5.2,100670.0,274.1,0.15
2015-02-13 06:45:00,5.5,100670.0,274.04999999999995,0.15
2015-02-13 07:00:00,6.15,100670.0,274.2,0.15
2015-02-13 07:15:00,5.5,100660.0,274.25,0.15
2015-02-13 07:30:00,5.7,100655.0,274.4,0.15
2015-02-13 07:45:00,4.8,100670.0,274.45,0.15
2015-02-13 08:00:00,4.85,100660.0,274.7,0.15
2015-02-13 08:15:00,4.8,100650.0,274.95,0.15
2015-02-13 08:30:00,5.550000000000001,100615.0,275.1,0.15
2015-02-13 08:45:00,4.8,100620.0,275.54999999999995,0.15
2015-02-13 09:00:00,5.7,100620.0,275.9,0.15
2015-02-13 09:15:00,6.4,100610.0,276.25,0.15
2015-02-13 09:30:00,6.4,100600.0,276.5,0.15
2015-02-13 09:45:00,6.6,100580.0,276.95,0.15
2015-02-13 10:00:00,6.7,100575.0,277.0,0.15
2015-02-13 10:15:00,7.3,100550.0,277.65,0.15
2015-02-13 10:30:00,6.449999999999999,100535.0,278.2,0.15
2015-02-13 10:45:00,6.5,100510.0,278.35,0.15
2015-02-13 11:00:00,5.7,100495.0,279.0,0.15
2015-02-13 11:15:00,6.0,100470.0,279.15,0.15
2015-02-13 11:30:00,5.6,100455.0,279.9,0.15
2015-02-13 11:45:00,4.7,100450.0,280.15,0.15
2015-02-13 12:00:00,4.800000000000001,100415.0,280.79999999999995,0.15
2015-02-13 12:15:00,6.1,100390.0,281.45,0.15
2015-02-13 12:30:00,6.8,100355.0,281.65,0.15
2015-02-13 12:45:00,6.1,100340.0,281.85,0.15
2015-02-13 13:00:00,5.1,100325.0,281.65,0.15
2015-02-13 13:15:00,6.1,100310.0,281.85,0.15
2015-02-13 13:30:00,5.75,100280.0,282.2,0.15
2015-02-13 13:45:00,5.9,100270.0,282.25,0.15
2015-02-13 14:00:00,5.050000000000001,100250.0,282.4,0.15
2015-02-13 14:15:00,4.4,100260.0,282.54999999999995,0.15
2015-02-13 14:30:00,4.800000000000001,100245.0,282.45,0.15
2015-02-13 14:45:00,4.7,100230.0,282.25,0.15
2015-02-13 15:00:00,4.800000000000001,100210.0,282.2,0.15
2015-02-13 15:15:00,5.4,100200.0,282.04999999999995,0.15
2015-02-13 15:30:00,4.5,100195.0,281.95,0.15
2015-02-13 15:45:00,4.2,100190.0,281.75,0.15
2015-02-13 16:00:00,4.6,100185.0,281.0,0.15
2015-02-13 16:15:00,5.5,100180.0,280.25,0.15
2015-02-13 16:30:00,4.75,100170.0,280.45,0.15
2015-02-13 16:45:00,4.1,100170.0,279.95,0.15
2015-02-13 17:00:00,4.2,100155.0,279.4,0.15
2015-02-13 17:15:00,4.3,100150.0,279.04999999999995,0.15
2015-02-13 17:30:00,4.45,100150.0,278.7,0.15
2015-02-13 17:45:00,5.4,100150.0,278.54999999999995,0.15
2015-02-13 18:00:00,5.65,100140.0,278.29999999999995,0.15
2015-02-13 18:15:00,5.4,100140.0,277.95,0.15
2015-02-13 18:30:00,5.300000000000001,100125.0,277.79999999999995,0.15
2015-02-13 18:45:00,5.1,100110.0,277.54999999999995,0.15
2015-02-13 19:00:00,5.199999999999999,100105.0,277.4,0.15
2015-02-13 19:15:00,5.5,100110.0,277.45,0.15
2015-02-13 19:30:00,5.4,100095.0,277.5,0.15
2015-02-13 19:45:00,6.3,100070.0,277.45,0.15
2015-02-13 20:00:00,6.65,100065.0,277.54999999999995,0.15
2015-02-13 20:15:00,6.7,100060.0,277.45,0.15
2015-02-13 20:30:00,6.050000000000001,100050.0,277.4,0.15
2015-02-13 20:45:00,5.5,100060.0,277.35,0.15
2015-02-13 21:00:00,4.35,100045.0,277.25,0.15
2015-02-13 21:15:00,5.3,100030.0,277.15,0.15
2015-02-13 21:30:00,5.800000000000001,100010.0,277.15,0.15
2015-02-13 21:45:00,5.4,100000.0,277.25,0.15
2015-02-13 22:00:00,4.8,99985.0,277.2,0.15
2015-02-13 22:15:00,4.4,99960.0,277.15,0.15
2015-02-13 22:30:00,3.45,99965.0,277.2,0.15
2015-02-13 22:45:00,4.0,99960.0,277.15,0.15
2015-02-13 23:00:00,4.25,99955.0,277.15,0.15
2015-02-13 23:15:00,4.5,99940.0,277.15,0.15
2015-02-13 23:30:00,4.9,99915.0,277.25,0.15
2015-02-13 23:45:00,4.9,99890.0,277.15,0.15
2015-02-14 00:00:00,5.550000000000001,99870.0,277.29999999999995,0.15
2015-02-14 00:15:00,6.4,99850.0,277.45,0.15
2015-02-14 00:30:00,5.449999999999999,99865.0,277.5,0.15
2015-02-14 00:45:00,5.3,99850.0,277.45,0.15
2015-02-14 01:00:00,4.9,99835.0,277.25,0.15
2015-02-14 01:15:00,4.4,99840.0,277.15,0.15
2015-02-14 01:30:00,3.85,99840.0,277.1,0.15
2015-02-14 01:45:00,3.4,99830.0,277.04999999999995,0.15
2015-02-14 02:00:00,4.65,99810.0,277.0,0.15
2015-02-14 02:15:00,5.2,99810.0,277.15,0.15
2015-02-14 02:30:00,5.550000000000001,99785.0,277.0,0.15
2015-02-14 02:45:00,5.9,99770.0,276.95,0.15
2015-02-14 03:00:00,6.65,99755.0,277.04999999999995,0.15
2015-02-14 03:15:00,6.7,99770.0,277.15,0.15
2015-02-14 03:30:00,7.05,99760.0,277.15,0.15
2015-02-14 03:45:00,6.3,99760.0,277.25,0.15
2015-02-14 04:00:00,6.7,99785.0,277.25,0.15
2015-02-14 04:15:00,6.4,99770.0,277.15,0.15
2015-02-14 04:30:00,6.15,99775.0,277.15,0.15
2015-02-14 04:45:00,6.3,99780.0,277.15,0.15
2015-02-14 05:00:00,7.25,99775.0,277.1,0.15
2015-02-14 05:15:00,6.8,99780.0,277.04999999999995,0.15
2015-02-14 05:30:00,7.15,99775.0,277.35,0.15
2015-02-14 05:45:00,6.8,99780.0,277.45,0.15
2015-02-14 06:00:00,6.9,99780.0,277.5,0.15
2015-02-14 06:15:00,6.6,99770.0,277.65,0.15
2015-02-14 06:30:00,6.75,99780.0,277.95,0.15
2015-02-14 06:45:00,6.6,99780.0,278.04999999999995,0.15
2015-02-14 07:00:00,6.35,99795.0,278.04999999999995,0.15
2015-02-14 07:15:00,5.6,99810.0,278.15,0.15
2015-02-14 07:30:00,6.050000000000001,99805.0,278.35,0.15
2015-02-14 07:45:00,6.4,99800.0,278.45,0.15
2015-02-14 08:00:00,6.4,99800.0,278.75,0.15
2015-02-14 08:15:00,5.9,99810.0,278.85,0.15
2015-02-14 08:30:00,5.5,99810.0,279.2,0.15
2015-02-14 08:45:00,6.6,99810.0,279.25,0.15
2015-02-14 09:00:00,6.55,99815.0,279.35,0.15
2015-02-14 09:15:00,6.0,99800.0,279.54999999999995,0.15
2015-02-14 09:30:00,5.300000000000001,99805.0,280.35,0.15
2015-02-14 09:45:00,5.7,99800.0,280.35,0.15
2015-02-14 10:00:00,5.9,99805.0,280.6,0.15
2015-02-14 10:15:00,5.9,99800.0,281.45,0.15
2015-02-14 10:30:00,6.6,99800.0,281.5,0.15
2015-02-14 10:45:00,6.4,99800.0,282.04999999999995,0.15
2015-02-14 11:00:00,5.45,99770.0,282.35,0.15
2015-02-14 11:15:00,5.1,99750.0,282.15,0.15
2015-02-14 11:30:00,4.85,99750.0,282.29999999999995,0.15
2015-02-14 11:45:00,4.1,99740.0,282.85,0.15
2015-02-14 12:00:00,5.35,99755.0,283.15,0.15
2015-02-14 12:15:00,4.4,99740.0,283.65,0.15
2015-02-14 12:30:00,4.699999999999999,99750.0,284.04999999999995,0.15
2015-02-14 12:45:00,5.4,99760.0,283.95,0.15
2015-02-14 13:00:00,6.75,99730.0,283.7,0.15
2015-02-14 13:15:00,6.8,99730.0,283.85,0.15
2015-02-14 13:30:00,6.699999999999999,99735.0,283.75,0.15
2015-02-14 13:45:00,6.4,99740.0,283.65,0.15
2015-02-14 14:00:00,6.2,99725.0,283.65,0.15
2015-02-14 14:15:00,6.2,99720.0,283.75,0.15
2015-02-14 14:30:00,5.85,99700.0,284.0,0.15
2015-02-14 14:45:00,5.1,99680.0,283.95,0.15
2015-02-14 15:00:00,5.199999999999999,99695.0,283.79999999999995,0.15
2015-02-14 15:15:00,5.1,99680.0,283.45,0.15
2015-02-14 15:30:00,5.35,99665.0,283.6,0.15
2015-02-14 15:45:00,4.8,99670.0,283.65,0.15
2015-02-14 16:00:00,5.6,99670.0,283.25,0.15
2015-02-14 16:15:00,4.3,99670.0,282.85,0.15
2015-02-14 16:30:00,4.05,99675.0,282.54999999999995,0.15
2015-02-14 16:45:00,4.1,99680.0,282.15,0.15
2015-02-14 17:00:00,3.15,99690.0,282.0,0.15
2015-02-14 17:15:00,2.8,99700.0,281.35,0.15
2015-02-14 17:30:00,3.4,99720.0,280.9,0.15
2015-02-14 17:45:00,3.8,99730.0,281.25,0.15
2015-02-14 18:00:00,3.85,99745.0,280.85,0.15
2015-02-14 18:15:00,4.1,99760.0,280.54999999999995,0.15
2015-02-14 18:30:00,3.8,99770.0,280.79999999999995,0.15
2015-02-14 18:45:00,3.3,99790.0,280.65,0.15
2015-02-14 19:00:00,3.9,99780.0,280.4,0.15
2015-02-14 19:15:00,2.3,99790.0,280.45,0.15
2015-02-14 19:30:00,2.2,99795.0,280.1,0.15
2015-02-14 19:45:00,2.2,99800.0,280.04999999999995,0.15
2015-02-14 20:00:00,1.9,99810.0,279.35,0.15
2015-02-14 20:15:00,1.9,99810.0,278.45,0.15
2015-02-14 20:30:00,2.25,99805.0,278.65,0.15
2015-02-14 20:45:00,2.3,99810.0,278.45,0.15
2015-02-14 21:00:00,1.85,99805.0,277.35,0.15
2015-02-14 21:15:00,1.6,99820.0,278.54999999999995,0.15
2015-02-14 21:30:00,1.65,99850.0,275.79999999999995,0.15
2015-02-14 21:45:00,1.9,99830.0,277.04999999999995,0.15
2015-02-14 22:00:00,1.4,99845.0,275.45,0.15
2015-02-14 22:15:00,0.3,99860.0,275.35,0.15
2015-02-14 22:30:00,1.25,99870.0,275.25,0.15
2015-02-14 22:45:00,1.4,99860.0,276.25,0.15
2015-02-14 23:00:00,1.05,99860.0,276.25,0.15
2015-02-14 23:15:00,1.6,99890.0,275.85,0.15
2015-02-14 23:30:00,1.8,99910.0,276.04999999999995,0.15
2015-02-14 23:45:00,1.9,99900.0,277.45,0.15
2015-02-15 00:00:00,2.7,99885.0,277.2,0.15
2015-02-15 00:15:00,2.9,99890.0,277.25,0.15
2015-02-15 00:30:00,2.9000000000000004,99880.0,277.15,0.15
2015-02-15 00:45:00,2.1,99880.0,277.25,0.15
2015-02-15 01:00:00,2.45,99875.0,277.29999999999995,0.15
2015-02-15 01:15:00,3.0,99880.0,277.04999999999995,0.15
2015-02-15 01:30:00,3.3,99885.0,276.79999999999995,0.15
2015-02-15 01:45:00,3.2,99900.0,276.45,0.15
2015-02-15 02:00:00,2.25,99900.0,276.54999999999995,0.15
2015-02-15 02:15:00,1.7,99900.0,276.54999999999995,0.15
2015-02-15 02:30:00,1.05,99915.0,275.5,0.15
2015-02-15 02:45:00,1.5,99920.0,273.54999999999995,0.15
2015-02-15 03:00:00,2.1,99915.0,275.25,0.15
2015-02-15 03:15:00,1.9,99920.0,275.25,0.15
2015-02-15 03:30:00,1.25,99925.0,275.04999999999995,0.15
2015-02-15 03:45:00,1.4,99930.0,274.85,0.15
2015-02-15 04:00:00,1.25,99920.0,274.75,0.15
2015-02-15 04:15:00,1.0,99940.0,273.75,0.15
2015-02-15 04:30:00,1.15,99940.0,273.15,0.15
2015-02-15 04:45:00,1.7,99940.0,273.65,0.15
2015-02-15 05:00:00,2.1,99945.0,273.79999999999995,0.15
2015-02-15 05:15:00,1.9,99960.0,273.85,0.15
2015-02-15 05:30:00,1.7000000000000002,99960.0,273.15,0.15
2015-02-15 05:45:00,1.8,99980.0,272.54999999999995,0.15
2015-02-15 06:00:00,2.0,99995.0,273.85,0.15
2015-02-15 06:15:00,2.7,100010.0,273.45,0.15
2015-02-15 06:30:00,2.4000000000000004,100020.0,273.2,0.15
2015-02-15 06:45:00,1.6,100040.0,273.95,0.15
2015-02-15 07:00:00,1.7,100055.0,274.04999999999995,0.15
2015-02-15 07:15:00,2.0,100060.0,273.95,0.15
2015-02-15 07:30:00,2.15,100075.0,274.45,0.15
2015-02-15 07:45:00,2.0,100080.0,274.95,0.15
2015-02-15 08:00:00,1.7,100090.0,274.45,0.15
2015-02-15 08:15:00,1.4,100100.0,275.45,0.15
2015-02-15 08:30:00,1.45,100100.0,275.95,0.15
2015-02-15 08:45:00,1.8,100110.0,276.65,0.15
2015-02-15 09:00:00,1.9,100120.0,276.95,0.15
2015-02-15 09:15:00,1.6,100130.0,277.25,0.15
2015-02-15 09:30:00,1.25,100130.0,277.95,0.15
2015-02-15 09:45:00,1.2,100130.0,278.65,0.15
2015-02-15 10:00:00,1.6,100140.0,279.1,0.15
2015-02-15 10:15:00,1.8,100150.0,279.85,0.15
2015-02-15 10:30:00,1.35,100160.0,279.95,0.15
2015-02-15 10:45:00,1.3,100160.0,280.65,0.15
2015-02-15 11:00:00,1.5,100160.0,281.25,0.15
2015-02-15 11:15:00,1.6,100160.0,281.25,0.15
2015-02-15 11:30:00,1.1,100145.0,282.0,0.15
2015-02-15 11:45:00,1.2,100140.0,282.85,0.15
2015-02-15 12:00:00,1.35,100125.0,282.9,0.15
2015-02-15 12:15:00,1.6,100120.0,283.04999999999995,0.15
2015-02-15 12:30:00,1.4,100115.0,283.5,0.15
2015-02-15 12:45:00,1.3,100100.0,283.85,0.15
2015-02-15 13:00:00,2.05,100100.0,284.29999999999995,0.15
2015-02-15 13:15:00,2.6,100090.0,284.54999999999995,0.15
2015-02-15 13:30:00,1.5,100090.0,284.75,0.15
2015-02-15 13:45:00,1.4,100090.0,284.95,0.15
2015-02-15 14:00:00,2.4,100095.0,285.0,0.15
2015-02-15 14:15:00,2.7,100090.0,284.75,0.15
2015-02-15 14:30:00,2.15,100100.0,284.54999999999995,0.15
2015-02-15 14:45:00,2.1,100110.0,284.54999999999995,0.15
2015-02-15 15:00:00,2.2,100110.0,284.45,0.15
2015-02-15 15:15:00,1.9,100110.0,284.15,0.15
2015-02-15 15:30:00,2.6,100110.0,283.54999999999995,0.15
2015-02-15 15:45:00,3.1,100120.0,282.85,0.15
2015-02-15 16:00:00,2.4,100130.0,282.25,0.15
2015-02-15 16:15:00,2.1,100140.0,281.65,0.15
2015-02-15 16:30:00,1.4500000000000002,100145.0,281.9,0.15
2015-02-15 16:45:00,0.8,100160.0,281.85,0.15
2015-02-15 17:00:00,0.5,100185.0,280.5,0.15
2015-02-15 17:15:00,0.9,100200.0,280.25,0.15
2015-02-15 17:30:00,0.75,100215.0,280.2,0.15
2015-02-15 17:45:00,1.3,100220.0,280.15,0.15
2015-02-15 18:00:00,1.8,100235.0,278.7,0.15
2015-02-15 18:15:00,2.0,100260.0,279.54999999999995,0.15
2015-02-15 18:30:00,1.7000000000000002,100310.0,277.85,0.15
2015-02-15 18:45:00,0.8,100330.0,279.04999999999995,0.15
2015-02-15 19:00:00,2.5,100335.0,279.35,0.15
2015-02-15 19:15:00,2.2,100360.0,279.04999999999995,0.15
2015-02-15 19:30:00,2.2,100390.0,278.15,0.15
2015-02-15 19:45:00,2.4,100410.0,279.15,0.15
2015-02-15 20:00:00,3.05,100430.0,278.4,0.15
2015-02-15 20:15:00,2.8,100440.0,277.85,0.15
2015-02-15 20:30:00,2.2,100455.0,277.9,0.15
2015-02-15 20:45:00,2.0,100470.0,277.45,0.15
2015-02-15 21:00:00,2.3,100475.0,276.9,0.15
2015-02-15 21:15:00,2.8,100500.0,277.04999999999995,0.15
2015-02-15 21:30:00,2.8,100500.0,277.0,0.15
2015-02-15 21:45:00,2.7,100500.0,276.65,0.15
2015-02-15 22:00:00,3.05,100505.0,276.45,0.15
2015-02-15 22:15:00,3.8,100500.0,276.25,0.15
2015-02-15 22:30:00,3.55,100495.0,276.0,0.15
2015-02-15 22:45:00,2.7,100520.0,276.04999999999995,0.15
2015-02-15 23:00:00,2.85,100525.0,275.7,0.15
2015-02-15 23:15:00,3.3,100530.0,275.75,0.15
2015-02-15 23:30:00,3.5,100540.0,275.5,0.15
2015-02-15 23:45:00,2.2,100550.0,275.35,0.15
2015-02-16 00:00:00,2.25,100555.0,275.1,0.15
2015-02-16 00:15:00,2.2,100570.0,274.85,0.15
2015-02-16 00:30:00,2.5,100585.0,274.7,0.15
2015-02-16 00:45:00,2.3,100600.0,274.54999999999995,0.15
2015-02-16 01:00:00,2.4,100620.0,274.4,0.15
2015-02-16 01:15:00,2.9,100630.0,274.15,0.15
2015-02-16 01:30:00,3.25,100645.0,274.15,0.15
2015-02-16 01:45:00,3.3,100660.0,274.35,0.15
2015-02-16 02:00:00,3.4,100655.0,274.2,0.15
2015-02-16 02:15:00,2.8,100670.0,274.15,0.15
2015-02-16 02:30:00,2.9,100665.0,273.95,0.15
2015-02-16 02:45:00,3.0,100660.0,274.04999999999995,0.15
2015-02-16 03:00:00,3.4,100655.0,273.95,0.15
2015-02-16 03:15:00,3.5,100670.0,273.95,0.15
2015-02-16 03:30:00,3.35,100680.0,273.9,0.15
2015-02-16 03:45:00,3.0,100690.0,273.75,0.15
2015-02-16 04:00:00,3.5,100710.0,273.45,0.15
2015-02-16 04:15:00,3.6,100720.0,273.85,0.15
2015-02-16 04:30:00,3.55,100715.0,273.95,0.15
2015-02-16 04:45:00,3.5,100720.0,273.95,0.15
2015-02-16 05:00:00,3.3,100715.0,274.15,0.15
2015-02-16 05:15:00,3.6,100710.0,274.35,0.15
2015-02-16 05:30:00,3.45,100710.0,274.29999999999995,0.15
2015-02-16 05:45:00,3.0,100720.0,274.35,0.15
2015-02-16 06:00:00,3.8,100710.0,274.29999999999995,0.15
2015-02-16 06:15:00,3.1,100710.0,274.35,0.15
2015-02-16 06:30:00,2.6500000000000004,100720.0,274.7,0.15
2015-02-16 06:45:00,2.7,100720.0,274.75,0.15
2015-02-16 07:00:00,3.35,100725.0,274.9,0.15
2015-02-16 07:15:00,3.4,100720.0,275.04999999999995,0.15
2015-02-16 07:30:00,4.3,100730.0,275.04999999999995,0.15
2015-02-16 07:45:00,4.3,100750.0,275.04999999999995,0.15
2015-02-16 08:00:00,4.85,100750.0,275.1,0.15
2015-02-16 08:15:00,4.8,100740.0,275.25,0.15
2015-02-16 08:30:00,5.0,100745.0,275.4,0.15
2015-02-16 08:45:00,5.6,100760.0,275.54999999999995,0.15
2015-02-16 09:00:00,4.949999999999999,100770.0,275.7,0.15
2015-02-16 09:15:00,4.4,100760.0,275.95,0.15
2015-02-16 09:30:00,4.35,100775.0,275.95,0.15
2015-02-16 09:45:00,4.9,100790.0,276.04999999999995,0.15
2015-02-16 10:00:00,4.75,100795.0,276.15,0.15
2015-02-16 10:15:00,5.5,100810.0,276.35,0.15
2015-02-16 10:30:00,4.949999999999999,100805.0,276.7,0.15
2015-02-16 10:45:00,4.9,100800.0,276.95,0.15
2015-02-16 11:00:00,5.550000000000001,100805.0,277.29999999999995,0.15
2015-02-16 11:15:00,5.4,100810.0,277.54999999999995,0.15
2015-02-16 11:30:00,4.85,100810.0,277.65,0.15
2015-02-16 11:45:00,4.6,100810.0,278.04999999999995,0.15
2015-02-16 12:00:00,5.1,100795.0,278.04999999999995,0.15
2015-02-16 12:15:00,5.0,100780.0,278.35,0.15
2015-02-16 12:30:00,4.75,100770.0,278.65,0.15
2015-02-16 12:45:00,4.3,100750.0,278.85,0.15
2015-02-16 13:00:00,4.85,100730.0,278.75,0.15
2015-02-16 13:15:00,5.6,100720.0,279.45,0.15
2015-02-16 13:30:00,4.8,100700.0,278.95,0.15
2015-02-16 13:45:00,4.7,100680.0,279.75,0.15
2015-02-16 14:00:00,4.9,100680.0,279.4,0.15
2015-02-16 14:15:00,4.8,100670.0,279.15,0.15
2015-02-16 14:30:00,5.0,100680.0,279.45,0.15
2015-02-16 14:45:00,4.6,100680.0,279.25,0.15
2015-02-16 15:00:00,5.199999999999999,100690.0,278.9,0.15
2015-02-16 15:15:00,5.0,100700.0,278.85,0.15
2015-02-16 15:30:00,5.05,100705.0,278.29999999999995,0.15
2015-02-16 15:45:00,5.4,100710.0,278.15,0.15
2015-02-16 16:00:00,5.4,100705.0,277.7,0.15
2015-02-16 16:15:00,5.4,100730.0,276.95,0.15
2015-02-16 16:30:00,4.6,100745.0,276.15,0.15
2015-02-16 16:45:00,4.4,100760.0,275.45,0.15
2015-02-16 17:00:00,3.55,100780.0,275.29999999999995,0.15
2015-02-16 17:15:00,3.3,100800.0,274.75,0.15
2015-02-16 17:30:00,3.85,100810.0,275.29999999999995,0.15
2015-02-16 17:45:00,4.0,100830.0,274.95,0.15
2015-02-16 18:00:00,3.2,100865.0,275.95,0.15
2015-02-16 18:15:00,3.0,100870.0,275.85,0.15
2015-02-16 18:30:00,3.2,100875.0,276.04999999999995,0.15
2015-02-16 18:45:00,2.8,100890.0,276.25,0.15
2015-02-16 19:00:00,3.5,100915.0,276.5,0.15
2015-02-16 19:15:00,3.4,100930.0,276.75,0.15
2015-02-16 19:30:00,3.9,100945.0,276.65,0.15
2015-02-16 19:45:00,3.7,100950.0,276.65,0.15
2015-02-16 20:00:00,3.7,100960.0,276.7,0.15
2015-02-16 20:15:00,3.0,100980.0,276.65,0.15
2015-02-16 20:30:00,3.4,100980.0,276.6,0.15
2015-02-16 20:45:00,3.6,100970.0,276.54999999999995,0.15
2015-02-16 21:00:00,3.55,100970.0,276.45,0.15
2015-02-16 21:15:00,3.1,100990.0,276.45,0.15
2015-02-16 21:30:00,2.9000000000000004,101000.0,276.45,0.15
2015-02-16 21:45:00,2.4,101010.0,276.45,0.15
2015-02-16 22:00:00,2.95,101020.0,276.4,0.15
2015-02-16 22:15:00,2.9,101030.0,276.45,0.15
2015-02-16 22:30:00,2.85,101035.0,276.4,0.15
2015-02-16 22:45:00,2.3,101060.0,276.35,0.15
2015-02-16 23:00:00,2.05,101075.0,276.29999999999995,0.15
2015-02-16 23:15:00,2.1,101090.0,276.35,0.15
2015-02-16 23:30:00,1.7999999999999998,101105.0,276.1,0.15
2015-02-16 23:45:00,1.5,101120.0,275.95,0.15
2015-02-17 00:00:00,1.35,101120.0,275.75,0.15
2015-02-17 00:15:00,1.2,101130.0,275.85,0.15
2015-02-17 00:30:00,1.25,101135.0,275.85,0.15
2015-02-17 00:45:00,1.0,101150.0,275.75,0.15
2015-02-17 01:00:00,1.15,101180.0,275.9,0.15
2015-02-17 01:15:00,1.2,101200.0,275.95,0.15
2015-02-17 01:30:00,1.5499999999999998,101220.0,275.79999999999995,0.15
2015-02-17 01:45:00,1.7,101230.0,275.85,0.15
2015-02-17 02:00:00,1.4500000000000002,101230.0,275.79999999999995,0.15
2015-02-17 02:15:00,1.3,101250.0,276.04999999999995,0.15
2015-02-17 02:30:00,1.8,101275.0,276.04999999999995,0.15
2015-02-17 02:45:00,2.0,101280.0,276.15,0.15
2015-02-17 03:00:00,2.1,101305.0,275.85,0.15
2015-02-17 03:15:00,2.0,101330.0,275.65,0.15
2015-02-17 03:30:00,2.05,101340.0,275.54999999999995,0.15
2015-02-17 03:45:00,2.1,101360.0,275.54999999999995,0.15
2015-02-17 04:00:00,2.0,101380.0,275.4,0.15
2015-02-17 04:15:00,1.7,101410.0,275.35,0.15
2015-02-17 04:30:00,1.35,101445.0,275.45,0.15
2015-02-17 04:45:00,1.7,101480.0,275.35,0.15
2015-02-17 05:00:00,1.9,101500.0,275.35,0.15
2015-02-17 05:15:00,2.2,101530.0,275.25,0.15
2015-02-17 05:30:00,3.0,101565.0,275.15,0.15
2015-02-17 05:45:00,2.2,101590.0,274.95,0.15
2015-02-17 06:00:00,2.45,101610.0,274.95,0.15
2015-02-17 06:15:00,3.1,101630.0,274.85,0.15
2015-02-17 06:30:00,2.65,101670.0,274.9,0.15
2015-02-17 06:45:00,2.2,101690.0,274.85,0.15
2015-02-17 07:00:00,1.25,101715.0,274.79999999999995,0.15
2015-02-17 07:15:00,1.0,101750.0,274.85,0.15
2015-02-17 07:30:00,0.7,101765.0,274.9,0.15
2015-02-17 07:45:00,1.5,101800.0,274.95,0.15
2015-02-17 08:00:00,1.45,101830.0,275.1,0.15
2015-02-17 08:15:00,1.1,101860.0,275.35,0.15
2015-02-17 08:30:00,1.45,101890.0,275.25,0.15
2015-02-17 08:45:00,1.7,101910.0,275.25,0.15
2015-02-17 09:00:00,2.1500000000000004,101955.0,275.15,0.15
2015-02-17 09:15:00,2.1,101970.0,275.15,0.15
2015-02-17 09:30:00,2.05,102005.0,275.25,0.15
2015-02-17 09:45:00,2.3,102040.0,275.35,0.15
2015-02-17 10:00:00,2.05,102050.0,275.35,0.15
2015-02-17 10:15:00,1.5,102070.0,275.54999999999995,0.15
2015-02-17 10:30:00,1.45,102085.0,275.79999999999995,0.15
2015-02-17 10:45:00,1.7,102120.0,276.04999999999995,0.15
2015-02-17 11:00:00,1.6,102125.0,276.2,0.15
2015-02-17 11:15:00,1.7,102130.0,276.75,0.15
2015-02-17 11:30:00,1.8,102150.0,276.95,0.15
2015-02-17 11:45:00,1.8,102170.0,276.95,0.15
2015-02-17 12:00:00,1.9,102175.0,276.95,0.15
2015-02-17 12:15:00,1.4,102170.0,277.15,0.15
2015-02-17 12:30:00,1.4500000000000002,102185.0,277.29999999999995,0.15
2015-02-17 12:45:00,1.6,102190.0,277.45,0.15
2015-02-17 13:00:00,1.55,102185.0,277.5,0.15
2015-02-17 13:15:00,1.2,102190.0,277.95,0.15
2015-02-17 13:30:00,1.0,102215.0,277.9,0.15
2015-02-17 13:45:00,0.8,102220.0,277.95,0.15
2015-02-17 14:00:00,0.95,102240.0,278.15,0.15
2015-02-17 14:15:00,1.0,102260.0,278.15,0.15
2015-02-17 14:30:00,0.75,102285.0,278.15,0.15
2015-02-17 14:45:00,0.9,102310.0,278.25,0.15
2015-02-17 15:00:00,0.7,102320.0,278.1,0.15
2015-02-17 15:15:00,0.9,102340.0,278.15,0.15
2015-02-17 15:30:00,0.8500000000000001,102340.0,278.1,0.15
2015-02-17 15:45:00,0.5,102360.0,277.95,0.15
2015-02-17 16:00:00,0.55,102385.0,277.9,0.15
2015-02-17 16:15:00,0.7,102400.0,277.85,0.15
2015-02-17 16:30:00,0.75,102430.0,277.79999999999995,0.15
2015-02-17 16:45:00,0.3,102440.0,277.75,0.15
2015-02-17 17:00:00,0.6499999999999999,102470.0,277.6,0.15
2015-02-17 17:15:00,0.5,102500.0,277.54999999999995,0.15
2015-02-17 17:30:00,0.2,102520.0,277.54999999999995,0.15
2015-02-17 17:45:00,0.2,102550.0,277.54999999999995,0.15
2015-02-17 18:00:00,0.0,102585.0,277.54999999999995,0.15
2015-02-17 18:15:00,0.0,102600.0,277.54999999999995,0.15
2015-02-17 18:30:00,0.45,102625.0,277.45,0.15
2015-02-17 18:45:00,0.8,102640.0,277.45,0.15
2015-02-17 19:00:00,1.2,102650.0,277.45,0.15
2015-02-17 19:15:00,1.0,102660.0,277.54999999999995,0.15
2015-02-17 19:30:00,0.9,102680.0,277.54999999999995,0.15
2015-02-17 19:45:00,1.0,102700.0,277.54999999999995,0.15
2015-02-17 20:00:00,1.05,102730.0,277.54999999999995,0.15
2015-02-17 20:15:00,1.2,102750.0,277.54999999999995,0.15
2015-02-17 20:30:00,1.3,102765.0,277.5,0.15
2015-02-17 20:45:00,1.0,102770.0,277.45,0.15
2015-02-17 21:00:00,0.6,102770.0,277.35,0.15
2015-02-17 21:15:00,0.9,102770.0,277.35,0.15
2015-02-17 21:30:00,0.8500000000000001,102780.0,277.15,0.15
2015-02-17 21:45:00,0.2,102800.0,277.04999999999995,0.15
2015-02-17 22:00:00,0.2,102815.0,277.04999999999995,0.15
2015-02-17 22:15:00,0.0,102830.0,277.04999999999995,0.15
2015-02-17 22:30:00,0.6,102840.0,277.0,0.15
2015-02-17 22:45:00,1.1,102840.0,277.15,0.15
2015-02-17 23:00:00,0.7,102850.0,277.1,0.15
2015-02-17 23:15:00,1.0,102860.0,277.15,0.15
2015-02-17 23:30:00,1.0,102870.0,277.2,0.15
2015-02-17 23:45:00,1.1,102860.0,277.15,0.15
2015-02-18 00:00:00,0.65,102860.0,277.15,0.15
2015-02-18 00:15:00,0.8,102860.0,277.15,0.15
2015-02-18 00:30:00,1.15,102860.0,277.25,0.15
2015-02-18 00:45:00,0.9,102860.0,277.25,0.15
2015-02-18 01:00:00,1.5,102850.0,277.25,0.15
2015-02-18 01:15:00,1.3,102860.0,277.15,0.15
2015-02-18 01:30:00,1.0,102860.0,276.79999999999995,0.15
2015-02-18 01:45:00,1.2,102840.0,276.54999999999995,0.15
2015-02-18 02:00:00,0.75,102840.0,276.2,0.15
2015-02-18 02:15:00,1.0,102840.0,275.45,0.15
2015-02-18 02:30:00,0.8,102850.0,275.2,0.15
2015-02-18 02:45:00,1.2,102850.0,275.04999999999995,0.15
2015-02-18 03:00:00,0.9,102855.0,275.45,0.15
2015-02-18 03:15:00,1.0,102860.0,275.95,0.15
2015-02-18 03:30:00,1.65,102870.0,275.95,0.15
2015-02-18 03:45:00,1.5,102860.0,275.95,0.15
2015-02-18 04:00:00,1.6,102855.0,275.85,0.15
2015-02-18 04:15:00,1.9,102870.0,275.85,0.15
2015-02-18 04:30:00,1.65,102865.0,275.85,0.15
2015-02-18 04:45:00,1.6,102870.0,275.85,0.15
2015-02-18 05:00:00,1.0,102870.0,275.7,0.15
2015-02-18 05:15:00,0.7,102880.0,275.54999999999995,0.15
2015-02-18 05:30:00,0.95,102890.0,275.45,0.15
2015-02-18 05:45:00,1.2,102890.0,275.65,0.15
2015-02-18 06:00:00,1.2,102910.0,275.65,0.15
2015-02-18 06:15:00,1.4,102910.0,275.75,0.15
2015-02-18 06:30:00,0.8500000000000001,102915.0,275.9,0.15
2015-02-18 06:45:00,0.8,102930.0,275.95,0.15
2015-02-18 07:00:00,1.25,102930.0,276.1,0.15
2015-02-18 07:15:00,1.0,102950.0,276.35,0.15
2015-02-18 07:30:00,1.0,102950.0,276.45,0.15
2015-02-18 07:45:00,1.0,102950.0,276.65,0.15
2015-02-18 08:00:00,1.3,102955.0,276.7,0.15
2015-02-18 08:15:00,1.4,102970.0,276.95,0.15
2015-02-18 08:30:00,1.4,102970.0,277.1,0.15
2015-02-18 08:45:00,1.4,102980.0,277.25,0.15
2015-02-18 09:00:00,1.2000000000000002,102970.0,277.35,0.15
2015-02-18 09:15:00,1.2,102960.0,277.75,0.15
2015-02-18 09:30:00,0.95,102960.0,278.15,0.15
2015-02-18 09:45:00,1.1,102950.0,278.35,0.15
2015-02-18 10:00:00,1.9,102935.0,278.4,0.15
2015-02-18 10:15:00,1.8,102920.0,278.35,0.15
2015-02-18 10:30:00,1.65,102905.0,278.54999999999995,0.15
2015-02-18 10:45:00,2.6,102900.0,278.35,0.15
2015-02-18 11:00:00,2.7,102880.0,278.6,0.15
2015-02-18 11:15:00,2.4,102860.0,278.95,0.15
2015-02-18 11:30:00,1.85,102850.0,279.04999999999995,0.15
2015-02-18 11:45:00,1.0,102840.0,279.35,0.15
2015-02-18 12:00:00,1.2999999999999998,102815.0,279.45,0.15
2015-02-18 12:15:00,0.5,102800.0,279.45,0.15
2015-02-18 12:30:00,1.2,102775.0,279.5,0.15
2015-02-18 12:45:00,1.7,102760.0,279.75,0.15
2015-02-18 13:00:00,1.65,102750.0,279.9,0.15
2015-02-18 13:15:00,0.8,102730.0,279.95,0.15
2015-02-18 13:30:00,0.8500000000000001,102720.0,279.79999999999995,0.15
2015-02-18 13:45:00,1.0,102710.0,279.75,0.15
2015-02-18 14:00:00,1.6,102685.0,279.79999999999995,0.15
2015-02-18 14:15:00,1.7,102670.0,279.85,0.15
2015-02-18 14:30:00,2.1,102665.0,279.75,0.15
2015-02-18 14:45:00,1.6,102650.0,279.65,0.15
2015-02-18 15:00:00,2.1,102645.0,279.6,0.15
2015-02-18 15:15:00,2.1,102630.0,279.54999999999995,0.15
2015-02-18 15:30:00,2.5,102610.0,279.54999999999995,0.15
2015-02-18 15:45:00,2.7,102590.0,279.54999999999995,0.15
2015-02-18 16:00:00,3.05,102580.0,279.54999999999995,0.15
2015-02-18 16:15:00,2.6,102570.0,279.45,0.15
2015-02-18 16:30:00,2.0,102560.0,279.25,0.15
2015-02-18 16:45:00,2.6,102560.0,279.45,0.15
2015-02-18 17:00:00,2.2,102555.0,279.35,0.15
2015-02-18 17:15:00,1.4,102550.0,278.85,0.15
2015-02-18 17:30:00,1.75,102550.0,279.1,0.15
2015-02-18 17:45:00,2.7,102540.0,279.15,0.15
2015-02-18 18:00:00,1.6,102530.0,279.15,0.15
2015-02-18 18:15:00,1.9,102510.0,278.65,0.15
2015-02-18 18:30:00,1.9,102500.0,278.7,0.15
2015-02-18 18:45:00,2.5,102500.0,278.15,0.15
2015-02-18 19:00:00,2.75,102485.0,278.4,0.15
2015-02-18 19:15:00,2.1,102470.0,277.65,0.15
2015-02-18 19:30:00,1.8,102455.0,277.54999999999995,0.15
2015-02-18 19:45:00,1.7,102440.0,277.65,0.15
2015-02-18 20:00:00,1.55,102440.0,277.85,0.15
2015-02-18 20:15:00,1.4,102440.0,278.15,0.15
2015-02-18 20:30:00,1.7,102435.0,277.6,0.15
2015-02-18 20:45:00,2.8,102430.0,277.85,0.15
2015-02-18 21:00:00,3.0,102425.0,275.75,0.15
2015-02-18 21:15:00,2.9,102420.0,275.04999999999995,0.15
2015-02-18 21:30:00,2.25,102400.0,275.75,0.15
2015-02-18 21:45:00,2.2,102380.0,275.25,0.15
2015-02-18 22:00:00,2.55,102385.0,275.45,0.15
2015-02-18 22:15:00,2.8,102380.0,275.95,0.15
2015-02-18 22:30:00,2.7,102380.0,275.6,0.15
2015-02-18 22:45:00,2.8,102360.0,275.45,0.15
2015-02-18 23:00:00,2.9,102355.0,275.25,0.15
2015-02-18 23:15:00,3.0,102350.0,275.04999999999995,0.15
2015-02-18 23:30:00,2.85,102330.0,274.75,0.15
2015-02-18 23:45:00,2.8,102330.0,274.65,0.15
2015-02-19 00:00:00,2.95,102320.0,274.75,0.15
2015-02-19 00:15:00,3.2,102300.0,274.54999999999995,0.15
2015-02-19 00:30:00,3.05,102285.0,274.4,0.15
2015-02-19 00:45:00,2.7,102280.0,274.45,0.15
2015-02-19 01:00:00,2.7,102265.0,274.2,0.15
2015-02-19 01:15:00,2.7,102270.0,274.25,0.15
2015-02-19 01:30:00,2.5,102260.0,274.15,0.15
2015-02-19 01:45:00,2.4,102250.0,274.15,0.15
2015-02-19 02:00:00,2.8,102245.0,274.35,0.15
2015-02-19 02:15:00,2.6,102230.0,274.45,0.15
2015-02-19 02:30:00,2.6500000000000004,102210.0,274.45,0.15
2015-02-19 02:45:00,2.6,102200.0,274.45,0.15
2015-02-19 03:00:00,2.75,102180.0,274.35,0.15
2015-02-19 03:15:00,2.6,102160.0,274.25,0.15
2015-02-19 03:30:00,2.8,102150.0,274.1,0.15
2015-02-19 03:45:00,2.7,102130.0,274.15,0.15
2015-02-19 04:00:00,2.5,102130.0,274.04999999999995,0.15
2015-02-19 04:15:00,2.5,102120.0,274.04999999999995,0.15
2015-02-19 04:30:00,2.45,102100.0,273.9,0.15
2015-02-19 04:45:00,2.4,102090.0,273.95,0.15
2015-02-19 05:00:00,2.8,102075.0,274.0,0.15
2015-02-19 05:15:00,2.6,102060.0,273.85,0.15
2015-02-19 05:30:00,2.6,102040.0,273.79999999999995,0.15
2015-02-19 05:45:00,2.3,102020.0,273.75,0.15
2015-02-19 06:00:00,2.35,102015.0,273.75,0.15
2015-02-19 06:15:00,2.6,102010.0,273.95,0.15
2015-02-19 06:30:00,2.6500000000000004,102030.0,274.2,0.15
2015-02-19 06:45:00,2.8,102030.0,274.25,0.15
2015-02-19 07:00:00,2.75,102040.0,274.35,0.15
2015-02-19 07:15:00,2.6,102040.0,274.35,0.15
2015-02-19 07:30:00,2.05,102025.0,274.5,0.15
2015-02-19 07:45:00,2.7,102010.0,274.54999999999995,0.15
2015-02-19 08:00:00,3.05,102005.0,274.7,0.15
2015-02-19 08:15:00,3.1,101990.0,274.85,0.15
2015-02-19 08:30:00,3.45,101975.0,274.79999999999995,0.15
2015-02-19 08:45:00,2.7,101970.0,274.85,0.15
2015-02-19 09:00:00,2.6500000000000004,101970.0,274.95,0.15
2015-02-19 09:15:00,3.4,101960.0,275.15,0.15
2015-02-19 09:30:00,3.55,101925.0,275.5,0.15
2015-02-19 09:45:00,3.6,101910.0,275.54999999999995,0.15
2015-02-19 10:00:00,4.5,101915.0,275.65,0.15
2015-02-19 10:15:00,5.0,101920.0,275.65,0.15
2015-02-19 10:30:00,4.800000000000001,101890.0,275.9,0.15
2015-02-19 10:45:00,5.4,101860.0,276.04999999999995,0.15
2015-02-19 11:00:00,4.4,101855.0,276.15,0.15
2015-02-19 11:15:00,4.6,101840.0,276.35,0.15
2015-02-19 11:30:00,4.6,101810.0,276.4,0.15
2015-02-19 11:45:00,5.1,101790.0,276.75,0.15
2015-02-19 12:00:00,5.6,101755.0,277.04999999999995,0.15
2015-02-19 12:15:00,5.7,101720.0,277.25,0.15
2015-02-19 12:30:00,5.4,101695.0,276.75,0.15
2015-02-19 12:45:00,6.6,101650.0,276.75,0.15
2015-02-19 13:00:00,6.0,101630.0,277.54999999999995,0.15
2015-02-19 13:15:00,6.9,101610.0,277.54999999999995,0.15
2015-02-19 13:30:00,6.300000000000001,101565.0,277.5,0.15
2015-02-19 13:45:00,5.6,101550.0,277.15,0.15
2015-02-19 14:00:00,6.550000000000001,101535.0,277.2,0.15
2015-02-19 14:15:00,5.4,101520.0,277.25,0.15
2015-02-19 14:30:00,5.449999999999999,101500.0,277.35,0.15
2015-02-19 14:45:00,5.8,101470.0,277.15,0.15
2015-02-19 15:00:00,6.0,101460.0,277.15,0.15
2015-02-19 15:15:00,6.1,101430.0,276.95,0.15
2015-02-19 15:30:00,4.7,101445.0,276.7,0.15
2015-02-19 15:45:00,4.7,101410.0,276.54999999999995,0.15
2015-02-19 16:00:00,4.9,101410.0,276.2,0.15
2015-02-19 16:15:00,4.9,101400.0,275.85,0.15
2015-02-19 16:30:00,4.0,101395.0,275.54999999999995,0.15
2015-02-19 16:45:00,4.1,101380.0,275.45,0.15
2015-02-19 17:00:00,4.0,101380.0,275.0,0.15
2015-02-19 17:15:00,3.7,101390.0,274.35,0.15
2015-02-19 17:30:00,3.9,101380.0,274.15,0.15
2015-02-19 17:45:00,4.0,101360.0,274.25,0.15
2015-02-19 18:00:00,3.9,101350.0,273.9,0.15
2015-02-19 18:15:00,4.0,101330.0,273.85,0.15
2015-02-19 18:30:00,3.9,101305.0,273.7,0.15
2015-02-19 18:45:00,3.7,101300.0,273.85,0.15
2015-02-19 19:00:00,3.05,101295.0,274.2,0.15
2015-02-19 19:15:00,3.6,101290.0,273.45,0.15
2015-02-19 19:30:00,4.0,101280.0,273.35,0.15
2015-02-19 19:45:00,3.8,101270.0,273.54999999999995,0.15
2015-02-19 20:00:00,3.45,101270.0,273.85,0.15
2015-02-19 20:15:00,3.5,101250.0,274.04999999999995,0.15
2015-02-19 20:30:00,3.2,101240.0,273.85,0.15
2015-02-19 20:45:00,2.7,101240.0,273.15,0.15
2015-02-19 21:00:00,2.2,101240.0,273.04999999999995,0.15
2015-02-19 21:15:00,2.3,101240.0,272.85,0.15
2015-02-19 21:30:00,2.55,101230.0,273.25,0.15
2015-02-19 21:45:00,2.6,101210.0,273.75,0.15
2015-02-19 22:00:00,3.85,101175.0,274.2,0.15
2015-02-19 22:15:00,3.9,101130.0,274.54999999999995,0.15
2015-02-19 22:30:00,4.0,101095.0,274.7,0.15
2015-02-19 22:45:00,4.2,101050.0,274.85,0.15
2015-02-19 23:00:00,4.65,101020.0,275.0,0.15
2015-02-19 23:15:00,4.7,100990.0,275.04999999999995,0.15
2015-02-19 23:30:00,5.1,100955.0,275.25,0.15
2015-02-19 23:45:00,4.6,100930.0,275.25,0.15
2015-02-20 00:00:00,5.300000000000001,100910.0,275.45,0.15
2015-02-20 00:15:00,5.7,100900.0,275.65,0.15
2015-02-20 00:30:00,5.25,100880.0,275.65,0.15
2015-02-20 00:45:00,4.7,100880.0,275.75,0.15
2015-02-20 01:00:00,4.15,100870.0,275.7,0.15
2015-02-20 01:15:00,4.0,100840.0,275.75,0.15
2015-02-20 01:30:00,3.85,100835.0,276.15,0.15
2015-02-20 01:45:00,3.7,100800.0,276.35,0.15
2015-02-20 02:00:00,3.4,100785.0,276.25,0.15
2015-02-20 02:15:00,3.8,100750.0,276.35,0.15
2015-02-20 02:30:00,4.0,100715.0,276.65,0.15
2015-02-20 02:45:00,4.0,100700.0,276.65,0.15
2015-02-20 03:00:00,4.35,100680.0,276.85,0.15
2015-02-20 03:15:00,4.4,100660.0,276.85,0.15
2015-02-20 03:30:00,3.9,100615.0,277.1,0.15
2015-02-20 03:45:00,4.7,100550.0,276.85,0.15
2015-02-20 04:00:00,4.050000000000001,100525.0,276.65,0.15
2015-02-20 04:15:00,3.4,100510.0,276.54999999999995,0.15
2015-02-20 04:30:00,4.4,100475.0,276.79999999999995,0.15
2015-02-20 04:45:00,4.6,100460.0,276.95,0.15
2015-02-20 05:00:00,5.1,100450.0,277.1,0.15
2015-02-20 05:15:00,4.8,100450.0,277.54999999999995,0.15
2015-02-20 05:30:00,4.1,100445.0,277.79999999999995,0.15
2015-02-20 05:45:00,4.2,100420.0,277.75,0.15
2015-02-20 06:00:00,4.35,100395.0,277.6,0.15
2015-02-20 06:15:00,4.3,100380.0,277.75,0.15
2015-02-20 06:30:00,4.35,100365.0,278.15,0.15
2015-02-20 06:45:00,5.1,100360.0,278.45,0.15
2015-02-20 07:00:00,4.2,100360.0,278.65,0.15
2015-02-20 07:15:00,3.9,100370.0,278.75,0.15
2015-02-20 07:30:00,5.15,100350.0,279.0,0.15
2015-02-20 07:45:00,4.6,100330.0,279.15,0.15
2015-02-20 08:00:00,4.550000000000001,100310.0,279.54999999999995,0.15
2015-02-20 08:15:00,5.3,100290.0,279.85,0.15
2015-02-20 08:30:00,6.35,100280.0,280.25,0.15
2015-02-20 08:45:00,6.3,100270.0,280.35,0.15
2015-02-20 09:00:00,5.4,100245.0,280.6,0.15
2015-02-20 09:15:00,5.4,100220.0,280.85,0.15
2015-02-20 09:30:00,6.05,100195.0,281.1,0.15
2015-02-20 09:45:00,5.2,100190.0,281.25,0.15
2015-02-20 10:00:00,4.9,100165.0,281.54999999999995,0.15
2015-02-20 10:15:00,5.6,100150.0,281.65,0.15
2015-02-20 10:30:00,5.65,100120.0,281.85,0.15
2015-02-20 10:45:00,6.1,100100.0,281.85,0.15
2015-02-20 11:00:00,6.15,100085.0,281.75,0.15
2015-02-20 11:15:00,5.8,100040.0,281.75,0.15
2015-02-20 11:30:00,6.3,100035.0,281.79999999999995,0.15
2015-02-20 11:45:00,5.3,100000.0,281.85,0.15
2015-02-20 12:00:00,5.5,99970.0,282.04999999999995,0.15
2015-02-20 12:15:00,5.2,99960.0,282.25,0.15
2015-02-20 12:30:00,5.550000000000001,99925.0,282.4,0.15
2015-02-20 12:45:00,6.6,99900.0,282.25,0.15
2015-02-20 13:00:00,7.0,99870.0,282.2,0.15
2015-02-20 13:15:00,6.4,99850.0,282.15,0.15
2015-02-20 13:30:00,6.15,99820.0,282.04999999999995,0.15
2015-02-20 13:45:00,4.9,99800.0,282.04999999999995,0.15
2015-02-20 14:00:00,5.35,99775.0,282.04999999999995,0.15
2015-02-20 14:15:00,5.6,99740.0,282.15,0.15
2015-02-20 14:30:00,5.2,99720.0,282.4,0.15
2015-02-20 14:45:00,6.1,99690.0,282.54999999999995,0.15
2015-02-20 15:00:00,4.8,99670.0,282.65,0.15
2015-02-20 15:15:00,5.4,99650.0,282.85,0.15
2015-02-20 15:30:00,6.25,99625.0,283.2,0.15
2015-02-20 15:45:00,7.3,99610.0,283.25,0.15
2015-02-20 16:00:00,8.8,99580.0,283.15,0.15
2015-02-20 16:15:00,5.6,99550.0,283.15,0.15
2015-02-20 16:30:00,4.449999999999999,99525.0,283.35,0.15
2015-02-20 16:45:00,3.8,99500.0,283.45,0.15
2015-02-20 17:00:00,4.15,99470.0,283.6,0.15
2015-02-20 17:15:00,4.0,99450.0,283.54999999999995,0.15
2015-02-20 17:30:00,3.7,99410.0,283.45,0.15
2015-02-20 17:45:00,3.9,99390.0,283.65,0.15
2015-02-20 18:00:00,3.7,99360.0,283.4,0.15
2015-02-20 18:15:00,3.0,99330.0,283.25,0.15
2015-02-20 18:30:00,3.1,99305.0,283.29999999999995,0.15
2015-02-20 18:45:00,4.2,99280.0,283.65,0.15
2015-02-20 19:00:00,6.15,99265.0,283.85,0.15
2015-02-20 19:15:00,5.8,99250.0,283.65,0.15
2015-02-20 19:30:00,6.449999999999999,99215.0,283.75,0.15
2015-02-20 19:45:00,9.0,99200.0,283.65,0.15
2015-02-20 20:00:00,8.3,99180.0,283.35,0.15
2015-02-20 20:15:00,7.4,99170.0,283.15,0.15
2015-02-20 20:30:00,7.7,99155.0,282.9,0.15
2015-02-20 20:45:00,6.7,99140.0,282.75,0.15
2015-02-20 21:00:00,6.4,99120.0,282.54999999999995,0.15
2015-02-20 21:15:00,6.3,99100.0,282.45,0.15
2015-02-20 21:30:00,6.300000000000001,99060.0,282.35,0.15
2015-02-20 21:45:00,6.2,99030.0,282.25,0.15
2015-02-20 22:00:00,6.5,98995.0,282.2,0.15
2015-02-20 22:15:00,5.5,98970.0,282.15,0.15
2015-02-20 22:30:00,6.45,98925.0,282.04999999999995,0.15
2015-02-20 22:45:00,5.8,98890.0,281.95,0.15
2015-02-20 23:00:00,5.4,98855.0,282.0,0.15
2015-02-20 23:15:00,5.4,98820.0,281.95,0.15
2015-02-20 23:30:00,4.85,98790.0,281.75,0.15
2015-02-20 23:45:00,4.2,98770.0,281.65,0.15
2015-02-21 00:00:00,4.4,98740.0,281.85,0.15
2015-02-21 00:15:00,5.2,98720.0,281.75,0.15
2015-02-21 00:30:00,5.1,98680.0,281.6,0.15
2015-02-21 00:45:00,4.9,98660.0,281.65,0.15
2015-02-21 01:00:00,5.15,98620.0,281.65,0.15
2015-02-21 01:15:00,5.1,98600.0,281.54999999999995,0.15
2015-02-21 01:30:00,5.75,98565.0,281.45,0.15
2015-02-21 01:45:00,5.5,98540.0,281.35,0.15
2015-02-21 02:00:00,5.5,98500.0,281.29999999999995,0.15
2015-02-21 02:15:00,5.7,98480.0,281.25,0.15
2015-02-21 02:30:00,4.9,98465.0,281.25,0.15
2015-02-21 02:45:00,5.4,98440.0,281.04999999999995,0.15
2015-02-21 03:00:00,6.35,98425.0,281.2,0.15
2015-02-21 03:15:00,6.2,98410.0,281.35,0.15
2015-02-21 03:30:00,5.8,98395.0,281.45,0.15
2015-02-21 03:45:00,6.6,98370.0,281.54999999999995,0.15
2015-02-21 04:00:00,6.3,98360.0,281.45,0.15
2015-02-21 04:15:00,6.2,98360.0,281.54999999999995,0.15
2015-02-21 04:30:00,6.1,98355.0,281.35,0.15
2015-02-21 04:45:00,6.1,98350.0,281.35,0.15
2015-02-21 05:00:00,5.9,98385.0,280.2,0.15
2015-02-21 05:15:00,5.6,98430.0,278.85,0.15
2015-02-21 05:30:00,6.050000000000001,98455.0,278.5,0.15
2015-02-21 05:45:00,6.7,98500.0,277.95,0.15
2015-02-21 06:00:00,5.3,98535.0,277.75,0.15
2015-02-21 06:15:00,4.2,98560.0,277.54999999999995,0.15
2015-02-21 06:30:00,4.6,98565.0,277.45,0.15
2015-02-21 06:45:00,3.4,98580.0,277.45,0.15
2015-02-21 07:00:00,2.9000000000000004,98605.0,277.5,0.15
2015-02-21 07:15:00,2.8,98630.0,277.54999999999995,0.15
2015-02-21 07:30:00,3.3,98650.0,277.35,0.15
2015-02-21 07:45:00,3.6,98680.0,277.35,0.15
2015-02-21 08:00:00,3.3,98690.0,277.4,0.15
2015-02-21 08:15:00,3.1,98710.0,277.45,0.15
2015-02-21 08:30:00,2.55,98730.0,277.54999999999995,0.15
2015-02-21 08:45:00,2.2,98740.0,277.65,0.15
2015-02-21 09:00:00,2.35,98740.0,277.85,0.15
2015-02-21 09:15:00,2.0,98740.0,277.95,0.15
2015-02-21 09:30:00,2.35,98745.0,278.1,0.15
2015-02-21 09:45:00,3.1,98760.0,277.95,0.15
2015-02-21 10:00:00,2.85,98775.0,278.35,0.15
2015-02-21 10:15:00,3.3,98780.0,279.04999999999995,0.15
2015-02-21 10:30:00,4.05,98790.0,279.04999999999995,0.15
2015-02-21 10:45:00,4.1,98800.0,280.04999999999995,0.15
2015-02-21 11:00:00,3.95,98790.0,280.25,0.15
2015-02-21 11:15:00,4.9,98780.0,279.75,0.15
2015-02-21 11:30:00,3.75,98775.0,279.65,0.15
2015-02-21 11:45:00,3.8,98770.0,279.54999999999995,0.15
2015-02-21 12:00:00,4.3,98770.0,279.6,0.15
2015-02-21 12:15:00,3.6,98760.0,279.35,0.15
2015-02-21 12:30:00,4.15,98750.0,279.95,0.15
2015-02-21 12:45:00,3.3,98770.0,279.45,0.15
2015-02-21 13:00:00,4.1,98775.0,280.45,0.15
2015-02-21 13:15:00,5.4,98780.0,281.65,0.15
2015-02-21 13:30:00,4.95,98790.0,281.0,0.15
2015-02-21 13:45:00,4.5,98790.0,281.75,0.15
2015-02-21 14:00:00,4.25,98795.0,280.79999999999995,0.15
2015-02-21 14:15:00,3.9,98800.0,281.45,0.15
2015-02-21 14:30:00,4.5,98810.0,281.45,0.15
2015-02-21 14:45:00,3.6,98820.0,281.04999999999995,0.15
2015-02-21 15:00:00,4.449999999999999,98825.0,281.79999999999995,0.15
2015-02-21 15:15:00,5.1,98840.0,281.45,0.15
2015-02-21 15:30:00,4.55,98845.0,280.04999999999995,0.15
2015-02-21 15:45:00,2.9,98850.0,279.85,0.15
2015-02-21 16:00:00,2.8,98860.0,279.9,0.15
2015-02-21 16:15:00,3.1,98870.0,279.75,0.15
2015-02-21 16:30:00,3.65,98900.0,279.6,0.15
2015-02-21 16:45:00,3.7,98940.0,279.45,0.15
2015-02-21 17:00:00,4.0,98960.0,278.35,0.15
2015-02-21 17:15:00,3.3,98970.0,278.35,0.15
2015-02-21 17:30:00,1.9,98970.0,278.15,0.15
2015-02-21 17:45:00,2.2,98970.0,277.75,0.15
2015-02-21 18:00:00,1.75,98985.0,277.4,0.15
2015-02-21 18:15:00,1.2,99000.0,277.35,0.15
2015-02-21 18:30:00,0.95,99030.0,276.5,0.15
2015-02-21 18:45:00,1.5,99050.0,276.75,0.15
2015-02-21 19:00:00,1.0,99045.0,276.7,0.15
2015-02-21 19:15:00,0.6,99070.0,276.54999999999995,0.15
2015-02-21 19:30:00,1.25,99085.0,276.45,0.15
2015-02-21 19:45:00,2.5,99100.0,276.85,0.15
2015-02-21 20:00:00,2.35,99110.0,277.15,0.15
2015-02-21 20:15:00,2.5,99130.0,276.95,0.15
2015-02-21 20:30:00,2.05,99145.0,276.85,0.15
2015-02-21 20:45:00,1.9,99160.0,276.75,0.15
2015-02-21 21:00:00,1.7,99170.0,276.54999999999995,0.15
2015-02-21 21:15:00,1.7,99200.0,276.54999999999995,0.15
2015-02-21 21:30:00,1.7000000000000002,99205.0,276.54999999999995,0.15
2015-02-21 21:45:00,2.3,99220.0,276.45,0.15
2015-02-21 22:00:00,2.65,99235.0,276.29999999999995,0.15
2015-02-21 22:15:00,2.5,99250.0,276.04999999999995,0.15
2015-02-21 22:30:00,1.4500000000000002,99255.0,275.9,0.15
2015-02-21 22:45:00,1.4,99260.0,275.85,0.15
2015-02-21 23:00:00,1.85,99285.0,275.9,0.15
2015-02-21 23:15:00,1.6,99300.0,276.04999999999995,0.15
2015-02-21 23:30:00,1.4,99310.0,276.04999999999995,0.15
2015-02-21 23:45:00,1.5,99320.0,276.15,0.15
2015-02-22 00:00:00,1.35,99335.0,276.15,0.15
2015-02-22 00:15:00,1.0,99350.0,276.15,0.15
2015-02-22 00:30:00,1.2000000000000002,99350.0,276.1,0.15
2015-02-22 00:45:00,1.2,99360.0,276.04999999999995,0.15
2015-02-22 01:00:00,0.95,99370.0,276.15,0.15
2015-02-22 01:15:00,0.8,99390.0,276.15,0.15
2015-02-22 01:30:00,0.9,99405.0,276.15,0.15
2015-02-22 01:45:00,1.1,99430.0,276.15,0.15
2015-02-22 02:00:00,1.1,99445.0,276.15,0.15
2015-02-22 02:15:00,1.2,99460.0,276.25,0.15
2015-02-22 02:30:00,1.35,99470.0,276.15,0.15
2015-02-22 02:45:00,1.6,99500.0,276.25,0.15
2015-02-22 03:00:00,1.5,99525.0,276.2,0.15
2015-02-22 03:15:00,1.1,99540.0,276.25,0.15
2015-02-22 03:30:00,1.2,99555.0,276.15,0.15
2015-02-22 03:45:00,1.5,99580.0,276.15,0.15
2015-02-22 04:00:00,1.65,99595.0,276.2,0.15
2015-02-22 04:15:00,1.9,99610.0,276.15,0.15
2015-02-22 04:30:00,2.3,99625.0,276.29999999999995,0.15
2015-02-22 04:45:00,3.6,99640.0,276.35,0.15
2015-02-22 05:00:00,3.8,99665.0,276.2,0.15
2015-02-22 05:15:00,2.8,99690.0,276.15,0.15
2015-02-22 05:30:00,2.0,99695.0,275.95,0.15
2015-02-22 05:45:00,2.5,99720.0,275.95,0.15
2015-02-22 06:00:00,1.85,99735.0,275.95,0.15
2015-02-22 06:15:00,1.5,99740.0,275.95,0.15
2015-02-22 06:30:00,1.7000000000000002,99765.0,275.75,0.15
2015-02-22 06:45:00,1.3,99790.0,275.75,0.15
2015-02-22 07:00:00,1.05,99805.0,275.95,0.15
2015-02-22 07:15:00,1.1,99830.0,276.04999999999995,0.15
2015-02-22 07:30:00,1.1,99840.0,276.2,0.15
2015-02-22 07:45:00,1.0,99870.0,276.25,0.15
2015-02-22 08:00:00,1.3,99900.0,276.5,0.15
2015-02-22 08:15:00,0.9,99910.0,276.45,0.15
2015-02-22 08:30:00,1.1,99930.0,276.75,0.15
2015-02-22 08:45:00,0.9,99950.0,276.85,0.15
2015-02-22 09:00:00,0.6499999999999999,99945.0,276.9,0.15
2015-02-22 09:15:00,0.6,99940.0,277.25,0.15
2015-02-22 09:30:00,0.8500000000000001,99955.0,277.45,0.15
2015-02-22 09:45:00,0.6,99970.0,277.65,0.15
2015-02-22 10:00:00,1.05,99970.0,277.75,0.15
2015-02-22 10:15:00,1.4,99980.0,278.95,0.15
2015-02-22 10:30:00,0.65,99990.0,278.85,0.15
2015-02-22 10:45:00,0.4,99990.0,279.45,0.15
2015-02-22 11:00:00,1.2999999999999998,99990.0,279.45,0.15
2015-02-22 11:15:00,1.9,99970.0,280.65,0.15
2015-02-22 11:30:00,1.65,99940.0,280.2,0.15
2015-02-22 11:45:00,0.9,99930.0,280.54999999999995,0.15
2015-02-22 12:00:00,0.95,99920.0,280.1,0.15
2015-02-22 12:15:00,1.3,99920.0,279.75,0.15
2015-02-22 12:30:00,1.15,99905.0,279.9,0.15
2015-02-22 12:45:00,1.5,99900.0,280.65,0.15
2015-02-22 13:00:00,1.4500000000000002,99875.0,280.9,0.15
2015-02-22 13:15:00,1.8,99860.0,281.54999999999995,0.15
2015-02-22 13:30:00,2.4,99845.0,281.6,0.15
2015-02-22 13:45:00,3.1,99820.0,281.45,0.15
2015-02-22 14:00:00,2.95,99805.0,281.75,0.15
2015-02-22 14:15:00,3.2,99800.0,281.75,0.15
2015-02-22 14:30:00,2.85,99800.0,281.45,0.15
2015-02-22 14:45:00,2.4,99800.0,280.75,0.15
2015-02-22 15:00:00,2.85,99780.0,280.95,0.15
2015-02-22 15:15:00,3.8,99760.0,281.54999999999995,0.15
2015-02-22 15:30:00,3.8,99755.0,281.35,0.15
2015-02-22 15:45:00,3.3,99750.0,281.04999999999995,0.15
2015-02-22 16:00:00,3.65,99755.0,280.5,0.15
2015-02-22 16:15:00,2.6,99750.0,279.75,0.15
2015-02-22 16:30:00,4.1,99725.0,278.95,0.15
2015-02-22 16:45:00,4.0,99720.0,278.35,0.15
2015-02-22 17:00:00,3.4,99730.0,278.45,0.15
2015-02-22 17:15:00,3.9,99740.0,277.95,0.15
2015-02-22 17:30:00,4.85,99735.0,277.6,0.15
2015-02-22 17:45:00,4.5,99710.0,277.35,0.15
2015-02-22 18:00:00,3.55,99715.0,277.29999999999995,0.15
2015-02-22 18:15:00,3.4,99730.0,277.15,0.15
2015-02-22 18:30:00,2.35,99715.0,276.65,0.15
2015-02-22 18:45:00,2.4,99710.0,276.25,0.15
2015-02-22 19:00:00,3.2,99685.0,276.65,0.15
2015-02-22 19:15:00,4.2,99630.0,275.85,0.15
2015-02-22 19:30:00,4.15,99605.0,276.0,0.15
2015-02-22 19:45:00,4.1,99590.0,275.95,0.15
2015-02-22 20:00:00,3.2,99565.0,275.54999999999995,0.15
2015-02-22 20:15:00,2.9,99550.0,274.85,0.15
2015-02-22 20:30:00,3.2,99525.0,275.0,0.15
2015-02-22 20:45:00,3.4,99510.0,274.75,0.15
2015-02-22 21:00:00,3.55,99475.0,274.95,0.15
2015-02-22 21:15:00,3.7,99450.0,275.54999999999995,0.15
2015-02-22 21:30:00,3.25,99430.0,275.2,0.15
2015-02-22 21:45:00,3.2,99410.0,274.75,0.15
2015-02-22 22:00:00,4.1,99395.0,274.7,0.15
2015-02-22 22:15:00,4.0,99370.0,275.45,0.15
2015-02-22 22:30:00,4.65,99335.0,275.85,0.15
2015-02-22 22:45:00,4.5,99290.0,277.04999999999995,0.15
2015-02-22 23:00:00,4.45,99250.0,277.1,0.15
2015-02-22 23:15:00,4.9,99220.0,277.65,0.15
2015-02-22 23:30:00,5.75,99175.0,277.75,0.15
2015-02-22 23:45:00,6.1,99170.0,278.04999999999995,0.15
2015-02-23 00:00:00,5.300000000000001,99145.0,278.15,0.15
2015-02-23 00:15:00,6.1,99110.0,278.35,0.15
2015-02-23 00:30:00,9.1,99090.0,278.29999999999995,0.15
2015-02-23 00:45:00,7.8,99070.0,277.75,0.15
2015-02-23 01:00:00,7.6,99050.0,277.54999999999995,0.15
2015-02-23 01:15:00,6.2,99050.0,277.04999999999995,0.15
2015-02-23 01:30:00,6.0,98970.0,276.79999999999995,0.15
2015-02-23 01:45:00,5.3,98910.0,276.95,0.15
2015-02-23 02:00:00,7.0,98870.0,276.85,0.15
2015-02-23 02:15:00,6.0,98860.0,277.04999999999995,0.15
2015-02-23 02:30:00,7.15,98810.0,276.95,0.15
2015-02-23 02:45:00,6.1,98770.0,276.85,0.15
2015-02-23 03:00:00,6.3,98755.0,276.54999999999995,0.15
2015-02-23 03:15:00,5.5,98740.0,276.25,0.15
2015-02-23 03:30:00,6.25,98730.0,276.0,0.15
2015-02-23 03:45:00,5.3,98710.0,275.65,0.15
2015-02-23 04:00:00,4.75,98685.0,275.29999999999995,0.15
2015-02-23 04:15:00,4.9,98680.0,274.95,0.15
2015-02-23 04:30:00,4.6,98665.0,274.7,0.15
2015-02-23 04:45:00,4.0,98670.0,274.54999999999995,0.15
2015-02-23 05:00:00,4.15,98660.0,274.45,0.15
2015-02-23 05:15:00,3.5,98660.0,274.45,0.15
2015-02-23 05:30:00,3.9,98635.0,274.4,0.15
2015-02-23 05:45:00,3.8,98610.0,274.45,0.15
2015-02-23 06:00:00,3.8,98600.0,274.45,0.15
2015-02-23 06:15:00,3.6,98570.0,274.35,0.15
2015-02-23 06:30:00,3.45,98570.0,274.35,0.15
2015-02-23 06:45:00,3.4,98560.0,274.35,0.15
2015-02-23 07:00:00,3.35,98555.0,274.45,0.15
2015-02-23 07:15:00,3.3,98560.0,274.45,0.15
2015-02-23 07:30:00,2.7,98560.0,274.4,0.15
2015-02-23 07:45:00,2.7,98560.0,274.45,0.15
2015-02-23 08:00:00,2.6500000000000004,98575.0,274.45,0.15
2015-02-23 08:15:00,2.6,98570.0,274.45,0.15
2015-02-23 08:30:00,3.55,98560.0,274.54999999999995,0.15
2015-02-23 08:45:00,3.6,98540.0,274.65,0.15
2015-02-23 09:00:00,2.85,98545.0,274.79999999999995,0.15
2015-02-23 09:15:00,3.2,98550.0,274.95,0.15
2015-02-23 09:30:00,3.7,98505.0,275.15,0.15
2015-02-23 09:45:00,4.8,98450.0,275.25,0.15
2015-02-23 10:00:00,3.95,98450.0,275.29999999999995,0.15
2015-02-23 10:15:00,3.3,98470.0,275.65,0.15
2015-02-23 10:30:00,3.3,98485.0,275.75,0.15
2015-02-23 10:45:00,3.4,98480.0,275.54999999999995,0.15
2015-02-23 11:00:00,3.8,98485.0,276.2,0.15
2015-02-23 11:15:00,4.2,98470.0,276.45,0.15
2015-02-23 11:30:00,4.199999999999999,98450.0,276.65,0.15
2015-02-23 11:45:00,4.6,98440.0,276.95,0.15
2015-02-23 12:00:00,4.05,98435.0,276.95,0.15
2015-02-23 12:15:00,4.2,98410.0,277.04999999999995,0.15
2015-02-23 12:30:00,4.6,98420.0,277.7,0.15
2015-02-23 12:45:00,4.7,98430.0,278.65,0.15
2015-02-23 13:00:00,3.95,98430.0,279.1,0.15
2015-02-23 13:15:00,2.9,98430.0,279.75,0.15
2015-02-23 13:30:00,3.45,98420.0,279.95,0.15
2015-02-23 13:45:00,3.5,98420.0,278.95,0.15
2015-02-23 14:00:00,3.7,98425.0,279.45,0.15
2015-02-23 14:15:00,4.6,98450.0,280.04999999999995,0.15
2015-02-23 14:30:00,5.15,98445.0,281.15,0.15
2015-02-23 14:45:00,5.5,98450.0,281.85,0.15
2015-02-23 15:00:00,5.800000000000001,98440.0,282.0,0.15
2015-02-23 15:15:00,5.2,98440.0,281.65,0.15
2015-02-23 15:30:00,4.8,98420.0,281.54999999999995,0.15
2015-02-23 15:45:00,4.7,98410.0,281.35,0.15
2015-02-23 16:00:00,4.3,98420.0,280.7,0.15
2015-02-23 16:15:00,3.6,98440.0,280.04999999999995,0.15
2015-02-23 16:30:00,3.25,98450.0,279.6,0.15
2015-02-23 16:45:00,2.8,98460.0,278.85,0.15
2015-02-23 17:00:00,3.55,98500.0,279.85,0.15
2015-02-23 17:15:00,3.9,98570.0,279.35,0.15
2015-02-23 17:30:00,4.35,98620.0,278.75,0.15
2015-02-23 17:45:00,4.6,98660.0,277.85,0.15
2015-02-23 18:00:00,3.05,98600.0,277.65,0.15
2015-02-23 18:15:00,2.4,98600.0,277.45,0.15
2015-02-23 18:30:00,2.3,98595.0,277.45,0.15
2015-02-23 18:45:00,2.1,98610.0,277.25,0.15
2015-02-23 19:00:00,1.65,98595.0,277.54999999999995,0.15
2015-02-23 19:15:00,1.7,98610.0,277.25,0.15
2015-02-23 19:30:00,1.85,98625.0,277.04999999999995,0.15
2015-02-23 19:45:00,2.9,98610.0,277.45,0.15
2015-02-23 20:00:00,3.05,98635.0,277.54999999999995,0.15
2015-02-23 20:15:00,3.3,98660.0,277.25,0.15
2015-02-23 20:30:00,3.5,98675.0,276.79999999999995,0.15
2015-02-23 20:45:00,2.9,98670.0,276.75,0.15
2015-02-23 21:00:00,3.8,98675.0,277.54999999999995,0.15
2015-02-23 21:15:00,3.2,98690.0,277.85,0.15
2015-02-23 21:30:00,3.4,98720.0,278.1,0.15
2015-02-23 21:45:00,3.0,98730.0,277.85,0.15
2015-02-23 22:00:00,2.5,98755.0,277.54999999999995,0.15
2015-02-23 22:15:00,2.3,98780.0,277.45,0.15
2015-02-23 22:30:00,2.45,98790.0,277.2,0.15
2015-02-23 22:45:00,2.1,98790.0,277.25,0.15
2015-02-23 23:00:00,2.35,98800.0,277.1,0.15
2015-02-23 23:15:00,2.4,98800.0,277.15,0.15
2015-02-23 23:30:00,2.1,98805.0,277.2,0.15
2015-02-23 23:45:00,2.0,98810.0,276.95,0.15
2015-02-24 00:00:00,2.25,98810.0,276.1,0.15
2015-02-24 00:15:00,2.5,98810.0,275.95,0.15
2015-02-24 00:30:00,2.55,98815.0,276.29999999999995,0.15
2015-02-24 00:45:00,2.7,98830.0,275.85,0.15
2015-02-24 01:00:00,2.75,98840.0,276.04999999999995,0.15
2015-02-24 01:15:00,2.5,98850.0,276.75,0.15
2015-02-24 01:30:00,2.35,98860.0,276.4,0.15
2015-02-24 01:45:00,2.3,98880.0,276.04999999999995,0.15
2015-02-24 02:00:00,2.0,98870.0,275.65,0.15
2015-02-24 02:15:00,2.7,98880.0,275.65,0.15
2015-02-24 02:30:00,3.05,98885.0,275.04999999999995,0.15
2015-02-24 02:45:00,2.8,98910.0,275.85,0.15
2015-02-24 03:00:00,3.4000000000000004,98915.0,275.85,0.15
2015-02-24 03:15:00,3.7,98940.0,275.75,0.15
2015-02-24 03:30:00,3.65,98960.0,276.0,0.15
2015-02-24 03:45:00,3.2,98970.0,276.15,0.15
2015-02-24 04:00:00,3.85,98960.0,275.4,0.15
2015-02-24 04:15:00,3.7,98970.0,275.65,0.15
2015-02-24 04:30:00,3.75,99000.0,275.0,0.15
2015-02-24 04:45:00,3.5,99010.0,275.54999999999995,0.15
2015-02-24 05:00:00,3.1,99040.0,275.35,0.15
2015-02-24 05:15:00,4.3,99060.0,275.25,0.15
2015-02-24 05:30:00,3.85,99055.0,275.04999999999995,0.15
2015-02-24 05:45:00,3.5,99060.0,275.75,0.15
2015-02-24 06:00:00,3.6,99080.0,274.75,0.15
2015-02-24 06:15:00,3.4,99100.0,275.45,0.15
2015-02-24 06:30:00,3.7,99100.0,275.9,0.15
2015-02-24 06:45:00,3.4,99110.0,275.54999999999995,0.15
2015-02-24 07:00:00,3.0,99135.0,275.54999999999995,0.15
2015-02-24 07:15:00,3.2,99150.0,277.25,0.15
2015-02-24 07:30:00,3.5,99180.0,277.5,0.15
2015-02-24 07:45:00,2.9,99200.0,278.25,0.15
2015-02-24 08:00:00,3.6,99235.0,278.9,0.15
2015-02-24 08:15:00,4.8,99240.0,278.04999999999995,0.15
2015-02-24 08:30:00,5.050000000000001,99245.0,278.45,0.15
2015-02-24 08:45:00,4.8,99260.0,278.65,0.15
2015-02-24 09:00:00,5.4,99265.0,279.0,0.15
2015-02-24 09:15:00,5.8,99270.0,279.25,0.15
2015-02-24 09:30:00,5.6,99280.0,280.0,0.15
2015-02-24 09:45:00,7.0,99290.0,280.15,0.15
2015-02-24 10:00:00,7.2,99300.0,280.7,0.15
2015-02-24 10:15:00,8.0,99300.0,280.65,0.15
2015-02-24 10:30:00,7.65,99340.0,280.65,0.15
2015-02-24 10:45:00,7.7,99390.0,280.35,0.15
2015-02-24 11:00:00,7.7,99410.0,280.5,0.15
2015-02-24 11:15:00,7.9,99410.0,280.75,0.15
2015-02-24 11:30:00,7.4,99415.0,280.9,0.15
2015-02-24 11:45:00,7.7,99420.0,280.95,0.15
2015-02-24 12:00:00,7.05,99410.0,280.95,0.15
2015-02-24 12:15:00,6.9,99440.0,280.54999999999995,0.15
2015-02-24 12:30:00,7.050000000000001,99450.0,280.79999999999995,0.15
2015-02-24 12:45:00,7.3,99460.0,281.25,0.15
2015-02-24 13:00:00,7.25,99475.0,281.15,0.15
2015-02-24 13:15:00,7.9,99500.0,280.65,0.15
2015-02-24 13:30:00,6.35,99530.0,280.2,0.15
2015-02-24 13:45:00,4.8,99540.0,280.15,0.15
2015-02-24 14:00:00,4.5,99560.0,280.04999999999995,0.15
2015-02-24 14:15:00,4.3,99580.0,280.25,0.15
2015-02-24 14:30:00,5.95,99625.0,280.04999999999995,0.15
2015-02-24 14:45:00,4.4,99660.0,279.35,0.15
2015-02-24 15:00:00,2.8,99695.0,278.79999999999995,0.15
2015-02-24 15:15:00,1.6,99700.0,279.35,0.15
2015-02-24 15:30:00,2.45,99735.0,279.54999999999995,0.15
2015-02-24 15:45:00,3.5,99750.0,279.95,0.15
2015-02-24 16:00:00,3.65,99775.0,279.75,0.15
2015-02-24 16:15:00,3.3,99800.0,279.75,0.15
2015-02-24 16:30:00,3.25,99825.0,279.7,0.15
2015-02-24 16:45:00,3.6,99860.0,279.65,0.15
2015-02-24 17:00:00,3.45,99885.0,279.75,0.15
2015-02-24 17:15:00,3.6,99910.0,279.65,0.15
2015-02-24 17:30:00,3.5,99940.0,279.75,0.15
2015-02-24 17:45:00,3.6,99970.0,280.04999999999995,0.15
2015-02-24 18:00:00,3.75,99995.0,279.9,0.15
2015-02-24 18:15:00,3.5,100030.0,279.85,0.15
2015-02-24 18:30:00,3.2,100055.0,279.6,0.15
2015-02-24 18:45:00,3.6,100070.0,279.45,0.15
2015-02-24 19:00:00,3.3,100095.0,278.95,0.15
2015-02-24 19:15:00,2.5,100120.0,278.04999999999995,0.15
2015-02-24 19:30:00,2.0,100125.0,278.54999999999995,0.15
2015-02-24 19:45:00,2.1,100130.0,278.45,0.15
2015-02-24 20:00:00,2.9,100140.0,278.15,0.15
2015-02-24 20:15:00,2.9,100150.0,278.15,0.15
2015-02-24 20:30:00,2.75,100155.0,278.2,0.15
2015-02-24 20:45:00,3.1,100180.0,277.95,0.15
2015-02-24 21:00:00,2.85,100180.0,277.1,0.15
2015-02-24 21:15:00,2.8,100180.0,276.85,0.15
2015-02-24 21:30:00,2.9,100195.0,276.4,0.15
2015-02-24 21:45:00,2.6,100220.0,275.85,0.15
2015-02-24 22:00:00,2.9,100235.0,276.65,0.15
2015-02-24 22:15:00,3.0,100280.0,276.25,0.15
2015-02-24 22:30:00,3.7,100305.0,277.4,0.15
2015-02-24 22:45:00,2.8,100310.0,277.54999999999995,0.15
2015-02-24 23:00:00,2.0,100300.0,277.54999999999995,0.15
2015-02-24 23:15:00,1.4,100310.0,277.45,0.15
2015-02-24 23:30:00,1.6,100320.0,277.29999999999995,0.15
2015-02-24 23:45:00,2.3,100340.0,277.35,0.15
2015-02-25 00:00:00,3.1,100350.0,277.35,0.15
2015-02-25 00:15:00,3.0,100360.0,277.25,0.15
2015-02-25 00:30:00,3.15,100385.0,277.1,0.15
2015-02-25 00:45:00,4.1,100390.0,277.04999999999995,0.15
2015-02-25 01:00:00,2.6,100385.0,276.85,0.15
2015-02-25 01:15:00,1.6,100390.0,276.65,0.15
2015-02-25 01:30:00,2.1,100395.0,276.5,0.15
2015-02-25 01:45:00,2.4,100400.0,276.04999999999995,0.15
2015-02-25 02:00:00,1.9,100410.0,276.15,0.15
2015-02-25 02:15:00,1.6,100420.0,276.04999999999995,0.15
2015-02-25 02:30:00,1.35,100420.0,276.15,0.15
2015-02-25 02:45:00,0.9,100430.0,276.35,0.15
2015-02-25 03:00:00,1.4,100445.0,276.25,0.15
2015-02-25 03:15:00,2.0,100450.0,275.85,0.15
2015-02-25 03:30:00,1.9,100455.0,275.85,0.15
2015-02-25 03:45:00,2.2,100460.0,275.65,0.15
2015-02-25 04:00:00,2.05,100460.0,275.45,0.15
2015-02-25 04:15:00,1.9,100480.0,275.54999999999995,0.15
2015-02-25 04:30:00,2.1500000000000004,100485.0,275.5,0.15
2015-02-25 04:45:00,1.9,100490.0,275.45,0.15
2015-02-25 05:00:00,2.45,100495.0,275.35,0.15
2015-02-25 05:15:00,2.5,100490.0,275.35,0.15
2015-02-25 05:30:00,2.1500000000000004,100490.0,275.54999999999995,0.15
2015-02-25 05:45:00,1.8,100500.0,275.25,0.15
2015-02-25 06:00:00,1.75,100505.0,274.85,0.15
2015-02-25 06:15:00,1.5,100520.0,274.95,0.15
2015-02-25 06:30:00,1.9,100520.0,275.0,0.15
2015-02-25 06:45:00,2.3,100520.0,274.75,0.15
2015-02-25 07:00:00,2.6,100540.0,275.1,0.15
2015-02-25 07:15:00,2.4,100540.0,275.25,0.15
2015-02-25 07:30:00,1.9,100550.0,275.85,0.15
2015-02-25 07:45:00,2.1,100570.0,276.15,0.15
2015-02-25 08:00:00,2.2,100585.0,276.79999999999995,0.15
2015-02-25 08:15:00,1.7,100590.0,277.45,0.15
2015-02-25 08:30:00,1.9,100605.0,278.04999999999995,0.15
2015-02-25 08:45:00,2.6,100610.0,278.54999999999995,0.15
2015-02-25 09:00:00,3.05,100610.0,278.95,0.15
2015-02-25 09:15:00,3.6,100610.0,279.25,0.15
2015-02-25 09:30:00,3.45,100625.0,279.6,0.15
2015-02-25 09:45:00,3.1,100630.0,279.85,0.15
2015-02-25 10:00:00,3.7,100615.0,280.45,0.15
2015-02-25 10:15:00,3.2,100620.0,280.65,0.15
2015-02-25 10:30:00,2.9,100630.0,280.95,0.15
2015-02-25 10:45:00,3.5,100620.0,281.54999999999995,0.15
2015-02-25 11:00:00,4.2,100620.0,281.6,0.15
2015-02-25 11:15:00,4.9,100620.0,281.95,0.15
2015-02-25 11:30:00,3.9,100620.0,281.95,0.15
2015-02-25 11:45:00,3.4,100610.0,281.85,0.15
2015-02-25 12:00:00,4.05,100600.0,281.75,0.15
2015-02-25 12:15:00,4.8,100590.0,282.04999999999995,0.15
2015-02-25 12:30:00,5.199999999999999,100580.0,282.25,0.15
2015-02-25 12:45:00,5.4,100580.0,281.95,0.15
2015-02-25 13:00:00,5.699999999999999,100570.0,282.4,0.15
2015-02-25 13:15:00,5.3,100580.0,281.75,0.15
2015-02-25 13:30:00,4.95,100575.0,281.35,0.15
2015-02-25 13:45:00,4.6,100580.0,281.35,0.15
2015-02-25 14:00:00,4.1,100595.0,281.15,0.15
2015-02-25 14:15:00,4.4,100590.0,280.75,0.15
2015-02-25 14:30:00,4.5,100605.0,280.65,0.15
2015-02-25 14:45:00,4.2,100600.0,280.75,0.15
2015-02-25 15:00:00,4.4,100605.0,280.54999999999995,0.15
2015-02-25 15:15:00,5.0,100620.0,280.04999999999995,0.15
2015-02-25 15:30:00,3.75,100625.0,280.0,0.15
2015-02-25 15:45:00,3.9,100630.0,279.95,0.15
2015-02-25 16:00:00,3.1500000000000004,100640.0,279.75,0.15
2015-02-25 16:15:00,3.1,100650.0,279.54999999999995,0.15
2015-02-25 16:30:00,3.45,100675.0,279.45,0.15
2015-02-25 16:45:00,4.0,100690.0,279.45,0.15
2015-02-25 17:00:00,2.3,100695.0,279.0,0.15
2015-02-25 17:15:00,3.0,100700.0,278.65,0.15
2015-02-25 17:30:00,2.8,100715.0,278.45,0.15
2015-02-25 17:45:00,2.9,100740.0,278.25,0.15
2015-02-25 18:00:00,2.35,100740.0,278.1,0.15
2015-02-25 18:15:00,1.9,100760.0,277.95,0.15
2015-02-25 18:30:00,2.05,100765.0,277.9,0.15
2015-02-25 18:45:00,2.4,100780.0,277.95,0.15
2015-02-25 19:00:00,2.45,100780.0,277.79999999999995,0.15
2015-02-25 19:15:00,1.7,100790.0,277.75,0.15
2015-02-25 19:30:00,2.05,100795.0,277.65,0.15
2015-02-25 19:45:00,2.8,100800.0,277.65,0.15
2015-02-25 20:00:00,2.7,100790.0,277.54999999999995,0.15
2015-02-25 20:15:00,2.3,100790.0,277.45,0.15
2015-02-25 20:30:00,2.35,100785.0,277.45,0.15
2015-02-25 20:45:00,2.4,100790.0,277.35,0.15
2015-02-25 21:00:00,2.8,100790.0,277.35,0.15
2015-02-25 21:15:00,2.8,100800.0,277.35,0.15
2015-02-25 21:30:00,1.8,100805.0,277.45,0.15
2015-02-25 21:45:00,1.7,100820.0,277.45,0.15
2015-02-25 22:00:00,1.95,100820.0,277.5,0.15
2015-02-25 22:15:00,1.9,100820.0,277.54999999999995,0.15
2015-02-25 22:30:00,1.9,100815.0,277.54999999999995,0.15
2015-02-25 22:45:00,2.1,100810.0,277.65,0.15
2015-02-25 23:00:00,1.95,100820.0,277.75,0.15
2015-02-25 23:15:00,1.2,100830.0,277.75,0.15
2015-02-25 23:30:00,0.8500000000000001,100840.0,277.75,0.15
2015-02-25 23:45:00,1.4,100840.0,277.75,0.15
2015-02-26 00:00:00,2.05,100845.0,277.85,0.15
2015-02-26 00:15:00,1.8,100860.0,277.85,0.15
2015-02-26 00:30:00,1.1,100860.0,277.85,0.15
2015-02-26 00:45:00,1.0,100860.0,277.95,0.15
2015-02-26 01:00:00,2.1,100855.0,277.95,0.15
2015-02-26 01:15:00,2.6,100850.0,277.95,0.15
2015-02-26 01:30:00,2.2,100835.0,277.95,0.15
2015-02-26 01:45:00,2.3,100830.0,277.95,0.15
2015-02-26 02:00:00,2.4,100820.0,278.0,0.15
2015-02-26 02:15:00,2.7,100820.0,278.04999999999995,0.15
2015-02-26 02:30:00,2.6,100795.0,278.04999999999995,0.15
2015-02-26 02:45:00,2.4,100800.0,278.04999999999995,0.15
2015-02-26 03:00:00,2.5,100790.0,278.04999999999995,0.15
2015-02-26 03:15:00,2.2,100780.0,278.15,0.15
2015-02-26 03:30:00,1.85,100785.0,278.04999999999995,0.15
2015-02-26 03:45:00,1.7,100810.0,278.04999999999995,0.15
2015-02-26 04:00:00,1.9,100805.0,277.95,0.15
2015-02-26 04:15:00,1.5,100820.0,277.75,0.15
2015-02-26 04:30:00,1.2,100830.0,277.29999999999995,0.15
2015-02-26 04:45:00,1.8,100830.0,277.04999999999995,0.15
2015-02-26 05:00:00,2.0,100825.0,277.35,0.15
2015-02-26 05:15:00,2.4,100830.0,277.45,0.15
2015-02-26 05:30:00,3.05,100820.0,277.4,0.15
2015-02-26 05:45:00,3.6,100810.0,277.35,0.15
2015-02-26 06:00:00,3.45,100815.0,277.4,0.15
2015-02-26 06:15:00,3.4,100810.0,277.35,0.15
2015-02-26 06:30:00,3.25,100810.0,277.15,0.15
2015-02-26 06:45:00,3.0,100800.0,277.35,0.15
2015-02-26 07:00:00,2.6,100785.0,277.35,0.15
2015-02-26 07:15:00,2.6,100790.0,277.85,0.15
2015-02-26 07:30:00,2.85,100770.0,278.25,0.15
2015-02-26 07:45:00,2.5,100770.0,278.85,0.15
2015-02-26 08:00:00,2.65,100775.0,279.29999999999995,0.15
2015-02-26 08:15:00,2.5,100760.0,279.75,0.15
2015-02-26 08:30:00,2.55,100745.0,280.25,0.15
2015-02-26 08:45:00,2.8,100720.0,280.54999999999995,0.15
2015-02-26 09:00:00,3.3,100705.0,281.2,0.15
2015-02-26 09:15:00,4.0,100680.0,281.15,0.15
2015-02-26 09:30:00,4.6,100685.0,281.79999999999995,0.15
2015-02-26 09:45:00,5.5,100690.0,281.45,0.15
2015-02-26 10:00:00,5.15,100685.0,281.4,0.15
2015-02-26 10:15:00,5.0,100680.0,281.45,0.15
2015-02-26 10:30:00,3.55,100685.0,281.7,0.15
2015-02-26 10:45:00,4.0,100660.0,282.65,0.15
2015-02-26 11:00:00,4.2,100630.0,282.6,0.15
2015-02-26 11:15:00,4.1,100610.0,282.65,0.15
2015-02-26 11:30:00,4.3,100605.0,282.75,0.15
2015-02-26 11:45:00,4.7,100580.0,283.04999999999995,0.15
2015-02-26 12:00:00,4.85,100555.0,282.79999999999995,0.15
2015-02-26 12:15:00,5.2,100520.0,283.25,0.15
2015-02-26 12:30:00,4.4,100505.0,283.1,0.15
2015-02-26 12:45:00,5.6,100490.0,283.15,0.15
2015-02-26 13:00:00,5.85,100465.0,283.25,0.15
2015-02-26 13:15:00,5.3,100440.0,283.54999999999995,0.15
2015-02-26 13:30:00,5.3,100415.0,283.29999999999995,0.15
2015-02-26 13:45:00,5.1,100390.0,283.35,0.15
2015-02-26 14:00:00,4.65,100375.0,283.4,0.15
2015-02-26 14:15:00,5.9,100360.0,283.54999999999995,0.15
2015-02-26 14:30:00,4.7,100345.0,283.2,0.15
2015-02-26 14:45:00,4.8,100330.0,283.15,0.15
2015-02-26 15:00:00,4.4,100315.0,283.0,0.15
2015-02-26 15:15:00,4.7,100300.0,282.85,0.15
2015-02-26 15:30:00,4.5,100275.0,282.75,0.15
2015-02-26 15:45:00,4.8,100260.0,282.75,0.15
2015-02-26 16:00:00,4.949999999999999,100240.0,282.6,0.15
2015-02-26 16:15:00,4.4,100220.0,282.54999999999995,0.15
2015-02-26 16:30:00,4.25,100195.0,282.4,0.15
2015-02-26 16:45:00,4.8,100180.0,282.15,0.15
2015-02-26 17:00:00,4.4,100175.0,282.25,0.15
2015-02-26 17:15:00,4.8,100180.0,282.15,0.15
2015-02-26 17:30:00,4.0,100180.0,282.0,0.15
2015-02-26 17:45:00,4.1,100170.0,281.95,0.15
2015-02-26 18:00:00,4.65,100145.0,281.85,0.15
2015-02-26 18:15:00,4.7,100120.0,281.75,0.15
2015-02-26 18:30:00,4.449999999999999,100105.0,281.79999999999995,0.15
2015-02-26 18:45:00,4.5,100080.0,281.75,0.15
2015-02-26 19:00:00,4.75,100070.0,281.85,0.15
2015-02-26 19:15:00,4.3,100050.0,281.85,0.15
2015-02-26 19:30:00,4.6,100035.0,281.85,0.15
2015-02-26 19:45:00,4.4,100020.0,281.54999999999995,0.15
2015-02-26 20:00:00,4.25,100005.0,280.95,0.15
2015-02-26 20:15:00,3.9,99990.0,280.54999999999995,0.15
2015-02-26 20:30:00,3.2,99975.0,280.25,0.15
2015-02-26 20:45:00,3.0,99960.0,279.95,0.15
2015-02-26 21:00:00,2.65,99945.0,279.9,0.15
2015-02-26 21:15:00,2.8,99930.0,279.95,0.15
2015-02-26 21:30:00,2.9000000000000004,99895.0,279.85,0.15
2015-02-26 21:45:00,3.2,99870.0,279.85,0.15
2015-02-26 22:00:00,3.1500000000000004,99845.0,279.95,0.15
2015-02-26 22:15:00,3.0,99810.0,279.95,0.15
2015-02-26 22:30:00,3.05,99795.0,280.04999999999995,0.15
2015-02-26 22:45:00,2.6,99780.0,280.04999999999995,0.15
2015-02-26 23:00:00,2.3,99775.0,279.95,0.15
2015-02-26 23:15:00,2.7,99760.0,279.85,0.15
2015-02-26 23:30:00,2.7,99745.0,279.85,0.15
2015-02-26 23:45:00,2.9,99730.0,279.85,0.15
2015-02-27 00:00:00,2.8,99720.0,279.75,0.15
2015-02-27 00:15:00,3.0,99700.0,279.75,0.15
2015-02-27 00:30:00,3.2,99695.0,279.75,0.15
2015-02-27 00:45:00,3.2,99680.0,279.75,0.15
2015-02-27 01:00:00,2.95,99665.0,279.85,0.15
2015-02-27 01:15:00,2.9,99660.0,279.85,0.15
2015-02-27 01:30:00,2.55,99660.0,279.79999999999995,0.15
2015-02-27 01:45:00,2.3,99650.0,279.75,0.15
2015-02-27 02:00:00,2.05,99645.0,279.75,0.15
2015-02-27 02:15:00,2.2,99640.0,279.75,0.15
2015-02-27 02:30:00,2.05,99625.0,279.75,0.15
2015-02-27 02:45:00,2.1,99610.0,279.65,0.15
2015-02-27 03:00:00,2.2,99605.0,279.75,0.15
2015-02-27 03:15:00,2.0,99600.0,279.65,0.15
2015-02-27 03:30:00,2.1500000000000004,99600.0,279.7,0.15
2015-02-27 03:45:00,1.8,99610.0,279.75,0.15
2015-02-27 04:00:00,1.2999999999999998,99615.0,279.75,0.15
2015-02-27 04:15:00,1.0,99630.0,279.75,0.15
2015-02-27 04:30:00,1.1,99645.0,279.75,0.15
2015-02-27 04:45:00,1.3,99650.0,279.65,0.15
2015-02-27 05:00:00,2.05,99680.0,279.65,0.15
2015-02-27 05:15:00,5.2,99710.0,279.65,0.15
2015-02-27 05:30:00,7.949999999999999,99735.0,279.25,0.15
2015-02-27 05:45:00,8.0,99770.0,278.85,0.15
2015-02-27 06:00:00,7.45,99790.0,278.7,0.15
2015-02-27 06:15:00,7.5,99830.0,278.45,0.15
2015-02-27 06:30:00,7.4,99870.0,278.25,0.15
2015-02-27 06:45:00,7.3,99910.0,278.15,0.15
2015-02-27 07:00:00,6.75,99930.0,278.04999999999995,0.15
2015-02-27 07:15:00,5.5,99950.0,278.04999999999995,0.15
2015-02-27 07:30:00,6.0,100020.0,277.95,0.15
2015-02-27 07:45:00,5.7,100050.0,278.04999999999995,0.15
2015-02-27 08:00:00,6.0,100070.0,278.1,0.15
2015-02-27 08:15:00,4.5,100090.0,278.25,0.15
2015-02-27 08:30:00,5.55,100110.0,278.5,0.15
2015-02-27 08:45:00,4.9,100130.0,278.54999999999995,0.15
2015-02-27 09:00:00,4.85,100145.0,278.7,0.15
2015-02-27 09:15:00,5.0,100160.0,279.04999999999995,0.15
2015-02-27 09:30:00,5.15,100170.0,279.35,0.15
2015-02-27 09:45:00,5.1,100190.0,279.35,0.15
2015-02-27 10:00:00,5.35,100205.0,279.6,0.15
2015-02-27 10:15:00,5.3,100220.0,279.65,0.15
2015-02-27 10:30:00,4.85,100240.0,279.65,0.15
2015-02-27 10:45:00,6.5,100270.0,279.65,0.15
2015-02-27 11:00:00,5.35,100285.0,279.7,0.15
2015-02-27 11:15:00,5.4,100300.0,279.95,0.15
2015-02-27 11:30:00,6.0,100300.0,280.0,0.15
2015-02-27 11:45:00,5.6,100320.0,280.15,0.15
2015-02-27 12:00:00,5.6,100325.0,280.35,0.15
2015-02-27 12:15:00,4.7,100330.0,280.54999999999995,0.15
2015-02-27 12:30:00,5.45,100345.0,280.4,0.15
2015-02-27 12:45:00,6.2,100360.0,279.54999999999995,0.15
2015-02-27 13:00:00,5.55,100380.0,279.5,0.15
2015-02-27 13:15:00,4.2,100380.0,279.75,0.15
2015-02-27 13:30:00,5.35,100385.0,280.29999999999995,0.15
2015-02-27 13:45:00,7.1,100400.0,280.25,0.15
2015-02-27 14:00:00,6.3,100440.0,280.04999999999995,0.15
2015-02-27 14:15:00,6.5,100460.0,279.35,0.15
2015-02-27 14:30:00,7.0,100480.0,280.1,0.15
2015-02-27 14:45:00,5.8,100500.0,280.25,0.15
2015-02-27 15:00:00,5.55,100515.0,280.45,0.15
2015-02-27 15:15:00,5.4,100530.0,280.54999999999995,0.15
2015-02-27 15:30:00,6.25,100540.0,280.45,0.15
2015-02-27 15:45:00,5.1,100550.0,280.35,0.15
2015-02-27 16:00:00,5.949999999999999,100570.0,280.15,0.15
2015-02-27 16:15:00,5.2,100590.0,280.15,0.15
2015-02-27 16:30:00,3.65,100605.0,280.0,0.15
2015-02-27 16:45:00,3.5,100620.0,280.15,0.15
2015-02-27 17:00:00,3.35,100650.0,279.79999999999995,0.15
2015-02-27 17:15:00,2.6,100670.0,278.85,0.15
2015-02-27 17:30:00,2.95,100685.0,278.7,0.15
2015-02-27 17:45:00,2.6,100710.0,277.95,0.15
2015-02-27 18:00:00,2.4000000000000004,100730.0,277.29999999999995,0.15
2015-02-27 18:15:00,2.4,100740.0,277.25,0.15
2015-02-27 18:30:00,2.55,100765.0,277.25,0.15
2015-02-27 18:45:00,1.7,100780.0,277.04999999999995,0.15
2015-02-27 19:00:00,2.3,100805.0,276.75,0.15
2015-02-27 19:15:00,1.6,100820.0,276.85,0.15
2015-02-27 19:30:00,1.4500000000000002,100835.0,276.65,0.15
2015-02-27 19:45:00,0.7,100850.0,276.45,0.15
2015-02-27 20:00:00,0.25,100870.0,276.15,0.15
2015-02-27 20:15:00,1.4,100890.0,275.95,0.15
2015-02-27 20:30:00,0.35,100915.0,275.29999999999995,0.15
2015-02-27 20:45:00,0.2,100920.0,274.35,0.15
2015-02-27 21:00:00,0.2,100935.0,274.79999999999995,0.15
2015-02-27 21:15:00,0.2,100940.0,272.65,0.15
2015-02-27 21:30:00,1.05,100960.0,273.54999999999995,0.15
2015-02-27 21:45:00,1.0,100970.0,274.54999999999995,0.15
2015-02-27 22:00:00,1.0,100980.0,275.2,0.15
2015-02-27 22:15:00,0.5,100970.0,275.54999999999995,0.15
2015-02-27 22:30:00,1.15,100985.0,275.0,0.15
2015-02-27 22:45:00,1.0,101000.0,275.15,0.15
2015-02-27 23:00:00,1.4,100980.0,275.0,0.15
2015-02-27 23:15:00,1.8,100970.0,274.95,0.15
2015-02-27 23:30:00,1.35,100955.0,274.6,0.15
2015-02-27 23:45:00,1.1,100940.0,274.85,0.15
2015-02-28 00:00:00,1.05,100960.0,274.7,0.15
2015-02-28 00:15:00,1.0,100980.0,274.35,0.15
2015-02-28 00:30:00,1.4,100985.0,273.95,0.15
2015-02-28 00:45:00,1.4,100980.0,274.25,0.15
2015-02-28 01:00:00,0.95,100995.0,274.35,0.15
2015-02-28 01:15:00,0.7,100990.0,274.54999999999995,0.15
2015-02-28 01:30:00,1.0,100995.0,274.25,0.15
2015-02-28 01:45:00,1.3,100980.0,274.25,0.15
2015-02-28 02:00:00,1.75,100965.0,273.79999999999995,0.15
2015-02-28 02:15:00,1.6,100960.0,273.75,0.15
2015-02-28 02:30:00,1.75,100950.0,273.6,0.15
2015-02-28 02:45:00,2.0,100950.0,273.35,0.15
2015-02-28 03:00:00,1.85,100950.0,273.15,0.15
2015-02-28 03:15:00,1.6,100950.0,272.15,0.15
2015-02-28 03:30:00,1.6,100955.0,273.0,0.15
2015-02-28 03:45:00,1.8,100930.0,273.15,0.15
2015-02-28 04:00:00,2.1,100930.0,273.2,0.15
2015-02-28 04:15:00,2.1,100920.0,271.85,0.15
2015-02-28 04:30:00,2.1,100925.0,271.4,0.15
2015-02-28 04:45:00,1.9,100920.0,272.04999999999995,0.15
2015-02-28 05:00:00,2.45,100920.0,273.0,0.15
2015-02-28 05:15:00,2.2,100920.0,272.85,0.15
2015-02-28 05:30:00,2.45,100920.0,272.75,0.15
2015-02-28 05:45:00,2.7,100920.0,272.85,0.15
2015-02-28 06:00:00,2.35,100935.0,273.0,0.15
2015-02-28 06:15:00,1.3,100940.0,272.95,0.15
2015-02-28 06:30:00,2.85,100925.0,273.1,0.15
2015-02-28 06:45:00,2.9,100920.0,273.04999999999995,0.15
2015-02-28 07:00:00,2.4,100930.0,273.35,0.15
2015-02-28 07:15:00,2.8,100940.0,273.85,0.15
2015-02-28 07:30:00,2.15,100950.0,274.45,0.15
2015-02-28 07:45:00,3.0,100960.0,275.04999999999995,0.15
2015-02-28 08:00:00,3.1500000000000004,100945.0,275.45,0.15
2015-02-28 08:15:00,3.2,100930.0,275.65,0.15
2015-02-28 08:30:00,2.8,100945.0,276.2,0.15
2015-02-28 08:45:00,2.8,100940.0,276.85,0.15
2015-02-28 09:00:00,2.55,100940.0,277.45,0.15
2015-02-28 09:15:00,2.9,100920.0,277.95,0.15
2015-02-28 09:30:00,3.9,100900.0,278.65,0.15
2015-02-28 09:45:00,4.3,100880.0,279.15,0.15
2015-02-28 10:00:00,4.35,100860.0,279.29999999999995,0.15
2015-02-28 10:15:00,5.0,100840.0,279.04999999999995,0.15
2015-02-28 10:30:00,4.75,100815.0,279.95,0.15
2015-02-28 10:45:00,5.1,100800.0,280.35,0.15
2015-02-28 11:00:00,4.7,100785.0,280.6,0.15
2015-02-28 11:15:00,4.8,100760.0,280.45,0.15
2015-02-28 11:30:00,4.65,100760.0,281.4,0.15
2015-02-28 11:45:00,4.7,100760.0,281.35,0.15
2015-02-28 12:00:00,4.6,100730.0,281.85,0.15
2015-02-28 12:15:00,4.7,100700.0,281.75,0.15
2015-02-28 12:30:00,5.35,100685.0,281.79999999999995,0.15
2015-02-28 12:45:00,5.9,100660.0,282.25,0.15
2015-02-28 13:00:00,4.699999999999999,100635.0,282.35,0.15
2015-02-28 13:15:00,5.0,100610.0,282.45,0.15
2015-02-28 13:30:00,4.65,100590.0,282.1,0.15
2015-02-28 13:45:00,4.0,100580.0,282.35,0.15
2015-02-28 14:00:00,4.550000000000001,100550.0,282.75,0.15
2015-02-28 14:15:00,5.3,100540.0,282.95,0.15
2015-02-28 14:30:00,5.800000000000001,100510.0,282.25,0.15
2015-02-28 14:45:00,6.1,100490.0,282.65,0.15
2015-02-28 15:00:00,6.7,100465.0,282.45,0.15
2015-02-28 15:15:00,6.1,100450.0,282.45,0.15
2015-02-28 15:30:00,5.8,100425.0,282.25,0.15
2015-02-28 15:45:00,5.9,100380.0,281.95,0.15
2015-02-28 16:00:00,5.5,100365.0,281.7,0.15
2015-02-28 16:15:00,5.4,100350.0,281.35,0.15
2015-02-28 16:30:00,4.8,100340.0,280.75,0.15
2015-02-28 16:45:00,5.3,100320.0,280.15,0.15
2015-02-28 17:00:00,3.95,100315.0,279.7,0.15
2015-02-28 17:15:00,3.2,100300.0,278.25,0.15
2015-02-28 17:30:00,3.4,100300.0,277.7,0.15
2015-02-28 17:45:00,3.1,100320.0,277.85,0.15
2015-02-28 18:00:00,4.15,100305.0,278.95,0.15
2015-02-28 18:15:00,5.1,100270.0,278.04999999999995,0.15
2015-02-28 18:30:00,3.8,100265.0,277.7,0.15
2015-02-28 18:45:00,4.5,100260.0,277.35,0.15
2015-02-28 19:00:00,4.65,100250.0,277.25,0.15
2015-02-28 19:15:00,4.5,100210.0,277.65,0.15
2015-02-28 19:30:00,4.0,100215.0,278.04999999999995,0.15
2015-02-28 19:45:00,3.9,100220.0,279.04999999999995,0.15
2015-02-28 20:00:00,4.5,100160.0,278.4,0.15
2015-02-28 20:15:00,4.4,100140.0,277.65,0.15
2015-02-28 20:30:00,4.45,100110.0,277.9,0.15
2015-02-28 20:45:00,4.0,100080.0,278.54999999999995,0.15
2015-02-28 21:00:00,5.0,100055.0,278.75,0.15
2015-02-28 21:15:00,5.4,99990.0,278.65,0.15
2015-02-28 21:30:00,5.4,99965.0,279.0,0.15
2015-02-28 21:45:00,5.6,99940.0,279.25,0.15
2015-02-28 22:00:00,5.15,99905.0,279.2,0.15
2015-02-28 22:15:00,5.3,99880.0,279.25,0.15
2015-02-28 22:30:00,5.199999999999999,99825.0,279.5,0.15
2015-02-28 22:45:00,5.1,99780.0,279.15,0.15
2015-02-28 23:00:00,4.85,99760.0,279.04999999999995,0.15
2015-02-28 23:15:00,5.0,99740.0,279.15,0.15
2015-02-28 23:30:00,4.9,99715.0,279.1,0.15
2015-02-28 23:45:00,4.9,99700.0,279.75,0.15
2015-03-01 00:00:00,3.95,99700.0,279.54999999999995,0.15
2015-03-01 00:15:00,3.0,99680.0,279.25,0.15
2015-03-01 00:30:00,3.15,99690.0,279.5,0.15
2015-03-01 00:45:00,2.9,99640.0,279.65,0.15
2015-03-01 01:00:00,3.7,99580.0,279.5,0.15
2015-03-01 01:15:00,5.6,99480.0,279.65,0.15
2015-03-01 01:30:00,5.0,99450.0,279.5,0.15
2015-03-01 01:45:00,4.5,99420.0,278.75,0.15
2015-03-01 02:00:00,3.35,99465.0,278.5,0.15
2015-03-01 02:15:00,4.1,99460.0,277.65,0.15
2015-03-01 02:30:00,3.8,99400.0,277.79999999999995,0.15
2015-03-01 02:45:00,3.7,99360.0,277.35,0.15
2015-03-01 03:00:00,4.6,99335.0,277.85,0.15
2015-03-01 03:15:00,4.8,99300.0,278.15,0.15
2015-03-01 03:30:00,4.6,99270.0,278.25,0.15
2015-03-01 03:45:00,4.1,99260.0,278.15,0.15
2015-03-01 04:00:00,4.3,99260.0,278.1,0.15
2015-03-01 04:15:00,4.3,99240.0,278.04999999999995,0.15
2015-03-01 04:30:00,4.15,99220.0,278.0,0.15
2015-03-01 04:45:00,3.9,99220.0,277.95,0.15
2015-03-01 05:00:00,4.5,99220.0,277.95,0.15
2015-03-01 05:15:00,4.2,99210.0,278.15,0.15
2015-03-01 05:30:00,4.35,99200.0,278.29999999999995,0.15
2015-03-01 05:45:00,4.0,99210.0,278.45,0.15
2015-03-01 06:00:00,3.55,99190.0,278.75,0.15
2015-03-01 06:15:00,3.2,99170.0,278.95,0.15
2015-03-01 06:30:00,3.3,99180.0,279.25,0.15
2015-03-01 06:45:00,3.0,99190.0,279.35,0.15
2015-03-01 07:00:00,3.35,99175.0,279.45,0.15
2015-03-01 07:15:00,4.8,99190.0,279.75,0.15
2015-03-01 07:30:00,5.55,99185.0,280.25,0.15
2015-03-01 07:45:00,4.2,99190.0,280.65,0.15
2015-03-01 08:00:00,4.1,99215.0,280.75,0.15
2015-03-01 08:15:00,4.1,99230.0,280.85,0.15
2015-03-01 08:30:00,4.449999999999999,99255.0,281.0,0.15
2015-03-01 08:45:00,5.7,99250.0,281.15,0.15
2015-03-01 09:00:00,5.699999999999999,99245.0,281.6,0.15
2015-03-01 09:15:00,5.1,99250.0,281.85,0.15
2015-03-01 09:30:00,5.35,99260.0,282.1,0.15
2015-03-01 09:45:00,4.8,99270.0,282.85,0.15
2015-03-01 10:00:00,5.25,99270.0,283.29999999999995,0.15
2015-03-01 10:15:00,3.8,99260.0,283.54999999999995,0.15
2015-03-01 10:30:00,4.6,99270.0,284.45,0.15
2015-03-01 10:45:00,5.8,99270.0,284.95,0.15
2015-03-01 11:00:00,7.15,99265.0,285.04999999999995,0.15
2015-03-01 11:15:00,7.7,99270.0,285.45,0.15
2015-03-01 11:30:00,7.899999999999999,99295.0,284.85,0.15
2015-03-01 11:45:00,9.0,99300.0,284.85,0.15
2015-03-01 12:00:00,6.95,99275.0,285.45,0.15
2015-03-01 12:15:00,5.7,99280.0,285.75,0.15
2015-03-01 12:30:00,6.800000000000001,99250.0,285.75,0.15
2015-03-01 12:45:00,7.3,99230.0,284.95,0.15
2015-03-01 13:00:00,6.55,99215.0,285.0,0.15
2015-03-01 13:15:00,4.9,99210.0,285.04999999999995,0.15
2015-03-01 13:30:00,6.1,99210.0,284.85,0.15
2015-03-01 13:45:00,6.1,99200.0,284.65,0.15
2015-03-01 14:00:00,5.3,99210.0,284.54999999999995,0.15
2015-03-01 14:15:00,4.3,99230.0,284.35,0.15
2015-03-01 14:30:00,6.199999999999999,99285.0,282.54999999999995,0.15
2015-03-01 14:45:00,4.2,99270.0,282.15,0.15
2015-03-01 15:00:00,4.8,99270.0,282.4,0.15
2015-03-01 15:15:00,5.5,99260.0,283.85,0.15
2015-03-01 15:30:00,5.4,99255.0,284.04999999999995,0.15
2015-03-01 15:45:00,4.8,99260.0,284.15,0.15
2015-03-01 16:00:00,5.25,99265.0,284.04999999999995,0.15
2015-03-01 16:15:00,5.4,99260.0,283.54999999999995,0.15
2015-03-01 16:30:00,4.8,99255.0,283.5,0.15
2015-03-01 16:45:00,5.2,99250.0,283.35,0.15
2015-03-01 17:00:00,4.550000000000001,99275.0,283.15,0.15
2015-03-01 17:15:00,4.3,99280.0,283.25,0.15
2015-03-01 17:30:00,4.55,99275.0,283.2,0.15
2015-03-01 17:45:00,3.1,99270.0,283.15,0.15
2015-03-01 18:00:00,2.75,99270.0,282.95,0.15
2015-03-01 18:15:00,3.2,99240.0,282.95,0.15
2015-03-01 18:30:00,2.35,99220.0,282.6,0.15
2015-03-01 18:45:00,1.2,99210.0,281.95,0.15
2015-03-01 19:00:00,1.1,99200.0,281.95,0.15
2015-03-01 19:15:00,1.9,99200.0,282.04999999999995,0.15
2015-03-01 19:30:00,1.55,99180.0,281.9,0.15
2015-03-01 19:45:00,1.7,99160.0,282.04999999999995,0.15
2015-03-01 20:00:00,2.5,99145.0,281.85,0.15
2015-03-01 20:15:00,3.1,99130.0,282.35,0.15
2015-03-01 20:30:00,2.9,99080.0,282.45,0.15
2015-03-01 20:45:00,2.9,99050.0,282.35,0.15
2015-03-01 21:00:00,3.5,99030.0,282.54999999999995,0.15
2015-03-01 21:15:00,3.5,99010.0,282.54999999999995,0.15
2015-03-01 21:30:00,3.45,98970.0,282.4,0.15
2015-03-01 21:45:00,3.8,98930.0,282.15,0.15
2015-03-01 22:00:00,3.4,98905.0,282.5,0.15
2015-03-01 22:15:00,3.2,98890.0,282.25,0.15
2015-03-01 22:30:00,3.1500000000000004,98870.0,281.6,0.15
2015-03-01 22:45:00,3.2,98840.0,282.04999999999995,0.15
2015-03-01 23:00:00,3.9,98800.0,282.2,0.15
2015-03-01 23:15:00,3.3,98760.0,281.85,0.15
2015-03-01 23:30:00,3.65,98730.0,282.1,0.15
2015-03-01 23:45:00,3.8,98710.0,282.45,0.15
2015-03-02 00:00:00,4.199999999999999,98690.0,282.54999999999995,0.15
2015-03-02 00:15:00,4.4,98690.0,282.35,0.15
2015-03-02 00:30:00,3.95,98720.0,281.79999999999995,0.15
2015-03-02 00:45:00,4.5,98730.0,281.15,0.15
2015-03-02 01:00:00,8.35,98790.0,280.35,0.15
2015-03-02 01:15:00,8.3,98810.0,281.15,0.15
2015-03-02 01:30:00,7.15,98805.0,281.25,0.15
2015-03-02 01:45:00,7.9,98840.0,280.85,0.15
2015-03-02 02:00:00,7.4,98875.0,280.9,0.15
2015-03-02 02:15:00,6.9,98900.0,280.75,0.15
2015-03-02 02:30:00,7.15,98915.0,280.7,0.15
2015-03-02 02:45:00,7.5,98930.0,280.75,0.15
2015-03-02 03:00:00,7.8,98945.0,280.29999999999995,0.15
2015-03-02 03:15:00,6.3,98970.0,280.25,0.15
2015-03-02 03:30:00,7.35,98965.0,280.15,0.15
2015-03-02 03:45:00,6.3,98950.0,279.95,0.15
2015-03-02 04:00:00,5.05,98990.0,279.75,0.15
2015-03-02 04:15:00,4.0,99000.0,279.75,0.15
2015-03-02 04:30:00,4.6,99005.0,279.7,0.15
2015-03-02 04:45:00,3.5,99040.0,279.75,0.15
2015-03-02 05:00:00,3.55,99030.0,279.4,0.15
2015-03-02 05:15:00,3.1,99040.0,279.54999999999995,0.15
2015-03-02 05:30:00,3.25,99050.0,279.04999999999995,0.15
2015-03-02 05:45:00,2.9,99070.0,278.85,0.15
2015-03-02 06:00:00,3.0,99085.0,278.7,0.15
2015-03-02 06:15:00,3.3,99120.0,278.54999999999995,0.15
2015-03-02 06:30:00,3.5,99150.0,279.35,0.15
2015-03-02 06:45:00,4.6,99190.0,279.45,0.15
2015-03-02 07:00:00,4.5,99200.0,279.5,0.15
2015-03-02 07:15:00,4.8,99220.0,279.54999999999995,0.15
2015-03-02 07:30:00,4.550000000000001,99255.0,279.29999999999995,0.15
2015-03-02 07:45:00,5.6,99300.0,278.54999999999995,0.15
2015-03-02 08:00:00,3.8,99315.0,278.15,0.15
2015-03-02 08:15:00,4.1,99340.0,278.75,0.15
2015-03-02 08:30:00,4.2,99360.0,279.54999999999995,0.15
2015-03-02 08:45:00,4.8,99380.0,280.45,0.15
2015-03-02 09:00:00,4.5,99400.0,280.0,0.15
2015-03-02 09:15:00,4.5,99400.0,280.25,0.15
2015-03-02 09:30:00,4.95,99430.0,279.95,0.15
2015-03-02 09:45:00,5.6,99450.0,280.04999999999995,0.15
2015-03-02 10:00:00,5.5,99440.0,280.6,0.15
2015-03-02 10:15:00,6.3,99450.0,281.65,0.15
2015-03-02 10:30:00,5.25,99450.0,282.04999999999995,0.15
2015-03-02 10:45:00,5.9,99460.0,281.95,0.15
2015-03-02 11:00:00,5.95,99475.0,282.0,0.15
2015-03-02 11:15:00,5.2,99480.0,282.75,0.15
2015-03-02 11:30:00,7.15,99495.0,282.15,0.15
2015-03-02 11:45:00,5.9,99490.0,282.15,0.15
2015-03-02 12:00:00,6.0,99490.0,282.65,0.15
2015-03-02 12:15:00,5.8,99490.0,282.15,0.15
2015-03-02 12:30:00,5.65,99490.0,282.4,0.15
2015-03-02 12:45:00,5.1,99480.0,282.85,0.15
2015-03-02 13:00:00,7.95,99465.0,282.9,0.15
2015-03-02 13:15:00,7.3,99450.0,283.75,0.15
2015-03-02 13:30:00,6.65,99445.0,283.2,0.15
2015-03-02 13:45:00,6.2,99460.0,282.85,0.15
2015-03-02 14:00:00,5.449999999999999,99450.0,282.85,0.15
2015-03-02 14:15:00,5.0,99460.0,282.54999999999995,0.15
2015-03-02 14:30:00,6.45,99475.0,281.95,0.15
2015-03-02 14:45:00,9.4,99530.0,279.85,0.15
2015-03-02 15:00:00,6.85,99545.0,279.29999999999995,0.15
2015-03-02 15:15:00,6.1,99570.0,279.45,0.15
2015-03-02 15:30:00,8.55,99625.0,277.9,0.15
2015-03-02 15:45:00,6.2,99680.0,276.95,0.15
2015-03-02 16:00:00,4.6,99730.0,277.04999999999995,0.15
2015-03-02 16:15:00,4.8,99780.0,277.35,0.15
2015-03-02 16:30:00,4.85,99815.0,277.7,0.15
2015-03-02 16:45:00,4.8,99840.0,277.45,0.15
2015-03-02 17:00:00,4.05,99870.0,277.2,0.15
2015-03-02 17:15:00,3.3,99890.0,277.04999999999995,0.15
2015-03-02 17:30:00,2.6,99920.0,276.65,0.15
2015-03-02 17:45:00,2.7,99960.0,276.35,0.15
2015-03-02 18:00:00,2.7,99990.0,276.95,0.15
2015-03-02 18:15:00,3.1,100000.0,277.15,0.15
2015-03-02 18:30:00,3.1500000000000004,100015.0,276.95,0.15
2015-03-02 18:45:00,3.4,100020.0,276.85,0.15
2015-03-02 19:00:00,3.7,100060.0,277.35,0.15
2015-03-02 19:15:00,5.4,100090.0,277.54999999999995,0.15
2015-03-02 19:30:00,5.1,100110.0,277.0,0.15
2015-03-02 19:45:00,4.2,100140.0,276.85,0.15
2015-03-02 20:00:00,4.199999999999999,100180.0,277.04999999999995,0.15
2015-03-02 20:15:00,3.4,100210.0,276.85,0.15
2015-03-02 20:30:00,3.4,100240.0,276.95,0.15
2015-03-02 20:45:00,2.7,100270.0,276.85,0.15
2015-03-02 21:00:00,3.2,100310.0,276.85,0.15
2015-03-02 21:15:00,4.5,100330.0,277.45,0.15
2015-03-02 21:30:00,4.35,100345.0,277.2,0.15
2015-03-02 21:45:00,4.9,100370.0,277.15,0.15
2015-03-02 22:00:00,4.7,100390.0,277.54999999999995,0.15
2015-03-02 22:15:00,5.2,100420.0,277.75,0.15
2015-03-02 22:30:00,5.35,100445.0,277.65,0.15
2015-03-02 22:45:00,4.8,100470.0,277.45,0.15
2015-03-02 23:00:00,4.35,100480.0,277.54999999999995,0.15
2015-03-02 23:15:00,4.5,100500.0,277.35,0.15
2015-03-02 23:30:00,4.1,100515.0,277.15,0.15
2015-03-02 23:45:00,4.4,100540.0,276.95,0.15
2015-03-03 00:00:00,4.7,100560.0,277.2,0.15
2015-03-03 00:15:00,4.9,100570.0,277.25,0.15
2015-03-03 00:30:00,4.4,100580.0,277.1,0.15
2015-03-03 00:45:00,4.6,100590.0,277.25,0.15
2015-03-03 01:00:00,3.45,100595.0,276.65,0.15
2015-03-03 01:15:00,3.0,100620.0,276.75,0.15
2015-03-03 01:30:00,2.9,100640.0,276.4,0.15
2015-03-03 01:45:00,2.9,100640.0,276.35,0.15
2015-03-03 02:00:00,3.05,100650.0,276.54999999999995,0.15
2015-03-03 02:15:00,3.1,100650.0,276.65,0.15
2015-03-03 02:30:00,3.2,100660.0,276.45,0.15
2015-03-03 02:45:00,2.5,100660.0,276.25,0.15
2015-03-03 03:00:00,2.2,100660.0,275.85,0.15
2015-03-03 03:15:00,2.6,100670.0,275.54999999999995,0.15
2015-03-03 03:30:00,3.0,100655.0,275.75,0.15
2015-03-03 03:45:00,2.7,100670.0,275.75,0.15
2015-03-03 04:00:00,2.55,100680.0,275.2,0.15
2015-03-03 04:15:00,2.6,100690.0,275.04999999999995,0.15
2015-03-03 04:30:00,2.5,100695.0,275.7,0.15
2015-03-03 04:45:00,2.7,100700.0,276.04999999999995,0.15
2015-03-03 05:00:00,3.0,100705.0,276.0,0.15
2015-03-03 05:15:00,3.0,100710.0,275.65,0.15
2015-03-03 05:30:00,3.05,100710.0,275.2,0.15
2015-03-03 05:45:00,3.1,100710.0,274.95,0.15
2015-03-03 06:00:00,3.3,100710.0,274.79999999999995,0.15
2015-03-03 06:15:00,3.2,100720.0,275.04999999999995,0.15
2015-03-03 06:30:00,3.4,100720.0,275.1,0.15
2015-03-03 06:45:00,3.3,100730.0,275.15,0.15
2015-03-03 07:00:00,2.95,100740.0,275.79999999999995,0.15
2015-03-03 07:15:00,2.6,100750.0,276.75,0.15
2015-03-03 07:30:00,2.8,100755.0,277.7,0.15
2015-03-03 07:45:00,3.1,100750.0,278.15,0.15
2015-03-03 08:00:00,3.4,100760.0,278.54999999999995,0.15
2015-03-03 08:15:00,3.1,100770.0,278.54999999999995,0.15
2015-03-03 08:30:00,3.45,100760.0,279.2,0.15
2015-03-03 08:45:00,3.9,100740.0,279.65,0.15
2015-03-03 09:00:00,5.15,100755.0,280.15,0.15
2015-03-03 09:15:00,4.7,100730.0,280.85,0.15
2015-03-03 09:30:00,5.25,100730.0,280.35,0.15
2015-03-03 09:45:00,4.8,100730.0,280.45,0.15
2015-03-03 10:00:00,5.1,100710.0,280.79999999999995,0.15
2015-03-03 10:15:00,5.2,100690.0,280.65,0.15
2015-03-03 10:30:00,4.699999999999999,100685.0,281.04999999999995,0.15
2015-03-03 10:45:00,4.5,100670.0,281.04999999999995,0.15
2015-03-03 11:00:00,4.85,100670.0,281.2,0.15
2015-03-03 11:15:00,5.0,100650.0,281.54999999999995,0.15
2015-03-03 11:30:00,6.15,100610.0,282.1,0.15
2015-03-03 11:45:00,6.8,100580.0,282.54999999999995,0.15
2015-03-03 12:00:00,6.95,100550.0,282.6,0.15
2015-03-03 12:15:00,7.7,100530.0,282.65,0.15
2015-03-03 12:30:00,6.45,100510.0,283.04999999999995,0.15
2015-03-03 12:45:00,7.6,100480.0,282.95,0.15
2015-03-03 13:00:00,6.65,100450.0,283.1,0.15
2015-03-03 13:15:00,6.0,100440.0,283.25,0.15
2015-03-03 13:30:00,6.7,100410.0,283.29999999999995,0.15
2015-03-03 13:45:00,6.6,100380.0,283.85,0.15
2015-03-03 14:00:00,9.3,100370.0,283.7,0.15
2015-03-03 14:15:00,8.9,100370.0,283.54999999999995,0.15
2015-03-03 14:30:00,9.25,100370.0,283.54999999999995,0.15
2015-03-03 14:45:00,7.5,100380.0,282.95,0.15
2015-03-03 15:00:00,7.65,100405.0,282.2,0.15
2015-03-03 15:15:00,7.2,100420.0,281.54999999999995,0.15
2015-03-03 15:30:00,7.050000000000001,100430.0,280.7,0.15
2015-03-03 15:45:00,4.3,100400.0,280.25,0.15
2015-03-03 16:00:00,3.45,100390.0,280.35,0.15
2015-03-03 16:15:00,4.6,100390.0,280.65,0.15
2015-03-03 16:30:00,7.550000000000001,100405.0,280.54999999999995,0.15
2015-03-03 16:45:00,7.8,100460.0,279.95,0.15
2015-03-03 17:00:00,4.55,100485.0,278.25,0.15
2015-03-03 17:15:00,2.6,100460.0,278.25,0.15
2015-03-03 17:30:00,2.75,100455.0,278.45,0.15
2015-03-03 17:45:00,2.3,100480.0,278.35,0.15
2015-03-03 18:00:00,1.7000000000000002,100485.0,278.65,0.15
2015-03-03 18:15:00,2.7,100500.0,278.85,0.15
2015-03-03 18:30:00,2.8,100510.0,278.75,0.15
2015-03-03 18:45:00,2.4,100510.0,278.35,0.15
2015-03-03 19:00:00,3.9,100540.0,278.85,0.15
2015-03-03 19:15:00,5.4,100570.0,278.95,0.15
2015-03-03 19:30:00,5.35,100580.0,278.0,0.15
2015-03-03 19:45:00,4.0,100560.0,277.85,0.15
2015-03-03 20:00:00,3.75,100605.0,277.75,0.15
2015-03-03 20:15:00,4.2,100650.0,277.85,0.15
2015-03-03 20:30:00,5.25,100685.0,277.85,0.15
2015-03-03 20:45:00,4.5,100690.0,277.95,0.15
2015-03-03 21:00:00,4.5,100695.0,277.85,0.15
2015-03-03 21:15:00,4.7,100710.0,277.85,0.15
2015-03-03 21:30:00,4.0,100730.0,277.9,0.15
2015-03-03 21:45:00,2.6,100710.0,277.54999999999995,0.15
2015-03-03 22:00:00,2.75,100740.0,277.4,0.15
2015-03-03 22:15:00,3.4,100740.0,277.65,0.15
2015-03-03 22:30:00,3.25,100770.0,277.2,0.15
2015-03-03 22:45:00,3.8,100770.0,277.25,0.15
2015-03-03 23:00:00,3.0,100780.0,277.2,0.15
2015-03-03 23:15:00,3.2,100800.0,277.04999999999995,0.15
2015-03-03 23:30:00,3.05,100810.0,276.9,0.15
2015-03-03 23:45:00,3.0,100800.0,276.65,0.15
2015-03-04 00:00:00,2.9,100835.0,276.5,0.15
2015-03-04 00:15:00,2.6,100860.0,276.45,0.15
2015-03-04 00:30:00,3.8,100860.0,276.85,0.15
2015-03-04 00:45:00,4.1,100860.0,276.95,0.15
2015-03-04 01:00:00,3.7,100880.0,276.7,0.15
2015-03-04 01:15:00,2.6,100900.0,275.95,0.15
2015-03-04 01:30:00,2.9,100915.0,275.7,0.15
2015-03-04 01:45:00,2.8,100920.0,276.04999999999995,0.15
2015-03-04 02:00:00,3.25,100935.0,276.0,0.15
2015-03-04 02:15:00,3.1,100950.0,275.85,0.15
2015-03-04 02:30:00,2.7,100960.0,276.04999999999995,0.15
2015-03-04 02:45:00,2.8,100960.0,275.95,0.15
2015-03-04 03:00:00,3.05,100960.0,275.85,0.15
2015-03-04 03:15:00,3.6,100970.0,275.85,0.15
2015-03-04 03:30:00,3.8,100980.0,276.0,0.15
2015-03-04 03:45:00,3.9,101000.0,275.95,0.15
2015-03-04 04:00:00,3.65,101000.0,276.04999999999995,0.15
2015-03-04 04:15:00,3.1,101010.0,275.75,0.15
2015-03-04 04:30:00,3.05,101025.0,275.7,0.15
2015-03-04 04:45:00,3.5,101050.0,275.45,0.15
2015-03-04 05:00:00,3.45,101055.0,275.65,0.15
2015-03-04 05:15:00,3.3,101060.0,275.65,0.15
2015-03-04 05:30:00,2.95,101065.0,275.7,0.15
2015-03-04 05:45:00,3.2,101080.0,275.75,0.15
2015-03-04 06:00:00,2.95,101090.0,275.6,0.15
2015-03-04 06:15:00,3.0,101100.0,275.65,0.15
2015-03-04 06:30:00,2.6,101120.0,275.6,0.15
2015-03-04 06:45:00,2.4,101140.0,275.85,0.15
2015-03-04 07:00:00,2.5,101155.0,275.95,0.15
2015-03-04 07:15:00,2.8,101190.0,276.25,0.15
2015-03-04 07:30:00,2.7,101205.0,276.4,0.15
2015-03-04 07:45:00,2.6,101220.0,276.54999999999995,0.15
2015-03-04 08:00:00,3.15,101240.0,277.4,0.15
2015-03-04 08:15:00,3.8,101240.0,277.95,0.15
2015-03-04 08:30:00,4.0,101250.0,277.9,0.15
2015-03-04 08:45:00,4.7,101270.0,278.15,0.15
2015-03-04 09:00:00,4.3,101275.0,278.25,0.15
2015-03-04 09:15:00,4.2,101270.0,278.45,0.15
2015-03-04 09:30:00,4.75,101280.0,278.85,0.15
2015-03-04 09:45:00,4.4,101290.0,279.04999999999995,0.15
2015-03-04 10:00:00,4.75,101290.0,279.79999999999995,0.15
2015-03-04 10:15:00,4.9,101300.0,279.65,0.15
2015-03-04 10:30:00,4.7,101310.0,279.65,0.15
2015-03-04 10:45:00,4.9,101330.0,279.54999999999995,0.15
2015-03-04 11:00:00,5.15,101340.0,280.2,0.15
2015-03-04 11:15:00,5.2,101340.0,280.85,0.15
2015-03-04 11:30:00,5.6,101340.0,280.54999999999995,0.15
2015-03-04 11:45:00,5.5,101350.0,281.75,0.15
2015-03-04 12:00:00,5.85,101350.0,280.65,0.15
2015-03-04 12:15:00,5.6,101340.0,280.95,0.15
2015-03-04 12:30:00,5.85,101340.0,280.5,0.15
2015-03-04 12:45:00,6.4,101350.0,280.54999999999995,0.15
2015-03-04 13:00:00,4.95,101340.0,281.0,0.15
2015-03-04 13:15:00,5.4,101320.0,281.04999999999995,0.15
2015-03-04 13:30:00,5.1,101335.0,280.7,0.15
2015-03-04 13:45:00,4.8,101340.0,280.75,0.15
2015-03-04 14:00:00,4.0,101330.0,281.7,0.15
2015-03-04 14:15:00,7.0,101310.0,281.65,0.15
2015-03-04 14:30:00,7.5,101310.0,281.6,0.15
2015-03-04 14:45:00,7.7,101350.0,281.25,0.15
2015-03-04 15:00:00,6.6,101365.0,280.35,0.15
2015-03-04 15:15:00,6.2,101380.0,278.54999999999995,0.15
2015-03-04 15:30:00,4.35,101405.0,279.65,0.15
2015-03-04 15:45:00,6.0,101430.0,279.54999999999995,0.15
2015-03-04 16:00:00,7.449999999999999,101440.0,280.1,0.15
2015-03-04 16:15:00,6.2,101460.0,279.95,0.15
2015-03-04 16:30:00,4.949999999999999,101480.0,279.85,0.15
2015-03-04 16:45:00,5.7,101530.0,279.75,0.15
2015-03-04 17:00:00,5.0,101555.0,279.75,0.15
2015-03-04 17:15:00,4.8,101590.0,279.35,0.15
2015-03-04 17:30:00,4.45,101615.0,279.29999999999995,0.15
2015-03-04 17:45:00,5.1,101640.0,279.25,0.15
2015-03-04 18:00:00,4.25,101660.0,279.4,0.15
2015-03-04 18:15:00,5.1,101670.0,279.35,0.15
2015-03-04 18:30:00,5.6,101695.0,278.95,0.15
2015-03-04 18:45:00,5.9,101720.0,277.54999999999995,0.15
2015-03-04 19:00:00,4.1,101730.0,277.54999999999995,0.15
2015-03-04 19:15:00,2.5,101740.0,277.35,0.15
2015-03-04 19:30:00,2.1,101755.0,277.45,0.15
2015-03-04 19:45:00,1.8,101760.0,277.35,0.15
2015-03-04 20:00:00,2.35,101775.0,277.4,0.15
2015-03-04 20:15:00,3.0,101790.0,277.85,0.15
2015-03-04 20:30:00,4.05,101820.0,278.4,0.15
2015-03-04 20:45:00,3.6,101830.0,278.54999999999995,0.15
2015-03-04 21:00:00,5.7,101865.0,278.9,0.15
2015-03-04 21:15:00,4.5,101900.0,278.85,0.15
2015-03-04 21:30:00,4.699999999999999,101900.0,278.79999999999995,0.15
2015-03-04 21:45:00,5.9,101910.0,278.75,0.15
2015-03-04 22:00:00,5.75,101950.0,278.79999999999995,0.15
2015-03-04 22:15:00,6.2,101980.0,278.65,0.15
2015-03-04 22:30:00,5.65,101995.0,278.65,0.15
2015-03-04 22:45:00,5.2,102000.0,278.65,0.15
2015-03-04 23:00:00,5.35,102015.0,278.6,0.15
2015-03-04 23:15:00,5.3,102050.0,278.65,0.15
2015-03-04 23:30:00,5.85,102070.0,278.54999999999995,0.15
2015-03-04 23:45:00,5.4,102100.0,278.04999999999995,0.15
2015-03-05 00:00:00,4.5,102130.0,278.35,0.15
2015-03-05 00:15:00,4.1,102150.0,278.15,0.15
2015-03-05 00:30:00,4.35,102165.0,278.2,0.15
2015-03-05 00:45:00,4.5,102180.0,278.45,0.15
2015-03-05 01:00:00,3.8,102205.0,278.35,0.15
2015-03-05 01:15:00,3.2,102220.0,278.35,0.15
2015-03-05 01:30:00,3.5,102225.0,278.2,0.15
2015-03-05 01:45:00,3.3,102240.0,278.15,0.15
2015-03-05 02:00:00,4.6,102245.0,278.15,0.15
2015-03-05 02:15:00,4.1,102250.0,277.75,0.15
2015-03-05 02:30:00,4.3,102270.0,277.95,0.15
2015-03-05 02:45:00,4.3,102310.0,278.04999999999995,0.15
2015-03-05 03:00:00,4.3,102310.0,278.1,0.15
2015-03-05 03:15:00,4.6,102330.0,277.95,0.15
2015-03-05 03:30:00,4.35,102345.0,277.79999999999995,0.15
2015-03-05 03:45:00,4.4,102370.0,277.25,0.15
2015-03-05 04:00:00,3.95,102375.0,276.79999999999995,0.15
2015-03-05 04:15:00,3.0,102380.0,276.65,0.15
2015-03-05 04:30:00,2.25,102385.0,276.5,0.15
2015-03-05 04:45:00,1.8,102400.0,276.04999999999995,0.15
2015-03-05 05:00:00,3.2,102420.0,276.29999999999995,0.15
2015-03-05 05:15:00,3.3,102430.0,276.54999999999995,0.15
2015-03-05 05:30:00,4.25,102445.0,276.85,0.15
2015-03-05 05:45:00,4.4,102450.0,277.04999999999995,0.15
2015-03-05 06:00:00,3.7,102460.0,277.15,0.15
2015-03-05 06:15:00,3.6,102460.0,277.35,0.15
2015-03-05 06:30:00,3.25,102465.0,277.4,0.15
2015-03-05 06:45:00,2.8,102480.0,277.45,0.15
2015-03-05 07:00:00,3.05,102510.0,277.54999999999995,0.15
2015-03-05 07:15:00,3.1,102530.0,277.65,0.15
2015-03-05 07:30:00,2.2,102535.0,277.75,0.15
2015-03-05 07:45:00,2.4,102550.0,277.85,0.15
2015-03-05 08:00:00,2.95,102565.0,277.9,0.15
2015-03-05 08:15:00,3.0,102570.0,277.95,0.15
2015-03-05 08:30:00,3.1500000000000004,102590.0,278.2,0.15
2015-03-05 08:45:00,3.0,102590.0,278.45,0.15
2015-03-05 09:00:00,3.3,102600.0,278.45,0.15
2015-03-05 09:15:00,3.4,102590.0,278.85,0.15
2015-03-05 09:30:00,2.7,102600.0,278.7,0.15
2015-03-05 09:45:00,2.8,102600.0,279.15,0.15
2015-03-05 10:00:00,2.7,102610.0,279.45,0.15
2015-03-05 10:15:00,4.4,102620.0,279.15,0.15
2015-03-05 10:30:00,4.449999999999999,102625.0,279.29999999999995,0.15
2015-03-05 10:45:00,4.4,102640.0,279.35,0.15
2015-03-05 11:00:00,3.7,102630.0,279.2,0.15
2015-03-05 11:15:00,3.4,102610.0,279.54999999999995,0.15
2015-03-05 11:30:00,2.75,102615.0,279.5,0.15
2015-03-05 11:45:00,3.4,102610.0,279.65,0.15
2015-03-05 12:00:00,2.85,102595.0,279.75,0.15
2015-03-05 12:15:00,3.4,102590.0,280.15,0.15
2015-03-05 12:30:00,3.5,102575.0,280.15,0.15
2015-03-05 12:45:00,3.2,102560.0,280.45,0.15
2015-03-05 13:00:00,2.45,102540.0,280.6,0.15
2015-03-05 13:15:00,2.6,102520.0,280.85,0.15
2015-03-05 13:30:00,1.9,102525.0,280.9,0.15
2015-03-05 13:45:00,1.2,102510.0,280.95,0.15
2015-03-05 14:00:00,1.7,102500.0,281.15,0.15
2015-03-05 14:15:00,2.4,102510.0,281.54999999999995,0.15
2015-03-05 14:30:00,1.85,102510.0,281.65,0.15
2015-03-05 14:45:00,2.4,102510.0,281.65,0.15
2015-03-05 15:00:00,2.45,102495.0,281.54999999999995,0.15
2015-03-05 15:15:00,2.0,102490.0,281.65,0.15
2015-03-05 15:30:00,2.15,102490.0,281.65,0.15
2015-03-05 15:45:00,2.3,102490.0,281.54999999999995,0.15
2015-03-05 16:00:00,2.1500000000000004,102485.0,281.54999999999995,0.15
2015-03-05 16:15:00,1.7,102490.0,281.45,0.15
2015-03-05 16:30:00,1.85,102490.0,281.25,0.15
2015-03-05 16:45:00,1.9,102490.0,280.95,0.15
2015-03-05 17:00:00,1.35,102490.0,280.75,0.15
2015-03-05 17:15:00,1.0,102490.0,280.85,0.15
2015-03-05 17:30:00,1.3,102495.0,280.54999999999995,0.15
2015-03-05 17:45:00,1.0,102500.0,280.54999999999995,0.15
2015-03-05 18:00:00,1.4,102505.0,280.25,0.15
2015-03-05 18:15:00,1.9,102520.0,280.04999999999995,0.15
2015-03-05 18:30:00,1.85,102525.0,280.04999999999995,0.15
2015-03-05 18:45:00,1.4,102540.0,280.04999999999995,0.15
2015-03-05 19:00:00,1.35,102530.0,279.79999999999995,0.15
2015-03-05 19:15:00,1.4,102520.0,279.75,0.15
2015-03-05 19:30:00,1.0,102520.0,279.9,0.15
2015-03-05 19:45:00,0.6,102520.0,279.65,0.15
2015-03-05 20:00:00,1.5,102520.0,279.5,0.15
2015-03-05 20:15:00,1.3,102530.0,279.35,0.15
2015-03-05 20:30:00,1.2000000000000002,102535.0,278.75,0.15
2015-03-05 20:45:00,1.3,102540.0,278.75,0.15
2015-03-05 21:00:00,1.15,102540.0,278.45,0.15
2015-03-05 21:15:00,1.3,102550.0,277.15,0.15
2015-03-05 21:30:00,1.2,102555.0,277.9,0.15
2015-03-05 21:45:00,0.8,102580.0,277.45,0.15
2015-03-05 22:00:00,0.8,102580.0,277.04999999999995,0.15
2015-03-05 22:15:00,0.8,102570.0,276.95,0.15
2015-03-05 22:30:00,1.25,102555.0,276.79999999999995,0.15
2015-03-05 22:45:00,0.3,102560.0,276.54999999999995,0.15
2015-03-05 23:00:00,1.05,102550.0,276.45,0.15
2015-03-05 23:15:00,1.5,102560.0,276.04999999999995,0.15
2015-03-05 23:30:00,0.9,102560.0,276.5,0.15
2015-03-05 23:45:00,1.3,102560.0,275.65,0.15
2015-03-06 00:00:00,1.6,102560.0,276.04999999999995,0.15
2015-03-06 00:15:00,1.9,102560.0,275.54999999999995,0.15
2015-03-06 00:30:00,1.35,102560.0,275.75,0.15
2015-03-06 00:45:00,1.7,102550.0,274.95,0.15
2015-03-06 01:00:00,2.1,102550.0,275.54999999999995,0.15
2015-03-06 01:15:00,1.5,102550.0,274.54999999999995,0.15
2015-03-06 01:30:00,2.2,102540.0,274.7,0.15
2015-03-06 01:45:00,2.4,102530.0,273.85,0.15
2015-03-06 02:00:00,1.9,102515.0,274.15,0.15
2015-03-06 02:15:00,2.2,102520.0,274.25,0.15
2015-03-06 02:30:00,2.4,102515.0,274.04999999999995,0.15
2015-03-06 02:45:00,2.4,102500.0,272.45,0.15
2015-03-06 03:00:00,2.25,102515.0,273.7,0.15
2015-03-06 03:15:00,2.2,102520.0,273.45,0.15
2015-03-06 03:30:00,1.85,102535.0,274.1,0.15
2015-03-06 03:45:00,2.0,102550.0,274.65,0.15
2015-03-06 04:00:00,2.0,102540.0,274.5,0.15
2015-03-06 04:15:00,2.4,102530.0,274.75,0.15
2015-03-06 04:30:00,2.05,102550.0,275.15,0.15
2015-03-06 04:45:00,2.0,102550.0,275.54999999999995,0.15
2015-03-06 05:00:00,2.2,102535.0,275.5,0.15
2015-03-06 05:15:00,1.9,102540.0,275.45,0.15
2015-03-06 05:30:00,1.9,102540.0,275.7,0.15
2015-03-06 05:45:00,1.9,102540.0,275.75,0.15
2015-03-06 06:00:00,1.8,102525.0,275.75,0.15
2015-03-06 06:15:00,1.6,102510.0,275.65,0.15
2015-03-06 06:30:00,1.7999999999999998,102520.0,275.65,0.15
2015-03-06 06:45:00,2.3,102520.0,275.85,0.15
2015-03-06 07:00:00,1.9,102525.0,275.9,0.15
2015-03-06 07:15:00,1.2,102520.0,276.15,0.15
2015-03-06 07:30:00,1.35,102535.0,276.5,0.15
2015-03-06 07:45:00,2.2,102550.0,276.75,0.15
2015-03-06 08:00:00,2.15,102545.0,277.0,0.15
2015-03-06 08:15:00,1.1,102540.0,277.35,0.15
2015-03-06 08:30:00,1.9,102525.0,277.45,0.15
2015-03-06 08:45:00,1.8,102540.0,277.75,0.15
2015-03-06 09:00:00,1.45,102550.0,277.95,0.15
2015-03-06 09:15:00,1.8,102550.0,278.15,0.15
2015-03-06 09:30:00,2.05,102540.0,278.45,0.15
2015-03-06 09:45:00,1.6,102540.0,278.95,0.15
2015-03-06 10:00:00,1.45,102525.0,279.54999999999995,0.15
2015-03-06 10:15:00,1.8,102530.0,279.85,0.15
2015-03-06 10:30:00,1.55,102525.0,280.04999999999995,0.15
2015-03-06 10:45:00,1.0,102530.0,280.15,0.15
2015-03-06 11:00:00,1.05,102525.0,280.79999999999995,0.15
2015-03-06 11:15:00,0.9,102520.0,281.15,0.15
2015-03-06 11:30:00,0.7,102510.0,281.29999999999995,0.15
2015-03-06 11:45:00,1.2,102470.0,281.54999999999995,0.15
2015-03-06 12:00:00,1.2,102440.0,282.15,0.15
2015-03-06 12:15:00,1.2,102410.0,282.35,0.15
2015-03-06 12:30:00,0.75,102375.0,282.75,0.15
2015-03-06 12:45:00,1.0,102370.0,283.35,0.15
2015-03-06 13:00:00,2.2,102350.0,283.5,0.15
2015-03-06 13:15:00,2.0,102360.0,283.45,0.15
2015-03-06 13:30:00,1.7999999999999998,102360.0,283.15,0.15
2015-03-06 13:45:00,1.3,102360.0,283.15,0.15
2015-03-06 14:00:00,1.0,102355.0,283.29999999999995,0.15
2015-03-06 14:15:00,0.7,102340.0,283.35,0.15
2015-03-06 14:30:00,1.8,102325.0,283.35,0.15
2015-03-06 14:45:00,1.7,102300.0,283.45,0.15
2015-03-06 15:00:00,0.95,102270.0,283.29999999999995,0.15
2015-03-06 15:15:00,0.6,102240.0,283.35,0.15
2015-03-06 15:30:00,0.7000000000000001,102260.0,283.4,0.15
2015-03-06 15:45:00,1.3,102260.0,283.35,0.15
2015-03-06 16:00:00,1.3,102250.0,283.29999999999995,0.15
2015-03-06 16:15:00,0.6,102270.0,283.04999999999995,0.15
2015-03-06 16:30:00,1.2000000000000002,102265.0,282.9,0.15
2015-03-06 16:45:00,2.1,102290.0,282.35,0.15
2015-03-06 17:00:00,1.85,102300.0,281.04999999999995,0.15
2015-03-06 17:15:00,1.2,102310.0,281.45,0.15
2015-03-06 17:30:00,1.2,102325.0,281.15,0.15
2015-03-06 17:45:00,1.1,102340.0,280.25,0.15
2015-03-06 18:00:00,1.05,102315.0,279.1,0.15
2015-03-06 18:15:00,1.2,102310.0,278.54999999999995,0.15
2015-03-06 18:30:00,1.3,102285.0,278.95,0.15
2015-03-06 18:45:00,1.2,102250.0,279.35,0.15
2015-03-06 19:00:00,1.45,102250.0,278.1,0.15
2015-03-06 19:15:00,2.0,102240.0,277.45,0.15
2015-03-06 19:30:00,2.55,102235.0,277.5,0.15
2015-03-06 19:45:00,2.0,102220.0,277.35,0.15
2015-03-06 20:00:00,2.0,102235.0,276.79999999999995,0.15
2015-03-06 20:15:00,2.4,102240.0,275.95,0.15
2015-03-06 20:30:00,2.65,102230.0,275.54999999999995,0.15
2015-03-06 20:45:00,2.4,102230.0,275.85,0.15
2015-03-06 21:00:00,1.95,102225.0,275.7,0.15
2015-03-06 21:15:00,1.8,102230.0,274.54999999999995,0.15
2015-03-06 21:30:00,2.05,102230.0,275.25,0.15
2015-03-06 21:45:00,1.6,102230.0,274.85,0.15
2015-03-06 22:00:00,2.45,102215.0,274.2,0.15
2015-03-06 22:15:00,2.1,102230.0,274.35,0.15
2015-03-06 22:30:00,1.45,102255.0,274.7,0.15
2015-03-06 22:45:00,1.8,102270.0,274.35,0.15
2015-03-06 23:00:00,2.2,102245.0,274.15,0.15
2015-03-06 23:15:00,2.5,102210.0,274.35,0.15
2015-03-06 23:30:00,2.6,102220.0,274.9,0.15
2015-03-06 23:45:00,1.6,102230.0,272.45,0.15
2015-03-07 00:00:00,1.75,102235.0,273.2,0.15
2015-03-07 00:15:00,2.6,102200.0,273.04999999999995,0.15
2015-03-07 00:30:00,2.95,102195.0,275.4,0.15
2015-03-07 00:45:00,2.8,102190.0,276.04999999999995,0.15
2015-03-07 01:00:00,2.0,102180.0,276.04999999999995,0.15
2015-03-07 01:15:00,2.2,102170.0,276.04999999999995,0.15
2015-03-07 01:30:00,2.1500000000000004,102180.0,274.79999999999995,0.15
2015-03-07 01:45:00,2.6,102160.0,273.95,0.15
2015-03-07 02:00:00,2.35,102140.0,274.9,0.15
2015-03-07 02:15:00,2.4,102120.0,275.35,0.15
2015-03-07 02:30:00,2.3,102110.0,275.54999999999995,0.15
2015-03-07 02:45:00,2.5,102100.0,275.54999999999995,0.15
2015-03-07 03:00:00,3.2,102085.0,275.45,0.15
2015-03-07 03:15:00,3.5,102080.0,275.65,0.15
2015-03-07 03:30:00,2.55,102085.0,275.35,0.15
2015-03-07 03:45:00,2.7,102060.0,275.35,0.15
2015-03-07 04:00:00,3.45,102060.0,275.54999999999995,0.15
2015-03-07 04:15:00,3.7,102060.0,275.54999999999995,0.15
2015-03-07 04:30:00,3.1,102050.0,275.5,0.15
2015-03-07 04:45:00,3.2,102050.0,275.65,0.15
2015-03-07 05:00:00,3.0,102035.0,275.9,0.15
2015-03-07 05:15:00,3.0,102020.0,275.85,0.15
2015-03-07 05:30:00,2.9,102005.0,275.79999999999995,0.15
2015-03-07 05:45:00,2.9,101990.0,275.75,0.15
2015-03-07 06:00:00,2.45,101980.0,275.79999999999995,0.15
2015-03-07 06:15:00,2.4,101980.0,275.85,0.15
2015-03-07 06:30:00,2.45,101995.0,275.95,0.15
2015-03-07 06:45:00,2.5,102000.0,276.25,0.15
2015-03-07 07:00:00,2.95,101990.0,276.5,0.15
2015-03-07 07:15:00,2.9,101960.0,276.65,0.15
2015-03-07 07:30:00,3.6,101970.0,277.1,0.15
2015-03-07 07:45:00,2.9,102000.0,277.65,0.15
2015-03-07 08:00:00,3.2,102010.0,278.15,0.15
2015-03-07 08:15:00,3.1,102010.0,278.65,0.15
2015-03-07 08:30:00,3.05,102015.0,279.1,0.15
2015-03-07 08:45:00,2.6,102010.0,279.65,0.15
2015-03-07 09:00:00,3.1,102015.0,279.9,0.15
2015-03-07 09:15:00,3.5,101990.0,280.45,0.15
2015-03-07 09:30:00,4.15,101980.0,281.35,0.15
2015-03-07 09:45:00,4.0,101980.0,281.85,0.15
2015-03-07 10:00:00,3.7,101985.0,282.25,0.15
2015-03-07 10:15:00,3.8,101970.0,282.65,0.15
2015-03-07 10:30:00,3.85,101970.0,282.9,0.15
2015-03-07 10:45:00,3.5,101960.0,283.25,0.15
2015-03-07 11:00:00,3.25,101945.0,283.7,0.15
2015-03-07 11:15:00,3.3,101930.0,284.75,0.15
2015-03-07 11:30:00,3.25,101910.0,285.25,0.15
2015-03-07 11:45:00,3.5,101900.0,285.15,0.15
2015-03-07 12:00:00,3.35,101890.0,285.65,0.15
2015-03-07 12:15:00,3.7,101890.0,285.54999999999995,0.15
2015-03-07 12:30:00,3.8,101870.0,286.1,0.15
2015-03-07 12:45:00,4.1,101850.0,286.35,0.15
2015-03-07 13:00:00,3.35,101835.0,286.04999999999995,0.15
2015-03-07 13:15:00,3.5,101820.0,286.65,0.15
2015-03-07 13:30:00,3.55,101820.0,286.65,0.15
2015-03-07 13:45:00,3.9,101820.0,286.54999999999995,0.15
2015-03-07 14:00:00,3.75,101820.0,287.2,0.15
2015-03-07 14:15:00,3.9,101800.0,287.45,0.15
2015-03-07 14:30:00,4.45,101785.0,287.25,0.15
2015-03-07 14:45:00,4.5,101780.0,287.25,0.15
2015-03-07 15:00:00,3.55,101775.0,287.45,0.15
2015-03-07 15:15:00,4.6,101750.0,287.95,0.15
2015-03-07 15:30:00,4.800000000000001,101745.0,287.35,0.15
2015-03-07 15:45:00,4.1,101750.0,287.65,0.15
2015-03-07 16:00:00,4.25,101740.0,287.29999999999995,0.15
2015-03-07 16:15:00,3.7,101730.0,286.85,0.15
2015-03-07 16:30:00,3.05,101725.0,286.25,0.15
2015-03-07 16:45:00,2.9,101720.0,285.54999999999995,0.15
2015-03-07 17:00:00,2.7,101720.0,284.85,0.15
2015-03-07 17:15:00,3.0,101720.0,284.65,0.15
2015-03-07 17:30:00,2.95,101720.0,284.54999999999995,0.15
2015-03-07 17:45:00,2.4,101720.0,284.65,0.15
2015-03-07 18:00:00,2.6500000000000004,101710.0,283.95,0.15
2015-03-07 18:15:00,2.9,101710.0,283.54999999999995,0.15
2015-03-07 18:30:00,3.35,101700.0,283.4,0.15
2015-03-07 18:45:00,3.5,101690.0,283.45,0.15
2015-03-07 19:00:00,3.3,101680.0,283.35,0.15
2015-03-07 19:15:00,3.4,101670.0,283.15,0.15
2015-03-07 19:30:00,3.25,101665.0,283.04999999999995,0.15
2015-03-07 19:45:00,3.5,101660.0,282.95,0.15
2015-03-07 20:00:00,3.1500000000000004,101650.0,282.65,0.15
2015-03-07 20:15:00,3.3,101640.0,282.45,0.15
2015-03-07 20:30:00,3.8,101640.0,282.25,0.15
2015-03-07 20:45:00,4.0,101630.0,282.15,0.15
2015-03-07 21:00:00,3.65,101630.0,281.85,0.15
2015-03-07 21:15:00,3.5,101630.0,281.45,0.15
2015-03-07 21:30:00,3.4,101630.0,281.25,0.15
2015-03-07 21:45:00,3.7,101630.0,281.04999999999995,0.15
2015-03-07 22:00:00,3.6,101620.0,281.1,0.15
2015-03-07 22:15:00,3.5,101620.0,281.04999999999995,0.15
2015-03-07 22:30:00,3.65,101610.0,280.65,0.15
2015-03-07 22:45:00,3.5,101610.0,280.75,0.15
2015-03-07 23:00:00,3.45,101600.0,280.5,0.15
2015-03-07 23:15:00,3.5,101600.0,280.35,0.15
2015-03-07 23:30:00,3.3,101585.0,280.1,0.15
2015-03-07 23:45:00,3.2,101570.0,280.04999999999995,0.15
2015-03-08 00:00:00,3.35,101570.0,279.9,0.15
2015-03-08 00:15:00,3.1,101570.0,279.95,0.15
2015-03-08 00:30:00,3.25,101565.0,279.79999999999995,0.15
2015-03-08 00:45:00,3.2,101570.0,279.54999999999995,0.15
2015-03-08 01:00:00,3.3,101565.0,279.54999999999995,0.15
2015-03-08 01:15:00,3.2,101560.0,279.65,0.15
2015-03-08 01:30:00,2.85,101550.0,279.45,0.15
2015-03-08 01:45:00,2.5,101550.0,279.65,0.15
2015-03-08 02:00:00,2.1,101525.0,279.2,0.15
2015-03-08 02:15:00,2.7,101520.0,278.54999999999995,0.15
2015-03-08 02:30:00,2.6,101505.0,278.9,0.15
2015-03-08 02:45:00,2.3,101490.0,278.65,0.15
2015-03-08 03:00:00,2.65,101475.0,279.04999999999995,0.15
2015-03-08 03:15:00,3.0,101460.0,278.95,0.15
2015-03-08 03:30:00,2.85,101455.0,278.85,0.15
2015-03-08 03:45:00,2.8,101440.0,278.75,0.15
2015-03-08 04:00:00,3.35,101425.0,278.75,0.15
2015-03-08 04:15:00,3.0,101410.0,278.95,0.15
2015-03-08 04:30:00,3.0,101410.0,278.85,0.15
2015-03-08 04:45:00,3.1,101400.0,278.75,0.15
2015-03-08 05:00:00,2.6500000000000004,101400.0,278.65,0.15
2015-03-08 05:15:00,2.5,101410.0,278.54999999999995,0.15
2015-03-08 05:30:00,2.6500000000000004,101400.0,278.4,0.15
2015-03-08 05:45:00,3.1,101390.0,278.35,0.15
2015-03-08 06:00:00,3.1,101395.0,278.6,0.15
2015-03-08 06:15:00,3.0,101400.0,278.75,0.15
2015-03-08 06:30:00,3.05,101400.0,278.65,0.15
2015-03-08 06:45:00,2.3,101400.0,279.15,0.15
2015-03-08 07:00:00,2.2,101400.0,279.65,0.15
2015-03-08 07:15:00,2.3,101400.0,280.35,0.15
2015-03-08 07:30:00,2.9,101405.0,280.95,0.15
2015-03-08 07:45:00,3.2,101400.0,281.54999999999995,0.15
2015-03-08 08:00:00,2.95,101405.0,282.1,0.15
2015-03-08 08:15:00,3.3,101400.0,282.75,0.15
2015-03-08 08:30:00,2.9000000000000004,101410.0,283.54999999999995,0.15
2015-03-08 08:45:00,3.1,101410.0,284.15,0.15
2015-03-08 09:00:00,2.95,101395.0,284.85,0.15
2015-03-08 09:15:00,3.1,101390.0,285.15,0.15
2015-03-08 09:30:00,3.3,101380.0,285.85,0.15
2015-03-08 09:45:00,3.2,101380.0,286.25,0.15
2015-03-08 10:00:00,3.2,101380.0,286.5,0.15
2015-03-08 10:15:00,3.7,101370.0,287.35,0.15
2015-03-08 10:30:00,2.6,101350.0,288.25,0.15
2015-03-08 10:45:00,2.6,101340.0,288.65,0.15
2015-03-08 11:00:00,2.8,101330.0,288.9,0.15
2015-03-08 11:15:00,2.7,101310.0,289.15,0.15
2015-03-08 11:30:00,2.3,101305.0,289.85,0.15
2015-03-08 11:45:00,1.9,101300.0,290.35,0.15
2015-03-08 12:00:00,2.1500000000000004,101290.0,290.75,0.15
2015-03-08 12:15:00,2.4,101260.0,291.04999999999995,0.15
2015-03-08 12:30:00,3.1,101235.0,291.54999999999995,0.15
2015-03-08 12:45:00,2.7,101210.0,291.54999999999995,0.15
2015-03-08 13:00:00,2.65,101205.0,291.65,0.15
2015-03-08 13:15:00,2.7,101170.0,291.85,0.15
2015-03-08 13:30:00,2.75,101160.0,291.9,0.15
2015-03-08 13:45:00,2.6,101140.0,292.15,0.15
2015-03-08 14:00:00,2.8,101115.0,292.04999999999995,0.15
2015-03-08 14:15:00,3.4,101100.0,292.15,0.15
2015-03-08 14:30:00,4.300000000000001,101080.0,292.0,0.15
2015-03-08 14:45:00,5.5,101060.0,291.95,0.15
2015-03-08 15:00:00,5.55,101045.0,291.6,0.15
2015-03-08 15:15:00,5.7,101030.0,290.95,0.15
2015-03-08 15:30:00,4.35,101035.0,290.6,0.15
2015-03-08 15:45:00,4.0,101030.0,290.25,0.15
2015-03-08 16:00:00,3.05,101030.0,290.45,0.15
2015-03-08 16:15:00,2.4,101030.0,289.95,0.15
2015-03-08 16:30:00,2.8,101030.0,289.79999999999995,0.15
2015-03-08 16:45:00,2.9,101040.0,289.65,0.15
2015-03-08 17:00:00,2.6,101030.0,288.9,0.15
2015-03-08 17:15:00,2.4,101030.0,288.45,0.15
2015-03-08 17:30:00,2.85,101035.0,288.25,0.15
2015-03-08 17:45:00,3.6,101030.0,287.85,0.15
2015-03-08 18:00:00,3.15,101035.0,287.5,0.15
2015-03-08 18:15:00,2.9,101050.0,287.04999999999995,0.15
2015-03-08 18:30:00,2.2,101070.0,286.5,0.15
2015-03-08 18:45:00,0.8,101080.0,286.45,0.15
2015-03-08 19:00:00,2.05,101085.0,286.35,0.15
2015-03-08 19:15:00,1.5,101110.0,285.04999999999995,0.15
2015-03-08 19:30:00,1.4,101115.0,284.95,0.15
2015-03-08 19:45:00,1.2,101140.0,283.85,0.15
2015-03-08 20:00:00,1.4500000000000002,101160.0,283.9,0.15
2015-03-08 20:15:00,1.6,101170.0,283.85,0.15
2015-03-08 20:30:00,1.65,101170.0,283.15,0.15
2015-03-08 20:45:00,1.9,101170.0,283.04999999999995,0.15
2015-03-08 21:00:00,1.75,101180.0,283.2,0.15
2015-03-08 21:15:00,1.5,101190.0,281.85,0.15
2015-03-08 21:30:00,1.45,101195.0,281.6,0.15
2015-03-08 21:45:00,1.7,101210.0,282.45,0.15
2015-03-08 22:00:00,0.8999999999999999,101265.0,280.0,0.15
2015-03-08 22:15:00,1.4,101270.0,281.25,0.15
2015-03-08 22:30:00,2.1,101290.0,280.9,0.15
2015-03-08 22:45:00,2.3,101300.0,281.04999999999995,0.15
2015-03-08 23:00:00,2.05,101300.0,280.85,0.15
2015-03-08 23:15:00,1.6,101320.0,279.95,0.15
2015-03-08 23:30:00,1.1,101335.0,279.65,0.15
2015-03-08 23:45:00,0.6,101370.0,279.85,0.15
2015-03-09 00:00:00,0.65,101370.0,279.35,0.15
2015-03-09 00:15:00,0.9,101410.0,278.75,0.15
2015-03-09 00:30:00,0.3999999999999999,101405.0,279.95,0.15
2015-03-09 00:45:00,0.0,101410.0,280.15,0.15
2015-03-09 01:00:00,0.5,101415.0,280.75,0.15
2015-03-09 01:15:00,0.1,101420.0,280.45,0.15
2015-03-09 01:30:00,0.25,101420.0,280.25,0.15
2015-03-09 01:45:00,0.5,101410.0,279.45,0.15
2015-03-09 02:00:00,0.0,101410.0,279.25,0.15
2015-03-09 02:15:00,0.0,101410.0,279.25,0.15
2015-03-09 02:30:00,1.1,101420.0,279.04999999999995,0.15
2015-03-09 02:45:00,1.0,101420.0,279.65,0.15
2015-03-09 03:00:00,0.8,101430.0,279.9,0.15
2015-03-09 03:15:00,0.2,101440.0,279.95,0.15
2015-03-09 03:30:00,0.15,101455.0,279.85,0.15
2015-03-09 03:45:00,0.9,101460.0,279.95,0.15
2015-03-09 04:00:00,1.2999999999999998,101490.0,280.15,0.15
2015-03-09 04:15:00,1.1,101510.0,279.95,0.15
2015-03-09 04:30:00,1.2,101505.0,280.15,0.15
2015-03-09 04:45:00,1.2,101500.0,280.65,0.15
2015-03-09 05:00:00,0.7,101505.0,280.7,0.15
2015-03-09 05:15:00,0.6,101530.0,280.75,0.15
2015-03-09 05:30:00,0.95,101535.0,280.7,0.15
2015-03-09 05:45:00,1.5,101530.0,280.65,0.15
2015-03-09 06:00:00,1.1,101525.0,280.65,0.15
2015-03-09 06:15:00,1.0,101520.0,280.35,0.15
2015-03-09 06:30:00,1.5,101525.0,280.4,0.15
2015-03-09 06:45:00,2.0,101530.0,280.35,0.15
2015-03-09 07:00:00,1.6,101545.0,280.35,0.15
2015-03-09 07:15:00,0.9,101560.0,280.35,0.15
2015-03-09 07:30:00,0.4,101565.0,280.6,0.15
2015-03-09 07:45:00,1.0,101570.0,280.75,0.15
2015-03-09 08:00:00,1.35,101570.0,281.15,0.15
2015-03-09 08:15:00,1.3,101580.0,281.45,0.15
2015-03-09 08:30:00,1.35,101575.0,281.75,0.15
2015-03-09 08:45:00,1.6,101570.0,282.15,0.15
2015-03-09 09:00:00,0.95,101565.0,282.29999999999995,0.15
2015-03-09 09:15:00,1.3,101560.0,282.85,0.15
2015-03-09 09:30:00,1.7,101565.0,283.2,0.15
2015-03-09 09:45:00,1.9,101570.0,283.65,0.15
2015-03-09 10:00:00,2.05,101580.0,283.7,0.15
2015-03-09 10:15:00,2.4,101580.0,283.65,0.15
2015-03-09 10:30:00,2.2,101580.0,283.4,0.15
2015-03-09 10:45:00,1.2,101580.0,283.54999999999995,0.15
2015-03-09 11:00:00,1.85,101575.0,283.9,0.15
2015-03-09 11:15:00,1.8,101580.0,284.25,0.15
2015-03-09 11:30:00,1.6,101565.0,284.75,0.15
2015-03-09 11:45:00,1.5,101540.0,284.85,0.15
2015-03-09 12:00:00,1.75,101520.0,284.75,0.15
2015-03-09 12:15:00,2.2,101520.0,285.04999999999995,0.15
2015-03-09 12:30:00,2.35,101505.0,285.6,0.15
2015-03-09 12:45:00,2.6,101500.0,285.65,0.15
2015-03-09 13:00:00,2.25,101480.0,286.0,0.15
2015-03-09 13:15:00,2.4,101470.0,286.54999999999995,0.15
2015-03-09 13:30:00,1.75,101460.0,286.79999999999995,0.15
2015-03-09 13:45:00,1.8,101430.0,286.85,0.15
2015-03-09 14:00:00,1.7,101425.0,287.0,0.15
2015-03-09 14:15:00,2.1,101440.0,286.75,0.15
2015-03-09 14:30:00,2.75,101450.0,287.1,0.15
2015-03-09 14:45:00,2.1,101450.0,287.15,0.15
2015-03-09 15:00:00,1.5,101430.0,286.95,0.15
2015-03-09 15:15:00,1.0,101420.0,286.95,0.15
2015-03-09 15:30:00,1.2000000000000002,101400.0,286.95,0.15
2015-03-09 15:45:00,0.8,101390.0,286.95,0.15
2015-03-09 16:00:00,0.8500000000000001,101370.0,286.75,0.15
2015-03-09 16:15:00,1.8,101340.0,286.65,0.15
2015-03-09 16:30:00,1.2000000000000002,101335.0,286.35,0.15
2015-03-09 16:45:00,1.4,101340.0,285.65,0.15
2015-03-09 17:00:00,2.0,101335.0,284.9,0.15
2015-03-09 17:15:00,2.3,101320.0,284.45,0.15
2015-03-09 17:30:00,1.65,101330.0,284.0,0.15
2015-03-09 17:45:00,1.0,101350.0,283.85,0.15
2015-03-09 18:00:00,1.4,101345.0,282.54999999999995,0.15
2015-03-09 18:15:00,1.5,101360.0,282.75,0.15
2015-03-09 18:30:00,2.0,101355.0,281.75,0.15
2015-03-09 18:45:00,1.7,101350.0,280.95,0.15
2015-03-09 19:00:00,1.55,101345.0,281.04999999999995,0.15
2015-03-09 19:15:00,1.0,101360.0,280.35,0.15
2015-03-09 19:30:00,1.2000000000000002,101345.0,280.25,0.15
2015-03-09 19:45:00,1.0,101330.0,279.95,0.15
2015-03-09 20:00:00,1.65,101320.0,280.29999999999995,0.15
2015-03-09 20:15:00,1.8,101310.0,278.95,0.15
2015-03-09 20:30:00,1.5,101310.0,278.6,0.15
2015-03-09 20:45:00,1.4,101310.0,279.54999999999995,0.15
2015-03-09 21:00:00,2.2,101305.0,279.2,0.15
2015-03-09 21:15:00,2.6,101290.0,280.45,0.15
2015-03-09 21:30:00,1.9,101300.0,279.0,0.15
2015-03-09 21:45:00,1.4,101320.0,277.85,0.15
2015-03-09 22:00:00,1.6,101320.0,278.45,0.15
2015-03-09 22:15:00,2.2,101320.0,278.85,0.15
2015-03-09 22:30:00,1.5,101335.0,278.95,0.15
2015-03-09 22:45:00,1.0,101340.0,278.75,0.15
2015-03-09 23:00:00,2.35,101345.0,278.9,0.15
2015-03-09 23:15:00,2.4,101360.0,279.65,0.15
2015-03-09 23:30:00,2.75,101355.0,279.0,0.15
2015-03-09 23:45:00,2.0,101360.0,279.65,0.15
2015-03-10 00:00:00,2.8,101340.0,278.7,0.15
2015-03-10 00:15:00,2.9,101340.0,280.04999999999995,0.15
2015-03-10 00:30:00,1.4,101365.0,277.45,0.15
2015-03-10 00:45:00,1.9,101370.0,277.54999999999995,0.15
2015-03-10 01:00:00,1.7,101375.0,277.25,0.15
2015-03-10 01:15:00,1.7,101380.0,277.85,0.15
2015-03-10 01:30:00,1.75,101370.0,277.65,0.15
2015-03-10 01:45:00,2.2,101370.0,277.54999999999995,0.15
2015-03-10 02:00:00,1.45,101385.0,276.25,0.15
2015-03-10 02:15:00,1.8,101380.0,276.75,0.15
2015-03-10 02:30:00,1.5499999999999998,101380.0,276.04999999999995,0.15
2015-03-10 02:45:00,1.3,101380.0,276.65,0.15
2015-03-10 03:00:00,1.9,101385.0,277.15,0.15
2015-03-10 03:15:00,2.0,101380.0,276.45,0.15
2015-03-10 03:30:00,2.85,101370.0,276.75,0.15
2015-03-10 03:45:00,2.1,101380.0,277.54999999999995,0.15
2015-03-10 04:00:00,1.8,101380.0,277.9,0.15
2015-03-10 04:15:00,2.5,101370.0,278.95,0.15
2015-03-10 04:30:00,1.25,101380.0,279.25,0.15
2015-03-10 04:45:00,1.0,101390.0,278.95,0.15
2015-03-10 05:00:00,1.45,101390.0,278.95,0.15
2015-03-10 05:15:00,1.2,101390.0,278.95,0.15
2015-03-10 05:30:00,0.9,101400.0,279.0,0.15
2015-03-10 05:45:00,1.0,101410.0,279.15,0.15
2015-03-10 06:00:00,1.05,101430.0,279.29999999999995,0.15
2015-03-10 06:15:00,0.8,101450.0,279.04999999999995,0.15
2015-03-10 06:30:00,0.9,101475.0,279.35,0.15
2015-03-10 06:45:00,0.7,101500.0,279.45,0.15
2015-03-10 07:00:00,1.4,101490.0,279.79999999999995,0.15
2015-03-10 07:15:00,1.6,101500.0,280.15,0.15
2015-03-10 07:30:00,1.4,101520.0,280.25,0.15
2015-03-10 07:45:00,1.2,101540.0,280.15,0.15
2015-03-10 08:00:00,1.25,101550.0,280.25,0.15
2015-03-10 08:15:00,1.2,101560.0,280.25,0.15
2015-03-10 08:30:00,0.8,101570.0,280.25,0.15
2015-03-10 08:45:00,0.9,101570.0,280.35,0.15
2015-03-10 09:00:00,0.85,101580.0,280.54999999999995,0.15
2015-03-10 09:15:00,0.5,101580.0,280.75,0.15
2015-03-10 09:30:00,0.45,101575.0,281.0,0.15
2015-03-10 09:45:00,0.4,101570.0,281.25,0.15
2015-03-10 10:00:00,0.65,101570.0,281.54999999999995,0.15
2015-03-10 10:15:00,1.0,101580.0,281.85,0.15
2015-03-10 10:30:00,1.15,101595.0,282.25,0.15
2015-03-10 10:45:00,1.3,101610.0,282.35,0.15
2015-03-10 11:00:00,1.2000000000000002,101610.0,282.5,0.15
2015-03-10 11:15:00,1.7,101620.0,282.65,0.15
2015-03-10 11:30:00,1.7000000000000002,101625.0,283.0,0.15
2015-03-10 11:45:00,1.5,101610.0,283.35,0.15
2015-03-10 12:00:00,2.25,101595.0,283.29999999999995,0.15
2015-03-10 12:15:00,3.1,101580.0,283.35,0.15
2015-03-10 12:30:00,2.85,101585.0,283.5,0.15
2015-03-10 12:45:00,2.3,101580.0,283.65,0.15
2015-03-10 13:00:00,2.25,101585.0,284.0,0.15
2015-03-10 13:15:00,2.6,101600.0,283.95,0.15
2015-03-10 13:30:00,2.2,101580.0,284.65,0.15
2015-03-10 13:45:00,3.2,101580.0,284.95,0.15
2015-03-10 14:00:00,2.75,101600.0,284.79999999999995,0.15
2015-03-10 14:15:00,2.5,101590.0,285.35,0.15
2015-03-10 14:30:00,2.2,101585.0,285.35,0.15
2015-03-10 14:45:00,2.9,101580.0,284.75,0.15
2015-03-10 15:00:00,2.7,101570.0,285.25,0.15
2015-03-10 15:15:00,3.0,101570.0,285.65,0.15
2015-03-10 15:30:00,3.85,101570.0,286.25,0.15
2015-03-10 15:45:00,4.6,101560.0,285.95,0.15
2015-03-10 16:00:00,4.7,101565.0,285.79999999999995,0.15
2015-03-10 16:15:00,3.5,101580.0,285.65,0.15
2015-03-10 16:30:00,4.45,101585.0,285.2,0.15
2015-03-10 16:45:00,4.3,101600.0,284.65,0.15
2015-03-10 17:00:00,4.1,101615.0,283.65,0.15
2015-03-10 17:15:00,3.6,101620.0,283.54999999999995,0.15
2015-03-10 17:30:00,2.95,101615.0,283.0,0.15
2015-03-10 17:45:00,2.9,101620.0,282.85,0.15
2015-03-10 18:00:00,2.95,101640.0,281.95,0.15
2015-03-10 18:15:00,2.4,101670.0,281.65,0.15
2015-03-10 18:30:00,2.1,101685.0,281.29999999999995,0.15
2015-03-10 18:45:00,1.9,101690.0,281.25,0.15
2015-03-10 19:00:00,1.6,101700.0,280.5,0.15
2015-03-10 19:15:00,1.0,101700.0,280.85,0.15
2015-03-10 19:30:00,0.95,101725.0,280.15,0.15
2015-03-10 19:45:00,1.8,101750.0,279.45,0.15
2015-03-10 20:00:00,1.75,101755.0,279.54999999999995,0.15
2015-03-10 20:15:00,1.9,101770.0,279.54999999999995,0.15
2015-03-10 20:30:00,1.45,101765.0,279.35,0.15
2015-03-10 20:45:00,1.3,101770.0,278.35,0.15
2015-03-10 21:00:00,1.4500000000000002,101800.0,278.35,0.15
2015-03-10 21:15:00,1.8,101810.0,277.85,0.15
2015-03-10 21:30:00,1.7999999999999998,101835.0,277.29999999999995,0.15
2015-03-10 21:45:00,1.4,101840.0,277.54999999999995,0.15
2015-03-10 22:00:00,1.2000000000000002,101840.0,276.75,0.15
2015-03-10 22:15:00,2.0,101840.0,276.45,0.15
2015-03-10 22:30:00,1.7999999999999998,101830.0,276.29999999999995,0.15
2015-03-10 22:45:00,1.7,101830.0,276.85,0.15
2015-03-10 23:00:00,1.85,101840.0,276.4,0.15
2015-03-10 23:15:00,2.2,101850.0,276.15,0.15
2015-03-10 23:30:00,2.35,101850.0,275.95,0.15
2015-03-10 23:45:00,2.2,101840.0,275.65,0.15
2015-03-11 00:00:00,1.75,101845.0,275.4,0.15
2015-03-11 00:15:00,1.6,101850.0,275.65,0.15
2015-03-11 00:30:00,1.2000000000000002,101845.0,275.6,0.15
2015-03-11 00:45:00,0.1,101840.0,275.45,0.15
2015-03-11 01:00:00,0.3,101840.0,275.7,0.15
2015-03-11 01:15:00,0.1,101840.0,275.65,0.15
2015-03-11 01:30:00,0.1,101845.0,274.9,0.15
2015-03-11 01:45:00,0.6,101860.0,275.04999999999995,0.15
2015-03-11 02:00:00,0.65,101855.0,275.15,0.15
2015-03-11 02:15:00,0.5,101850.0,275.04999999999995,0.15
2015-03-11 02:30:00,0.65,101850.0,274.65,0.15
2015-03-11 02:45:00,0.5,101860.0,274.85,0.15
2015-03-11 03:00:00,1.1,101860.0,273.95,0.15
2015-03-11 03:15:00,1.0,101850.0,273.85,0.15
2015-03-11 03:30:00,0.7,101860.0,274.04999999999995,0.15
2015-03-11 03:45:00,0.9,101870.0,273.35,0.15
2015-03-11 04:00:00,0.4,101875.0,273.04999999999995,0.15
2015-03-11 04:15:00,1.1,101890.0,273.45,0.15
2015-03-11 04:30:00,1.5,101905.0,273.5,0.15
2015-03-11 04:45:00,1.1,101920.0,274.25,0.15
2015-03-11 05:00:00,0.7,101930.0,273.6,0.15
2015-03-11 05:15:00,0.4,101930.0,273.75,0.15
2015-03-11 05:30:00,0.4,101945.0,273.1,0.15
2015-03-11 05:45:00,0.5,101940.0,273.45,0.15
2015-03-11 06:00:00,0.25,101945.0,271.95,0.15
2015-03-11 06:15:00,0.7,101950.0,271.75,0.15
2015-03-11 06:30:00,1.25,101945.0,272.6,0.15
2015-03-11 06:45:00,1.6,101950.0,273.15,0.15
2015-03-11 07:00:00,1.7000000000000002,101965.0,273.9,0.15
2015-03-11 07:15:00,2.1,101980.0,274.15,0.15
2015-03-11 07:30:00,1.2000000000000002,101990.0,275.2,0.15
2015-03-11 07:45:00,0.7,101990.0,276.35,0.15
2015-03-11 08:00:00,0.4,102025.0,276.6,0.15
2015-03-11 08:15:00,0.2,102030.0,277.04999999999995,0.15
2015-03-11 08:30:00,0.55,102020.0,277.29999999999995,0.15
2015-03-11 08:45:00,1.0,102010.0,277.54999999999995,0.15
2015-03-11 09:00:00,1.15,102000.0,278.4,0.15
2015-03-11 09:15:00,0.7,101990.0,278.25,0.15
2015-03-11 09:30:00,1.0,101990.0,278.79999999999995,0.15
2015-03-11 09:45:00,1.3,101970.0,279.65,0.15
2015-03-11 10:00:00,1.4,101965.0,280.4,0.15
2015-03-11 10:15:00,1.8,101950.0,280.35,0.15
2015-03-11 10:30:00,1.15,101950.0,280.6,0.15
2015-03-11 10:45:00,1.8,101940.0,280.75,0.15
2015-03-11 11:00:00,1.15,101925.0,281.29999999999995,0.15
2015-03-11 11:15:00,1.7,101910.0,281.65,0.15
2015-03-11 11:30:00,1.7999999999999998,101900.0,281.9,0.15
2015-03-11 11:45:00,1.6,101880.0,282.95,0.15
2015-03-11 12:00:00,1.8,101875.0,282.7,0.15
2015-03-11 12:15:00,2.3,101850.0,283.45,0.15
2015-03-11 12:30:00,3.75,101830.0,283.2,0.15
2015-03-11 12:45:00,3.2,101810.0,283.54999999999995,0.15
2015-03-11 13:00:00,2.75,101820.0,283.29999999999995,0.15
2015-03-11 13:15:00,3.2,101810.0,283.65,0.15
2015-03-11 13:30:00,2.2,101810.0,283.45,0.15
2015-03-11 13:45:00,1.6,101810.0,284.25,0.15
2015-03-11 14:00:00,1.95,101800.0,284.45,0.15
2015-03-11 14:15:00,2.5,101800.0,283.95,0.15
2015-03-11 14:30:00,1.7000000000000002,101795.0,284.29999999999995,0.15
2015-03-11 14:45:00,2.7,101790.0,284.04999999999995,0.15
2015-03-11 15:00:00,2.2,101785.0,284.7,0.15
2015-03-11 15:15:00,2.3,101770.0,284.35,0.15
2015-03-11 15:30:00,2.0,101760.0,284.5,0.15
2015-03-11 15:45:00,2.7,101760.0,284.75,0.15
2015-03-11 16:00:00,2.45,101755.0,284.5,0.15
2015-03-11 16:15:00,1.1,101740.0,284.35,0.15
2015-03-11 16:30:00,1.2,101755.0,284.04999999999995,0.15
2015-03-11 16:45:00,1.3,101760.0,283.54999999999995,0.15
2015-03-11 17:00:00,1.55,101785.0,282.25,0.15
2015-03-11 17:15:00,1.2,101800.0,281.45,0.15
2015-03-11 17:30:00,1.0,101800.0,281.75,0.15
2015-03-11 17:45:00,1.6,101810.0,280.65,0.15
2015-03-11 18:00:00,1.25,101825.0,279.4,0.15
2015-03-11 18:15:00,0.8,101840.0,279.85,0.15
2015-03-11 18:30:00,1.05,101860.0,279.0,0.15
2015-03-11 18:45:00,1.4,101860.0,279.35,0.15
2015-03-11 19:00:00,1.7000000000000002,101855.0,278.85,0.15
2015-03-11 19:15:00,1.3,101860.0,277.04999999999995,0.15
2015-03-11 19:30:00,1.45,101855.0,276.9,0.15
2015-03-11 19:45:00,1.4,101870.0,277.45,0.15
2015-03-11 20:00:00,1.4500000000000002,101860.0,276.45,0.15
2015-03-11 20:15:00,2.2,101870.0,276.54999999999995,0.15
2015-03-11 20:30:00,1.35,101885.0,274.7,0.15
2015-03-11 20:45:00,1.4,101880.0,272.65,0.15
2015-03-11 21:00:00,1.1,101885.0,274.5,0.15
2015-03-11 21:15:00,1.2,101890.0,274.45,0.15
2015-03-11 21:30:00,2.05,101895.0,275.0,0.15
2015-03-11 21:45:00,2.1,101920.0,276.65,0.15
2015-03-11 22:00:00,1.35,101920.0,274.79999999999995,0.15
2015-03-11 22:15:00,2.3,101910.0,274.04999999999995,0.15
2015-03-11 22:30:00,1.0,101920.0,273.2,0.15
2015-03-11 22:45:00,0.8,101930.0,273.85,0.15
2015-03-11 23:00:00,0.7,101950.0,273.85,0.15
2015-03-11 23:15:00,0.6,101950.0,274.15,0.15
2015-03-11 23:30:00,1.65,101950.0,272.9,0.15
2015-03-11 23:45:00,1.8,101940.0,272.45,0.15
2015-03-12 00:00:00,1.5,101940.0,274.1,0.15
2015-03-12 00:15:00,1.8,101930.0,272.35,0.15
2015-03-12 00:30:00,1.5499999999999998,101925.0,272.45,0.15
2015-03-12 00:45:00,0.6,101940.0,271.85,0.15
2015-03-12 01:00:00,0.7,101940.0,272.85,0.15
2015-03-12 01:15:00,1.3,101940.0,272.95,0.15
2015-03-12 01:30:00,1.35,101940.0,273.04999999999995,0.15
2015-03-12 01:45:00,1.7,101940.0,273.15,0.15
2015-03-12 02:00:00,2.2,101945.0,272.6,0.15
2015-03-12 02:15:00,2.6,101950.0,272.54999999999995,0.15
2015-03-12 02:30:00,3.55,101945.0,272.6,0.15
2015-03-12 02:45:00,3.1,101940.0,273.04999999999995,0.15
2015-03-12 03:00:00,2.65,101955.0,271.75,0.15
2015-03-12 03:15:00,2.2,101970.0,272.15,0.15
2015-03-12 03:30:00,0.9,101975.0,270.95,0.15
2015-03-12 03:45:00,1.0,101990.0,270.45,0.15
2015-03-12 04:00:00,1.9,101980.0,271.04999999999995,0.15
2015-03-12 04:15:00,2.0,101970.0,271.04999999999995,0.15
2015-03-12 04:30:00,1.3,101965.0,271.15,0.15
2015-03-12 04:45:00,0.9,101970.0,271.45,0.15
2015-03-12 05:00:00,0.75,101980.0,271.04999999999995,0.15
2015-03-12 05:15:00,0.4,101960.0,270.75,0.15
2015-03-12 05:30:00,0.7,101965.0,270.9,0.15
2015-03-12 05:45:00,0.7,101970.0,270.85,0.15
2015-03-12 06:00:00,1.0,101975.0,271.04999999999995,0.15
2015-03-12 06:15:00,0.7,101980.0,271.04999999999995,0.15
2015-03-12 06:30:00,0.65,101990.0,271.45,0.15
2015-03-12 06:45:00,0.3,102000.0,271.85,0.15
2015-03-12 07:00:00,0.8,102015.0,273.29999999999995,0.15
2015-03-12 07:15:00,1.2,102010.0,274.25,0.15
2015-03-12 07:30:00,1.4,102015.0,275.9,0.15
2015-03-12 07:45:00,2.2,102010.0,276.65,0.15
2015-03-12 08:00:00,2.1500000000000004,102020.0,277.29999999999995,0.15
2015-03-12 08:15:00,2.1,102030.0,278.04999999999995,0.15
2015-03-12 08:30:00,1.9,102015.0,278.7,0.15
2015-03-12 08:45:00,1.4,102010.0,279.54999999999995,0.15
2015-03-12 09:00:00,1.65,102000.0,280.7,0.15
2015-03-12 09:15:00,1.3,102000.0,281.25,0.15
2015-03-12 09:30:00,0.8500000000000001,101975.0,281.79999999999995,0.15
2015-03-12 09:45:00,0.9,101960.0,281.95,0.15
2015-03-12 10:00:00,1.4500000000000002,101945.0,282.9,0.15
2015-03-12 10:15:00,1.3,101920.0,283.15,0.15
2015-03-12 10:30:00,1.75,101905.0,283.75,0.15
2015-03-12 10:45:00,1.6,101890.0,284.35,0.15
2015-03-12 11:00:00,3.0,101865.0,284.4,0.15
2015-03-12 11:15:00,2.3,101850.0,284.85,0.15
2015-03-12 11:30:00,2.55,101825.0,284.85,0.15
2015-03-12 11:45:00,3.3,101810.0,285.04999999999995,0.15
2015-03-12 12:00:00,4.2,101800.0,285.04999999999995,0.15
2015-03-12 12:15:00,3.6,101780.0,285.85,0.15
2015-03-12 12:30:00,3.05,101770.0,285.95,0.15
2015-03-12 12:45:00,3.3,101750.0,285.95,0.15
2015-03-12 13:00:00,2.25,101735.0,286.45,0.15
2015-03-12 13:15:00,3.6,101720.0,286.15,0.15
2015-03-12 13:30:00,3.05,101710.0,286.2,0.15
2015-03-12 13:45:00,2.9,101690.0,286.25,0.15
2015-03-12 14:00:00,2.35,101675.0,286.79999999999995,0.15
2015-03-12 14:15:00,2.1,101660.0,286.54999999999995,0.15
2015-03-12 14:30:00,2.25,101650.0,286.54999999999995,0.15
2015-03-12 14:45:00,3.0,101630.0,286.85,0.15
2015-03-12 15:00:00,2.4,101625.0,286.54999999999995,0.15
2015-03-12 15:15:00,1.9,101600.0,287.45,0.15
2015-03-12 15:30:00,1.65,101590.0,287.1,0.15
2015-03-12 15:45:00,2.5,101590.0,286.85,0.15
2015-03-12 16:00:00,2.9,101565.0,286.9,0.15
2015-03-12 16:15:00,2.7,101550.0,286.95,0.15
2015-03-12 16:30:00,2.45,101530.0,286.7,0.15
2015-03-12 16:45:00,2.5,101520.0,286.35,0.15
2015-03-12 17:00:00,2.35,101520.0,285.95,0.15
2015-03-12 17:15:00,1.4,101520.0,285.15,0.15
2015-03-12 17:30:00,1.4500000000000002,101520.0,284.6,0.15
2015-03-12 17:45:00,1.2,101520.0,283.95,0.15
2015-03-12 18:00:00,1.3,101530.0,283.0,0.15
2015-03-12 18:15:00,1.6,101530.0,283.15,0.15
2015-03-12 18:30:00,2.1,101550.0,283.04999999999995,0.15
2015-03-12 18:45:00,1.9,101550.0,282.65,0.15
2015-03-12 19:00:00,1.7,101560.0,281.35,0.15
2015-03-12 19:15:00,1.9,101560.0,281.35,0.15
2015-03-12 19:30:00,2.1500000000000004,101565.0,280.35,0.15
2015-03-12 19:45:00,2.1,101560.0,280.65,0.15
2015-03-12 20:00:00,2.7,101575.0,280.15,0.15
2015-03-12 20:15:00,2.9,101570.0,278.35,0.15
2015-03-12 20:30:00,3.0,101565.0,278.79999999999995,0.15
2015-03-12 20:45:00,2.9,101570.0,279.65,0.15
2015-03-12 21:00:00,2.95,101555.0,277.79999999999995,0.15
2015-03-12 21:15:00,2.7,101540.0,278.25,0.15
2015-03-12 21:30:00,2.1,101540.0,277.1,0.15
2015-03-12 21:45:00,2.0,101530.0,277.45,0.15
2015-03-12 22:00:00,3.05,101510.0,277.9,0.15
2015-03-12 22:15:00,3.1,101500.0,278.15,0.15
2015-03-12 22:30:00,4.05,101485.0,277.85,0.15
2015-03-12 22:45:00,4.6,101470.0,278.25,0.15
2015-03-12 23:00:00,4.5,101465.0,279.29999999999995,0.15
2015-03-12 23:15:00,4.6,101470.0,279.04999999999995,0.15
2015-03-12 23:30:00,5.1,101455.0,278.65,0.15
2015-03-12 23:45:00,4.1,101450.0,278.45,0.15
2015-03-13 00:00:00,4.4,101445.0,278.15,0.15
2015-03-13 00:15:00,4.3,101460.0,278.15,0.15
2015-03-13 00:30:00,4.3,101455.0,277.79999999999995,0.15
2015-03-13 00:45:00,3.3,101470.0,277.54999999999995,0.15
2015-03-13 01:00:00,3.6,101465.0,277.2,0.15
2015-03-13 01:15:00,4.2,101470.0,277.15,0.15
2015-03-13 01:30:00,4.8,101460.0,276.75,0.15
2015-03-13 01:45:00,5.1,101450.0,276.45,0.15
2015-03-13 02:00:00,4.85,101440.0,276.35,0.15
2015-03-13 02:15:00,3.8,101440.0,276.25,0.15
2015-03-13 02:30:00,3.1500000000000004,101425.0,276.1,0.15
2015-03-13 02:45:00,2.9,101410.0,275.95,0.15
2015-03-13 03:00:00,3.0,101410.0,275.85,0.15
2015-03-13 03:15:00,2.9,101410.0,275.75,0.15
2015-03-13 03:30:00,2.4,101410.0,275.5,0.15
2015-03-13 03:45:00,2.1,101400.0,275.45,0.15
2015-03-13 04:00:00,1.4,101400.0,275.35,0.15
2015-03-13 04:15:00,1.6,101400.0,274.85,0.15
2015-03-13 04:30:00,2.3,101390.0,274.85,0.15
2015-03-13 04:45:00,2.3,101370.0,274.95,0.15
2015-03-13 05:00:00,2.1500000000000004,101355.0,274.6,0.15
2015-03-13 05:15:00,1.5,101370.0,272.95,0.15
2015-03-13 05:30:00,1.25,101355.0,273.5,0.15
2015-03-13 05:45:00,1.8,101360.0,272.45,0.15
2015-03-13 06:00:00,0.7,101360.0,273.45,0.15
2015-03-13 06:15:00,1.1,101360.0,274.15,0.15
2015-03-13 06:30:00,1.1,101355.0,273.1,0.15
2015-03-13 06:45:00,0.4,101350.0,272.95,0.15
2015-03-13 07:00:00,0.3,101355.0,274.1,0.15
2015-03-13 07:15:00,0.8,101360.0,275.85,0.15
2015-03-13 07:30:00,1.0,101360.0,276.95,0.15
2015-03-13 07:45:00,2.2,101360.0,277.45,0.15
2015-03-13 08:00:00,2.4000000000000004,101345.0,278.0,0.15
2015-03-13 08:15:00,3.1,101330.0,278.65,0.15
2015-03-13 08:30:00,3.3,101325.0,278.9,0.15
2015-03-13 08:45:00,5.4,101310.0,279.45,0.15
2015-03-13 09:00:00,4.9,101295.0,280.2,0.15
2015-03-13 09:15:00,5.3,101290.0,280.04999999999995,0.15
2015-03-13 09:30:00,4.9,101290.0,280.4,0.15
2015-03-13 09:45:00,4.8,101290.0,279.75,0.15
2015-03-13 10:00:00,4.15,101295.0,280.35,0.15
2015-03-13 10:15:00,4.4,101300.0,280.35,0.15
2015-03-13 10:30:00,4.75,101295.0,280.7,0.15
2015-03-13 10:45:00,4.5,101280.0,280.54999999999995,0.15
2015-03-13 11:00:00,4.25,101275.0,280.85,0.15
2015-03-13 11:15:00,4.2,101260.0,280.75,0.15
2015-03-13 11:30:00,5.25,101245.0,281.2,0.15
2015-03-13 11:45:00,4.7,101230.0,282.25,0.15
2015-03-13 12:00:00,5.5,101215.0,282.75,0.15
2015-03-13 12:15:00,5.8,101190.0,282.15,0.15
2015-03-13 12:30:00,5.75,101190.0,281.4,0.15
2015-03-13 12:45:00,5.4,101180.0,282.25,0.15
2015-03-13 13:00:00,5.75,101165.0,282.35,0.15
2015-03-13 13:15:00,5.1,101160.0,281.85,0.15
2015-03-13 13:30:00,5.35,101155.0,281.75,0.15
2015-03-13 13:45:00,5.9,101160.0,281.35,0.15
2015-03-13 14:00:00,5.1,101150.0,281.29999999999995,0.15
2015-03-13 14:15:00,4.7,101160.0,281.54999999999995,0.15
2015-03-13 14:30:00,5.35,101160.0,281.85,0.15
2015-03-13 14:45:00,5.8,101160.0,281.45,0.15
2015-03-13 15:00:00,4.9,101160.0,281.5,0.15
2015-03-13 15:15:00,4.2,101150.0,281.54999999999995,0.15
2015-03-13 15:30:00,4.8,101150.0,281.45,0.15
2015-03-13 15:45:00,5.2,101150.0,281.25,0.15
2015-03-13 16:00:00,4.5,101150.0,281.15,0.15
2015-03-13 16:15:00,4.7,101150.0,281.15,0.15
2015-03-13 16:30:00,4.35,101155.0,281.0,0.15
2015-03-13 16:45:00,4.8,101170.0,280.95,0.15
2015-03-13 17:00:00,5.15,101180.0,280.9,0.15
2015-03-13 17:15:00,4.5,101180.0,280.75,0.15
2015-03-13 17:30:00,3.45,101195.0,280.7,0.15
2015-03-13 17:45:00,3.2,101200.0,280.75,0.15
2015-03-13 18:00:00,3.45,101215.0,280.54999999999995,0.15
2015-03-13 18:15:00,3.9,101230.0,280.54999999999995,0.15
2015-03-13 18:30:00,4.4,101235.0,280.45,0.15
2015-03-13 18:45:00,3.8,101250.0,280.35,0.15
2015-03-13 19:00:00,3.7,101250.0,280.25,0.15
2015-03-13 19:15:00,4.6,101250.0,280.15,0.15
2015-03-13 19:30:00,4.9,101260.0,280.04999999999995,0.15
2015-03-13 19:45:00,5.1,101260.0,279.95,0.15
2015-03-13 20:00:00,4.0,101270.0,279.75,0.15
2015-03-13 20:15:00,4.8,101280.0,279.65,0.15
2015-03-13 20:30:00,4.949999999999999,101285.0,279.5,0.15
2015-03-13 20:45:00,5.1,101290.0,279.35,0.15
2015-03-13 21:00:00,5.55,101300.0,279.1,0.15
2015-03-13 21:15:00,5.3,101310.0,278.75,0.15
2015-03-13 21:30:00,5.2,101320.0,278.29999999999995,0.15
2015-03-13 21:45:00,4.8,101330.0,278.15,0.15
2015-03-13 22:00:00,5.2,101335.0,277.9,0.15
2015-03-13 22:15:00,4.5,101340.0,277.75,0.15
2015-03-13 22:30:00,5.55,101340.0,277.65,0.15
2015-03-13 22:45:00,5.1,101350.0,277.75,0.15
2015-03-13 23:00:00,4.9,101345.0,277.79999999999995,0.15
2015-03-13 23:15:00,4.8,101340.0,277.85,0.15
2015-03-13 23:30:00,4.9,101335.0,277.79999999999995,0.15
2015-03-13 23:45:00,5.3,101340.0,277.75,0.15
2015-03-14 00:00:00,5.35,101335.0,277.5,0.15
2015-03-14 00:15:00,4.4,101340.0,277.25,0.15
2015-03-14 00:30:00,4.25,101335.0,277.29999999999995,0.15
2015-03-14 00:45:00,3.5,101330.0,277.15,0.15
2015-03-14 01:00:00,2.2,101335.0,276.95,0.15
2015-03-14 01:15:00,1.8,101340.0,276.45,0.15
2015-03-14 01:30:00,2.0,101350.0,276.2,0.15
2015-03-14 01:45:00,2.0,101350.0,275.95,0.15
2015-03-14 02:00:00,1.95,101340.0,275.54999999999995,0.15
2015-03-14 02:15:00,1.8,101340.0,275.45,0.15
2015-03-14 02:30:00,1.9,101330.0,275.85,0.15
2015-03-14 02:45:00,1.2,101330.0,275.85,0.15
2015-03-14 03:00:00,1.25,101355.0,275.95,0.15
2015-03-14 03:15:00,1.5,101370.0,275.85,0.15
2015-03-14 03:30:00,1.5,101375.0,275.6,0.15
2015-03-14 03:45:00,1.7,101370.0,275.85,0.15
2015-03-14 04:00:00,1.55,101375.0,275.0,0.15
2015-03-14 04:15:00,1.7,101380.0,275.04999999999995,0.15
2015-03-14 04:30:00,1.45,101390.0,274.45,0.15
2015-03-14 04:45:00,1.2,101400.0,275.54999999999995,0.15
2015-03-14 05:00:00,0.95,101410.0,275.2,0.15
2015-03-14 05:15:00,1.0,101420.0,273.45,0.15
2015-03-14 05:30:00,0.6499999999999999,101435.0,273.04999999999995,0.15
2015-03-14 05:45:00,1.2,101440.0,273.85,0.15
2015-03-14 06:00:00,1.75,101440.0,273.15,0.15
2015-03-14 06:15:00,0.4,101450.0,273.04999999999995,0.15
2015-03-14 06:30:00,0.4,101465.0,273.45,0.15
2015-03-14 06:45:00,0.2,101480.0,273.75,0.15
2015-03-14 07:00:00,0.55,101480.0,274.35,0.15
2015-03-14 07:15:00,0.5,101480.0,275.04999999999995,0.15
2015-03-14 07:30:00,0.9,101495.0,275.54999999999995,0.15
2015-03-14 07:45:00,1.2,101500.0,276.25,0.15
2015-03-14 08:00:00,0.95,101500.0,277.0,0.15
2015-03-14 08:15:00,0.7,101490.0,277.54999999999995,0.15
2015-03-14 08:30:00,0.8500000000000001,101485.0,278.0,0.15
2015-03-14 08:45:00,1.7,101490.0,278.85,0.15
2015-03-14 09:00:00,1.7,101495.0,278.75,0.15
2015-03-14 09:15:00,1.7,101500.0,278.95,0.15
2015-03-14 09:30:00,1.5,101500.0,279.1,0.15
2015-03-14 09:45:00,1.7,101490.0,279.54999999999995,0.15
2015-03-14 10:00:00,2.3,101480.0,279.45,0.15
2015-03-14 10:15:00,2.2,101480.0,279.54999999999995,0.15
2015-03-14 10:30:00,2.2,101470.0,279.5,0.15
2015-03-14 10:45:00,1.8,101470.0,279.85,0.15
2015-03-14 11:00:00,1.4,101445.0,280.45,0.15
2015-03-14 11:15:00,1.9,101440.0,280.45,0.15
2015-03-14 11:30:00,1.4,101425.0,280.85,0.15
2015-03-14 11:45:00,2.3,101400.0,281.15,0.15
2015-03-14 12:00:00,1.25,101385.0,281.45,0.15
2015-03-14 12:15:00,1.9,101370.0,281.35,0.15
2015-03-14 12:30:00,1.65,101355.0,281.75,0.15
2015-03-14 12:45:00,0.8,101350.0,281.54999999999995,0.15
2015-03-14 13:00:00,2.5,101350.0,281.45,0.15
2015-03-14 13:15:00,2.6,101360.0,281.25,0.15
2015-03-14 13:30:00,3.7,101365.0,281.2,0.15
2015-03-14 13:45:00,4.2,101370.0,281.04999999999995,0.15
2015-03-14 14:00:00,4.15,101370.0,281.15,0.15
2015-03-14 14:15:00,3.9,101380.0,281.04999999999995,0.15
2015-03-14 14:30:00,4.35,101380.0,281.0,0.15
2015-03-14 14:45:00,5.1,101380.0,280.75,0.15
2015-03-14 15:00:00,4.9,101395.0,280.45,0.15
2015-03-14 15:15:00,4.4,101400.0,280.25,0.15
2015-03-14 15:30:00,4.949999999999999,101410.0,279.54999999999995,0.15
2015-03-14 15:45:00,4.2,101420.0,279.04999999999995,0.15
2015-03-14 16:00:00,4.45,101425.0,278.6,0.15
2015-03-14 16:15:00,3.7,101430.0,278.35,0.15
2015-03-14 16:30:00,2.9,101440.0,278.25,0.15
2015-03-14 16:45:00,2.9,101450.0,278.15,0.15
2015-03-14 17:00:00,2.45,101455.0,278.25,0.15
2015-03-14 17:15:00,2.8,101470.0,278.25,0.15
2015-03-14 17:30:00,2.95,101475.0,278.15,0.15
2015-03-14 17:45:00,3.0,101490.0,278.04999999999995,0.15
2015-03-14 18:00:00,2.9,101500.0,277.95,0.15
2015-03-14 18:15:00,2.1,101510.0,277.85,0.15
2015-03-14 18:30:00,2.05,101515.0,277.75,0.15
2015-03-14 18:45:00,2.2,101520.0,277.75,0.15
2015-03-14 19:00:00,2.1,101520.0,277.75,0.15
2015-03-14 19:15:00,2.3,101530.0,277.65,0.15
2015-03-14 19:30:00,2.2,101525.0,277.6,0.15
2015-03-14 19:45:00,1.7,101520.0,277.54999999999995,0.15
2015-03-14 20:00:00,1.7,101510.0,277.5,0.15
2015-03-14 20:15:00,1.6,101520.0,277.54999999999995,0.15
2015-03-14 20:30:00,1.55,101535.0,277.54999999999995,0.15
2015-03-14 20:45:00,1.7,101540.0,277.65,0.15
2015-03-14 21:00:00,2.0,101540.0,277.65,0.15
2015-03-14 21:15:00,1.8,101530.0,277.65,0.15
2015-03-14 21:30:00,2.1,101540.0,277.7,0.15
2015-03-14 21:45:00,1.7,101530.0,277.65,0.15
2015-03-14 22:00:00,1.8,101530.0,277.75,0.15
2015-03-14 22:15:00,1.8,101530.0,277.75,0.15
2015-03-14 22:30:00,1.85,101525.0,277.79999999999995,0.15
2015-03-14 22:45:00,1.8,101520.0,277.75,0.15
2015-03-14 23:00:00,1.85,101520.0,277.65,0.15
2015-03-14 23:15:00,2.4,101510.0,277.45,0.15
2015-03-14 23:30:00,2.0,101505.0,277.4,0.15
2015-03-14 23:45:00,2.0,101500.0,277.35,0.15
2015-03-15 00:00:00,2.0,101515.0,277.29999999999995,0.15
2015-03-15 00:15:00,1.7,101510.0,277.25,0.15
2015-03-15 00:30:00,2.2,101495.0,277.45,0.15
2015-03-15 00:45:00,2.0,101490.0,277.45,0.15
2015-03-15 01:00:00,1.5499999999999998,101490.0,277.45,0.15
2015-03-15 01:15:00,1.3,101490.0,277.45,0.15
2015-03-15 01:30:00,1.35,101470.0,277.6,0.15
2015-03-15 01:45:00,1.1,101460.0,277.45,0.15
2015-03-15 02:00:00,1.15,101450.0,277.1,0.15
2015-03-15 02:15:00,1.6,101440.0,276.85,0.15
2015-03-15 02:30:00,1.55,101425.0,276.9,0.15
2015-03-15 02:45:00,1.5,101430.0,276.95,0.15
2015-03-15 03:00:00,0.75,101430.0,275.9,0.15
2015-03-15 03:15:00,0.7,101430.0,275.75,0.15
2015-03-15 03:30:00,0.4499999999999999,101430.0,275.9,0.15
2015-03-15 03:45:00,0.5,101440.0,275.75,0.15
2015-03-15 04:00:00,0.4,101440.0,275.79999999999995,0.15
2015-03-15 04:15:00,0.7,101430.0,275.95,0.15
2015-03-15 04:30:00,0.2,101415.0,276.0,0.15
2015-03-15 04:45:00,0.2,101420.0,276.04999999999995,0.15
2015-03-15 05:00:00,0.75,101430.0,276.2,0.15
2015-03-15 05:15:00,0.8,101420.0,276.35,0.15
2015-03-15 05:30:00,0.25,101430.0,276.45,0.15
2015-03-15 05:45:00,0.2,101430.0,276.25,0.15
2015-03-15 06:00:00,0.3,101445.0,276.1,0.15
2015-03-15 06:15:00,0.3,101450.0,276.45,0.15
2015-03-15 06:30:00,0.4,101460.0,276.7,0.15
2015-03-15 06:45:00,0.9,101460.0,276.85,0.15
2015-03-15 07:00:00,0.75,101465.0,277.2,0.15
2015-03-15 07:15:00,0.9,101470.0,277.54999999999995,0.15
2015-03-15 07:30:00,1.05,101470.0,278.04999999999995,0.15
2015-03-15 07:45:00,1.1,101470.0,278.65,0.15
2015-03-15 08:00:00,1.1,101465.0,279.0,0.15
2015-03-15 08:15:00,1.1,101460.0,278.95,0.15
2015-03-15 08:30:00,1.25,101455.0,279.29999999999995,0.15
2015-03-15 08:45:00,1.9,101440.0,279.65,0.15
2015-03-15 09:00:00,2.85,101445.0,279.75,0.15
2015-03-15 09:15:00,3.7,101430.0,280.04999999999995,0.15
2015-03-15 09:30:00,4.0,101430.0,280.2,0.15
2015-03-15 09:45:00,4.2,101420.0,280.15,0.15
2015-03-15 10:00:00,4.5,101420.0,280.29999999999995,0.15
2015-03-15 10:15:00,5.2,101410.0,280.25,0.15
2015-03-15 10:30:00,4.4,101405.0,280.5,0.15
2015-03-15 10:45:00,4.6,101400.0,280.54999999999995,0.15
2015-03-15 11:00:00,4.5,101390.0,280.54999999999995,0.15
2015-03-15 11:15:00,4.1,101390.0,280.54999999999995,0.15
2015-03-15 11:30:00,3.65,101375.0,280.79999999999995,0.15
2015-03-15 11:45:00,3.7,101370.0,280.95,0.15
2015-03-15 12:00:00,3.75,101355.0,280.79999999999995,0.15
2015-03-15 12:15:00,3.5,101340.0,280.75,0.15
2015-03-15 12:30:00,3.35,101335.0,280.95,0.15
2015-03-15 12:45:00,3.5,101320.0,280.95,0.15
2015-03-15 13:00:00,4.35,101330.0,280.95,0.15
2015-03-15 13:15:00,5.0,101330.0,280.95,0.15
2015-03-15 13:30:00,4.5,101320.0,280.95,0.15
2015-03-15 13:45:00,4.4,101320.0,280.95,0.15
2015-03-15 14:00:00,4.35,101310.0,280.95,0.15
2015-03-15 14:15:00,4.2,101290.0,281.04999999999995,0.15
2015-03-15 14:30:00,4.35,101280.0,281.15,0.15
2015-03-15 14:45:00,4.0,101280.0,281.25,0.15
2015-03-15 15:00:00,4.25,101285.0,281.1,0.15
2015-03-15 15:15:00,4.1,101280.0,281.04999999999995,0.15
2015-03-15 15:30:00,3.5,101265.0,281.1,0.15
2015-03-15 15:45:00,3.3,101260.0,281.04999999999995,0.15
2015-03-15 16:00:00,4.4,101255.0,281.04999999999995,0.15
2015-03-15 16:15:00,4.2,101250.0,280.95,0.15
2015-03-15 16:30:00,4.4,101250.0,280.95,0.15
2015-03-15 16:45:00,5.0,101240.0,280.85,0.15
2015-03-15 17:00:00,4.55,101260.0,280.7,0.15
2015-03-15 17:15:00,5.1,101270.0,280.54999999999995,0.15
2015-03-15 17:30:00,4.0,101270.0,280.4,0.15
2015-03-15 17:45:00,3.5,101280.0,280.35,0.15
2015-03-15 18:00:00,4.25,101280.0,280.25,0.15
2015-03-15 18:15:00,4.6,101290.0,279.95,0.15
2015-03-15 18:30:00,3.55,101285.0,279.95,0.15
2015-03-15 18:45:00,2.8,101290.0,279.85,0.15
2015-03-15 19:00:00,2.4,101290.0,279.85,0.15
2015-03-15 19:15:00,2.4,101280.0,279.75,0.15
2015-03-15 19:30:00,1.95,101280.0,279.7,0.15
2015-03-15 19:45:00,1.9,101280.0,279.65,0.15
2015-03-15 20:00:00,2.05,101280.0,279.54999999999995,0.15
2015-03-15 20:15:00,2.3,101290.0,279.45,0.15
2015-03-15 20:30:00,2.25,101295.0,279.35,0.15
2015-03-15 20:45:00,2.5,101290.0,279.35,0.15
2015-03-15 21:00:00,2.25,101300.0,279.29999999999995,0.15
2015-03-15 21:15:00,1.9,101290.0,278.95,0.15
2015-03-15 21:30:00,1.85,101285.0,278.0,0.15
2015-03-15 21:45:00,2.0,101290.0,277.54999999999995,0.15
2015-03-15 22:00:00,2.1,101275.0,277.25,0.15
2015-03-15 22:15:00,2.0,101260.0,277.25,0.15
2015-03-15 22:30:00,1.7,101260.0,276.85,0.15
2015-03-15 22:45:00,1.2,101250.0,276.04999999999995,0.15
2015-03-15 23:00:00,1.25,101250.0,276.2,0.15
2015-03-15 23:15:00,1.3,101240.0,276.15,0.15
2015-03-15 23:30:00,1.3,101240.0,275.9,0.15
2015-03-15 23:45:00,1.3,101240.0,276.04999999999995,0.15
2015-03-16 00:00:00,1.35,101230.0,275.54999999999995,0.15
2015-03-16 00:15:00,1.4,101230.0,275.54999999999995,0.15
2015-03-16 00:30:00,1.25,101230.0,275.9,0.15
2015-03-16 00:45:00,0.8,101220.0,275.65,0.15
2015-03-16 01:00:00,0.55,101215.0,275.1,0.15
2015-03-16 01:15:00,0.4,101200.0,274.75,0.15
2015-03-16 01:30:00,0.65,101185.0,273.6,0.15
2015-03-16 01:45:00,1.1,101170.0,273.65,0.15
2015-03-16 02:00:00,0.9,101170.0,273.75,0.15
2015-03-16 02:15:00,0.7,101170.0,273.45,0.15
2015-03-16 02:30:00,0.85,101165.0,273.79999999999995,0.15
2015-03-16 02:45:00,1.0,101160.0,273.95,0.15
2015-03-16 03:00:00,0.9,101150.0,273.85,0.15
2015-03-16 03:15:00,0.8,101150.0,273.04999999999995,0.15
2015-03-16 03:30:00,0.25,101145.0,273.45,0.15
2015-03-16 03:45:00,0.1,101140.0,273.54999999999995,0.15
2015-03-16 04:00:00,0.25,101145.0,273.5,0.15
2015-03-16 04:15:00,0.8,101140.0,273.35,0.15
2015-03-16 04:30:00,0.9,101140.0,273.65,0.15
2015-03-16 04:45:00,1.1,101140.0,273.04999999999995,0.15
2015-03-16 05:00:00,1.2999999999999998,101140.0,272.4,0.15
2015-03-16 05:15:00,0.9,101140.0,272.75,0.15
2015-03-16 05:30:00,0.75,101140.0,272.95,0.15
2015-03-16 05:45:00,0.9,101140.0,273.45,0.15
2015-03-16 06:00:00,0.8,101145.0,272.4,0.15
2015-03-16 06:15:00,0.6,101140.0,271.95,0.15
2015-03-16 06:30:00,0.5,101140.0,272.29999999999995,0.15
2015-03-16 06:45:00,0.3,101140.0,273.15,0.15
2015-03-16 07:00:00,0.85,101140.0,274.0,0.15
2015-03-16 07:15:00,0.8,101130.0,274.54999999999995,0.15
2015-03-16 07:30:00,0.95,101135.0,276.2,0.15
2015-03-16 07:45:00,0.6,101140.0,277.95,0.15
2015-03-16 08:00:00,0.95,101140.0,279.35,0.15
2015-03-16 08:15:00,1.0,101130.0,280.04999999999995,0.15
2015-03-16 08:30:00,1.7999999999999998,101125.0,280.45,0.15
2015-03-16 08:45:00,3.1,101140.0,280.75,0.15
2015-03-16 09:00:00,3.1,101115.0,281.15,0.15
2015-03-16 09:15:00,3.9,101120.0,281.25,0.15
2015-03-16 09:30:00,2.55,101105.0,281.79999999999995,0.15
2015-03-16 09:45:00,2.5,101100.0,282.35,0.15
2015-03-16 10:00:00,2.65,101090.0,282.85,0.15
2015-03-16 10:15:00,4.2,101090.0,283.15,0.15
2015-03-16 10:30:00,4.6,101085.0,284.1,0.15
2015-03-16 10:45:00,3.3,101070.0,283.85,0.15
2015-03-16 11:00:00,2.85,101075.0,284.25,0.15
2015-03-16 11:15:00,2.5,101080.0,284.35,0.15
2015-03-16 11:30:00,2.45,101075.0,285.1,0.15
2015-03-16 11:45:00,2.8,101060.0,285.15,0.15
2015-03-16 12:00:00,2.35,101045.0,285.6,0.15
2015-03-16 12:15:00,1.9,101040.0,285.54999999999995,0.15
2015-03-16 12:30:00,2.5,101025.0,286.15,0.15
2015-03-16 12:45:00,1.8,101020.0,286.25,0.15
2015-03-16 13:00:00,2.65,101020.0,286.7,0.15
2015-03-16 13:15:00,2.2,101020.0,286.75,0.15
2015-03-16 13:30:00,2.25,101000.0,287.15,0.15
2015-03-16 13:45:00,1.2,101000.0,287.35,0.15
2015-03-16 14:00:00,1.35,100995.0,287.25,0.15
2015-03-16 14:15:00,1.2,101000.0,287.35,0.15
2015-03-16 14:30:00,2.4,101005.0,287.29999999999995,0.15
2015-03-16 14:45:00,3.0,101020.0,287.15,0.15
2015-03-16 15:00:00,3.4,101020.0,287.5,0.15
2015-03-16 15:15:00,3.6,101020.0,287.54999999999995,0.15
2015-03-16 15:30:00,3.65,101035.0,287.1,0.15
2015-03-16 15:45:00,3.9,101050.0,286.85,0.15
2015-03-16 16:00:00,3.55,101055.0,286.2,0.15
2015-03-16 16:15:00,2.7,101060.0,285.35,0.15
2015-03-16 16:30:00,2.55,101070.0,285.15,0.15
2015-03-16 16:45:00,2.1,101080.0,285.65,0.15
2015-03-16 17:00:00,1.95,101095.0,285.1,0.15
2015-03-16 17:15:00,2.3,101110.0,284.45,0.15
2015-03-16 17:30:00,1.75,101135.0,284.2,0.15
2015-03-16 17:45:00,1.5,101150.0,283.95,0.15
2015-03-16 18:00:00,0.8,101150.0,283.4,0.15
2015-03-16 18:15:00,0.9,101150.0,282.45,0.15
2015-03-16 18:30:00,1.5499999999999998,101150.0,282.04999999999995,0.15
2015-03-16 18:45:00,1.8,101170.0,282.15,0.15
2015-03-16 19:00:00,1.8,101180.0,281.95,0.15
2015-03-16 19:15:00,2.1,101180.0,280.95,0.15
2015-03-16 19:30:00,2.35,101190.0,281.0,0.15
2015-03-16 19:45:00,2.3,101190.0,281.15,0.15
2015-03-16 20:00:00,1.75,101200.0,279.95,0.15
2015-03-16 20:15:00,2.3,101210.0,279.25,0.15
2015-03-16 20:30:00,2.2,101215.0,280.4,0.15
2015-03-16 20:45:00,1.5,101220.0,277.95,0.15
2015-03-16 21:00:00,1.75,101220.0,278.1,0.15
2015-03-16 21:15:00,1.6,101210.0,278.45,0.15
2015-03-16 21:30:00,1.65,101220.0,278.54999999999995,0.15
2015-03-16 21:45:00,1.8,101220.0,277.45,0.15
2015-03-16 22:00:00,1.85,101215.0,277.1,0.15
2015-03-16 22:15:00,1.6,101210.0,276.85,0.15
2015-03-16 22:30:00,1.7999999999999998,101210.0,277.9,0.15
2015-03-16 22:45:00,1.8,101220.0,277.75,0.15
2015-03-16 23:00:00,1.7999999999999998,101210.0,277.85,0.15
2015-03-16 23:15:00,1.9,101210.0,277.25,0.15
2015-03-16 23:30:00,1.6,101220.0,276.79999999999995,0.15
2015-03-16 23:45:00,1.8,101220.0,276.65,0.15
2015-03-17 00:00:00,1.5,101225.0,276.85,0.15
2015-03-17 00:15:00,0.9,101240.0,277.25,0.15
2015-03-17 00:30:00,1.25,101230.0,276.95,0.15
2015-03-17 00:45:00,1.8,101220.0,276.25,0.15
2015-03-17 01:00:00,2.05,101215.0,275.25,0.15
2015-03-17 01:15:00,1.3,101220.0,275.25,0.15
2015-03-17 01:30:00,0.6000000000000001,101225.0,275.7,0.15
2015-03-17 01:45:00,0.1,101240.0,275.15,0.15
2015-03-17 02:00:00,0.95,101240.0,275.95,0.15
2015-03-17 02:15:00,1.0,101240.0,275.54999999999995,0.15
2015-03-17 02:30:00,1.55,101250.0,275.85,0.15
2015-03-17 02:45:00,1.3,101240.0,275.15,0.15
2015-03-17 03:00:00,1.4,101230.0,275.0,0.15
2015-03-17 03:15:00,2.1,101230.0,274.95,0.15
2015-03-17 03:30:00,1.8,101235.0,274.75,0.15
2015-03-17 03:45:00,1.1,101250.0,274.85,0.15
2015-03-17 04:00:00,1.65,101250.0,274.4,0.15
2015-03-17 04:15:00,1.5,101260.0,274.65,0.15
2015-03-17 04:30:00,1.65,101260.0,274.0,0.15
2015-03-17 04:45:00,1.8,101260.0,274.45,0.15
2015-03-17 05:00:00,1.75,101270.0,274.4,0.15
2015-03-17 05:15:00,2.0,101270.0,274.25,0.15
2015-03-17 05:30:00,1.5,101270.0,273.9,0.15
2015-03-17 05:45:00,0.3,101270.0,273.54999999999995,0.15
2015-03-17 06:00:00,0.95,101275.0,274.04999999999995,0.15
2015-03-17 06:15:00,1.7,101280.0,274.15,0.15
2015-03-17 06:30:00,1.6,101285.0,274.79999999999995,0.15
2015-03-17 06:45:00,0.7,101300.0,274.95,0.15
2015-03-17 07:00:00,1.35,101315.0,275.54999999999995,0.15
2015-03-17 07:15:00,1.1,101320.0,277.04999999999995,0.15
2015-03-17 07:30:00,1.4,101320.0,278.9,0.15
2015-03-17 07:45:00,1.8,101320.0,280.15,0.15
2015-03-17 08:00:00,1.0,101325.0,281.15,0.15
2015-03-17 08:15:00,0.7,101320.0,282.35,0.15
2015-03-17 08:30:00,1.0,101305.0,283.7,0.15
2015-03-17 08:45:00,1.7,101300.0,284.54999999999995,0.15
2015-03-17 09:00:00,1.95,101295.0,284.95,0.15
2015-03-17 09:15:00,2.1,101280.0,285.54999999999995,0.15
2015-03-17 09:30:00,2.15,101275.0,286.2,0.15
2015-03-17 09:45:00,1.9,101260.0,286.85,0.15
2015-03-17 10:00:00,2.7,101260.0,287.4,0.15
2015-03-17 10:15:00,2.6,101260.0,287.85,0.15
2015-03-17 10:30:00,1.6,101255.0,288.4,0.15
2015-03-17 10:45:00,1.6,101260.0,288.45,0.15
2015-03-17 11:00:00,1.5,101245.0,289.6,0.15
2015-03-17 11:15:00,1.9,101230.0,289.54999999999995,0.15
2015-03-17 11:30:00,1.9,101220.0,290.15,0.15
2015-03-17 11:45:00,2.1,101200.0,290.04999999999995,0.15
2015-03-17 12:00:00,1.7000000000000002,101200.0,290.4,0.15
2015-03-17 12:15:00,2.5,101180.0,290.45,0.15
2015-03-17 12:30:00,2.05,101160.0,291.2,0.15
2015-03-17 12:45:00,1.9,101150.0,291.54999999999995,0.15
2015-03-17 13:00:00,1.75,101135.0,291.7,0.15
2015-03-17 13:15:00,1.8,101120.0,291.45,0.15
2015-03-17 13:30:00,1.65,101105.0,292.2,0.15
2015-03-17 13:45:00,0.8,101100.0,291.95,0.15
2015-03-17 14:00:00,1.15,101095.0,292.04999999999995,0.15
2015-03-17 14:15:00,2.2,101100.0,292.04999999999995,0.15
2015-03-17 14:30:00,1.4,101085.0,292.79999999999995,0.15
2015-03-17 14:45:00,1.5,101080.0,292.65,0.15
2015-03-17 15:00:00,1.15,101075.0,292.7,0.15
2015-03-17 15:15:00,1.4,101080.0,292.45,0.15
2015-03-17 15:30:00,0.95,101080.0,292.6,0.15
2015-03-17 15:45:00,1.3,101080.0,292.85,0.15
2015-03-17 16:00:00,1.15,101075.0,292.5,0.15
2015-03-17 16:15:00,0.4,101070.0,292.45,0.15
2015-03-17 16:30:00,1.6,101075.0,292.29999999999995,0.15
2015-03-17 16:45:00,1.5,101080.0,291.95,0.15
2015-03-17 17:00:00,1.35,101085.0,291.35,0.15
2015-03-17 17:15:00,2.0,101100.0,290.35,0.15
2015-03-17 17:30:00,1.6,101115.0,289.7,0.15
2015-03-17 17:45:00,1.7,101130.0,289.04999999999995,0.15
2015-03-17 18:00:00,0.9,101135.0,288.54999999999995,0.15
2015-03-17 18:15:00,0.6,101140.0,288.35,0.15
2015-03-17 18:30:00,1.65,101150.0,286.95,0.15
2015-03-17 18:45:00,2.2,101160.0,286.54999999999995,0.15
2015-03-17 19:00:00,2.35,101160.0,286.4,0.15
2015-03-17 19:15:00,2.9,101160.0,287.75,0.15
2015-03-17 19:30:00,3.25,101175.0,287.7,0.15
2015-03-17 19:45:00,3.5,101180.0,286.95,0.15
2015-03-17 20:00:00,3.25,101190.0,286.65,0.15
2015-03-17 20:15:00,3.3,101210.0,283.75,0.15
2015-03-17 20:30:00,2.6,101225.0,283.25,0.15
2015-03-17 20:45:00,2.2,101230.0,282.95,0.15
2015-03-17 21:00:00,2.8,101220.0,282.9,0.15
2015-03-17 21:15:00,3.2,101220.0,282.65,0.15
2015-03-17 21:30:00,2.15,101220.0,282.95,0.15
2015-03-17 21:45:00,0.9,101230.0,280.04999999999995,0.15
2015-03-17 22:00:00,0.25,101235.0,279.2,0.15
2015-03-17 22:15:00,1.3,101240.0,280.35,0.15
2015-03-17 22:30:00,1.7000000000000002,101250.0,280.6,0.15
2015-03-17 22:45:00,1.6,101260.0,280.65,0.15
2015-03-17 23:00:00,1.2,101260.0,280.4,0.15
2015-03-17 23:15:00,2.5,101260.0,280.65,0.15
2015-03-17 23:30:00,2.55,101260.0,280.95,0.15
2015-03-17 23:45:00,2.4,101260.0,278.15,0.15
2015-03-18 00:00:00,2.8,101260.0,279.75,0.15
2015-03-18 00:15:00,3.3,101250.0,279.45,0.15
2015-03-18 00:30:00,2.35,101260.0,278.1,0.15
2015-03-18 00:45:00,1.5,101250.0,277.65,0.15
2015-03-18 01:00:00,1.25,101255.0,277.4,0.15
2015-03-18 01:15:00,1.4,101240.0,277.15,0.15
2015-03-18 01:30:00,1.85,101250.0,277.6,0.15
2015-03-18 01:45:00,1.5,101240.0,276.75,0.15
2015-03-18 02:00:00,1.5,101245.0,277.54999999999995,0.15
2015-03-18 02:15:00,0.7,101250.0,276.65,0.15
2015-03-18 02:30:00,0.8,101260.0,276.85,0.15
2015-03-18 02:45:00,1.0,101260.0,277.35,0.15
2015-03-18 03:00:00,0.8999999999999999,101265.0,276.95,0.15
2015-03-18 03:15:00,0.7,101280.0,276.35,0.15
2015-03-18 03:30:00,1.1,101280.0,276.85,0.15
2015-03-18 03:45:00,2.4,101280.0,276.85,0.15
2015-03-18 04:00:00,2.15,101270.0,277.0,0.15
2015-03-18 04:15:00,0.8,101290.0,274.75,0.15
2015-03-18 04:30:00,0.6,101310.0,275.04999999999995,0.15
2015-03-18 04:45:00,0.4,101310.0,275.54999999999995,0.15
2015-03-18 05:00:00,1.0,101305.0,275.65,0.15
2015-03-18 05:15:00,1.1,101300.0,276.35,0.15
2015-03-18 05:30:00,1.45,101315.0,275.65,0.15
2015-03-18 05:45:00,2.8,101320.0,274.85,0.15
2015-03-18 06:00:00,1.2000000000000002,101345.0,275.6,0.15
2015-03-18 06:15:00,1.7,101350.0,275.54999999999995,0.15
2015-03-18 06:30:00,1.35,101365.0,276.04999999999995,0.15
2015-03-18 06:45:00,1.5,101380.0,276.35,0.15
2015-03-18 07:00:00,1.45,101375.0,278.15,0.15
2015-03-18 07:15:00,1.4,101380.0,279.35,0.15
2015-03-18 07:30:00,2.0,101395.0,280.15,0.15
2015-03-18 07:45:00,1.7,101410.0,281.25,0.15
2015-03-18 08:00:00,1.45,101410.0,282.1,0.15
2015-03-18 08:15:00,1.3,101410.0,282.35,0.15
2015-03-18 08:30:00,0.5,101410.0,282.79999999999995,0.15
2015-03-18 08:45:00,0.8,101410.0,283.35,0.15
2015-03-18 09:00:00,0.7,101405.0,283.9,0.15
2015-03-18 09:15:00,1.0,101400.0,284.15,0.15
2015-03-18 09:30:00,1.1,101405.0,284.65,0.15
2015-03-18 09:45:00,1.6,101410.0,284.85,0.15
2015-03-18 10:00:00,1.35,101400.0,285.6,0.15
2015-03-18 10:15:00,1.6,101400.0,286.25,0.15
2015-03-18 10:30:00,1.6,101410.0,286.5,0.15
2015-03-18 10:45:00,1.9,101400.0,286.65,0.15
2015-03-18 11:00:00,2.35,101395.0,287.1,0.15
2015-03-18 11:15:00,2.7,101390.0,287.65,0.15
2015-03-18 11:30:00,2.7,101380.0,288.54999999999995,0.15
2015-03-18 11:45:00,2.8,101370.0,289.04999999999995,0.15
2015-03-18 12:00:00,2.9000000000000004,101355.0,289.4,0.15
2015-03-18 12:15:00,3.0,101350.0,289.65,0.15
2015-03-18 12:30:00,3.6,101345.0,290.1,0.15
2015-03-18 12:45:00,4.4,101340.0,290.85,0.15
2015-03-18 13:00:00,4.0,101330.0,290.4,0.15
2015-03-18 13:15:00,5.0,101320.0,290.45,0.15
2015-03-18 13:30:00,4.9,101305.0,290.7,0.15
2015-03-18 13:45:00,5.3,101300.0,290.95,0.15
2015-03-18 14:00:00,4.9,101300.0,290.9,0.15
2015-03-18 14:15:00,5.3,101290.0,291.25,0.15
2015-03-18 14:30:00,5.800000000000001,101290.0,290.95,0.15
2015-03-18 14:45:00,5.1,101290.0,290.75,0.15
2015-03-18 15:00:00,5.5,101290.0,290.79999999999995,0.15
2015-03-18 15:15:00,5.2,101290.0,290.54999999999995,0.15
2015-03-18 15:30:00,5.7,101290.0,290.45,0.15
2015-03-18 15:45:00,5.2,101310.0,290.15,0.15
2015-03-18 16:00:00,5.449999999999999,101310.0,290.0,0.15
2015-03-18 16:15:00,5.3,101310.0,289.75,0.15
2015-03-18 16:30:00,5.5,101320.0,289.15,0.15
2015-03-18 16:45:00,5.2,101320.0,288.45,0.15
2015-03-18 17:00:00,5.0,101340.0,288.04999999999995,0.15
2015-03-18 17:15:00,5.5,101350.0,287.85,0.15
2015-03-18 17:30:00,5.5,101355.0,287.4,0.15
2015-03-18 17:45:00,5.0,101360.0,287.35,0.15
2015-03-18 18:00:00,4.550000000000001,101375.0,286.54999999999995,0.15
2015-03-18 18:15:00,4.6,101380.0,286.54999999999995,0.15
2015-03-18 18:30:00,4.5,101390.0,286.35,0.15
2015-03-18 18:45:00,5.4,101400.0,285.54999999999995,0.15
2015-03-18 19:00:00,6.4,101415.0,285.25,0.15
2015-03-18 19:15:00,5.2,101420.0,285.25,0.15
2015-03-18 19:30:00,4.5,101425.0,284.9,0.15
2015-03-18 19:45:00,4.2,101440.0,284.54999999999995,0.15
2015-03-18 20:00:00,4.75,101455.0,284.1,0.15
2015-03-18 20:15:00,4.4,101460.0,282.95,0.15
2015-03-18 20:30:00,4.8,101465.0,282.85,0.15
2015-03-18 20:45:00,4.2,101470.0,283.15,0.15
2015-03-18 21:00:00,4.15,101485.0,282.75,0.15
2015-03-18 21:15:00,3.2,101490.0,282.04999999999995,0.15
2015-03-18 21:30:00,3.4,101500.0,281.85,0.15
2015-03-18 21:45:00,4.0,101510.0,281.95,0.15
2015-03-18 22:00:00,4.3,101520.0,281.7,0.15
2015-03-18 22:15:00,3.5,101530.0,281.75,0.15
2015-03-18 22:30:00,3.8,101530.0,281.79999999999995,0.15
2015-03-18 22:45:00,3.9,101530.0,281.85,0.15
2015-03-18 23:00:00,4.15,101535.0,281.85,0.15
2015-03-18 23:15:00,4.2,101540.0,281.85,0.15
2015-03-18 23:30:00,4.25,101540.0,281.7,0.15
2015-03-18 23:45:00,3.5,101540.0,281.65,0.15
2015-03-19 00:00:00,3.5,101545.0,281.6,0.15
2015-03-19 00:15:00,3.3,101550.0,281.54999999999995,0.15
2015-03-19 00:30:00,3.3,101545.0,281.4,0.15
2015-03-19 00:45:00,3.3,101540.0,281.25,0.15
2015-03-19 01:00:00,3.95,101535.0,281.2,0.15
2015-03-19 01:15:00,3.5,101520.0,281.15,0.15
2015-03-19 01:30:00,3.75,101520.0,281.1,0.15
2015-03-19 01:45:00,3.8,101520.0,280.95,0.15
2015-03-19 02:00:00,3.05,101515.0,280.95,0.15
2015-03-19 02:15:00,2.5,101510.0,280.85,0.15
2015-03-19 02:30:00,3.5,101515.0,280.85,0.15
2015-03-19 02:45:00,4.2,101510.0,280.85,0.15
2015-03-19 03:00:00,4.2,101520.0,280.65,0.15
2015-03-19 03:15:00,4.6,101520.0,280.54999999999995,0.15
2015-03-19 03:30:00,4.0,101515.0,280.4,0.15
2015-03-19 03:45:00,3.5,101510.0,280.35,0.15
2015-03-19 04:00:00,3.65,101515.0,280.25,0.15
2015-03-19 04:15:00,4.0,101520.0,280.15,0.15
2015-03-19 04:30:00,3.7,101525.0,280.15,0.15
2015-03-19 04:45:00,3.7,101510.0,280.04999999999995,0.15
2015-03-19 05:00:00,3.8,101520.0,280.04999999999995,0.15
2015-03-19 05:15:00,3.6,101510.0,279.95,0.15
2015-03-19 05:30:00,3.6,101540.0,279.9,0.15
2015-03-19 05:45:00,3.8,101540.0,279.85,0.15
2015-03-19 06:00:00,3.9,101550.0,279.79999999999995,0.15
2015-03-19 06:15:00,3.5,101560.0,279.75,0.15
2015-03-19 06:30:00,3.55,101565.0,279.7,0.15
2015-03-19 06:45:00,3.4,101580.0,279.65,0.15
2015-03-19 07:00:00,2.75,101595.0,279.79999999999995,0.15
2015-03-19 07:15:00,2.9,101600.0,279.75,0.15
2015-03-19 07:30:00,3.15,101615.0,279.75,0.15
2015-03-19 07:45:00,3.0,101620.0,279.85,0.15
2015-03-19 08:00:00,2.55,101620.0,280.0,0.15
2015-03-19 08:15:00,2.9,101620.0,279.95,0.15
2015-03-19 08:30:00,3.2,101645.0,280.0,0.15
2015-03-19 08:45:00,2.6,101640.0,280.04999999999995,0.15
2015-03-19 09:00:00,2.9,101640.0,280.25,0.15
2015-03-19 09:15:00,2.4,101650.0,280.25,0.15
2015-03-19 09:30:00,2.85,101650.0,280.35,0.15
2015-03-19 09:45:00,3.0,101630.0,280.45,0.15
2015-03-19 10:00:00,2.6,101645.0,280.35,0.15
2015-03-19 10:15:00,3.0,101650.0,280.45,0.15
2015-03-19 10:30:00,2.6,101650.0,280.54999999999995,0.15
2015-03-19 10:45:00,2.7,101650.0,280.45,0.15
2015-03-19 11:00:00,2.35,101645.0,280.65,0.15
2015-03-19 11:15:00,2.3,101660.0,280.75,0.15
2015-03-19 11:30:00,2.75,101650.0,280.85,0.15
2015-03-19 11:45:00,2.5,101640.0,280.85,0.15
2015-03-19 12:00:00,2.85,101620.0,281.04999999999995,0.15
2015-03-19 12:15:00,2.6,101610.0,281.15,0.15
2015-03-19 12:30:00,2.6500000000000004,101595.0,281.25,0.15
2015-03-19 12:45:00,3.4,101580.0,281.25,0.15
2015-03-19 13:00:00,2.9,101580.0,281.2,0.15
2015-03-19 13:15:00,2.6,101570.0,281.45,0.15
2015-03-19 13:30:00,2.45,101570.0,281.6,0.15
2015-03-19 13:45:00,2.5,101560.0,281.54999999999995,0.15
2015-03-19 14:00:00,2.85,101545.0,281.79999999999995,0.15
2015-03-19 14:15:00,2.4,101540.0,281.65,0.15
2015-03-19 14:30:00,2.2,101525.0,281.95,0.15
2015-03-19 14:45:00,2.5,101510.0,282.04999999999995,0.15
2015-03-19 15:00:00,2.65,101510.0,281.95,0.15
2015-03-19 15:15:00,3.0,101520.0,282.04999999999995,0.15
2015-03-19 15:30:00,2.0,101500.0,282.0,0.15
2015-03-19 15:45:00,3.1,101510.0,281.95,0.15
2015-03-19 16:00:00,3.15,101510.0,281.95,0.15
2015-03-19 16:15:00,3.3,101510.0,281.95,0.15
2015-03-19 16:30:00,3.6,101525.0,281.85,0.15
2015-03-19 16:45:00,3.0,101520.0,281.85,0.15
2015-03-19 17:00:00,3.25,101530.0,281.75,0.15
2015-03-19 17:15:00,2.5,101530.0,281.65,0.15
2015-03-19 17:30:00,2.7,101540.0,281.5,0.15
2015-03-19 17:45:00,2.2,101540.0,281.35,0.15
2015-03-19 18:00:00,2.3,101540.0,281.4,0.15
2015-03-19 18:15:00,2.5,101560.0,281.45,0.15
2015-03-19 18:30:00,2.3,101550.0,281.35,0.15
2015-03-19 18:45:00,2.2,101550.0,281.35,0.15
2015-03-19 19:00:00,2.0,101560.0,281.25,0.15
2015-03-19 19:15:00,2.5,101580.0,281.04999999999995,0.15
2015-03-19 19:30:00,2.45,101580.0,281.04999999999995,0.15
2015-03-19 19:45:00,2.6,101580.0,280.95,0.15
2015-03-19 20:00:00,2.35,101585.0,280.85,0.15
2015-03-19 20:15:00,1.9,101590.0,280.85,0.15
2015-03-19 20:30:00,1.5,101590.0,280.85,0.15
2015-03-19 20:45:00,2.3,101580.0,280.65,0.15
2015-03-19 21:00:00,1.9,101580.0,280.7,0.15
2015-03-19 21:15:00,1.9,101580.0,280.65,0.15
2015-03-19 21:30:00,2.05,101580.0,280.65,0.15
2015-03-19 21:45:00,2.2,101570.0,280.65,0.15
2015-03-19 22:00:00,2.0,101570.0,280.5,0.15
2015-03-19 22:15:00,1.6,101560.0,280.45,0.15
2015-03-19 22:30:00,0.9,101560.0,280.5,0.15
2015-03-19 22:45:00,1.3,101560.0,280.54999999999995,0.15
2015-03-19 23:00:00,0.8500000000000001,101565.0,280.5,0.15
2015-03-19 23:15:00,1.1,101570.0,280.45,0.15
2015-03-19 23:30:00,1.4,101565.0,280.45,0.15
2015-03-19 23:45:00,1.4,101560.0,280.35,0.15
2015-03-20 00:00:00,1.75,101560.0,280.29999999999995,0.15
2015-03-20 00:15:00,1.2,101560.0,280.25,0.15
2015-03-20 00:30:00,1.6,101555.0,280.2,0.15
2015-03-20 00:45:00,1.4,101550.0,280.04999999999995,0.15
2015-03-20 01:00:00,1.4,101545.0,280.04999999999995,0.15
2015-03-20 01:15:00,1.9,101530.0,280.04999999999995,0.15
2015-03-20 01:30:00,2.15,101520.0,279.85,0.15
2015-03-20 01:45:00,2.1,101510.0,279.95,0.15
2015-03-20 02:00:00,1.75,101505.0,279.79999999999995,0.15
2015-03-20 02:15:00,1.8,101490.0,279.85,0.15
2015-03-20 02:30:00,1.6,101490.0,279.75,0.15
2015-03-20 02:45:00,1.8,101480.0,279.54999999999995,0.15
2015-03-20 03:00:00,1.2999999999999998,101465.0,279.6,0.15
2015-03-20 03:15:00,2.0,101460.0,279.65,0.15
2015-03-20 03:30:00,2.6500000000000004,101460.0,279.45,0.15
2015-03-20 03:45:00,2.0,101460.0,279.45,0.15
2015-03-20 04:00:00,1.35,101455.0,279.4,0.15
2015-03-20 04:15:00,2.1,101450.0,279.25,0.15
2015-03-20 04:30:00,1.4500000000000002,101450.0,279.2,0.15
2015-03-20 04:45:00,1.3,101460.0,279.15,0.15
2015-03-20 05:00:00,1.25,101460.0,279.1,0.15
2015-03-20 05:15:00,0.8,101450.0,279.15,0.15
2015-03-20 05:30:00,1.65,101455.0,279.15,0.15
2015-03-20 05:45:00,1.5,101450.0,279.15,0.15
2015-03-20 06:00:00,1.0,101460.0,279.1,0.15
2015-03-20 06:15:00,1.3,101460.0,279.04999999999995,0.15
2015-03-20 06:30:00,1.15,101470.0,279.1,0.15
2015-03-20 06:45:00,1.0,101470.0,279.15,0.15
2015-03-20 07:00:00,1.1,101480.0,278.95,0.15
2015-03-20 07:15:00,1.0,101470.0,278.95,0.15
2015-03-20 07:30:00,0.6499999999999999,101480.0,279.25,0.15
2015-03-20 07:45:00,1.1,101480.0,279.45,0.15
2015-03-20 08:00:00,0.8,101475.0,279.45,0.15
2015-03-20 08:15:00,1.1,101470.0,279.65,0.15
2015-03-20 08:30:00,1.85,101465.0,279.7,0.15
2015-03-20 08:45:00,1.3,101470.0,279.75,0.15
2015-03-20 09:00:00,1.15,101465.0,279.85,0.15
2015-03-20 09:15:00,1.6,101460.0,279.75,0.15
2015-03-20 09:30:00,1.2999999999999998,101435.0,279.7,0.15
2015-03-20 09:45:00,1.5,101440.0,279.65,0.15
2015-03-20 10:00:00,1.75,101430.0,279.65,0.15
2015-03-20 10:15:00,1.8,101430.0,279.75,0.15
2015-03-20 10:30:00,1.05,101420.0,279.85,0.15
2015-03-20 10:45:00,0.7,101410.0,280.04999999999995,0.15
2015-03-20 11:00:00,0.9,101385.0,280.35,0.15
2015-03-20 11:15:00,1.3,101370.0,280.65,0.15
2015-03-20 11:30:00,1.6,101355.0,280.95,0.15
2015-03-20 11:45:00,0.9,101340.0,281.04999999999995,0.15
2015-03-20 12:00:00,1.05,101310.0,282.2,0.15
2015-03-20 12:15:00,1.2,101280.0,281.95,0.15
2015-03-20 12:30:00,1.35,101265.0,281.95,0.15
2015-03-20 12:45:00,1.8,101240.0,282.65,0.15
2015-03-20 13:00:00,1.55,101215.0,282.7,0.15
2015-03-20 13:15:00,1.4,101200.0,282.75,0.15
2015-03-20 13:30:00,1.6,101195.0,283.15,0.15
2015-03-20 13:45:00,2.0,101180.0,283.35,0.15
2015-03-20 14:00:00,2.6,101155.0,283.75,0.15
2015-03-20 14:15:00,1.6,101130.0,284.15,0.15
2015-03-20 14:30:00,2.25,101110.0,283.95,0.15
2015-03-20 14:45:00,2.6,101100.0,283.95,0.15
2015-03-20 15:00:00,2.85,101085.0,283.9,0.15
2015-03-20 15:15:00,2.9,101070.0,283.95,0.15
2015-03-20 15:30:00,2.8,101050.0,283.79999999999995,0.15
2015-03-20 15:45:00,3.1,101030.0,283.54999999999995,0.15
2015-03-20 16:00:00,3.1,101025.0,283.45,0.15
2015-03-20 16:15:00,3.5,101020.0,283.25,0.15
2015-03-20 16:30:00,3.05,101000.0,282.9,0.15
2015-03-20 16:45:00,2.7,100980.0,282.25,0.15
2015-03-20 17:00:00,3.35,100955.0,281.5,0.15
2015-03-20 17:15:00,3.5,100950.0,280.25,0.15
2015-03-20 17:30:00,3.7,100960.0,279.45,0.15
2015-03-20 17:45:00,3.8,100970.0,279.25,0.15
2015-03-20 18:00:00,3.3,100980.0,279.0,0.15
2015-03-20 18:15:00,2.9,100980.0,278.65,0.15
2015-03-20 18:30:00,2.3,100980.0,278.29999999999995,0.15
2015-03-20 18:45:00,2.2,100980.0,277.95,0.15
2015-03-20 19:00:00,3.0,100990.0,277.6,0.15
2015-03-20 19:15:00,3.3,100990.0,278.04999999999995,0.15
2015-03-20 19:30:00,3.5,100980.0,278.2,0.15
2015-03-20 19:45:00,3.4,100990.0,278.45,0.15
2015-03-20 20:00:00,3.05,100975.0,278.54999999999995,0.15
2015-03-20 20:15:00,3.5,100980.0,278.54999999999995,0.15
2015-03-20 20:30:00,3.85,100980.0,278.5,0.15
2015-03-20 20:45:00,4.1,100970.0,278.35,0.15
2015-03-20 21:00:00,3.4000000000000004,100965.0,278.29999999999995,0.15
2015-03-20 21:15:00,3.4,100950.0,278.25,0.15
2015-03-20 21:30:00,3.0,100935.0,278.15,0.15
2015-03-20 21:45:00,2.6,100920.0,277.95,0.15
2015-03-20 22:00:00,2.05,100910.0,277.85,0.15
2015-03-20 22:15:00,2.6,100890.0,277.75,0.15
2015-03-20 22:30:00,2.05,100875.0,277.79999999999995,0.15
2015-03-20 22:45:00,2.2,100870.0,277.85,0.15
2015-03-20 23:00:00,1.2000000000000002,100840.0,277.9,0.15
2015-03-20 23:15:00,1.6,100820.0,277.95,0.15
2015-03-20 23:30:00,2.9,100810.0,277.85,0.15
2015-03-20 23:45:00,3.4,100790.0,277.65,0.15
2015-03-21 00:00:00,3.3,100790.0,277.5,0.15
2015-03-21 00:15:00,3.0,100780.0,277.35,0.15
2015-03-21 00:30:00,2.55,100770.0,277.35,0.15
2015-03-21 00:45:00,2.5,100760.0,277.35,0.15
2015-03-21 01:00:00,2.45,100755.0,277.35,0.15
2015-03-21 01:15:00,3.0,100750.0,277.35,0.15
2015-03-21 01:30:00,3.3,100740.0,277.35,0.15
2015-03-21 01:45:00,3.9,100740.0,277.35,0.15
2015-03-21 02:00:00,3.0,100730.0,277.25,0.15
2015-03-21 02:15:00,3.2,100710.0,277.25,0.15
2015-03-21 02:30:00,3.05,100710.0,277.15,0.15
2015-03-21 02:45:00,2.5,100690.0,277.15,0.15
2015-03-21 03:00:00,2.1,100665.0,277.1,0.15
2015-03-21 03:15:00,2.3,100650.0,277.25,0.15
2015-03-21 03:30:00,1.4,100630.0,277.0,0.15
2015-03-21 03:45:00,1.2,100620.0,276.95,0.15
2015-03-21 04:00:00,2.8,100630.0,277.0,0.15
2015-03-21 04:15:00,2.8,100630.0,277.45,0.15
2015-03-21 04:30:00,2.5,100635.0,277.4,0.15
2015-03-21 04:45:00,1.6,100600.0,277.35,0.15
2015-03-21 05:00:00,1.3,100595.0,277.35,0.15
2015-03-21 05:15:00,1.4,100580.0,277.45,0.15
2015-03-21 05:30:00,1.6,100595.0,277.5,0.15
2015-03-21 05:45:00,2.4,100600.0,277.75,0.15
2015-03-21 06:00:00,2.05,100585.0,277.65,0.15
2015-03-21 06:15:00,1.7,100590.0,277.65,0.15
2015-03-21 06:30:00,1.4,100575.0,277.65,0.15
2015-03-21 06:45:00,1.6,100590.0,277.54999999999995,0.15
2015-03-21 07:00:00,1.35,100600.0,277.6,0.15
2015-03-21 07:15:00,1.2,100590.0,277.75,0.15
2015-03-21 07:30:00,1.2,100590.0,277.75,0.15
2015-03-21 07:45:00,1.6,100600.0,277.65,0.15
2015-03-21 08:00:00,2.15,100600.0,277.79999999999995,0.15
2015-03-21 08:15:00,2.3,100590.0,277.85,0.15
2015-03-21 08:30:00,2.85,100590.0,277.95,0.15
2015-03-21 08:45:00,3.5,100590.0,278.04999999999995,0.15
2015-03-21 09:00:00,3.55,100595.0,278.2,0.15
2015-03-21 09:15:00,3.3,100590.0,278.45,0.15
2015-03-21 09:30:00,3.4000000000000004,100585.0,278.95,0.15
2015-03-21 09:45:00,3.3,100580.0,279.35,0.15
2015-03-21 10:00:00,3.45,100565.0,280.04999999999995,0.15
2015-03-21 10:15:00,3.1,100570.0,280.15,0.15
2015-03-21 10:30:00,2.7,100555.0,280.5,0.15
2015-03-21 10:45:00,3.3,100540.0,280.54999999999995,0.15
2015-03-21 11:00:00,2.95,100530.0,280.29999999999995,0.15
2015-03-21 11:15:00,3.2,100520.0,280.75,0.15
2015-03-21 11:30:00,3.45,100520.0,281.1,0.15
2015-03-21 11:45:00,3.3,100510.0,281.35,0.15
2015-03-21 12:00:00,3.45,100485.0,281.5,0.15
2015-03-21 12:15:00,3.5,100490.0,281.95,0.15
2015-03-21 12:30:00,3.6,100480.0,281.29999999999995,0.15
2015-03-21 12:45:00,5.0,100480.0,281.15,0.15
2015-03-21 13:00:00,5.5,100470.0,280.5,0.15
2015-03-21 13:15:00,5.0,100490.0,280.25,0.15
2015-03-21 13:30:00,3.35,100485.0,280.15,0.15
2015-03-21 13:45:00,2.3,100460.0,280.45,0.15
2015-03-21 14:00:00,2.4,100465.0,280.54999999999995,0.15
2015-03-21 14:15:00,3.3,100440.0,280.75,0.15
2015-03-21 14:30:00,3.2,100440.0,280.75,0.15
2015-03-21 14:45:00,2.4,100450.0,280.65,0.15
2015-03-21 15:00:00,3.7,100450.0,280.5,0.15
2015-03-21 15:15:00,5.0,100440.0,278.95,0.15
2015-03-21 15:30:00,3.8,100455.0,279.15,0.15
2015-03-21 15:45:00,3.2,100460.0,279.75,0.15
2015-03-21 16:00:00,3.1,100465.0,280.25,0.15
2015-03-21 16:15:00,3.1,100480.0,280.85,0.15
2015-03-21 16:30:00,3.85,100490.0,280.7,0.15
2015-03-21 16:45:00,3.6,100510.0,280.54999999999995,0.15
2015-03-21 17:00:00,2.5,100530.0,280.29999999999995,0.15
2015-03-21 17:15:00,1.8,100560.0,280.25,0.15
2015-03-21 17:30:00,2.2,100580.0,279.54999999999995,0.15
2015-03-21 17:45:00,2.2,100590.0,279.35,0.15
2015-03-21 18:00:00,2.3,100610.0,279.0,0.15
2015-03-21 18:15:00,2.4,100630.0,278.85,0.15
2015-03-21 18:30:00,1.75,100655.0,279.15,0.15
2015-03-21 18:45:00,1.5,100670.0,278.95,0.15
2015-03-21 19:00:00,2.7,100675.0,279.4,0.15
2015-03-21 19:15:00,2.8,100680.0,279.35,0.15
2015-03-21 19:30:00,2.9000000000000004,100710.0,279.04999999999995,0.15
2015-03-21 19:45:00,2.6,100730.0,278.85,0.15
2015-03-21 20:00:00,2.9,100750.0,278.79999999999995,0.15
2015-03-21 20:15:00,3.4,100770.0,278.75,0.15
2015-03-21 20:30:00,3.35,100805.0,278.79999999999995,0.15
2015-03-21 20:45:00,3.5,100820.0,278.85,0.15
2015-03-21 21:00:00,3.6,100830.0,278.85,0.15
2015-03-21 21:15:00,3.2,100850.0,278.85,0.15
2015-03-21 21:30:00,2.6,100845.0,278.7,0.15
2015-03-21 21:45:00,2.2,100860.0,278.54999999999995,0.15
2015-03-21 22:00:00,2.05,100865.0,278.5,0.15
2015-03-21 22:15:00,2.5,100880.0,278.45,0.15
2015-03-21 22:30:00,1.7999999999999998,100885.0,278.35,0.15
2015-03-21 22:45:00,2.2,100910.0,278.35,0.15
2015-03-21 23:00:00,1.95,100915.0,278.29999999999995,0.15
2015-03-21 23:15:00,1.7,100920.0,278.45,0.15
2015-03-21 23:30:00,1.95,100945.0,278.2,0.15
2015-03-21 23:45:00,2.2,100960.0,277.54999999999995,0.15
2015-03-22 00:00:00,2.55,100975.0,277.65,0.15
2015-03-22 00:15:00,2.3,100980.0,277.85,0.15
2015-03-22 00:30:00,2.6500000000000004,100985.0,277.9,0.15
2015-03-22 00:45:00,2.8,100990.0,277.85,0.15
2015-03-22 01:00:00,2.85,100990.0,277.65,0.15
2015-03-22 01:15:00,2.7,101000.0,277.75,0.15
2015-03-22 01:30:00,3.2,101010.0,278.04999999999995,0.15
2015-03-22 01:45:00,3.1,101010.0,278.35,0.15
2015-03-22 02:00:00,2.7,101020.0,278.7,0.15
2015-03-22 02:15:00,2.5,101030.0,279.15,0.15
2015-03-22 02:30:00,3.75,101030.0,279.04999999999995,0.15
2015-03-22 02:45:00,4.4,101040.0,278.95,0.15
2015-03-22 03:00:00,4.6,101045.0,278.95,0.15
2015-03-22 03:15:00,4.1,101050.0,278.95,0.15
2015-03-22 03:30:00,3.8,101065.0,278.9,0.15
2015-03-22 03:45:00,4.7,101080.0,278.65,0.15
2015-03-22 04:00:00,4.15,101090.0,278.54999999999995,0.15
2015-03-22 04:15:00,4.5,101090.0,278.45,0.15
2015-03-22 04:30:00,3.85,101095.0,278.4,0.15
2015-03-22 04:45:00,3.2,101100.0,278.45,0.15
2015-03-22 05:00:00,3.35,101105.0,278.25,0.15
2015-03-22 05:15:00,2.8,101130.0,277.95,0.15
2015-03-22 05:30:00,2.6500000000000004,101160.0,278.04999999999995,0.15
2015-03-22 05:45:00,3.1,101180.0,277.95,0.15
2015-03-22 06:00:00,2.9,101195.0,278.04999999999995,0.15
2015-03-22 06:15:00,2.4,101210.0,278.25,0.15
2015-03-22 06:30:00,3.05,101230.0,278.35,0.15
2015-03-22 06:45:00,3.0,101250.0,278.35,0.15
2015-03-22 07:00:00,4.55,101260.0,278.29999999999995,0.15
2015-03-22 07:15:00,4.6,101290.0,278.35,0.15
2015-03-22 07:30:00,4.65,101320.0,278.29999999999995,0.15
2015-03-22 07:45:00,4.3,101340.0,278.45,0.15
2015-03-22 08:00:00,4.0,101345.0,278.4,0.15
2015-03-22 08:15:00,4.3,101360.0,278.54999999999995,0.15
2015-03-22 08:30:00,4.550000000000001,101350.0,278.65,0.15
2015-03-22 08:45:00,5.4,101350.0,278.65,0.15
2015-03-22 09:00:00,4.95,101355.0,279.04999999999995,0.15
2015-03-22 09:15:00,4.2,101350.0,279.25,0.15
2015-03-22 09:30:00,4.55,101355.0,279.29999999999995,0.15
2015-03-22 09:45:00,5.1,101360.0,279.45,0.15
2015-03-22 10:00:00,5.45,101355.0,279.6,0.15
2015-03-22 10:15:00,4.5,101340.0,279.95,0.15
2015-03-22 10:30:00,4.2,101320.0,280.4,0.15
2015-03-22 10:45:00,4.0,101330.0,280.65,0.15
2015-03-22 11:00:00,4.25,101310.0,281.29999999999995,0.15
2015-03-22 11:15:00,3.9,101290.0,281.15,0.15
2015-03-22 11:30:00,4.75,101260.0,281.6,0.15
2015-03-22 11:45:00,4.7,101230.0,281.35,0.15
2015-03-22 12:00:00,3.95,101215.0,281.4,0.15
2015-03-22 12:15:00,3.7,101200.0,282.25,0.15
2015-03-22 12:30:00,3.15,101190.0,282.65,0.15
2015-03-22 12:45:00,3.3,101180.0,282.15,0.15
2015-03-22 13:00:00,3.0,101170.0,282.0,0.15
2015-03-22 13:15:00,2.0,101160.0,282.75,0.15
2015-03-22 13:30:00,1.7,101135.0,282.6,0.15
2015-03-22 13:45:00,2.5,101120.0,282.45,0.15
2015-03-22 14:00:00,2.95,101105.0,282.6,0.15
2015-03-22 14:15:00,2.4,101100.0,283.04999999999995,0.15
2015-03-22 14:30:00,2.7,101080.0,283.54999999999995,0.15
2015-03-22 14:45:00,2.9,101060.0,283.65,0.15
2015-03-22 15:00:00,4.15,101050.0,283.54999999999995,0.15
2015-03-22 15:15:00,3.3,101050.0,283.25,0.15
2015-03-22 15:30:00,3.65,101030.0,283.04999999999995,0.15
2015-03-22 15:45:00,4.3,101030.0,283.15,0.15
2015-03-22 16:00:00,2.8,101025.0,282.6,0.15
2015-03-22 16:15:00,3.7,101020.0,282.45,0.15
2015-03-22 16:30:00,3.1500000000000004,101025.0,282.4,0.15
2015-03-22 16:45:00,4.2,101030.0,281.95,0.15
2015-03-22 17:00:00,3.8,101030.0,281.2,0.15
2015-03-22 17:15:00,3.5,101040.0,280.54999999999995,0.15
2015-03-22 17:30:00,3.45,101035.0,280.85,0.15
2015-03-22 17:45:00,3.1,101040.0,280.75,0.15
2015-03-22 18:00:00,3.1,101040.0,279.9,0.15
2015-03-22 18:15:00,2.7,101060.0,279.54999999999995,0.15
2015-03-22 18:30:00,2.8,101065.0,279.04999999999995,0.15
2015-03-22 18:45:00,2.7,101090.0,279.04999999999995,0.15
2015-03-22 19:00:00,3.1500000000000004,101100.0,278.75,0.15
2015-03-22 19:15:00,3.2,101110.0,278.25,0.15
2015-03-22 19:30:00,3.4,101100.0,277.95,0.15
2015-03-22 19:45:00,3.1,101120.0,277.65,0.15
2015-03-22 20:00:00,3.2,101115.0,277.0,0.15
2015-03-22 20:15:00,3.0,101110.0,276.85,0.15
2015-03-22 20:30:00,3.2,101105.0,276.79999999999995,0.15
2015-03-22 20:45:00,2.5,101100.0,276.25,0.15
2015-03-22 21:00:00,2.5,101105.0,276.4,0.15
2015-03-22 21:15:00,2.3,101080.0,276.25,0.15
2015-03-22 21:30:00,1.9,101065.0,276.04999999999995,0.15
2015-03-22 21:45:00,1.4,101070.0,275.95,0.15
2015-03-22 22:00:00,1.4,101065.0,275.6,0.15
2015-03-22 22:15:00,1.5,101060.0,274.95,0.15
2015-03-22 22:30:00,1.5,101045.0,275.0,0.15
2015-03-22 22:45:00,1.2,101030.0,274.95,0.15
2015-03-22 23:00:00,1.35,101015.0,274.75,0.15
2015-03-22 23:15:00,1.7,101000.0,274.54999999999995,0.15
2015-03-22 23:30:00,1.85,100985.0,274.5,0.15
2015-03-22 23:45:00,2.0,100980.0,274.25,0.15
2015-03-23 00:00:00,2.55,100960.0,274.2,0.15
2015-03-23 00:15:00,2.6,100940.0,274.25,0.15
2015-03-23 00:30:00,2.8,100930.0,274.29999999999995,0.15
2015-03-23 00:45:00,2.9,100920.0,274.25,0.15
2015-03-23 01:00:00,2.55,100910.0,274.2,0.15
2015-03-23 01:15:00,3.2,100900.0,274.15,0.15
2015-03-23 01:30:00,2.35,100885.0,274.1,0.15
2015-03-23 01:45:00,2.7,100870.0,273.95,0.15
2015-03-23 02:00:00,2.5,100855.0,273.7,0.15
2015-03-23 02:15:00,1.5,100860.0,273.45,0.15
2015-03-23 02:30:00,1.3,100855.0,273.35,0.15
2015-03-23 02:45:00,1.5,100840.0,273.25,0.15
2015-03-23 03:00:00,1.2999999999999998,100840.0,273.4,0.15
2015-03-23 03:15:00,1.4,100830.0,273.04999999999995,0.15
2015-03-23 03:30:00,1.65,100815.0,271.6,0.15
2015-03-23 03:45:00,1.5,100800.0,272.25,0.15
2015-03-23 04:00:00,1.7000000000000002,100775.0,272.45,0.15
2015-03-23 04:15:00,1.7,100770.0,272.04999999999995,0.15
2015-03-23 04:30:00,1.55,100750.0,272.6,0.15
2015-03-23 04:45:00,1.5,100760.0,272.75,0.15
2015-03-23 05:00:00,1.5499999999999998,100755.0,271.95,0.15
2015-03-23 05:15:00,1.7,100740.0,272.45,0.15
2015-03-23 05:30:00,1.9,100735.0,272.1,0.15
2015-03-23 05:45:00,2.0,100740.0,272.25,0.15
2015-03-23 06:00:00,2.1500000000000004,100730.0,273.29999999999995,0.15
2015-03-23 06:15:00,2.1,100720.0,273.65,0.15
2015-03-23 06:30:00,2.0,100720.0,273.65,0.15
2015-03-23 06:45:00,1.9,100720.0,274.45,0.15
2015-03-23 07:00:00,1.75,100720.0,275.1,0.15
2015-03-23 07:15:00,2.3,100710.0,275.65,0.15
2015-03-23 07:30:00,3.4000000000000004,100695.0,276.1,0.15
2015-03-23 07:45:00,3.1,100690.0,276.54999999999995,0.15
2015-03-23 08:00:00,2.75,100690.0,277.0,0.15
2015-03-23 08:15:00,2.7,100680.0,277.45,0.15
2015-03-23 08:30:00,2.9,100665.0,278.45,0.15
2015-03-23 08:45:00,2.8,100660.0,279.04999999999995,0.15
2015-03-23 09:00:00,2.3,100650.0,280.0,0.15
2015-03-23 09:15:00,2.5,100640.0,280.65,0.15
2015-03-23 09:30:00,2.2,100625.0,281.1,0.15
2015-03-23 09:45:00,1.6,100610.0,281.75,0.15
2015-03-23 10:00:00,2.45,100595.0,282.9,0.15
2015-03-23 10:15:00,1.9,100570.0,283.15,0.15
2015-03-23 10:30:00,2.45,100550.0,283.6,0.15
2015-03-23 10:45:00,3.0,100520.0,283.85,0.15
2015-03-23 11:00:00,2.6,100495.0,284.45,0.15
2015-03-23 11:15:00,2.7,100480.0,284.45,0.15
2015-03-23 11:30:00,1.65,100455.0,284.45,0.15
2015-03-23 11:45:00,1.8,100430.0,284.65,0.15
2015-03-23 12:00:00,1.1,100400.0,285.15,0.15
2015-03-23 12:15:00,2.2,100380.0,284.85,0.15
2015-03-23 12:30:00,2.15,100355.0,285.7,0.15
2015-03-23 12:45:00,2.1,100340.0,285.65,0.15
2015-03-23 13:00:00,2.55,100315.0,286.4,0.15
2015-03-23 13:15:00,3.4,100310.0,286.54999999999995,0.15
2015-03-23 13:30:00,2.8,100295.0,286.0,0.15
2015-03-23 13:45:00,2.1,100280.0,285.85,0.15
2015-03-23 14:00:00,2.3,100255.0,285.85,0.15
2015-03-23 14:15:00,1.7,100240.0,286.95,0.15
2015-03-23 14:30:00,1.9,100225.0,286.15,0.15
2015-03-23 14:45:00,2.3,100220.0,286.15,0.15
2015-03-23 15:00:00,2.15,100195.0,285.65,0.15
2015-03-23 15:15:00,3.1,100170.0,286.25,0.15
2015-03-23 15:30:00,2.85,100155.0,285.85,0.15
2015-03-23 15:45:00,2.8,100140.0,285.85,0.15
2015-03-23 16:00:00,3.4,100135.0,285.04999999999995,0.15
2015-03-23 16:15:00,3.6,100130.0,284.04999999999995,0.15
2015-03-23 16:30:00,2.95,100125.0,283.5,0.15
2015-03-23 16:45:00,2.3,100120.0,282.95,0.15
2015-03-23 17:00:00,2.15,100110.0,282.6,0.15
2015-03-23 17:15:00,2.6,100100.0,282.15,0.15
2015-03-23 17:30:00,2.2,100095.0,282.2,0.15
2015-03-23 17:45:00,2.5,100090.0,281.95,0.15
2015-03-23 18:00:00,1.15,100095.0,282.15,0.15
2015-03-23 18:15:00,1.7,100090.0,282.25,0.15
2015-03-23 18:30:00,1.35,100090.0,281.7,0.15
2015-03-23 18:45:00,0.4,100090.0,280.95,0.15
2015-03-23 19:00:00,0.3,100100.0,280.95,0.15
2015-03-23 19:15:00,0.9,100100.0,280.95,0.15
2015-03-23 19:30:00,1.55,100105.0,281.2,0.15
2015-03-23 19:45:00,1.8,100100.0,281.04999999999995,0.15
2015-03-23 20:00:00,1.95,100090.0,281.2,0.15
2015-03-23 20:15:00,1.9,100080.0,281.65,0.15
2015-03-23 20:30:00,1.65,100070.0,281.75,0.15
2015-03-23 20:45:00,1.7,100060.0,281.75,0.15
2015-03-23 21:00:00,2.15,100055.0,281.5,0.15
2015-03-23 21:15:00,2.5,100030.0,281.35,0.15
2015-03-23 21:30:00,2.15,100015.0,281.25,0.15
2015-03-23 21:45:00,2.2,100010.0,280.95,0.15
2015-03-23 22:00:00,1.95,99990.0,280.9,0.15
2015-03-23 22:15:00,1.4,99980.0,280.75,0.15
2015-03-23 22:30:00,2.05,99965.0,280.6,0.15
2015-03-23 22:45:00,2.7,99940.0,280.35,0.15
2015-03-23 23:00:00,2.4000000000000004,99935.0,280.0,0.15
2015-03-23 23:15:00,1.2,99920.0,279.65,0.15
2015-03-23 23:30:00,0.2,99935.0,278.54999999999995,0.15
2015-03-23 23:45:00,0.4,99940.0,278.85,0.15
2015-03-24 00:00:00,1.25,99925.0,279.04999999999995,0.15
2015-03-24 00:15:00,1.5,99910.0,279.25,0.15
2015-03-24 00:30:00,0.8,99915.0,279.25,0.15
2015-03-24 00:45:00,1.5,99900.0,279.25,0.15
2015-03-24 01:00:00,1.75,99890.0,279.2,0.15
2015-03-24 01:15:00,1.7,99870.0,279.75,0.15
2015-03-24 01:30:00,1.65,99860.0,279.65,0.15
2015-03-24 01:45:00,1.7,99860.0,279.54999999999995,0.15
2015-03-24 02:00:00,1.4500000000000002,99855.0,279.4,0.15
2015-03-24 02:15:00,1.2,99850.0,279.04999999999995,0.15
2015-03-24 02:30:00,2.3,99825.0,279.45,0.15
2015-03-24 02:45:00,1.3,99820.0,279.35,0.15
2015-03-24 03:00:00,1.0,99820.0,279.1,0.15
2015-03-24 03:15:00,1.1,99810.0,279.04999999999995,0.15
2015-03-24 03:30:00,1.6,99800.0,279.04999999999995,0.15
2015-03-24 03:45:00,1.8,99800.0,279.04999999999995,0.15
2015-03-24 04:00:00,2.3,99790.0,278.85,0.15
2015-03-24 04:15:00,2.0,99800.0,278.95,0.15
2015-03-24 04:30:00,2.2,99790.0,278.85,0.15
2015-03-24 04:45:00,2.1,99790.0,278.75,0.15
2015-03-24 05:00:00,2.2,99780.0,278.65,0.15
2015-03-24 05:15:00,1.8,99780.0,278.54999999999995,0.15
2015-03-24 05:30:00,1.5,99780.0,278.4,0.15
2015-03-24 05:45:00,1.9,99770.0,278.75,0.15
2015-03-24 06:00:00,2.05,99780.0,278.75,0.15
2015-03-24 06:15:00,1.8,99780.0,278.85,0.15
2015-03-24 06:30:00,1.55,99780.0,279.04999999999995,0.15
2015-03-24 06:45:00,1.8,99780.0,279.25,0.15
2015-03-24 07:00:00,1.7000000000000002,99775.0,279.5,0.15
2015-03-24 07:15:00,1.8,99770.0,279.65,0.15
2015-03-24 07:30:00,1.75,99760.0,280.15,0.15
2015-03-24 07:45:00,1.4,99760.0,280.35,0.15
2015-03-24 08:00:00,1.25,99755.0,280.54999999999995,0.15
2015-03-24 08:15:00,0.8,99740.0,280.95,0.15
2015-03-24 08:30:00,0.75,99735.0,281.54999999999995,0.15
2015-03-24 08:45:00,0.9,99730.0,281.75,0.15
2015-03-24 09:00:00,0.55,99725.0,281.79999999999995,0.15
2015-03-24 09:15:00,1.0,99720.0,282.35,0.15
2015-03-24 09:30:00,0.85,99715.0,282.6,0.15
2015-03-24 09:45:00,1.0,99710.0,283.04999999999995,0.15
2015-03-24 10:00:00,1.25,99690.0,283.4,0.15
2015-03-24 10:15:00,1.3,99680.0,284.04999999999995,0.15
2015-03-24 10:30:00,1.3,99665.0,284.4,0.15
2015-03-24 10:45:00,1.4,99640.0,284.85,0.15
2015-03-24 11:00:00,1.25,99630.0,284.9,0.15
2015-03-24 11:15:00,1.4,99620.0,285.04999999999995,0.15
2015-03-24 11:30:00,1.95,99620.0,284.65,0.15
2015-03-24 11:45:00,2.0,99610.0,285.35,0.15
2015-03-24 12:00:00,2.25,99600.0,285.54999999999995,0.15
2015-03-24 12:15:00,1.8,99600.0,286.35,0.15
2015-03-24 12:30:00,1.85,99590.0,286.65,0.15
2015-03-24 12:45:00,1.8,99590.0,286.45,0.15
2015-03-24 13:00:00,2.05,99590.0,285.75,0.15
2015-03-24 13:15:00,2.2,99590.0,285.75,0.15
2015-03-24 13:30:00,2.3,99580.0,285.75,0.15
2015-03-24 13:45:00,2.4,99580.0,285.25,0.15
2015-03-24 14:00:00,2.85,99580.0,285.04999999999995,0.15
2015-03-24 14:15:00,3.5,99580.0,284.65,0.15
2015-03-24 14:30:00,3.2,99575.0,285.0,0.15
2015-03-24 14:45:00,3.2,99570.0,285.65,0.15
2015-03-24 15:00:00,2.35,99555.0,285.54999999999995,0.15
2015-03-24 15:15:00,1.6,99540.0,285.45,0.15
2015-03-24 15:30:00,1.65,99535.0,285.65,0.15
2015-03-24 15:45:00,1.8,99520.0,285.54999999999995,0.15
2015-03-24 16:00:00,1.65,99525.0,285.25,0.15
2015-03-24 16:15:00,1.9,99520.0,285.25,0.15
2015-03-24 16:30:00,2.1,99510.0,284.95,0.15
2015-03-24 16:45:00,1.6,99510.0,284.95,0.15
2015-03-24 17:00:00,1.95,99500.0,284.95,0.15
2015-03-24 17:15:00,2.2,99500.0,284.75,0.15
2015-03-24 17:30:00,2.25,99500.0,284.4,0.15
2015-03-24 17:45:00,1.8,99490.0,284.15,0.15
2015-03-24 18:00:00,1.5,99500.0,283.25,0.15
2015-03-24 18:15:00,1.4,99520.0,282.75,0.15
2015-03-24 18:30:00,1.7,99500.0,282.5,0.15
2015-03-24 18:45:00,1.5,99480.0,282.04999999999995,0.15
2015-03-24 19:00:00,1.1,99495.0,281.95,0.15
2015-03-24 19:15:00,1.6,99490.0,281.75,0.15
2015-03-24 19:30:00,1.35,99495.0,282.0,0.15
2015-03-24 19:45:00,1.5,99490.0,282.04999999999995,0.15
2015-03-24 20:00:00,1.6,99485.0,281.65,0.15
2015-03-24 20:15:00,1.4,99470.0,282.15,0.15
2015-03-24 20:30:00,1.5,99465.0,281.95,0.15
2015-03-24 20:45:00,1.8,99460.0,280.54999999999995,0.15
2015-03-24 21:00:00,0.8,99450.0,281.0,0.15
2015-03-24 21:15:00,0.6,99430.0,281.25,0.15
2015-03-24 21:30:00,0.3,99425.0,281.4,0.15
2015-03-24 21:45:00,0.2,99410.0,281.54999999999995,0.15
2015-03-24 22:00:00,1.05,99385.0,281.2,0.15
2015-03-24 22:15:00,1.9,99380.0,281.54999999999995,0.15
2015-03-24 22:30:00,1.7999999999999998,99350.0,281.79999999999995,0.15
2015-03-24 22:45:00,1.9,99340.0,281.95,0.15
2015-03-24 23:00:00,1.6,99340.0,281.79999999999995,0.15
2015-03-24 23:15:00,1.3,99340.0,280.85,0.15
2015-03-24 23:30:00,1.4,99320.0,281.15,0.15
2015-03-24 23:45:00,2.3,99280.0,281.54999999999995,0.15
2015-03-25 00:00:00,1.75,99260.0,281.29999999999995,0.15
2015-03-25 00:15:00,2.1,99240.0,281.45,0.15
2015-03-25 00:30:00,2.05,99255.0,279.5,0.15
2015-03-25 00:45:00,1.7,99260.0,279.25,0.15
2015-03-25 01:00:00,2.2,99240.0,280.0,0.15
2015-03-25 01:15:00,1.5,99240.0,280.65,0.15
2015-03-25 01:30:00,1.65,99245.0,280.29999999999995,0.15
2015-03-25 01:45:00,1.6,99230.0,280.65,0.15
2015-03-25 02:00:00,2.65,99285.0,280.6,0.15
2015-03-25 02:15:00,3.8,99320.0,281.35,0.15
2015-03-25 02:30:00,1.7,99290.0,280.95,0.15
2015-03-25 02:45:00,1.6,99280.0,281.25,0.15
2015-03-25 03:00:00,0.8999999999999999,99285.0,280.85,0.15
2015-03-25 03:15:00,0.7,99270.0,280.35,0.15
2015-03-25 03:30:00,1.2999999999999998,99270.0,280.1,0.15
2015-03-25 03:45:00,1.4,99260.0,280.04999999999995,0.15
2015-03-25 04:00:00,1.7,99255.0,280.04999999999995,0.15
2015-03-25 04:15:00,1.7,99270.0,278.95,0.15
2015-03-25 04:30:00,1.9,99260.0,279.35,0.15
2015-03-25 04:45:00,2.8,99260.0,279.15,0.15
2015-03-25 05:00:00,2.25,99265.0,279.1,0.15
2015-03-25 05:15:00,1.9,99270.0,278.95,0.15
2015-03-25 05:30:00,1.55,99280.0,279.0,0.15
2015-03-25 05:45:00,1.6,99280.0,279.25,0.15
2015-03-25 06:00:00,0.95,99295.0,279.29999999999995,0.15
2015-03-25 06:15:00,0.9,99290.0,279.75,0.15
2015-03-25 06:30:00,1.4,99315.0,279.85,0.15
2015-03-25 06:45:00,2.2,99330.0,280.04999999999995,0.15
2015-03-25 07:00:00,1.75,99335.0,279.95,0.15
2015-03-25 07:15:00,1.6,99330.0,280.04999999999995,0.15
2015-03-25 07:30:00,1.65,99340.0,280.2,0.15
2015-03-25 07:45:00,1.2,99340.0,280.25,0.15
2015-03-25 08:00:00,1.4,99360.0,280.5,0.15
2015-03-25 08:15:00,1.6,99370.0,280.65,0.15
2015-03-25 08:30:00,1.3,99380.0,280.85,0.15
2015-03-25 08:45:00,2.1,99400.0,280.95,0.15
2015-03-25 09:00:00,2.1500000000000004,99400.0,281.04999999999995,0.15
2015-03-25 09:15:00,2.4,99410.0,281.15,0.15
2015-03-25 09:30:00,2.0,99415.0,281.54999999999995,0.15
2015-03-25 09:45:00,2.5,99410.0,281.54999999999995,0.15
2015-03-25 10:00:00,2.8,99420.0,281.5,0.15
2015-03-25 10:15:00,2.9,99430.0,281.45,0.15
2015-03-25 10:30:00,2.95,99440.0,281.35,0.15
2015-03-25 10:45:00,3.3,99440.0,281.25,0.15
2015-03-25 11:00:00,3.5,99460.0,281.0,0.15
2015-03-25 11:15:00,3.1,99470.0,280.95,0.15
2015-03-25 11:30:00,3.0,99475.0,281.0,0.15
2015-03-25 11:45:00,3.0,99480.0,281.15,0.15
2015-03-25 12:00:00,3.05,99485.0,281.2,0.15
2015-03-25 12:15:00,3.4,99490.0,281.25,0.15
2015-03-25 12:30:00,3.55,99495.0,281.25,0.15
2015-03-25 12:45:00,3.5,99490.0,281.25,0.15
2015-03-25 13:00:00,4.15,99500.0,281.25,0.15
2015-03-25 13:15:00,5.1,99500.0,281.04999999999995,0.15
2015-03-25 13:30:00,4.05,99515.0,280.95,0.15
2015-03-25 13:45:00,4.4,99510.0,280.85,0.15
2015-03-25 14:00:00,4.9,99525.0,281.0,0.15
2015-03-25 14:15:00,4.0,99530.0,281.15,0.15
2015-03-25 14:30:00,3.7,99540.0,281.15,0.15
2015-03-25 14:45:00,3.4,99550.0,280.95,0.15
2015-03-25 15:00:00,3.6,99550.0,281.0,0.15
2015-03-25 15:15:00,3.5,99540.0,281.04999999999995,0.15
2015-03-25 15:30:00,3.8,99545.0,281.0,0.15
2015-03-25 15:45:00,3.9,99560.0,280.85,0.15
2015-03-25 16:00:00,3.95,99565.0,280.85,0.15
2015-03-25 16:15:00,3.5,99580.0,280.85,0.15
2015-03-25 16:30:00,4.5,99590.0,280.85,0.15
2015-03-25 16:45:00,4.1,99600.0,280.75,0.15
2015-03-25 17:00:00,3.8,99600.0,280.85,0.15
2015-03-25 17:15:00,3.8,99610.0,280.65,0.15
2015-03-25 17:30:00,3.25,99625.0,280.65,0.15
2015-03-25 17:45:00,3.0,99630.0,280.54999999999995,0.15
2015-03-25 18:00:00,3.75,99630.0,280.35,0.15
2015-03-25 18:15:00,4.3,99630.0,280.25,0.15
2015-03-25 18:30:00,4.449999999999999,99630.0,280.15,0.15
2015-03-25 18:45:00,3.7,99630.0,279.95,0.15
2015-03-25 19:00:00,3.85,99640.0,279.9,0.15
2015-03-25 19:15:00,3.8,99650.0,280.04999999999995,0.15
2015-03-25 19:30:00,3.75,99660.0,280.0,0.15
2015-03-25 19:45:00,4.1,99670.0,280.04999999999995,0.15
2015-03-25 20:00:00,3.75,99680.0,279.95,0.15
2015-03-25 20:15:00,3.7,99670.0,279.85,0.15
2015-03-25 20:30:00,3.85,99670.0,279.75,0.15
2015-03-25 20:45:00,3.1,99670.0,279.75,0.15
2015-03-25 21:00:00,3.25,99680.0,279.75,0.15
2015-03-25 21:15:00,2.9,99690.0,279.85,0.15
2015-03-25 21:30:00,3.05,99685.0,279.75,0.15
2015-03-25 21:45:00,3.0,99690.0,279.75,0.15
2015-03-25 22:00:00,2.55,99685.0,279.75,0.15
2015-03-25 22:15:00,2.4,99680.0,279.75,0.15
2015-03-25 22:30:00,2.65,99680.0,279.75,0.15
2015-03-25 22:45:00,3.4,99670.0,279.85,0.15
2015-03-25 23:00:00,3.0,99670.0,279.75,0.15
2015-03-25 23:15:00,3.0,99660.0,279.75,0.15
2015-03-25 23:30:00,3.2,99660.0,279.79999999999995,0.15
2015-03-25 23:45:00,3.3,99670.0,279.85,0.15
2015-03-26 00:00:00,3.4,99670.0,279.75,0.15
2015-03-26 00:15:00,3.7,99670.0,279.75,0.15
2015-03-26 00:30:00,3.5,99675.0,279.7,0.15
2015-03-26 00:45:00,3.0,99670.0,279.54999999999995,0.15
2015-03-26 01:00:00,2.55,99670.0,279.65,0.15
2015-03-26 01:15:00,3.2,99670.0,279.65,0.15
2015-03-26 01:30:00,3.05,99670.0,279.65,0.15
2015-03-26 01:45:00,2.8,99660.0,279.65,0.15
2015-03-26 02:00:00,3.4000000000000004,99660.0,279.65,0.15
2015-03-26 02:15:00,3.4,99670.0,279.65,0.15
2015-03-26 02:30:00,3.6,99670.0,279.54999999999995,0.15
2015-03-26 02:45:00,2.9,99680.0,279.65,0.15
2015-03-26 03:00:00,2.65,99690.0,279.7,0.15
2015-03-26 03:15:00,3.1,99700.0,279.54999999999995,0.15
2015-03-26 03:30:00,3.4,99695.0,279.45,0.15
2015-03-26 03:45:00,3.5,99720.0,279.45,0.15
2015-03-26 04:00:00,3.1,99710.0,279.25,0.15
2015-03-26 04:15:00,2.5,99720.0,279.15,0.15
2015-03-26 04:30:00,3.45,99720.0,279.2,0.15
2015-03-26 04:45:00,2.8,99710.0,279.25,0.15
2015-03-26 05:00:00,2.45,99720.0,279.1,0.15
2015-03-26 05:15:00,2.3,99730.0,279.15,0.15
2015-03-26 05:30:00,2.8,99745.0,279.04999999999995,0.15
2015-03-26 05:45:00,2.6,99770.0,278.95,0.15
2015-03-26 06:00:00,2.0,99780.0,279.0,0.15
2015-03-26 06:15:00,2.4,99780.0,279.04999999999995,0.15
2015-03-26 06:30:00,2.6,99795.0,278.95,0.15
2015-03-26 06:45:00,3.1,99790.0,278.95,0.15
2015-03-26 07:00:00,2.25,99810.0,279.04999999999995,0.15
2015-03-26 07:15:00,2.4,99810.0,279.15,0.15
2015-03-26 07:30:00,2.75,99820.0,279.15,0.15
2015-03-26 07:45:00,2.7,99820.0,279.25,0.15
2015-03-26 08:00:00,2.6,99815.0,279.45,0.15
2015-03-26 08:15:00,2.3,99800.0,279.35,0.15
2015-03-26 08:30:00,1.9,99795.0,279.85,0.15
2015-03-26 08:45:00,3.1,99800.0,279.95,0.15
2015-03-26 09:00:00,2.45,99790.0,280.5,0.15
2015-03-26 09:15:00,2.7,99790.0,280.45,0.15
2015-03-26 09:30:00,3.15,99785.0,280.7,0.15
2015-03-26 09:45:00,3.0,99770.0,281.15,0.15
2015-03-26 10:00:00,2.95,99760.0,281.6,0.15
2015-03-26 10:15:00,3.5,99740.0,281.95,0.15
2015-03-26 10:30:00,3.5,99715.0,282.0,0.15
2015-03-26 10:45:00,3.8,99710.0,282.25,0.15
2015-03-26 11:00:00,2.8,99690.0,282.95,0.15
2015-03-26 11:15:00,3.3,99670.0,282.45,0.15
2015-03-26 11:30:00,3.45,99645.0,282.75,0.15
2015-03-26 11:45:00,2.5,99630.0,283.65,0.15
2015-03-26 12:00:00,2.6,99605.0,283.65,0.15
2015-03-26 12:15:00,2.5,99590.0,283.65,0.15
2015-03-26 12:30:00,3.0,99580.0,283.6,0.15
2015-03-26 12:45:00,2.2,99550.0,284.15,0.15
2015-03-26 13:00:00,2.8,99535.0,284.45,0.15
2015-03-26 13:15:00,2.7,99510.0,284.75,0.15
2015-03-26 13:30:00,2.85,99500.0,284.7,0.15
2015-03-26 13:45:00,4.0,99490.0,284.54999999999995,0.15
2015-03-26 14:00:00,4.949999999999999,99490.0,284.4,0.15
2015-03-26 14:15:00,4.6,99490.0,284.15,0.15
2015-03-26 14:30:00,4.65,99490.0,283.85,0.15
2015-03-26 14:45:00,7.5,99500.0,283.04999999999995,0.15
2015-03-26 15:00:00,7.45,99540.0,282.04999999999995,0.15
2015-03-26 15:15:00,6.1,99560.0,281.35,0.15
2015-03-26 15:30:00,5.15,99585.0,280.6,0.15
2015-03-26 15:45:00,5.2,99610.0,280.54999999999995,0.15
2015-03-26 16:00:00,5.199999999999999,99635.0,280.15,0.15
2015-03-26 16:15:00,4.7,99630.0,280.04999999999995,0.15
2015-03-26 16:30:00,4.55,99635.0,279.2,0.15
2015-03-26 16:45:00,3.4,99630.0,279.15,0.15
2015-03-26 17:00:00,3.9,99630.0,279.1,0.15
2015-03-26 17:15:00,2.9,99640.0,278.85,0.15
2015-03-26 17:30:00,2.95,99635.0,278.65,0.15
2015-03-26 17:45:00,3.1,99620.0,278.65,0.15
2015-03-26 18:00:00,3.4,99630.0,278.6,0.15
2015-03-26 18:15:00,2.3,99620.0,278.45,0.15
2015-03-26 18:30:00,2.5,99625.0,278.54999999999995,0.15
2015-03-26 18:45:00,2.3,99640.0,278.54999999999995,0.15
2015-03-26 19:00:00,3.0,99645.0,278.6,0.15
2015-03-26 19:15:00,2.7,99650.0,278.75,0.15
2015-03-26 19:30:00,3.2,99650.0,278.65,0.15
2015-03-26 19:45:00,2.5,99660.0,278.65,0.15
2015-03-26 20:00:00,2.05,99665.0,278.54999999999995,0.15
2015-03-26 20:15:00,2.3,99670.0,278.65,0.15
2015-03-26 20:30:00,2.5,99675.0,278.7,0.15
2015-03-26 20:45:00,2.7,99680.0,278.75,0.15
2015-03-26 21:00:00,2.6,99680.0,278.9,0.15
2015-03-26 21:15:00,2.7,99680.0,278.95,0.15
2015-03-26 21:30:00,2.1500000000000004,99685.0,279.29999999999995,0.15
2015-03-26 21:45:00,1.9,99690.0,279.54999999999995,0.15
2015-03-26 22:00:00,3.2,99700.0,279.75,0.15
2015-03-26 22:15:00,4.5,99730.0,279.85,0.15
2015-03-26 22:30:00,2.45,99720.0,280.1,0.15
2015-03-26 22:45:00,2.7,99720.0,280.25,0.15
2015-03-26 23:00:00,2.85,99745.0,280.29999999999995,0.15
2015-03-26 23:15:00,2.7,99770.0,280.25,0.15
2015-03-26 23:30:00,3.0,99785.0,280.54999999999995,0.15
2015-03-26 23:45:00,2.3,99800.0,280.54999999999995,0.15
2015-03-27 00:00:00,3.35,99815.0,280.79999999999995,0.15
2015-03-27 00:15:00,3.5,99830.0,280.95,0.15
2015-03-27 00:30:00,3.65,99865.0,281.04999999999995,0.15
2015-03-27 00:45:00,3.9,99870.0,280.95,0.15
2015-03-27 01:00:00,4.25,99880.0,281.0,0.15
2015-03-27 01:15:00,5.2,99900.0,281.04999999999995,0.15
2015-03-27 01:30:00,4.55,99915.0,280.4,0.15
2015-03-27 01:45:00,4.3,99930.0,280.54999999999995,0.15
2015-03-27 02:00:00,3.95,99945.0,279.79999999999995,0.15
2015-03-27 02:15:00,3.6,99960.0,279.85,0.15
2015-03-27 02:30:00,3.75,99970.0,279.9,0.15
2015-03-27 02:45:00,4.0,99980.0,280.04999999999995,0.15
2015-03-27 03:00:00,4.4,99995.0,280.0,0.15
2015-03-27 03:15:00,4.0,100020.0,279.95,0.15
2015-03-27 03:30:00,3.75,100040.0,279.75,0.15
2015-03-27 03:45:00,4.0,100070.0,279.75,0.15
2015-03-27 04:00:00,3.55,100085.0,279.6,0.15
2015-03-27 04:15:00,3.4,100110.0,279.45,0.15
2015-03-27 04:30:00,3.9,100125.0,279.5,0.15
2015-03-27 04:45:00,5.2,100140.0,279.45,0.15
2015-03-27 05:00:00,4.2,100165.0,279.45,0.15
2015-03-27 05:15:00,4.0,100170.0,279.35,0.15
2015-03-27 05:30:00,3.95,100195.0,279.35,0.15
2015-03-27 05:45:00,4.4,100210.0,279.35,0.15
2015-03-27 06:00:00,4.25,100235.0,279.5,0.15
2015-03-27 06:15:00,4.2,100260.0,279.54999999999995,0.15
2015-03-27 06:30:00,4.8,100305.0,279.6,0.15
2015-03-27 06:45:00,5.2,100330.0,279.65,0.15
2015-03-27 07:00:00,4.8,100350.0,279.75,0.15
2015-03-27 07:15:00,4.5,100380.0,279.95,0.15
2015-03-27 07:30:00,4.75,100390.0,280.25,0.15
2015-03-27 07:45:00,5.2,100400.0,280.35,0.15
2015-03-27 08:00:00,5.550000000000001,100405.0,280.4,0.15
2015-03-27 08:15:00,5.4,100430.0,280.54999999999995,0.15
2015-03-27 08:30:00,5.3,100445.0,280.6,0.15
2015-03-27 08:45:00,5.4,100460.0,281.25,0.15
2015-03-27 09:00:00,5.85,100485.0,281.1,0.15
2015-03-27 09:15:00,5.5,100510.0,281.04999999999995,0.15
2015-03-27 09:30:00,5.3,100530.0,281.4,0.15
2015-03-27 09:45:00,5.7,100540.0,281.85,0.15
2015-03-27 10:00:00,5.25,100555.0,281.75,0.15
2015-03-27 10:15:00,6.5,100580.0,281.65,0.15
2015-03-27 10:30:00,6.4,100585.0,281.45,0.15
2015-03-27 10:45:00,6.7,100600.0,281.54999999999995,0.15
2015-03-27 11:00:00,6.050000000000001,100610.0,282.0,0.15
2015-03-27 11:15:00,6.0,100620.0,282.25,0.15
2015-03-27 11:30:00,5.8,100640.0,281.85,0.15
2015-03-27 11:45:00,6.4,100660.0,281.95,0.15
2015-03-27 12:00:00,5.4,100660.0,283.29999999999995,0.15
2015-03-27 12:15:00,5.9,100670.0,282.35,0.15
2015-03-27 12:30:00,5.5,100640.0,283.15,0.15
2015-03-27 12:45:00,6.2,100640.0,282.85,0.15
2015-03-27 13:00:00,5.05,100635.0,283.95,0.15
2015-03-27 13:15:00,6.9,100630.0,283.54999999999995,0.15
2015-03-27 13:30:00,5.8,100680.0,283.45,0.15
2015-03-27 13:45:00,6.2,100710.0,283.25,0.15
2015-03-27 14:00:00,6.4,100730.0,283.6,0.15
2015-03-27 14:15:00,6.4,100750.0,283.65,0.15
2015-03-27 14:30:00,6.45,100760.0,283.75,0.15
2015-03-27 14:45:00,6.5,100730.0,283.65,0.15
2015-03-27 15:00:00,6.7,100770.0,283.85,0.15
2015-03-27 15:15:00,5.6,100790.0,283.75,0.15
2015-03-27 15:30:00,5.35,100805.0,283.45,0.15
2015-03-27 15:45:00,5.7,100840.0,283.25,0.15
2015-03-27 16:00:00,5.2,100860.0,283.4,0.15
2015-03-27 16:15:00,6.7,100850.0,283.45,0.15
2015-03-27 16:30:00,4.95,100875.0,283.35,0.15
2015-03-27 16:45:00,5.7,100880.0,283.25,0.15
2015-03-27 17:00:00,5.15,100880.0,282.79999999999995,0.15
2015-03-27 17:15:00,3.9,100900.0,282.85,0.15
2015-03-27 17:30:00,4.9,100915.0,282.6,0.15
2015-03-27 17:45:00,4.0,100930.0,282.35,0.15
2015-03-27 18:00:00,3.35,100960.0,281.95,0.15
2015-03-27 18:15:00,3.2,100990.0,282.04999999999995,0.15
2015-03-27 18:30:00,3.35,101000.0,281.9,0.15
2015-03-27 18:45:00,3.0,101020.0,281.85,0.15
2015-03-27 19:00:00,3.7,101035.0,281.75,0.15
2015-03-27 19:15:00,2.9,101040.0,281.35,0.15
2015-03-27 19:30:00,2.15,101055.0,281.04999999999995,0.15
2015-03-27 19:45:00,2.6,101080.0,280.95,0.15
2015-03-27 20:00:00,2.6500000000000004,101085.0,280.79999999999995,0.15
2015-03-27 20:15:00,2.0,101090.0,280.75,0.15
2015-03-27 20:30:00,1.55,101100.0,280.65,0.15
2015-03-27 20:45:00,1.4,101110.0,280.45,0.15
2015-03-27 21:00:00,1.75,101110.0,280.15,0.15
2015-03-27 21:15:00,1.7,101130.0,280.25,0.15
2015-03-27 21:30:00,1.1,101130.0,279.9,0.15
2015-03-27 21:45:00,1.2,101150.0,280.25,0.15
2015-03-27 22:00:00,1.0,101155.0,279.95,0.15
2015-03-27 22:15:00,0.9,101160.0,280.04999999999995,0.15
2015-03-27 22:30:00,0.65,101155.0,279.65,0.15
2015-03-27 22:45:00,0.5,101160.0,279.45,0.15
2015-03-27 23:00:00,0.6,101175.0,279.35,0.15
2015-03-27 23:15:00,0.0,101180.0,279.35,0.15
2015-03-27 23:30:00,0.65,101185.0,279.45,0.15
2015-03-27 23:45:00,0.9,101180.0,279.25,0.15
2015-03-28 00:00:00,1.25,101170.0,279.0,0.15
2015-03-28 00:15:00,1.3,101170.0,279.15,0.15
2015-03-28 00:30:00,1.05,101165.0,278.9,0.15
2015-03-28 00:45:00,1.5,101150.0,279.15,0.15
2015-03-28 01:00:00,1.6,101155.0,279.2,0.15
2015-03-28 01:15:00,1.2,101150.0,279.04999999999995,0.15
2015-03-28 01:30:00,1.35,101140.0,278.85,0.15
2015-03-28 01:45:00,1.4,101130.0,278.54999999999995,0.15
2015-03-28 02:00:00,1.6,101125.0,278.6,0.15
2015-03-28 02:15:00,2.3,101110.0,277.95,0.15
2015-03-28 02:30:00,2.6,101105.0,277.7,0.15
2015-03-28 02:45:00,2.2,101090.0,277.85,0.15
2015-03-28 03:00:00,1.9,101080.0,278.04999999999995,0.15
2015-03-28 03:15:00,1.6,101060.0,277.75,0.15
2015-03-28 03:30:00,1.7000000000000002,101065.0,276.9,0.15
2015-03-28 03:45:00,1.5,101050.0,277.25,0.15
2015-03-28 04:00:00,1.7000000000000002,101045.0,276.9,0.15
2015-03-28 04:15:00,1.7,101040.0,276.95,0.15
2015-03-28 04:30:00,1.55,101030.0,275.95,0.15
2015-03-28 04:45:00,2.0,101030.0,276.65,0.15
2015-03-28 05:00:00,2.25,101020.0,275.7,0.15
2015-03-28 05:15:00,2.5,101010.0,276.25,0.15
2015-03-28 05:30:00,2.1500000000000004,100995.0,276.04999999999995,0.15
2015-03-28 05:45:00,2.1,100990.0,277.04999999999995,0.15
2015-03-28 06:00:00,2.0,100985.0,277.45,0.15
2015-03-28 06:15:00,2.2,100970.0,278.45,0.15
2015-03-28 06:30:00,2.2,100965.0,278.6,0.15
2015-03-28 06:45:00,2.6,100950.0,278.85,0.15
2015-03-28 07:00:00,2.15,100945.0,279.35,0.15
2015-03-28 07:15:00,1.7,100940.0,279.85,0.15
2015-03-28 07:30:00,2.6500000000000004,100915.0,280.15,0.15
2015-03-28 07:45:00,1.9,100910.0,280.85,0.15
2015-03-28 08:00:00,2.65,100895.0,282.4,0.15
2015-03-28 08:15:00,3.3,100880.0,282.75,0.15
2015-03-28 08:30:00,3.95,100860.0,283.54999999999995,0.15
2015-03-28 08:45:00,3.6,100850.0,283.95,0.15
2015-03-28 09:00:00,3.5,100825.0,284.95,0.15
2015-03-28 09:15:00,4.9,100790.0,285.54999999999995,0.15
2015-03-28 09:30:00,6.6,100760.0,285.25,0.15
2015-03-28 09:45:00,7.2,100740.0,285.75,0.15
2015-03-28 10:00:00,6.55,100720.0,285.79999999999995,0.15
2015-03-28 10:15:00,6.9,100690.0,286.15,0.15
2015-03-28 10:30:00,6.6,100675.0,286.15,0.15
2015-03-28 10:45:00,6.5,100630.0,286.75,0.15
2015-03-28 11:00:00,5.949999999999999,100620.0,286.15,0.15
2015-03-28 11:15:00,5.7,100600.0,285.85,0.15
2015-03-28 11:30:00,6.7,100580.0,286.15,0.15
2015-03-28 11:45:00,6.8,100550.0,285.85,0.15
2015-03-28 12:00:00,6.6,100535.0,285.6,0.15
2015-03-28 12:15:00,5.7,100510.0,285.54999999999995,0.15
2015-03-28 12:30:00,6.05,100500.0,285.4,0.15
2015-03-28 12:45:00,6.1,100500.0,284.85,0.15
2015-03-28 13:00:00,5.050000000000001,100500.0,284.29999999999995,0.15
2015-03-28 13:15:00,5.4,100480.0,284.04999999999995,0.15
2015-03-28 13:30:00,4.25,100455.0,283.79999999999995,0.15
2015-03-28 13:45:00,3.5,100420.0,283.75,0.15
2015-03-28 14:00:00,3.2,100400.0,283.65,0.15
2015-03-28 14:15:00,4.0,100380.0,283.54999999999995,0.15
2015-03-28 14:30:00,4.65,100365.0,283.25,0.15
2015-03-28 14:45:00,3.7,100340.0,282.95,0.15
2015-03-28 15:00:00,3.25,100325.0,282.79999999999995,0.15
2015-03-28 15:15:00,2.9,100310.0,282.65,0.15
2015-03-28 15:30:00,3.2,100295.0,282.54999999999995,0.15
2015-03-28 15:45:00,3.3,100300.0,282.35,0.15
2015-03-28 16:00:00,3.7,100250.0,282.4,0.15
2015-03-28 16:15:00,3.6,100210.0,282.45,0.15
2015-03-28 16:30:00,3.65,100195.0,282.54999999999995,0.15
2015-03-28 16:45:00,3.3,100190.0,282.54999999999995,0.15
2015-03-28 17:00:00,3.45,100195.0,282.7,0.15
2015-03-28 17:15:00,3.5,100200.0,282.85,0.15
2015-03-28 17:30:00,3.75,100170.0,282.95,0.15
2015-03-28 17:45:00,3.6,100160.0,282.95,0.15
2015-03-28 18:00:00,2.85,100170.0,283.04999999999995,0.15
2015-03-28 18:15:00,2.9,100180.0,283.15,0.15
2015-03-28 18:30:00,3.8,100165.0,283.5,0.15
2015-03-28 18:45:00,3.4,100160.0,283.65,0.15
2015-03-28 19:00:00,3.9,100130.0,283.45,0.15
2015-03-28 19:15:00,3.9,100110.0,283.75,0.15
2015-03-28 19:30:00,4.3,100090.0,283.5,0.15
2015-03-28 19:45:00,4.1,100050.0,283.35,0.15
2015-03-28 20:00:00,4.25,100020.0,283.4,0.15
2015-03-28 20:15:00,4.5,100000.0,283.45,0.15
2015-03-28 20:30:00,4.25,99975.0,283.65,0.15
2015-03-28 20:45:00,3.9,99940.0,283.65,0.15
2015-03-28 21:00:00,3.45,99915.0,283.75,0.15
2015-03-28 21:15:00,3.5,99900.0,283.85,0.15
2015-03-28 21:30:00,2.9,99870.0,284.0,0.15
2015-03-28 21:45:00,2.6,99870.0,284.04999999999995,0.15
2015-03-28 22:00:00,2.6500000000000004,99835.0,284.0,0.15
2015-03-28 22:15:00,2.5,99840.0,284.04999999999995,0.15
2015-03-28 22:30:00,2.45,99835.0,284.15,0.15
2015-03-28 22:45:00,2.7,99820.0,284.54999999999995,0.15
2015-03-28 23:00:00,4.1,99800.0,285.25,0.15
2015-03-28 23:15:00,4.4,99780.0,285.65,0.15
2015-03-28 23:30:00,4.05,99735.0,285.7,0.15
2015-03-28 23:45:00,3.6,99710.0,285.54999999999995,0.15
2015-03-29 00:00:00,3.7,99690.0,285.6,0.15
2015-03-29 00:15:00,4.0,99690.0,285.65,0.15
2015-03-29 00:30:00,3.9,99690.0,285.75,0.15
2015-03-29 00:45:00,4.6,99660.0,285.95,0.15
2015-03-29 01:00:00,5.5,99655.0,286.0,0.15
2015-03-29 01:15:00,4.9,99680.0,285.85,0.15
2015-03-29 01:30:00,3.7,99640.0,285.5,0.15
2015-03-29 01:45:00,2.7,99630.0,285.54999999999995,0.15
2015-03-29 02:00:00,3.1,99630.0,285.4,0.15
2015-03-29 02:15:00,4.6,99620.0,285.65,0.15
2015-03-29 02:30:00,6.2,99610.0,285.6,0.15
2015-03-29 02:45:00,7.7,99590.0,285.45,0.15
2015-03-29 03:00:00,7.0,99595.0,285.35,0.15
2015-03-29 03:15:00,5.8,99600.0,285.04999999999995,0.15
2015-03-29 03:30:00,5.9,99580.0,285.2,0.15
2015-03-29 03:45:00,5.1,99570.0,285.04999999999995,0.15
2015-03-29 04:00:00,5.0,99565.0,285.04999999999995,0.15
2015-03-29 04:15:00,4.7,99570.0,285.04999999999995,0.15
2015-03-29 04:30:00,5.800000000000001,99550.0,285.04999999999995,0.15
2015-03-29 04:45:00,5.7,99540.0,285.04999999999995,0.15
2015-03-29 05:00:00,5.95,99510.0,285.04999999999995,0.15
2015-03-29 05:15:00,6.5,99500.0,285.04999999999995,0.15
2015-03-29 05:30:00,6.55,99485.0,285.1,0.15
2015-03-29 05:45:00,7.2,99480.0,285.04999999999995,0.15
2015-03-29 06:00:00,6.25,99475.0,284.95,0.15
2015-03-29 06:15:00,5.5,99460.0,284.95,0.15
2015-03-29 06:30:00,6.949999999999999,99460.0,284.79999999999995,0.15
2015-03-29 06:45:00,7.1,99450.0,284.75,0.15
2015-03-29 07:00:00,7.1,99425.0,284.65,0.15
2015-03-29 07:15:00,6.5,99410.0,284.35,0.15
2015-03-29 07:30:00,6.4,99390.0,284.45,0.15
2015-03-29 07:45:00,5.6,99380.0,284.35,0.15
2015-03-29 08:00:00,5.25,99370.0,283.85,0.15
2015-03-29 08:15:00,4.7,99350.0,283.54999999999995,0.15
2015-03-29 08:30:00,4.65,99330.0,283.5,0.15
2015-03-29 08:45:00,5.4,99310.0,283.45,0.15
2015-03-29 09:00:00,5.199999999999999,99285.0,283.65,0.15
2015-03-29 09:15:00,4.7,99260.0,283.54999999999995,0.15
2015-03-29 09:30:00,5.0,99245.0,283.65,0.15
2015-03-29 09:45:00,5.3,99220.0,283.85,0.15
2015-03-29 10:00:00,4.6,99205.0,283.85,0.15
2015-03-29 10:15:00,3.2,99180.0,283.85,0.15
2015-03-29 10:30:00,3.3,99145.0,283.9,0.15
2015-03-29 10:45:00,3.2,99120.0,283.85,0.15
2015-03-29 11:00:00,3.8,99090.0,284.15,0.15
2015-03-29 11:15:00,4.3,99060.0,284.35,0.15
2015-03-29 11:30:00,4.9,99020.0,284.5,0.15
2015-03-29 11:45:00,5.8,98980.0,284.65,0.15
2015-03-29 12:00:00,5.5,98945.0,284.54999999999995,0.15
2015-03-29 12:15:00,5.7,98890.0,284.75,0.15
2015-03-29 12:30:00,6.3,98855.0,284.75,0.15
2015-03-29 12:45:00,5.4,98800.0,284.75,0.15
2015-03-29 13:00:00,5.25,98745.0,284.85,0.15
2015-03-29 13:15:00,5.0,98680.0,284.85,0.15
2015-03-29 13:30:00,4.55,98645.0,285.04999999999995,0.15
2015-03-29 13:45:00,5.8,98600.0,285.15,0.15
2015-03-29 14:00:00,6.6,98555.0,285.6,0.15
2015-03-29 14:15:00,7.0,98540.0,285.54999999999995,0.15
2015-03-29 14:30:00,6.15,98510.0,285.2,0.15
2015-03-29 14:45:00,5.8,98460.0,285.15,0.15
2015-03-29 15:00:00,5.1,98430.0,285.04999999999995,0.15
2015-03-29 15:15:00,4.5,98400.0,284.95,0.15
2015-03-29 15:30:00,5.65,98360.0,285.2,0.15
2015-03-29 15:45:00,5.9,98330.0,285.25,0.15
2015-03-29 16:00:00,8.8,98305.0,286.1,0.15
2015-03-29 16:15:00,8.0,98270.0,286.45,0.15
2015-03-29 16:30:00,9.1,98265.0,286.45,0.15
2015-03-29 16:45:00,9.9,98250.0,286.54999999999995,0.15
2015-03-29 17:00:00,10.65,98265.0,286.35,0.15
2015-03-29 17:15:00,9.7,98250.0,286.15,0.15
2015-03-29 17:30:00,9.35,98260.0,285.65,0.15
2015-03-29 17:45:00,9.4,98240.0,285.35,0.15
2015-03-29 18:00:00,8.9,98220.0,285.25,0.15
2015-03-29 18:15:00,8.2,98250.0,285.25,0.15
2015-03-29 18:30:00,9.1,98225.0,284.2,0.15
2015-03-29 18:45:00,9.3,98220.0,284.54999999999995,0.15
2015-03-29 19:00:00,10.35,98305.0,284.1,0.15
2015-03-29 19:15:00,11.2,98360.0,282.04999999999995,0.15
2015-03-29 19:30:00,8.65,98355.0,282.25,0.15
2015-03-29 19:45:00,5.7,98380.0,282.45,0.15
2015-03-29 20:00:00,5.55,98375.0,282.9,0.15
2015-03-29 20:15:00,5.7,98390.0,283.35,0.15
2015-03-29 20:30:00,6.949999999999999,98435.0,283.7,0.15
2015-03-29 20:45:00,8.7,98460.0,283.75,0.15
2015-03-29 21:00:00,9.8,98475.0,283.65,0.15
2015-03-29 21:15:00,7.7,98510.0,283.45,0.15
2015-03-29 21:30:00,7.050000000000001,98530.0,283.35,0.15
2015-03-29 21:45:00,7.0,98550.0,283.04999999999995,0.15
2015-03-29 22:00:00,7.1,98560.0,282.85,0.15
2015-03-29 22:15:00,6.0,98590.0,282.65,0.15
2015-03-29 22:30:00,6.449999999999999,98585.0,282.5,0.15
2015-03-29 22:45:00,5.3,98590.0,282.25,0.15
2015-03-29 23:00:00,4.7,98590.0,282.29999999999995,0.15
2015-03-29 23:15:00,4.7,98630.0,282.45,0.15
2015-03-29 23:30:00,4.699999999999999,98610.0,282.6,0.15
2015-03-29 23:45:00,4.9,98600.0,282.85,0.15
2015-03-30 00:00:00,3.65,98575.0,282.5,0.15
2015-03-30 00:15:00,4.1,98570.0,282.35,0.15
2015-03-30 00:30:00,4.6,98595.0,281.79999999999995,0.15
2015-03-30 00:45:00,3.7,98600.0,281.54999999999995,0.15
2015-03-30 01:00:00,5.4,98595.0,282.1,0.15
2015-03-30 01:15:00,6.8,98600.0,282.15,0.15
2015-03-30 01:30:00,7.1,98640.0,282.29999999999995,0.15
2015-03-30 01:45:00,7.9,98650.0,282.25,0.15
2015-03-30 02:00:00,8.149999999999999,98660.0,281.75,0.15
2015-03-30 02:15:00,6.0,98650.0,281.54999999999995,0.15
2015-03-30 02:30:00,5.949999999999999,98675.0,281.2,0.15
2015-03-30 02:45:00,6.1,98680.0,281.04999999999995,0.15
2015-03-30 03:00:00,6.25,98690.0,281.1,0.15
2015-03-30 03:15:00,5.6,98700.0,280.95,0.15
2015-03-30 03:30:00,5.6,98715.0,281.0,0.15
2015-03-30 03:45:00,7.0,98720.0,281.04999999999995,0.15
2015-03-30 04:00:00,6.300000000000001,98750.0,281.0,0.15
2015-03-30 04:15:00,6.3,98770.0,280.75,0.15
2015-03-30 04:30:00,5.35,98780.0,280.65,0.15
2015-03-30 04:45:00,4.9,98810.0,280.65,0.15
2015-03-30 05:00:00,4.949999999999999,98830.0,280.65,0.15
2015-03-30 05:15:00,6.2,98870.0,280.75,0.15
2015-03-30 05:30:00,5.1,98900.0,280.65,0.15
2015-03-30 05:45:00,5.2,98910.0,280.75,0.15
2015-03-30 06:00:00,4.550000000000001,98920.0,280.75,0.15
2015-03-30 06:15:00,4.4,98950.0,280.85,0.15
2015-03-30 06:30:00,4.4,98975.0,281.1,0.15
2015-03-30 06:45:00,5.3,98990.0,281.35,0.15
2015-03-30 07:00:00,5.6,99005.0,281.35,0.15
2015-03-30 07:15:00,7.2,99030.0,281.54999999999995,0.15
2015-03-30 07:30:00,7.25,99060.0,281.54999999999995,0.15
2015-03-30 07:45:00,7.8,99090.0,281.85,0.15
2015-03-30 08:00:00,9.3,99105.0,282.04999999999995,0.15
2015-03-30 08:15:00,9.4,99140.0,282.15,0.15
2015-03-30 08:30:00,9.45,99170.0,282.15,0.15
2015-03-30 08:45:00,11.0,99220.0,282.45,0.15
2015-03-30 09:00:00,9.65,99235.0,282.7,0.15
2015-03-30 09:15:00,9.8,99260.0,283.04999999999995,0.15
2015-03-30 09:30:00,9.5,99275.0,282.7,0.15
2015-03-30 09:45:00,9.2,99310.0,283.54999999999995,0.15
2015-03-30 10:00:00,8.95,99330.0,283.0,0.15
2015-03-30 10:15:00,9.7,99340.0,281.35,0.15
2015-03-30 10:30:00,8.95,99345.0,283.2,0.15
2015-03-30 10:45:00,9.7,99400.0,282.54999999999995,0.15
2015-03-30 11:00:00,9.95,99450.0,280.75,0.15
2015-03-30 11:15:00,6.9,99460.0,279.65,0.15
2015-03-30 11:30:00,6.699999999999999,99465.0,280.15,0.15
2015-03-30 11:45:00,7.5,99520.0,278.85,0.15
2015-03-30 12:00:00,6.0,99550.0,280.4,0.15
2015-03-30 12:15:00,8.9,99570.0,280.85,0.15
2015-03-30 12:30:00,7.35,99575.0,281.79999999999995,0.15
2015-03-30 12:45:00,9.7,99560.0,282.65,0.15
2015-03-30 13:00:00,10.75,99590.0,282.79999999999995,0.15
2015-03-30 13:15:00,10.7,99640.0,283.15,0.15
2015-03-30 13:30:00,10.3,99660.0,283.0,0.15
2015-03-30 13:45:00,10.6,99680.0,282.85,0.15
2015-03-30 14:00:00,10.0,99695.0,282.79999999999995,0.15
2015-03-30 14:15:00,9.7,99720.0,282.75,0.15
2015-03-30 14:30:00,8.85,99730.0,283.4,0.15
2015-03-30 14:45:00,9.6,99750.0,283.04999999999995,0.15
2015-03-30 15:00:00,9.15,99775.0,283.4,0.15
2015-03-30 15:15:00,9.5,99800.0,283.65,0.15
2015-03-30 15:30:00,8.8,99795.0,283.7,0.15
2015-03-30 15:45:00,8.7,99830.0,282.95,0.15
2015-03-30 16:00:00,8.7,99855.0,283.7,0.15
2015-03-30 16:15:00,7.4,99870.0,283.35,0.15
2015-03-30 16:30:00,7.2,99895.0,282.95,0.15
2015-03-30 16:45:00,6.9,99910.0,283.15,0.15
2015-03-30 17:00:00,7.45,99925.0,282.65,0.15
2015-03-30 17:15:00,6.9,99950.0,282.15,0.15
2015-03-30 17:30:00,4.800000000000001,99950.0,281.85,0.15
2015-03-30 17:45:00,4.7,99970.0,281.35,0.15
2015-03-30 18:00:00,4.25,99965.0,281.15,0.15
2015-03-30 18:15:00,3.6,99970.0,280.75,0.15
2015-03-30 18:30:00,2.2,99955.0,279.85,0.15
2015-03-30 18:45:00,1.2,99960.0,279.35,0.15
2015-03-30 19:00:00,1.65,99960.0,278.95,0.15
2015-03-30 19:15:00,1.2,99940.0,278.75,0.15
2015-03-30 19:30:00,1.7000000000000002,99915.0,278.35,0.15
2015-03-30 19:45:00,2.7,99900.0,279.35,0.15
2015-03-30 20:00:00,2.75,99865.0,279.7,0.15
2015-03-30 20:15:00,3.2,99820.0,280.15,0.15
2015-03-30 20:30:00,3.0,99750.0,280.04999999999995,0.15
2015-03-30 20:45:00,2.9,99700.0,279.95,0.15
2015-03-30 21:00:00,2.95,99690.0,280.1,0.15
2015-03-30 21:15:00,3.2,99640.0,280.25,0.15
2015-03-30 21:30:00,3.65,99620.0,280.7,0.15
2015-03-30 21:45:00,4.0,99610.0,281.15,0.15
2015-03-30 22:00:00,4.8,99550.0,280.75,0.15
2015-03-30 22:15:00,4.3,99520.0,280.25,0.15
2015-03-30 22:30:00,2.8,99480.0,280.0,0.15
2015-03-30 22:45:00,2.3,99420.0,279.15,0.15
2015-03-30 23:00:00,3.1,99345.0,279.15,0.15
2015-03-30 23:15:00,3.8,99260.0,279.15,0.15
2015-03-30 23:30:00,4.1,99150.0,279.04999999999995,0.15
2015-03-30 23:45:00,4.7,99040.0,279.04999999999995,0.15
2015-03-31 00:00:00,4.800000000000001,98970.0,278.95,0.15
2015-03-31 00:15:00,4.0,98900.0,279.15,0.15
2015-03-31 00:30:00,4.15,98835.0,279.45,0.15
2015-03-31 00:45:00,3.7,98760.0,280.25,0.15
2015-03-31 01:00:00,4.5,98645.0,281.25,0.15
2015-03-31 01:15:00,5.1,98540.0,282.45,0.15
2015-03-31 01:30:00,6.55,98495.0,283.6,0.15
2015-03-31 01:45:00,8.1,98450.0,284.75,0.15
2015-03-31 02:00:00,7.0,98420.0,285.04999999999995,0.15
2015-03-31 02:15:00,8.8,98370.0,285.95,0.15
2015-03-31 02:30:00,10.75,98325.0,285.95,0.15
2015-03-31 02:45:00,10.9,98280.0,286.04999999999995,0.15
2015-03-31 03:00:00,10.45,98215.0,286.35,0.15
2015-03-31 03:15:00,10.1,98180.0,286.35,0.15
2015-03-31 03:30:00,9.75,98145.0,286.45,0.15
2015-03-31 03:45:00,10.2,98140.0,286.35,0.15
2015-03-31 04:00:00,9.2,98195.0,286.29999999999995,0.15
2015-03-31 04:15:00,10.9,98270.0,285.75,0.15
2015-03-31 04:30:00,10.5,98255.0,285.5,0.15
2015-03-31 04:45:00,11.0,98230.0,285.54999999999995,0.15
2015-03-31 05:00:00,10.6,98205.0,285.79999999999995,0.15
2015-03-31 05:15:00,10.9,98190.0,285.54999999999995,0.15
2015-03-31 05:30:00,11.4,98225.0,285.25,0.15
2015-03-31 05:45:00,10.0,98240.0,285.25,0.15
2015-03-31 06:00:00,10.4,98235.0,285.2,0.15
2015-03-31 06:15:00,10.9,98270.0,285.45,0.15
2015-03-31 06:30:00,10.2,98265.0,285.29999999999995,0.15
2015-03-31 06:45:00,12.1,98270.0,285.45,0.15
2015-03-31 07:00:00,12.4,98300.0,285.35,0.15
2015-03-31 07:15:00,12.4,98350.0,285.35,0.15
2015-03-31 07:30:00,11.15,98405.0,285.5,0.15
2015-03-31 07:45:00,10.0,98430.0,284.04999999999995,0.15
2015-03-31 08:00:00,8.1,98490.0,283.95,0.15
2015-03-31 08:15:00,8.5,98530.0,283.95,0.15
2015-03-31 08:30:00,8.7,98550.0,283.9,0.15
2015-03-31 08:45:00,10.8,98540.0,284.65,0.15
2015-03-31 09:00:00,10.1,98600.0,284.79999999999995,0.15
2015-03-31 09:15:00,11.4,98650.0,285.04999999999995,0.15
2015-03-31 09:30:00,11.65,98665.0,285.2,0.15
2015-03-31 09:45:00,11.8,98690.0,285.35,0.15
2015-03-31 10:00:00,10.7,98690.0,285.85,0.15
2015-03-31 10:15:00,10.0,98720.0,285.25,0.15
2015-03-31 10:30:00,11.9,98810.0,285.1,0.15
2015-03-31 10:45:00,13.0,98870.0,284.25,0.15
2015-03-31 11:00:00,12.0,98865.0,283.65,0.15
2015-03-31 11:15:00,11.8,98820.0,284.95,0.15
2015-03-31 11:30:00,13.1,98885.0,285.29999999999995,0.15
2015-03-31 11:45:00,11.1,98940.0,285.25,0.15
2015-03-31 12:00:00,10.95,98970.0,285.54999999999995,0.15
2015-03-31 12:15:00,13.5,99010.0,282.54999999999995,0.15
2015-03-31 12:30:00,13.35,99050.0,282.85,0.15
2015-03-31 12:45:00,11.2,99110.0,284.15,0.15
2015-03-31 13:00:00,10.55,99135.0,284.1,0.15
2015-03-31 13:15:00,8.8,99160.0,284.15,0.15
2015-03-31 13:30:00,10.75,99180.0,284.75,0.15
2015-03-31 13:45:00,13.5,99200.0,285.15,0.15
2015-03-31 14:00:00,12.3,99225.0,285.6,0.15
2015-03-31 14:15:00,12.0,99210.0,284.95,0.15
2015-03-31 14:30:00,11.75,99310.0,284.75,0.15
2015-03-31 14:45:00,12.2,99330.0,285.45,0.15
2015-03-31 15:00:00,12.75,99365.0,285.1,0.15
2015-03-31 15:15:00,13.3,99410.0,284.54999999999995,0.15
2015-03-31 15:30:00,10.85,99405.0,285.5,0.15
2015-03-31 15:45:00,9.9,99450.0,284.15,0.15
2015-03-31 16:00:00,9.25,99480.0,284.1,0.15
2015-03-31 16:15:00,8.1,99500.0,283.95,0.15
2015-03-31 16:30:00,8.95,99520.0,284.29999999999995,0.15
2015-03-31 16:45:00,7.7,99510.0,283.85,0.15
2015-03-31 17:00:00,9.0,99540.0,282.6,0.15
2015-03-31 17:15:00,10.8,99550.0,281.75,0.15
2015-03-31 17:30:00,5.300000000000001,99550.0,282.35,0.15
2015-03-31 17:45:00,10.2,99750.0,280.15,0.15
2015-03-31 18:00:00,6.35,99665.0,280.04999999999995,0.15
2015-03-31 18:15:00,5.8,99680.0,280.75,0.15
2015-03-31 18:30:00,10.75,99790.0,280.4,0.15
2015-03-31 18:45:00,7.9,99780.0,279.54999999999995,0.15
2015-03-31 19:00:00,7.199999999999999,99815.0,279.75,0.15
2015-03-31 19:15:00,8.8,99810.0,280.04999999999995,0.15
2015-03-31 19:30:00,7.0,99810.0,279.79999999999995,0.15
2015-03-31 19:45:00,6.0,99790.0,279.85,0.15
2015-03-31 20:00:00,4.8,99810.0,279.7,0.15
2015-03-31 20:15:00,5.2,99820.0,279.45,0.15
2015-03-31 20:30:00,5.9,99835.0,279.7,0.15
2015-03-31 20:45:00,7.8,99840.0,279.75,0.15
2015-03-31 21:00:00,7.0,99860.0,279.79999999999995,0.15
2015-03-31 21:15:00,6.8,99860.0,279.54999999999995,0.15
2015-03-31 21:30:00,5.85,99870.0,279.6,0.15
2015-03-31 21:45:00,8.3,99880.0,279.65,0.15
2015-03-31 22:00:00,7.25,99885.0,279.7,0.15
2015-03-31 22:15:00,5.2,99910.0,279.35,0.15
2015-03-31 22:30:00,5.35,99925.0,279.2,0.15
2015-03-31 22:45:00,5.4,99940.0,278.85,0.15
2015-03-31 23:00:00,5.75,99950.0,278.9,0.15
2015-03-31 23:15:00,5.9,99960.0,279.25,0.15
2015-03-31 23:30:00,6.1,99970.0,279.04999999999995,0.15
2015-03-31 23:45:00,5.7,99970.0,279.15,0.15
2015-04-01 00:00:00,7.05,99970.0,279.45,0.15
2015-04-01 00:15:00,7.2,99980.0,279.54999999999995,0.15
2015-04-01 00:30:00,7.2,99990.0,279.54999999999995,0.15
2015-04-01 00:45:00,5.8,99990.0,279.54999999999995,0.15
2015-04-01 01:00:00,6.7,100020.0,279.1,0.15
2015-04-01 01:15:00,6.0,100030.0,279.15,0.15
2015-04-01 01:30:00,7.1,100045.0,279.2,0.15
2015-04-01 01:45:00,6.2,100060.0,279.25,0.15
2015-04-01 02:00:00,6.9,100065.0,279.15,0.15
2015-04-01 02:15:00,7.3,100080.0,279.25,0.15
2015-04-01 02:30:00,6.2,100085.0,279.2,0.15
2015-04-01 02:45:00,6.3,100110.0,279.04999999999995,0.15
2015-04-01 03:00:00,6.45,100110.0,279.0,0.15
2015-04-01 03:15:00,8.1,100130.0,278.95,0.15
2015-04-01 03:30:00,5.9,100150.0,278.75,0.15
2015-04-01 03:45:00,6.6,100160.0,279.15,0.15
2015-04-01 04:00:00,8.05,100185.0,279.0,0.15
2015-04-01 04:15:00,7.2,100210.0,278.75,0.15
2015-04-01 04:30:00,8.75,100230.0,278.6,0.15
2015-04-01 04:45:00,7.0,100250.0,278.15,0.15
2015-04-01 05:00:00,8.45,100270.0,277.95,0.15
2015-04-01 05:15:00,6.5,100280.0,277.95,0.15
2015-04-01 05:30:00,6.5,100310.0,278.35,0.15
2015-04-01 05:45:00,6.9,100330.0,278.65,0.15
2015-04-01 06:00:00,5.7,100365.0,278.7,0.15
2015-04-01 06:15:00,5.7,100390.0,278.65,0.15
2015-04-01 06:30:00,6.35,100410.0,278.79999999999995,0.15
2015-04-01 06:45:00,6.6,100430.0,278.95,0.15
2015-04-01 07:00:00,6.75,100470.0,279.0,0.15
2015-04-01 07:15:00,6.4,100490.0,279.25,0.15
2015-04-01 07:30:00,7.05,100515.0,279.1,0.15
2015-04-01 07:45:00,6.7,100530.0,278.95,0.15
2015-04-01 08:00:00,7.7,100545.0,279.2,0.15
2015-04-01 08:15:00,7.0,100570.0,278.95,0.15
2015-04-01 08:30:00,6.0,100595.0,278.54999999999995,0.15
2015-04-01 08:45:00,5.7,100600.0,278.95,0.15
2015-04-01 09:00:00,6.199999999999999,100615.0,279.2,0.15
2015-04-01 09:15:00,5.3,100630.0,279.54999999999995,0.15
2015-04-01 09:30:00,5.55,100635.0,278.95,0.15
2015-04-01 09:45:00,7.5,100660.0,278.25,0.15
2015-04-01 10:00:00,4.95,100665.0,278.29999999999995,0.15
2015-04-01 10:15:00,4.3,100670.0,277.15,0.15
2015-04-01 10:30:00,4.8,100680.0,277.45,0.15
2015-04-01 10:45:00,3.5,100660.0,278.45,0.15
2015-04-01 11:00:00,3.65,100645.0,279.9,0.15
2015-04-01 11:15:00,5.1,100620.0,280.35,0.15
2015-04-01 11:30:00,8.15,100610.0,280.95,0.15
2015-04-01 11:45:00,8.6,100630.0,281.15,0.15
2015-04-01 12:00:00,7.4,100635.0,281.6,0.15
2015-04-01 12:15:00,9.3,100610.0,281.54999999999995,0.15
2015-04-01 12:30:00,10.05,100635.0,281.79999999999995,0.15
2015-04-01 12:45:00,8.9,100640.0,281.85,0.15
2015-04-01 13:00:00,10.65,100630.0,282.15,0.15
2015-04-01 13:15:00,11.9,100630.0,282.35,0.15
2015-04-01 13:30:00,10.55,100640.0,280.54999999999995,0.15
2015-04-01 13:45:00,10.5,100620.0,281.54999999999995,0.15
2015-04-01 14:00:00,10.35,100635.0,281.75,0.15
2015-04-01 14:15:00,9.7,100630.0,281.65,0.15
2015-04-01 14:30:00,10.45,100620.0,282.85,0.15
2015-04-01 14:45:00,10.7,100600.0,282.75,0.15
2015-04-01 15:00:00,12.0,100625.0,282.6,0.15
2015-04-01 15:15:00,8.7,100640.0,282.25,0.15
2015-04-01 15:30:00,8.5,100640.0,282.85,0.15
2015-04-01 15:45:00,9.1,100650.0,281.95,0.15
2015-04-01 16:00:00,7.35,100650.0,281.95,0.15
2015-04-01 16:15:00,11.0,100680.0,280.15,0.15
2015-04-01 16:30:00,6.55,100680.0,279.85,0.15
2015-04-01 16:45:00,5.8,100680.0,280.65,0.15
2015-04-01 17:00:00,7.45,100680.0,281.79999999999995,0.15
2015-04-01 17:15:00,8.9,100710.0,281.65,0.15
2015-04-01 17:30:00,7.45,100710.0,281.7,0.15
2015-04-01 17:45:00,6.5,100720.0,281.45,0.15
2015-04-01 18:00:00,6.65,100730.0,281.45,0.15
2015-04-01 18:15:00,5.7,100740.0,281.35,0.15
2015-04-01 18:30:00,6.1,100730.0,281.25,0.15
2015-04-01 18:45:00,5.6,100730.0,281.35,0.15
2015-04-01 19:00:00,5.0,100705.0,281.15,0.15
2015-04-01 19:15:00,3.8,100700.0,280.75,0.15
2015-04-01 19:30:00,3.4,100705.0,280.4,0.15
2015-04-01 19:45:00,3.7,100680.0,280.45,0.15
2015-04-01 20:00:00,4.15,100660.0,280.7,0.15
2015-04-01 20:15:00,5.4,100660.0,280.85,0.15
2015-04-01 20:30:00,5.25,100635.0,280.9,0.15
2015-04-01 20:45:00,5.5,100610.0,280.95,0.15
2015-04-01 21:00:00,6.1,100590.0,280.15,0.15
2015-04-01 21:15:00,5.4,100600.0,280.15,0.15
2015-04-01 21:30:00,6.65,100585.0,280.5,0.15
2015-04-01 21:45:00,6.5,100570.0,280.54999999999995,0.15
2015-04-01 22:00:00,5.95,100525.0,280.4,0.15
2015-04-01 22:15:00,6.7,100520.0,280.45,0.15
2015-04-01 22:30:00,7.25,100505.0,280.25,0.15
2015-04-01 22:45:00,6.4,100480.0,280.35,0.15
2015-04-01 23:00:00,6.75,100475.0,280.0,0.15
2015-04-01 23:15:00,8.9,100530.0,276.95,0.15
2015-04-01 23:30:00,6.0,100495.0,277.6,0.15
2015-04-01 23:45:00,5.0,100460.0,277.95,0.15
2015-04-02 00:00:00,4.95,100410.0,278.45,0.15
2015-04-02 00:15:00,4.5,100380.0,278.85,0.15
2015-04-02 00:30:00,4.5,100345.0,279.04999999999995,0.15
2015-04-02 00:45:00,5.1,100310.0,279.25,0.15
2015-04-02 01:00:00,4.5,100275.0,279.29999999999995,0.15
2015-04-02 01:15:00,4.7,100230.0,279.35,0.15
2015-04-02 01:30:00,5.85,100210.0,279.5,0.15
2015-04-02 01:45:00,5.5,100150.0,279.75,0.15
2015-04-02 02:00:00,4.85,100140.0,279.75,0.15
2015-04-02 02:15:00,4.9,100120.0,279.75,0.15
2015-04-02 02:30:00,5.9,100075.0,279.7,0.15
2015-04-02 02:45:00,5.7,100040.0,279.54999999999995,0.15
2015-04-02 03:00:00,4.6,100000.0,279.45,0.15
2015-04-02 03:15:00,4.8,99950.0,279.45,0.15
2015-04-02 03:30:00,5.25,99930.0,279.45,0.15
2015-04-02 03:45:00,5.2,99920.0,279.35,0.15
2015-04-02 04:00:00,6.4,99895.0,279.15,0.15
2015-04-02 04:15:00,4.9,99880.0,278.95,0.15
2015-04-02 04:30:00,5.7,99845.0,278.65,0.15
2015-04-02 04:45:00,6.6,99830.0,278.45,0.15
2015-04-02 05:00:00,5.75,99830.0,278.2,0.15
2015-04-02 05:15:00,5.2,99810.0,278.15,0.15
2015-04-02 05:30:00,5.1,99790.0,278.04999999999995,0.15
2015-04-02 05:45:00,4.9,99770.0,278.04999999999995,0.15
2015-04-02 06:00:00,4.15,99785.0,278.2,0.15
2015-04-02 06:15:00,3.9,99780.0,278.54999999999995,0.15
2015-04-02 06:30:00,3.35,99780.0,278.7,0.15
2015-04-02 06:45:00,5.7,99790.0,279.45,0.15
2015-04-02 07:00:00,7.65,99845.0,279.29999999999995,0.15
2015-04-02 07:15:00,7.5,99870.0,279.04999999999995,0.15
2015-04-02 07:30:00,6.95,99905.0,278.79999999999995,0.15
2015-04-02 07:45:00,6.6,99950.0,278.45,0.15
2015-04-02 08:00:00,7.8,99980.0,278.75,0.15
2015-04-02 08:15:00,7.0,100000.0,279.25,0.15
2015-04-02 08:30:00,6.4,100040.0,279.75,0.15
2015-04-02 08:45:00,7.8,100070.0,279.35,0.15
2015-04-02 09:00:00,8.7,100100.0,279.7,0.15
2015-04-02 09:15:00,7.4,100130.0,279.25,0.15
2015-04-02 09:30:00,7.25,100155.0,279.85,0.15
2015-04-02 09:45:00,7.5,100160.0,280.04999999999995,0.15
2015-04-02 10:00:00,8.649999999999999,100180.0,280.45,0.15
2015-04-02 10:15:00,8.4,100210.0,279.75,0.15
2015-04-02 10:30:00,9.0,100235.0,281.04999999999995,0.15
2015-04-02 10:45:00,8.7,100240.0,281.54999999999995,0.15
2015-04-02 11:00:00,8.75,100275.0,281.25,0.15
2015-04-02 11:15:00,10.3,100290.0,281.25,0.15
2015-04-02 11:30:00,9.05,100315.0,281.4,0.15
2015-04-02 11:45:00,9.7,100340.0,281.85,0.15
2015-04-02 12:00:00,9.0,100375.0,281.79999999999995,0.15
2015-04-02 12:15:00,9.3,100390.0,281.85,0.15
2015-04-02 12:30:00,11.2,100415.0,281.95,0.15
2015-04-02 12:45:00,9.2,100450.0,282.85,0.15
2015-04-02 13:00:00,8.7,100460.0,282.2,0.15
2015-04-02 13:15:00,9.4,100470.0,282.04999999999995,0.15
2015-04-02 13:30:00,9.35,100495.0,283.04999999999995,0.15
2015-04-02 13:45:00,9.3,100510.0,282.15,0.15
2015-04-02 14:00:00,9.7,100540.0,283.04999999999995,0.15
2015-04-02 14:15:00,9.3,100560.0,283.65,0.15
2015-04-02 14:30:00,9.9,100575.0,282.5,0.15
2015-04-02 14:45:00,9.4,100590.0,282.04999999999995,0.15
2015-04-02 15:00:00,8.95,100615.0,282.75,0.15
2015-04-02 15:15:00,8.9,100640.0,281.85,0.15
2015-04-02 15:30:00,9.4,100670.0,282.1,0.15
2015-04-02 15:45:00,7.8,100700.0,281.85,0.15
2015-04-02 16:00:00,9.1,100720.0,282.29999999999995,0.15
2015-04-02 16:15:00,7.8,100720.0,282.15,0.15
2015-04-02 16:30:00,9.15,100755.0,282.2,0.15
2015-04-02 16:45:00,9.3,100800.0,281.75,0.15
2015-04-02 17:00:00,8.3,100815.0,281.65,0.15
2015-04-02 17:15:00,7.3,100840.0,281.25,0.15
2015-04-02 17:30:00,7.85,100865.0,280.54999999999995,0.15
2015-04-02 17:45:00,5.9,100890.0,279.85,0.15
2015-04-02 18:00:00,5.25,100900.0,279.9,0.15
2015-04-02 18:15:00,6.0,100920.0,280.35,0.15
2015-04-02 18:30:00,5.65,100940.0,279.7,0.15
2015-04-02 18:45:00,5.6,100960.0,279.35,0.15
2015-04-02 19:00:00,4.3,100975.0,279.45,0.15
2015-04-02 19:15:00,4.6,100990.0,279.95,0.15
2015-04-02 19:30:00,4.8,101005.0,280.2,0.15
2015-04-02 19:45:00,5.0,101020.0,280.04999999999995,0.15
2015-04-02 20:00:00,5.65,101035.0,280.04999999999995,0.15
2015-04-02 20:15:00,5.4,101060.0,279.95,0.15
2015-04-02 20:30:00,5.25,101075.0,279.35,0.15
2015-04-02 20:45:00,4.7,101090.0,279.35,0.15
2015-04-02 21:00:00,3.9,101100.0,279.25,0.15
2015-04-02 21:15:00,2.8,101090.0,277.95,0.15
2015-04-02 21:30:00,3.1500000000000004,101090.0,278.45,0.15
2015-04-02 21:45:00,4.2,101090.0,278.45,0.15
2015-04-02 22:00:00,3.7,101110.0,277.79999999999995,0.15
2015-04-02 22:15:00,3.6,101130.0,277.35,0.15
2015-04-02 22:30:00,3.25,101140.0,277.1,0.15
2015-04-02 22:45:00,2.7,101140.0,277.85,0.15
2015-04-02 23:00:00,2.6,101150.0,277.1,0.15
2015-04-02 23:15:00,2.6,101160.0,276.04999999999995,0.15
2015-04-02 23:30:00,2.75,101160.0,276.54999999999995,0.15
2015-04-02 23:45:00,2.3,101160.0,276.25,0.15
2015-04-03 00:00:00,2.0,101165.0,275.9,0.15
2015-04-03 00:15:00,2.2,101170.0,275.85,0.15
2015-04-03 00:30:00,2.15,101165.0,276.1,0.15
2015-04-03 00:45:00,1.4,101160.0,276.35,0.15
2015-04-03 01:00:00,1.6,101155.0,276.25,0.15
2015-04-03 01:15:00,1.0,101160.0,276.04999999999995,0.15
2015-04-03 01:30:00,1.2000000000000002,101165.0,276.04999999999995,0.15
2015-04-03 01:45:00,1.0,101160.0,275.85,0.15
2015-04-03 02:00:00,1.4500000000000002,101160.0,276.2,0.15
2015-04-03 02:15:00,1.5,101150.0,276.15,0.15
2015-04-03 02:30:00,1.4,101145.0,276.29999999999995,0.15
2015-04-03 02:45:00,1.4,101130.0,276.04999999999995,0.15
2015-04-03 03:00:00,1.2,101125.0,276.04999999999995,0.15
2015-04-03 03:15:00,1.1,101120.0,276.04999999999995,0.15
2015-04-03 03:30:00,1.2999999999999998,101130.0,276.1,0.15
2015-04-03 03:45:00,1.9,101130.0,276.04999999999995,0.15
2015-04-03 04:00:00,1.85,101120.0,275.95,0.15
2015-04-03 04:15:00,1.3,101110.0,275.85,0.15
2015-04-03 04:30:00,1.35,101110.0,276.2,0.15
2015-04-03 04:45:00,1.9,101120.0,275.85,0.15
2015-04-03 05:00:00,1.7999999999999998,101120.0,276.04999999999995,0.15
2015-04-03 05:15:00,1.6,101120.0,276.25,0.15
2015-04-03 05:30:00,1.35,101115.0,276.15,0.15
2015-04-03 05:45:00,1.8,101120.0,276.35,0.15
2015-04-03 06:00:00,1.75,101105.0,276.45,0.15
2015-04-03 06:15:00,1.6,101100.0,276.54999999999995,0.15
2015-04-03 06:30:00,1.7999999999999998,101100.0,276.85,0.15
2015-04-03 06:45:00,1.9,101100.0,277.25,0.15
2015-04-03 07:00:00,1.5,101070.0,277.7,0.15
2015-04-03 07:15:00,1.3,101060.0,278.15,0.15
2015-04-03 07:30:00,1.4500000000000002,101055.0,278.79999999999995,0.15
2015-04-03 07:45:00,2.0,101040.0,279.15,0.15
2015-04-03 08:00:00,1.6,101015.0,279.6,0.15
2015-04-03 08:15:00,1.8,101000.0,279.54999999999995,0.15
2015-04-03 08:30:00,2.05,100995.0,280.1,0.15
2015-04-03 08:45:00,2.2,100980.0,280.95,0.15
2015-04-03 09:00:00,2.25,100975.0,280.75,0.15
2015-04-03 09:15:00,2.4,100970.0,281.25,0.15
2015-04-03 09:30:00,2.3,100945.0,280.9,0.15
2015-04-03 09:45:00,2.4,100930.0,281.35,0.15
2015-04-03 10:00:00,2.5,100920.0,282.0,0.15
2015-04-03 10:15:00,2.1,100900.0,281.54999999999995,0.15
2015-04-03 10:30:00,1.95,100885.0,282.0,0.15
2015-04-03 10:45:00,2.9,100870.0,282.85,0.15
2015-04-03 11:00:00,1.9,100840.0,283.2,0.15
2015-04-03 11:15:00,2.1,100820.0,282.75,0.15
2015-04-03 11:30:00,1.45,100810.0,283.29999999999995,0.15
2015-04-03 11:45:00,1.5,100790.0,283.04999999999995,0.15
2015-04-03 12:00:00,2.35,100765.0,283.54999999999995,0.15
2015-04-03 12:15:00,1.7,100750.0,283.95,0.15
2015-04-03 12:30:00,2.05,100720.0,284.29999999999995,0.15
2015-04-03 12:45:00,0.8,100700.0,284.15,0.15
2015-04-03 13:00:00,1.05,100665.0,284.5,0.15
2015-04-03 13:15:00,2.2,100650.0,284.25,0.15
2015-04-03 13:30:00,1.1,100625.0,284.79999999999995,0.15
2015-04-03 13:45:00,1.3,100610.0,284.54999999999995,0.15
2015-04-03 14:00:00,1.2999999999999998,100595.0,284.75,0.15
2015-04-03 14:15:00,1.6,100570.0,285.04999999999995,0.15
2015-04-03 14:30:00,1.5,100550.0,285.7,0.15
2015-04-03 14:45:00,1.2,100540.0,285.25,0.15
2015-04-03 15:00:00,1.7,100515.0,285.5,0.15
2015-04-03 15:15:00,1.3,100510.0,285.45,0.15
2015-04-03 15:30:00,2.4,100495.0,285.65,0.15
2015-04-03 15:45:00,1.9,100490.0,285.35,0.15
2015-04-03 16:00:00,1.5499999999999998,100480.0,285.15,0.15
2015-04-03 16:15:00,2.3,100470.0,285.15,0.15
2015-04-03 16:30:00,1.75,100465.0,285.0,0.15
2015-04-03 16:45:00,1.4,100460.0,284.65,0.15
2015-04-03 17:00:00,1.5,100460.0,284.45,0.15
2015-04-03 17:15:00,1.8,100450.0,284.15,0.15
2015-04-03 17:30:00,1.5,100450.0,284.15,0.15
2015-04-03 17:45:00,1.6,100450.0,284.04999999999995,0.15
2015-04-03 18:00:00,1.4,100450.0,283.79999999999995,0.15
2015-04-03 18:15:00,1.5,100450.0,283.75,0.15
2015-04-03 18:30:00,2.0,100460.0,283.5,0.15
2015-04-03 18:45:00,1.1,100460.0,283.04999999999995,0.15
2015-04-03 19:00:00,2.55,100465.0,282.35,0.15
2015-04-03 19:15:00,2.5,100470.0,282.35,0.15
2015-04-03 19:30:00,2.7,100490.0,282.4,0.15
2015-04-03 19:45:00,2.4,100490.0,282.45,0.15
2015-04-03 20:00:00,2.9000000000000004,100480.0,282.25,0.15
2015-04-03 20:15:00,3.0,100490.0,282.45,0.15
2015-04-03 20:30:00,2.6500000000000004,100500.0,282.0,0.15
2015-04-03 20:45:00,2.4,100500.0,281.95,0.15
2015-04-03 21:00:00,2.05,100485.0,281.79999999999995,0.15
2015-04-03 21:15:00,2.1,100500.0,281.65,0.15
2015-04-03 21:30:00,2.75,100500.0,281.4,0.15
2015-04-03 21:45:00,3.1,100490.0,281.65,0.15
2015-04-03 22:00:00,2.3,100485.0,281.6,0.15
2015-04-03 22:15:00,2.1,100470.0,281.45,0.15
2015-04-03 22:30:00,2.05,100465.0,281.45,0.15
2015-04-03 22:45:00,1.7,100440.0,281.15,0.15
2015-04-03 23:00:00,1.2999999999999998,100425.0,280.85,0.15
2015-04-03 23:15:00,1.3,100410.0,280.65,0.15
2015-04-03 23:30:00,1.05,100410.0,280.9,0.15
2015-04-03 23:45:00,1.1,100410.0,280.95,0.15
2015-04-04 00:00:00,1.2000000000000002,100390.0,280.79999999999995,0.15
2015-04-04 00:15:00,1.5,100380.0,280.54999999999995,0.15
2015-04-04 00:30:00,1.4,100375.0,280.45,0.15
2015-04-04 00:45:00,1.7,100390.0,280.65,0.15
2015-04-04 01:00:00,1.5,100375.0,280.5,0.15
2015-04-04 01:15:00,1.6,100390.0,280.54999999999995,0.15
2015-04-04 01:30:00,1.55,100370.0,280.6,0.15
2015-04-04 01:45:00,1.6,100370.0,280.54999999999995,0.15
2015-04-04 02:00:00,1.55,100365.0,280.54999999999995,0.15
2015-04-04 02:15:00,1.6,100360.0,280.54999999999995,0.15
2015-04-04 02:30:00,1.7,100350.0,280.65,0.15
2015-04-04 02:45:00,1.7,100350.0,280.65,0.15
2015-04-04 03:00:00,1.6,100350.0,280.75,0.15
2015-04-04 03:15:00,2.2,100350.0,280.65,0.15
2015-04-04 03:30:00,2.9,100355.0,280.6,0.15
2015-04-04 03:45:00,2.7,100360.0,280.25,0.15
2015-04-04 04:00:00,3.2,100365.0,280.29999999999995,0.15
2015-04-04 04:15:00,3.1,100360.0,280.04999999999995,0.15
2015-04-04 04:30:00,3.0,100370.0,279.75,0.15
2015-04-04 04:45:00,2.6,100380.0,279.35,0.15
2015-04-04 05:00:00,3.2,100410.0,279.04999999999995,0.15
2015-04-04 05:15:00,3.2,100420.0,278.75,0.15
2015-04-04 05:30:00,4.3,100440.0,278.45,0.15
2015-04-04 05:45:00,3.9,100430.0,278.15,0.15
2015-04-04 06:00:00,2.9,100440.0,278.15,0.15
2015-04-04 06:15:00,1.0,100450.0,278.15,0.15
2015-04-04 06:30:00,0.4,100455.0,278.1,0.15
2015-04-04 06:45:00,0.6,100450.0,278.25,0.15
2015-04-04 07:00:00,1.7,100470.0,278.25,0.15
2015-04-04 07:15:00,1.7,100460.0,278.35,0.15
2015-04-04 07:30:00,1.9,100465.0,278.35,0.15
2015-04-04 07:45:00,2.5,100460.0,278.35,0.15
2015-04-04 08:00:00,3.15,100480.0,278.6,0.15
2015-04-04 08:15:00,4.1,100480.0,278.95,0.15
2015-04-04 08:30:00,4.4,100495.0,278.95,0.15
2015-04-04 08:45:00,5.1,100510.0,278.95,0.15
2015-04-04 09:00:00,4.550000000000001,100530.0,278.75,0.15
2015-04-04 09:15:00,3.8,100540.0,278.75,0.15
2015-04-04 09:30:00,3.1,100540.0,279.0,0.15
2015-04-04 09:45:00,1.7,100530.0,279.45,0.15
2015-04-04 10:00:00,2.85,100545.0,279.79999999999995,0.15
2015-04-04 10:15:00,4.0,100550.0,280.15,0.15
2015-04-04 10:30:00,4.35,100530.0,280.35,0.15
2015-04-04 10:45:00,4.1,100530.0,280.65,0.15
2015-04-04 11:00:00,5.5,100550.0,281.29999999999995,0.15
2015-04-04 11:15:00,5.1,100550.0,280.75,0.15
2015-04-04 11:30:00,4.35,100545.0,281.75,0.15
2015-04-04 11:45:00,5.7,100540.0,282.25,0.15
2015-04-04 12:00:00,4.95,100545.0,282.0,0.15
2015-04-04 12:15:00,5.3,100540.0,282.85,0.15
2015-04-04 12:30:00,6.25,100550.0,282.75,0.15
2015-04-04 12:45:00,6.4,100550.0,282.85,0.15
2015-04-04 13:00:00,6.45,100540.0,282.29999999999995,0.15
2015-04-04 13:15:00,5.7,100550.0,282.95,0.15
2015-04-04 13:30:00,6.449999999999999,100545.0,282.85,0.15
2015-04-04 13:45:00,7.2,100560.0,282.95,0.15
2015-04-04 14:00:00,7.2,100555.0,282.1,0.15
2015-04-04 14:15:00,6.9,100560.0,282.75,0.15
2015-04-04 14:30:00,4.9,100560.0,282.35,0.15
2015-04-04 14:45:00,6.5,100570.0,281.95,0.15
2015-04-04 15:00:00,6.6,100580.0,282.5,0.15
2015-04-04 15:15:00,5.4,100570.0,282.35,0.15
2015-04-04 15:30:00,5.800000000000001,100580.0,282.35,0.15
2015-04-04 15:45:00,6.5,100580.0,282.65,0.15
2015-04-04 16:00:00,6.85,100595.0,282.5,0.15
2015-04-04 16:15:00,5.4,100610.0,282.65,0.15
2015-04-04 16:30:00,5.449999999999999,100615.0,282.75,0.15
2015-04-04 16:45:00,6.2,100630.0,281.95,0.15
2015-04-04 17:00:00,5.65,100650.0,281.5,0.15
2015-04-04 17:15:00,5.2,100660.0,281.15,0.15
2015-04-04 17:30:00,4.55,100680.0,280.9,0.15
2015-04-04 17:45:00,3.9,100690.0,280.85,0.15
2015-04-04 18:00:00,2.9,100710.0,280.5,0.15
2015-04-04 18:15:00,2.0,100730.0,279.95,0.15
2015-04-04 18:30:00,1.95,100760.0,279.4,0.15
2015-04-04 18:45:00,2.0,100790.0,278.35,0.15
2015-04-04 19:00:00,2.25,100790.0,278.25,0.15
2015-04-04 19:15:00,2.5,100810.0,278.04999999999995,0.15
2015-04-04 19:30:00,1.6,100815.0,277.4,0.15
2015-04-04 19:45:00,2.0,100830.0,277.25,0.15
2015-04-04 20:00:00,2.2,100865.0,276.4,0.15
2015-04-04 20:15:00,1.8,100880.0,277.85,0.15
2015-04-04 20:30:00,2.25,100890.0,278.1,0.15
2015-04-04 20:45:00,2.0,100900.0,277.75,0.15
2015-04-04 21:00:00,1.85,100920.0,277.85,0.15
2015-04-04 21:15:00,1.8,100920.0,276.54999999999995,0.15
2015-04-04 21:30:00,1.95,100930.0,276.5,0.15
2015-04-04 21:45:00,1.8,100940.0,277.15,0.15
2015-04-04 22:00:00,1.85,100950.0,277.29999999999995,0.15
2015-04-04 22:15:00,1.6,100960.0,276.75,0.15
2015-04-04 22:30:00,2.2,100960.0,277.04999999999995,0.15
2015-04-04 22:45:00,2.0,100960.0,277.04999999999995,0.15
2015-04-04 23:00:00,2.2,100960.0,277.0,0.15
2015-04-04 23:15:00,2.1,100960.0,277.04999999999995,0.15
2015-04-04 23:30:00,2.0,100970.0,276.1,0.15
2015-04-04 23:45:00,2.4,100990.0,275.04999999999995,0.15
2015-04-05 00:00:00,2.05,100990.0,274.5,0.15
2015-04-05 00:15:00,1.0,100990.0,274.25,0.15
2015-04-05 00:30:00,0.8,100980.0,274.2,0.15
2015-04-05 00:45:00,0.8,101000.0,273.75,0.15
2015-04-05 01:00:00,1.5,101000.0,273.65,0.15
2015-04-05 01:15:00,1.6,101010.0,272.54999999999995,0.15
2015-04-05 01:30:00,0.75,101010.0,273.85,0.15
2015-04-05 01:45:00,0.7,101020.0,274.04999999999995,0.15
2015-04-05 02:00:00,1.05,101015.0,273.75,0.15
2015-04-05 02:15:00,0.8,101030.0,273.15,0.15
2015-04-05 02:30:00,0.5,101045.0,273.85,0.15
2015-04-05 02:45:00,0.7,101050.0,273.35,0.15
2015-04-05 03:00:00,0.7,101065.0,274.0,0.15
2015-04-05 03:15:00,0.9,101070.0,273.85,0.15
2015-04-05 03:30:00,0.5,101085.0,274.6,0.15
2015-04-05 03:45:00,0.1,101090.0,274.25,0.15
2015-04-05 04:00:00,0.15,101105.0,274.25,0.15
2015-04-05 04:15:00,0.2,101120.0,274.15,0.15
2015-04-05 04:30:00,0.35,101130.0,274.45,0.15
2015-04-05 04:45:00,0.1,101150.0,274.75,0.15
2015-04-05 05:00:00,0.75,101165.0,274.75,0.15
2015-04-05 05:15:00,0.7,101180.0,274.95,0.15
2015-04-05 05:30:00,1.75,101185.0,274.85,0.15
2015-04-05 05:45:00,1.8,101200.0,275.75,0.15
2015-04-05 06:00:00,1.75,101220.0,276.25,0.15
2015-04-05 06:15:00,1.8,101240.0,276.95,0.15
2015-04-05 06:30:00,1.4,101245.0,277.1,0.15
2015-04-05 06:45:00,1.6,101260.0,277.35,0.15
2015-04-05 07:00:00,1.25,101275.0,278.1,0.15
2015-04-05 07:15:00,1.2,101290.0,278.54999999999995,0.15
2015-04-05 07:30:00,0.75,101300.0,278.7,0.15
2015-04-05 07:45:00,0.8,101320.0,279.35,0.15
2015-04-05 08:00:00,0.6,101330.0,279.7,0.15
2015-04-05 08:15:00,0.9,101340.0,280.75,0.15
2015-04-05 08:30:00,1.2,101340.0,280.4,0.15
2015-04-05 08:45:00,0.9,101340.0,280.75,0.15
2015-04-05 09:00:00,1.4,101335.0,281.35,0.15
2015-04-05 09:15:00,1.3,101340.0,282.15,0.15
2015-04-05 09:30:00,1.5,101335.0,282.1,0.15
2015-04-05 09:45:00,1.4,101330.0,282.75,0.15
2015-04-05 10:00:00,2.0,101325.0,283.04999999999995,0.15
2015-04-05 10:15:00,2.4,101320.0,282.85,0.15
2015-04-05 10:30:00,3.2,101320.0,283.04999999999995,0.15
2015-04-05 10:45:00,1.9,101320.0,282.65,0.15
2015-04-05 11:00:00,1.75,101310.0,283.9,0.15
2015-04-05 11:15:00,2.2,101320.0,282.85,0.15
2015-04-05 11:30:00,2.55,101315.0,283.95,0.15
2015-04-05 11:45:00,2.3,101320.0,284.25,0.15
2015-04-05 12:00:00,4.35,101285.0,284.75,0.15
2015-04-05 12:15:00,5.3,101280.0,283.54999999999995,0.15
2015-04-05 12:30:00,4.25,101295.0,283.95,0.15
2015-04-05 12:45:00,5.1,101300.0,283.65,0.15
2015-04-05 13:00:00,3.55,101290.0,284.54999999999995,0.15
2015-04-05 13:15:00,3.8,101290.0,284.65,0.15
2015-04-05 13:30:00,4.65,101290.0,283.54999999999995,0.15
2015-04-05 13:45:00,4.9,101300.0,284.65,0.15
2015-04-05 14:00:00,2.65,101285.0,284.7,0.15
2015-04-05 14:15:00,3.4,101290.0,283.75,0.15
2015-04-05 14:30:00,4.5,101290.0,283.7,0.15
2015-04-05 14:45:00,3.0,101280.0,284.54999999999995,0.15
2015-04-05 15:00:00,4.449999999999999,101280.0,283.6,0.15
2015-04-05 15:15:00,3.5,101290.0,283.95,0.15
2015-04-05 15:30:00,3.6,101290.0,284.15,0.15
2015-04-05 15:45:00,3.9,101280.0,283.35,0.15
2015-04-05 16:00:00,3.9,101305.0,283.1,0.15
2015-04-05 16:15:00,3.2,101310.0,282.35,0.15
2015-04-05 16:30:00,3.25,101310.0,283.45,0.15
2015-04-05 16:45:00,3.2,101320.0,283.04999999999995,0.15
2015-04-05 17:00:00,2.8,101325.0,282.6,0.15
2015-04-05 17:15:00,2.6,101350.0,282.95,0.15
2015-04-05 17:30:00,2.5,101360.0,282.35,0.15
2015-04-05 17:45:00,2.5,101360.0,282.25,0.15
2015-04-05 18:00:00,1.85,101370.0,282.0,0.15
2015-04-05 18:15:00,1.8,101380.0,280.95,0.15
2015-04-05 18:30:00,1.65,101395.0,280.54999999999995,0.15
2015-04-05 18:45:00,1.1,101410.0,280.04999999999995,0.15
2015-04-05 19:00:00,1.25,101420.0,279.5,0.15
2015-04-05 19:15:00,0.8,101430.0,278.65,0.15
2015-04-05 19:30:00,0.3999999999999999,101440.0,277.9,0.15
2015-04-05 19:45:00,1.3,101440.0,278.35,0.15
2015-04-05 20:00:00,1.65,101435.0,278.29999999999995,0.15
2015-04-05 20:15:00,1.7,101440.0,278.04999999999995,0.15
2015-04-05 20:30:00,1.85,101450.0,277.75,0.15
2015-04-05 20:45:00,1.7,101460.0,277.54999999999995,0.15
2015-04-05 21:00:00,2.1,101460.0,276.75,0.15
2015-04-05 21:15:00,2.0,101460.0,276.04999999999995,0.15
2015-04-05 21:30:00,1.7999999999999998,101470.0,275.7,0.15
2015-04-05 21:45:00,1.9,101470.0,275.45,0.15
2015-04-05 22:00:00,2.0,101475.0,276.04999999999995,0.15
2015-04-05 22:15:00,2.1,101490.0,275.35,0.15
2015-04-05 22:30:00,1.8,101485.0,274.5,0.15
2015-04-05 22:45:00,1.6,101500.0,274.85,0.15
2015-04-05 23:00:00,1.6,101505.0,274.54999999999995,0.15
2015-04-05 23:15:00,1.8,101500.0,274.85,0.15
2015-04-05 23:30:00,1.4,101500.0,274.95,0.15
2015-04-05 23:45:00,1.6,101510.0,274.45,0.15
2015-04-06 00:00:00,1.55,101520.0,274.6,0.15
2015-04-06 00:15:00,1.8,101510.0,274.95,0.15
2015-04-06 00:30:00,1.5,101510.0,275.25,0.15
2015-04-06 00:45:00,1.5,101500.0,275.35,0.15
2015-04-06 01:00:00,1.6,101500.0,275.15,0.15
2015-04-06 01:15:00,0.9,101500.0,274.75,0.15
2015-04-06 01:30:00,0.9,101490.0,275.0,0.15
2015-04-06 01:45:00,1.0,101500.0,275.15,0.15
2015-04-06 02:00:00,1.2000000000000002,101505.0,275.1,0.15
2015-04-06 02:15:00,1.7,101510.0,274.95,0.15
2015-04-06 02:30:00,1.35,101500.0,275.04999999999995,0.15
2015-04-06 02:45:00,1.4,101490.0,275.15,0.15
2015-04-06 03:00:00,1.15,101485.0,275.04999999999995,0.15
2015-04-06 03:15:00,1.4,101480.0,274.85,0.15
2015-04-06 03:30:00,0.85,101465.0,275.0,0.15
2015-04-06 03:45:00,1.2,101460.0,275.75,0.15
2015-04-06 04:00:00,1.45,101480.0,275.95,0.15
2015-04-06 04:15:00,1.3,101500.0,275.75,0.15
2015-04-06 04:30:00,1.4,101510.0,275.85,0.15
2015-04-06 04:45:00,1.3,101520.0,275.85,0.15
2015-04-06 05:00:00,1.0,101515.0,275.54999999999995,0.15
2015-04-06 05:15:00,1.3,101550.0,275.95,0.15
2015-04-06 05:30:00,1.25,101565.0,276.1,0.15
2015-04-06 05:45:00,0.7,101580.0,276.15,0.15
2015-04-06 06:00:00,0.65,101570.0,276.35,0.15
2015-04-06 06:15:00,0.2,101590.0,276.65,0.15
2015-04-06 06:30:00,0.55,101590.0,277.29999999999995,0.15
2015-04-06 06:45:00,0.5,101600.0,277.54999999999995,0.15
2015-04-06 07:00:00,0.9,101610.0,277.85,0.15
2015-04-06 07:15:00,1.4,101610.0,278.25,0.15
2015-04-06 07:30:00,1.75,101635.0,278.7,0.15
2015-04-06 07:45:00,2.4,101650.0,278.85,0.15
2015-04-06 08:00:00,2.75,101665.0,278.9,0.15
2015-04-06 08:15:00,2.8,101680.0,279.04999999999995,0.15
2015-04-06 08:30:00,2.5,101695.0,279.45,0.15
2015-04-06 08:45:00,2.8,101700.0,279.65,0.15
2015-04-06 09:00:00,3.05,101705.0,280.0,0.15
2015-04-06 09:15:00,3.0,101710.0,280.25,0.15
2015-04-06 09:30:00,3.2,101725.0,280.25,0.15
2015-04-06 09:45:00,3.3,101730.0,280.25,0.15
2015-04-06 10:00:00,3.35,101735.0,280.6,0.15
2015-04-06 10:15:00,3.5,101750.0,280.85,0.15
2015-04-06 10:30:00,3.4,101755.0,280.75,0.15
2015-04-06 10:45:00,2.9,101770.0,280.75,0.15
2015-04-06 11:00:00,3.35,101775.0,281.2,0.15
2015-04-06 11:15:00,3.4,101790.0,281.04999999999995,0.15
2015-04-06 11:30:00,3.25,101790.0,281.7,0.15
2015-04-06 11:45:00,3.0,101800.0,281.75,0.15
2015-04-06 12:00:00,3.0,101815.0,281.65,0.15
2015-04-06 12:15:00,2.8,101830.0,281.45,0.15
2015-04-06 12:30:00,3.1,101835.0,281.65,0.15
2015-04-06 12:45:00,3.2,101850.0,281.45,0.15
2015-04-06 13:00:00,2.75,101865.0,281.5,0.15
2015-04-06 13:15:00,2.6,101870.0,282.15,0.15
2015-04-06 13:30:00,2.75,101860.0,282.25,0.15
2015-04-06 13:45:00,3.6,101870.0,281.95,0.15
2015-04-06 14:00:00,3.0,101870.0,282.85,0.15
2015-04-06 14:15:00,3.3,101880.0,282.75,0.15
2015-04-06 14:30:00,3.05,101880.0,282.65,0.15
2015-04-06 14:45:00,3.5,101870.0,283.15,0.15
2015-04-06 15:00:00,3.8,101880.0,282.79999999999995,0.15
2015-04-06 15:15:00,3.0,101880.0,282.65,0.15
2015-04-06 15:30:00,2.9,101895.0,283.1,0.15
2015-04-06 15:45:00,2.5,101910.0,283.75,0.15
2015-04-06 16:00:00,2.6,101925.0,283.04999999999995,0.15
2015-04-06 16:15:00,3.0,101930.0,283.25,0.15
2015-04-06 16:30:00,3.25,101935.0,283.54999999999995,0.15
2015-04-06 16:45:00,3.3,101950.0,283.35,0.15
2015-04-06 17:00:00,2.95,101955.0,283.0,0.15
2015-04-06 17:15:00,3.4,101980.0,283.04999999999995,0.15
2015-04-06 17:30:00,3.1,101995.0,282.54999999999995,0.15
2015-04-06 17:45:00,2.4,102010.0,281.54999999999995,0.15
2015-04-06 18:00:00,2.6500000000000004,102020.0,281.5,0.15
2015-04-06 18:15:00,2.6,102040.0,281.04999999999995,0.15
2015-04-06 18:30:00,2.5,102065.0,280.54999999999995,0.15
2015-04-06 18:45:00,2.1,102070.0,280.25,0.15
2015-04-06 19:00:00,1.7999999999999998,102095.0,279.54999999999995,0.15
2015-04-06 19:15:00,1.6,102100.0,279.75,0.15
2015-04-06 19:30:00,1.3,102130.0,279.25,0.15
2015-04-06 19:45:00,0.4,102140.0,278.95,0.15
2015-04-06 20:00:00,0.6,102150.0,278.6,0.15
2015-04-06 20:15:00,0.9,102160.0,278.25,0.15
2015-04-06 20:30:00,1.1,102175.0,277.75,0.15
2015-04-06 20:45:00,1.4,102190.0,277.54999999999995,0.15
2015-04-06 21:00:00,1.65,102205.0,277.04999999999995,0.15
2015-04-06 21:15:00,1.9,102220.0,276.35,0.15
2015-04-06 21:30:00,1.5499999999999998,102245.0,275.25,0.15
2015-04-06 21:45:00,0.8,102260.0,274.54999999999995,0.15
2015-04-06 22:00:00,0.95,102285.0,274.79999999999995,0.15
2015-04-06 22:15:00,1.0,102310.0,275.25,0.15
2015-04-06 22:30:00,0.95,102325.0,274.95,0.15
2015-04-06 22:45:00,1.4,102320.0,275.15,0.15
2015-04-06 23:00:00,0.95,102345.0,274.6,0.15
2015-04-06 23:15:00,1.7,102370.0,274.45,0.15
2015-04-06 23:30:00,1.5,102400.0,274.7,0.15
2015-04-06 23:45:00,2.4,102400.0,274.45,0.15
2015-04-07 00:00:00,3.1,102390.0,274.54999999999995,0.15
2015-04-07 00:15:00,2.2,102390.0,275.04999999999995,0.15
2015-04-07 00:30:00,1.85,102385.0,274.65,0.15
2015-04-07 00:45:00,1.4,102400.0,272.95,0.15
2015-04-07 01:00:00,1.15,102395.0,272.85,0.15
2015-04-07 01:15:00,2.3,102390.0,273.45,0.15
2015-04-07 01:30:00,2.6,102390.0,273.1,0.15
2015-04-07 01:45:00,2.5,102390.0,272.95,0.15
2015-04-07 02:00:00,2.4,102375.0,272.54999999999995,0.15
2015-04-07 02:15:00,2.2,102390.0,272.65,0.15
2015-04-07 02:30:00,1.6,102405.0,272.54999999999995,0.15
2015-04-07 02:45:00,1.5,102420.0,272.75,0.15
2015-04-07 03:00:00,1.75,102420.0,272.54999999999995,0.15
2015-04-07 03:15:00,2.1,102400.0,272.15,0.15
2015-04-07 03:30:00,2.4000000000000004,102405.0,271.95,0.15
2015-04-07 03:45:00,1.4,102420.0,272.35,0.15
2015-04-07 04:00:00,1.9,102435.0,271.95,0.15
2015-04-07 04:15:00,1.9,102450.0,272.04999999999995,0.15
2015-04-07 04:30:00,1.7999999999999998,102470.0,271.85,0.15
2015-04-07 04:45:00,1.4,102480.0,271.25,0.15
2015-04-07 05:00:00,1.55,102515.0,271.65,0.15
2015-04-07 05:15:00,1.7,102520.0,271.95,0.15
2015-04-07 05:30:00,2.15,102530.0,271.79999999999995,0.15
2015-04-07 05:45:00,2.1,102540.0,272.65,0.15
2015-04-07 06:00:00,2.1,102535.0,272.5,0.15
2015-04-07 06:15:00,1.9,102550.0,272.75,0.15
2015-04-07 06:30:00,2.4,102560.0,273.85,0.15
2015-04-07 06:45:00,2.1,102570.0,274.45,0.15
2015-04-07 07:00:00,1.6,102575.0,275.7,0.15
2015-04-07 07:15:00,1.2,102580.0,276.85,0.15
2015-04-07 07:30:00,1.5,102575.0,277.54999999999995,0.15
2015-04-07 07:45:00,1.3,102570.0,278.75,0.15
2015-04-07 08:00:00,1.1,102575.0,279.2,0.15
2015-04-07 08:15:00,0.9,102590.0,279.75,0.15
2015-04-07 08:30:00,0.8500000000000001,102590.0,280.95,0.15
2015-04-07 08:45:00,0.8,102570.0,281.54999999999995,0.15
2015-04-07 09:00:00,0.8500000000000001,102575.0,282.25,0.15
2015-04-07 09:15:00,0.8,102580.0,282.35,0.15
2015-04-07 09:30:00,1.35,102575.0,283.6,0.15
2015-04-07 09:45:00,1.4,102570.0,284.04999999999995,0.15
2015-04-07 10:00:00,1.25,102560.0,284.6,0.15
2015-04-07 10:15:00,1.4,102560.0,284.54999999999995,0.15
2015-04-07 10:30:00,2.4000000000000004,102535.0,285.4,0.15
2015-04-07 10:45:00,2.2,102530.0,285.54999999999995,0.15
2015-04-07 11:00:00,2.1500000000000004,102510.0,285.6,0.15
2015-04-07 11:15:00,3.9,102500.0,285.25,0.15
2015-04-07 11:30:00,2.95,102485.0,285.79999999999995,0.15
2015-04-07 11:45:00,1.8,102470.0,285.95,0.15
2015-04-07 12:00:00,3.45,102455.0,286.45,0.15
2015-04-07 12:15:00,3.2,102440.0,285.95,0.15
2015-04-07 12:30:00,2.75,102425.0,286.95,0.15
2015-04-07 12:45:00,3.0,102410.0,286.95,0.15
2015-04-07 13:00:00,2.95,102395.0,287.2,0.15
2015-04-07 13:15:00,2.5,102380.0,287.15,0.15
2015-04-07 13:30:00,2.9,102360.0,287.29999999999995,0.15
2015-04-07 13:45:00,3.1,102340.0,286.85,0.15
2015-04-07 14:00:00,3.05,102315.0,286.95,0.15
2015-04-07 14:15:00,4.4,102310.0,286.95,0.15
2015-04-07 14:30:00,3.4000000000000004,102295.0,286.75,0.15
2015-04-07 14:45:00,3.2,102280.0,286.95,0.15
2015-04-07 15:00:00,4.05,102275.0,286.5,0.15
2015-04-07 15:15:00,3.4,102260.0,286.45,0.15
2015-04-07 15:30:00,3.4,102255.0,286.29999999999995,0.15
2015-04-07 15:45:00,4.1,102250.0,286.04999999999995,0.15
2015-04-07 16:00:00,3.55,102225.0,286.4,0.15
2015-04-07 16:15:00,3.3,102210.0,286.25,0.15
2015-04-07 16:30:00,3.85,102205.0,286.1,0.15
2015-04-07 16:45:00,4.3,102200.0,285.85,0.15
2015-04-07 17:00:00,3.8,102195.0,285.54999999999995,0.15
2015-04-07 17:15:00,3.8,102190.0,284.65,0.15
2015-04-07 17:30:00,3.7,102180.0,284.25,0.15
2015-04-07 17:45:00,3.4,102170.0,283.95,0.15
2015-04-07 18:00:00,2.95,102180.0,283.29999999999995,0.15
2015-04-07 18:15:00,2.0,102190.0,283.15,0.15
2015-04-07 18:30:00,1.8,102190.0,283.0,0.15
2015-04-07 18:45:00,1.5,102200.0,282.95,0.15
2015-04-07 19:00:00,1.0,102210.0,282.29999999999995,0.15
2015-04-07 19:15:00,1.0,102230.0,281.45,0.15
2015-04-07 19:30:00,0.95,102235.0,281.04999999999995,0.15
2015-04-07 19:45:00,1.1,102240.0,281.15,0.15
2015-04-07 20:00:00,1.35,102230.0,281.35,0.15
2015-04-07 20:15:00,1.6,102230.0,281.65,0.15
2015-04-07 20:30:00,1.6,102230.0,280.75,0.15
2015-04-07 20:45:00,1.1,102240.0,280.25,0.15
2015-04-07 21:00:00,1.75,102225.0,279.79999999999995,0.15
2015-04-07 21:15:00,1.7,102210.0,279.95,0.15
2015-04-07 21:30:00,1.7,102215.0,279.65,0.15
2015-04-07 21:45:00,1.6,102210.0,279.04999999999995,0.15
2015-04-07 22:00:00,1.0,102195.0,278.7,0.15
2015-04-07 22:15:00,0.7,102180.0,278.15,0.15
2015-04-07 22:30:00,1.2,102180.0,278.2,0.15
2015-04-07 22:45:00,1.9,102180.0,278.04999999999995,0.15
2015-04-07 23:00:00,1.35,102170.0,277.85,0.15
2015-04-07 23:15:00,1.9,102180.0,277.95,0.15
2015-04-07 23:30:00,1.6,102180.0,277.79999999999995,0.15
2015-04-07 23:45:00,1.7,102170.0,277.25,0.15
2015-04-08 00:00:00,2.0,102170.0,277.25,0.15
2015-04-08 00:15:00,1.8,102180.0,276.95,0.15
2015-04-08 00:30:00,1.85,102175.0,276.4,0.15
2015-04-08 00:45:00,1.5,102160.0,276.75,0.15
2015-04-08 01:00:00,1.55,102155.0,276.5,0.15
2015-04-08 01:15:00,1.7,102150.0,276.65,0.15
2015-04-08 01:30:00,2.05,102155.0,276.4,0.15
2015-04-08 01:45:00,1.8,102150.0,276.85,0.15
2015-04-08 02:00:00,1.95,102140.0,275.75,0.15
2015-04-08 02:15:00,2.0,102130.0,275.85,0.15
2015-04-08 02:30:00,1.75,102130.0,275.85,0.15
2015-04-08 02:45:00,2.0,102130.0,275.75,0.15
2015-04-08 03:00:00,2.1,102125.0,276.2,0.15
2015-04-08 03:15:00,1.7,102130.0,276.35,0.15
2015-04-08 03:30:00,1.75,102140.0,276.29999999999995,0.15
2015-04-08 03:45:00,2.2,102140.0,275.75,0.15
2015-04-08 04:00:00,2.35,102145.0,275.2,0.15
2015-04-08 04:15:00,2.9,102160.0,274.85,0.15
2015-04-08 04:30:00,2.1,102160.0,274.29999999999995,0.15
2015-04-08 04:45:00,1.3,102180.0,274.25,0.15
2015-04-08 05:00:00,2.15,102170.0,274.35,0.15
2015-04-08 05:15:00,1.6,102180.0,273.75,0.15
2015-04-08 05:30:00,2.1,102180.0,274.45,0.15
2015-04-08 05:45:00,2.6,102200.0,275.35,0.15
2015-04-08 06:00:00,1.95,102215.0,275.85,0.15
2015-04-08 06:15:00,2.0,102220.0,276.35,0.15
2015-04-08 06:30:00,1.35,102230.0,276.95,0.15
2015-04-08 06:45:00,0.8,102230.0,278.45,0.15
2015-04-08 07:00:00,0.8,102240.0,279.0,0.15
2015-04-08 07:15:00,0.5,102240.0,279.45,0.15
2015-04-08 07:30:00,0.5,102245.0,279.7,0.15
2015-04-08 07:45:00,0.4,102250.0,280.75,0.15
2015-04-08 08:00:00,0.7,102255.0,280.75,0.15
2015-04-08 08:15:00,1.1,102270.0,280.75,0.15
2015-04-08 08:30:00,1.2999999999999998,102270.0,281.4,0.15
2015-04-08 08:45:00,2.2,102270.0,281.35,0.15
2015-04-08 09:00:00,2.65,102280.0,281.5,0.15
2015-04-08 09:15:00,3.1,102270.0,281.54999999999995,0.15
2015-04-08 09:30:00,2.8,102270.0,281.7,0.15
2015-04-08 09:45:00,2.0,102260.0,282.15,0.15
2015-04-08 10:00:00,2.05,102260.0,282.25,0.15
2015-04-08 10:15:00,1.9,102260.0,282.54999999999995,0.15
2015-04-08 10:30:00,2.4,102270.0,282.85,0.15
2015-04-08 10:45:00,1.8,102260.0,283.35,0.15
2015-04-08 11:00:00,2.05,102260.0,283.04999999999995,0.15
2015-04-08 11:15:00,2.4,102260.0,283.45,0.15
2015-04-08 11:30:00,2.15,102260.0,283.6,0.15
2015-04-08 11:45:00,2.4,102260.0,283.85,0.15
2015-04-08 12:00:00,2.25,102250.0,283.75,0.15
2015-04-08 12:15:00,2.7,102250.0,284.04999999999995,0.15
2015-04-08 12:30:00,2.4000000000000004,102240.0,284.54999999999995,0.15
2015-04-08 12:45:00,2.8,102230.0,284.65,0.15
2015-04-08 13:00:00,1.85,102210.0,284.9,0.15
2015-04-08 13:15:00,1.5,102180.0,285.54999999999995,0.15
2015-04-08 13:30:00,1.95,102170.0,285.54999999999995,0.15
2015-04-08 13:45:00,2.0,102140.0,285.85,0.15
2015-04-08 14:00:00,1.95,102110.0,286.65,0.15
2015-04-08 14:15:00,1.8,102090.0,286.65,0.15
2015-04-08 14:30:00,1.9,102075.0,286.9,0.15
2015-04-08 14:45:00,1.9,102070.0,287.25,0.15
2015-04-08 15:00:00,1.55,102060.0,287.2,0.15
2015-04-08 15:15:00,1.8,102060.0,288.35,0.15
2015-04-08 15:30:00,1.4,102045.0,287.95,0.15
2015-04-08 15:45:00,1.0,102040.0,287.65,0.15
2015-04-08 16:00:00,1.3,102015.0,288.0,0.15
2015-04-08 16:15:00,0.4,102000.0,288.25,0.15
2015-04-08 16:30:00,0.6499999999999999,101990.0,287.85,0.15
2015-04-08 16:45:00,0.6,101990.0,287.65,0.15
2015-04-08 17:00:00,1.85,101980.0,287.54999999999995,0.15
2015-04-08 17:15:00,2.1,101980.0,287.25,0.15
2015-04-08 17:30:00,2.3,101980.0,286.35,0.15
2015-04-08 17:45:00,2.1,101980.0,285.35,0.15
2015-04-08 18:00:00,1.95,101980.0,284.79999999999995,0.15
2015-04-08 18:15:00,1.5,101980.0,284.54999999999995,0.15
2015-04-08 18:30:00,1.35,101980.0,284.25,0.15
2015-04-08 18:45:00,1.6,101990.0,283.45,0.15
2015-04-08 19:00:00,1.0,101990.0,283.65,0.15
2015-04-08 19:15:00,1.1,101980.0,282.95,0.15
2015-04-08 19:30:00,1.5499999999999998,101980.0,283.2,0.15
2015-04-08 19:45:00,1.4,101980.0,283.25,0.15
2015-04-08 20:00:00,1.45,101970.0,282.65,0.15
2015-04-08 20:15:00,1.7,101960.0,281.85,0.15
2015-04-08 20:30:00,1.7000000000000002,101965.0,281.4,0.15
2015-04-08 20:45:00,1.1,101960.0,280.85,0.15
2015-04-08 21:00:00,1.65,101955.0,280.4,0.15
2015-04-08 21:15:00,1.2,101950.0,280.65,0.15
2015-04-08 21:30:00,0.8,101940.0,280.15,0.15
2015-04-08 21:45:00,1.1,101930.0,279.85,0.15
2015-04-08 22:00:00,1.5,101930.0,279.54999999999995,0.15
2015-04-08 22:15:00,2.2,101920.0,280.75,0.15
2015-04-08 22:30:00,2.4000000000000004,101915.0,279.45,0.15
2015-04-08 22:45:00,1.9,101910.0,279.54999999999995,0.15
2015-04-08 23:00:00,1.5499999999999998,101915.0,279.2,0.15
2015-04-08 23:15:00,1.3,101920.0,279.15,0.15
2015-04-08 23:30:00,2.2,101905.0,278.5,0.15
2015-04-08 23:45:00,3.1,101880.0,277.85,0.15
2015-04-09 00:00:00,2.55,101870.0,279.54999999999995,0.15
2015-04-09 00:15:00,2.1,101860.0,279.65,0.15
2015-04-09 00:30:00,1.15,101855.0,278.1,0.15
2015-04-09 00:45:00,0.7,101860.0,277.85,0.15
2015-04-09 01:00:00,0.95,101845.0,278.15,0.15
2015-04-09 01:15:00,1.1,101840.0,277.54999999999995,0.15
2015-04-09 01:30:00,1.8,101845.0,277.25,0.15
2015-04-09 01:45:00,2.0,101830.0,277.45,0.15
2015-04-09 02:00:00,1.55,101825.0,277.29999999999995,0.15
2015-04-09 02:15:00,2.2,101810.0,276.45,0.15
2015-04-09 02:30:00,2.85,101795.0,275.79999999999995,0.15
2015-04-09 02:45:00,2.7,101790.0,277.45,0.15
2015-04-09 03:00:00,2.8,101785.0,277.2,0.15
2015-04-09 03:15:00,2.8,101770.0,277.75,0.15
2015-04-09 03:30:00,1.85,101755.0,278.35,0.15
2015-04-09 03:45:00,1.6,101750.0,277.25,0.15
2015-04-09 04:00:00,2.1,101740.0,277.04999999999995,0.15
2015-04-09 04:15:00,2.0,101750.0,277.35,0.15
2015-04-09 04:30:00,1.3,101750.0,277.5,0.15
2015-04-09 04:45:00,1.8,101740.0,276.95,0.15
2015-04-09 05:00:00,2.85,101730.0,275.75,0.15
2015-04-09 05:15:00,3.2,101730.0,278.04999999999995,0.15
2015-04-09 05:30:00,3.05,101730.0,279.25,0.15
2015-04-09 05:45:00,2.7,101720.0,279.85,0.15
2015-04-09 06:00:00,1.35,101720.0,280.0,0.15
2015-04-09 06:15:00,1.8,101710.0,280.65,0.15
2015-04-09 06:30:00,2.05,101715.0,281.0,0.15
2015-04-09 06:45:00,1.9,101700.0,282.04999999999995,0.15
2015-04-09 07:00:00,1.9,101700.0,283.0,0.15
2015-04-09 07:15:00,2.1,101700.0,283.54999999999995,0.15
2015-04-09 07:30:00,3.55,101700.0,284.54999999999995,0.15
2015-04-09 07:45:00,4.3,101690.0,285.54999999999995,0.15
2015-04-09 08:00:00,3.4,101700.0,285.79999999999995,0.15
2015-04-09 08:15:00,2.7,101690.0,286.25,0.15
2015-04-09 08:30:00,1.75,101680.0,286.5,0.15
2015-04-09 08:45:00,1.5,101670.0,287.15,0.15
2015-04-09 09:00:00,1.8,101655.0,287.9,0.15
2015-04-09 09:15:00,1.7,101640.0,288.35,0.15
2015-04-09 09:30:00,1.9,101630.0,289.1,0.15
2015-04-09 09:45:00,2.7,101610.0,289.65,0.15
2015-04-09 10:00:00,1.85,101580.0,289.75,0.15
2015-04-09 10:15:00,2.0,101580.0,290.35,0.15
2015-04-09 10:30:00,2.95,101565.0,291.29999999999995,0.15
2015-04-09 10:45:00,2.8,101540.0,290.95,0.15
2015-04-09 11:00:00,3.55,101525.0,291.9,0.15
2015-04-09 11:15:00,2.8,101500.0,291.85,0.15
2015-04-09 11:30:00,2.8,101485.0,292.65,0.15
2015-04-09 11:45:00,2.5,101480.0,293.04999999999995,0.15
2015-04-09 12:00:00,2.6,101465.0,292.65,0.15
2015-04-09 12:15:00,2.6,101450.0,292.95,0.15
2015-04-09 12:30:00,2.0,101430.0,293.4,0.15
2015-04-09 12:45:00,3.3,101420.0,293.15,0.15
2015-04-09 13:00:00,2.05,101405.0,293.04999999999995,0.15
2015-04-09 13:15:00,2.0,101390.0,293.45,0.15
2015-04-09 13:30:00,2.25,101365.0,293.15,0.15
2015-04-09 13:45:00,1.8,101340.0,294.04999999999995,0.15
2015-04-09 14:00:00,2.0,101325.0,293.6,0.15
2015-04-09 14:15:00,1.9,101310.0,293.95,0.15
2015-04-09 14:30:00,1.65,101290.0,293.9,0.15
2015-04-09 14:45:00,2.0,101270.0,294.54999999999995,0.15
2015-04-09 15:00:00,1.2999999999999998,101255.0,294.6,0.15
2015-04-09 15:15:00,1.1,101230.0,294.75,0.15
2015-04-09 15:30:00,1.15,101215.0,294.5,0.15
2015-04-09 15:45:00,1.5,101200.0,294.45,0.15
2015-04-09 16:00:00,0.9,101175.0,294.2,0.15
2015-04-09 16:15:00,0.9,101160.0,294.15,0.15
2015-04-09 16:30:00,1.3,101160.0,293.79999999999995,0.15
2015-04-09 16:45:00,2.4,101160.0,293.75,0.15
2015-04-09 17:00:00,2.2,101155.0,293.65,0.15
2015-04-09 17:15:00,2.1,101160.0,293.54999999999995,0.15
2015-04-09 17:30:00,1.45,101160.0,293.25,0.15
2015-04-09 17:45:00,1.4,101160.0,292.35,0.15
2015-04-09 18:00:00,3.5,101160.0,290.4,0.15
2015-04-09 18:15:00,3.3,101160.0,290.65,0.15
2015-04-09 18:30:00,2.6,101175.0,290.1,0.15
2015-04-09 18:45:00,2.3,101180.0,289.25,0.15
2015-04-09 19:00:00,2.2,101190.0,288.7,0.15
2015-04-09 19:15:00,2.1,101200.0,288.45,0.15
2015-04-09 19:30:00,1.85,101190.0,287.6,0.15
2015-04-09 19:45:00,1.7,101190.0,287.25,0.15
2015-04-09 20:00:00,1.6,101195.0,287.45,0.15
2015-04-09 20:15:00,1.4,101190.0,286.65,0.15
2015-04-09 20:30:00,0.7,101190.0,286.35,0.15
2015-04-09 20:45:00,0.8,101190.0,286.04999999999995,0.15
2015-04-09 21:00:00,1.5,101205.0,284.79999999999995,0.15
2015-04-09 21:15:00,0.9,101200.0,284.95,0.15
2015-04-09 21:30:00,0.8,101200.0,284.2,0.15
2015-04-09 21:45:00,1.2,101190.0,284.75,0.15
2015-04-09 22:00:00,2.15,101185.0,284.04999999999995,0.15
2015-04-09 22:15:00,1.9,101190.0,282.35,0.15
2015-04-09 22:30:00,2.05,101180.0,283.1,0.15
2015-04-09 22:45:00,2.3,101180.0,282.85,0.15
2015-04-09 23:00:00,2.0,101180.0,283.15,0.15
2015-04-09 23:15:00,2.0,101170.0,282.65,0.15
2015-04-09 23:30:00,2.35,101165.0,282.29999999999995,0.15
2015-04-09 23:45:00,1.6,101160.0,281.15,0.15
2015-04-10 00:00:00,2.25,101155.0,280.65,0.15
2015-04-10 00:15:00,1.3,101150.0,280.35,0.15
2015-04-10 00:30:00,2.3,101145.0,280.4,0.15
2015-04-10 00:45:00,1.9,101140.0,279.95,0.15
2015-04-10 01:00:00,1.4,101130.0,279.7,0.15
2015-04-10 01:15:00,1.5,101120.0,279.35,0.15
2015-04-10 01:30:00,1.45,101120.0,279.79999999999995,0.15
2015-04-10 01:45:00,2.3,101110.0,278.75,0.15
2015-04-10 02:00:00,1.95,101100.0,279.35,0.15
2015-04-10 02:15:00,2.3,101100.0,278.85,0.15
2015-04-10 02:30:00,2.0,101105.0,279.1,0.15
2015-04-10 02:45:00,2.1,101100.0,278.65,0.15
2015-04-10 03:00:00,2.05,101090.0,278.75,0.15
2015-04-10 03:15:00,1.5,101080.0,278.25,0.15
2015-04-10 03:30:00,1.7000000000000002,101080.0,278.25,0.15
2015-04-10 03:45:00,1.7,101060.0,279.25,0.15
2015-04-10 04:00:00,1.7,101065.0,278.54999999999995,0.15
2015-04-10 04:15:00,2.4,101050.0,278.35,0.15
2015-04-10 04:30:00,1.95,101070.0,277.6,0.15
2015-04-10 04:45:00,1.9,101080.0,276.45,0.15
2015-04-10 05:00:00,1.95,101075.0,277.9,0.15
2015-04-10 05:15:00,1.2,101080.0,277.95,0.15
2015-04-10 05:30:00,1.35,101090.0,278.0,0.15
2015-04-10 05:45:00,1.6,101100.0,278.85,0.15
2015-04-10 06:00:00,1.5499999999999998,101100.0,279.5,0.15
2015-04-10 06:15:00,1.5,101110.0,280.95,0.15
2015-04-10 06:30:00,0.8,101105.0,281.75,0.15
2015-04-10 06:45:00,0.9,101090.0,283.85,0.15
2015-04-10 07:00:00,1.7000000000000002,101080.0,285.2,0.15
2015-04-10 07:15:00,2.1,101080.0,285.54999999999995,0.15
2015-04-10 07:30:00,2.25,101060.0,286.29999999999995,0.15
2015-04-10 07:45:00,2.0,101060.0,286.95,0.15
2015-04-10 08:00:00,1.85,101055.0,287.5,0.15
2015-04-10 08:15:00,1.8,101040.0,288.35,0.15
2015-04-10 08:30:00,1.75,101025.0,288.95,0.15
2015-04-10 08:45:00,1.7,101020.0,289.85,0.15
2015-04-10 09:00:00,1.5,101005.0,290.45,0.15
2015-04-10 09:15:00,1.5,101010.0,291.35,0.15
2015-04-10 09:30:00,1.2999999999999998,100990.0,292.0,0.15
2015-04-10 09:45:00,1.2,100980.0,292.35,0.15
2015-04-10 10:00:00,1.4500000000000002,100960.0,293.4,0.15
2015-04-10 10:15:00,1.5,100950.0,294.65,0.15
2015-04-10 10:30:00,2.3,100915.0,294.25,0.15
2015-04-10 10:45:00,2.1,100910.0,294.45,0.15
2015-04-10 11:00:00,1.7,100885.0,294.79999999999995,0.15
2015-04-10 11:15:00,3.5,100870.0,295.15,0.15
2015-04-10 11:30:00,1.4,100850.0,295.4,0.15
2015-04-10 11:45:00,1.4,100830.0,295.85,0.15
2015-04-10 12:00:00,2.7,100800.0,296.29999999999995,0.15
2015-04-10 12:15:00,1.9,100770.0,295.95,0.15
2015-04-10 12:30:00,1.85,100760.0,296.54999999999995,0.15
2015-04-10 12:45:00,2.3,100750.0,297.35,0.15
2015-04-10 13:00:00,2.4000000000000004,100725.0,297.0,0.15
2015-04-10 13:15:00,2.4,100700.0,297.25,0.15
2015-04-10 13:30:00,2.7,100690.0,297.1,0.15
2015-04-10 13:45:00,2.3,100660.0,297.25,0.15
2015-04-10 14:00:00,2.0,100645.0,297.75,0.15
2015-04-10 14:15:00,2.5,100640.0,297.45,0.15
2015-04-10 14:30:00,2.45,100615.0,296.95,0.15
2015-04-10 14:45:00,1.0,100610.0,297.45,0.15
2015-04-10 15:00:00,2.15,100575.0,297.79999999999995,0.15
2015-04-10 15:15:00,1.9,100550.0,297.45,0.15
2015-04-10 15:30:00,2.2,100535.0,297.65,0.15
2015-04-10 15:45:00,1.7,100530.0,297.45,0.15
2015-04-10 16:00:00,2.05,100505.0,297.5,0.15
2015-04-10 16:15:00,1.8,100500.0,297.65,0.15
2015-04-10 16:30:00,2.7,100490.0,297.04999999999995,0.15
2015-04-10 16:45:00,2.1,100480.0,296.75,0.15
2015-04-10 17:00:00,2.25,100475.0,296.1,0.15
2015-04-10 17:15:00,1.5,100470.0,295.95,0.15
2015-04-10 17:30:00,1.65,100480.0,294.95,0.15
2015-04-10 17:45:00,1.5,100480.0,294.75,0.15
2015-04-10 18:00:00,1.25,100480.0,293.6,0.15
2015-04-10 18:15:00,0.8,100490.0,293.04999999999995,0.15
2015-04-10 18:30:00,1.05,100495.0,292.79999999999995,0.15
2015-04-10 18:45:00,2.0,100510.0,291.54999999999995,0.15
2015-04-10 19:00:00,2.75,100510.0,291.5,0.15
2015-04-10 19:15:00,2.4,100510.0,291.25,0.15
2015-04-10 19:30:00,2.55,100510.0,291.4,0.15
2015-04-10 19:45:00,2.2,100510.0,291.25,0.15
2015-04-10 20:00:00,2.55,100510.0,290.5,0.15
2015-04-10 20:15:00,2.5,100510.0,290.54999999999995,0.15
2015-04-10 20:30:00,2.2,100505.0,290.75,0.15
2015-04-10 20:45:00,1.6,100500.0,290.04999999999995,0.15
2015-04-10 21:00:00,1.5,100510.0,289.29999999999995,0.15
2015-04-10 21:15:00,0.9,100510.0,286.85,0.15
2015-04-10 21:30:00,1.4500000000000002,100520.0,286.7,0.15
2015-04-10 21:45:00,1.7,100520.0,286.95,0.15
2015-04-10 22:00:00,2.55,100535.0,286.25,0.15
2015-04-10 22:15:00,1.8,100550.0,285.45,0.15
2015-04-10 22:30:00,1.6,100555.0,287.1,0.15
2015-04-10 22:45:00,1.9,100550.0,287.65,0.15
2015-04-10 23:00:00,1.7000000000000002,100540.0,287.4,0.15
2015-04-10 23:15:00,2.3,100530.0,286.45,0.15
2015-04-10 23:30:00,2.8,100525.0,286.5,0.15
2015-04-10 23:45:00,2.9,100520.0,286.45,0.15
2015-04-11 00:00:00,2.3,100515.0,285.5,0.15
2015-04-11 00:15:00,2.4,100510.0,286.04999999999995,0.15
2015-04-11 00:30:00,1.6,100515.0,285.65,0.15
2015-04-11 00:45:00,2.7,100520.0,285.15,0.15
2015-04-11 01:00:00,2.85,100515.0,284.75,0.15
2015-04-11 01:15:00,3.3,100510.0,283.85,0.15
2015-04-11 01:30:00,3.25,100500.0,284.1,0.15
2015-04-11 01:45:00,3.8,100500.0,284.25,0.15
2015-04-11 02:00:00,3.75,100510.0,284.65,0.15
2015-04-11 02:15:00,3.9,100520.0,285.85,0.15
2015-04-11 02:30:00,3.7,100520.0,286.54999999999995,0.15
2015-04-11 02:45:00,3.8,100520.0,285.54999999999995,0.15
2015-04-11 03:00:00,3.55,100520.0,285.2,0.15
2015-04-11 03:15:00,3.5,100520.0,285.45,0.15
2015-04-11 03:30:00,3.0,100515.0,286.35,0.15
2015-04-11 03:45:00,2.7,100520.0,285.65,0.15
2015-04-11 04:00:00,2.75,100530.0,284.7,0.15
2015-04-11 04:15:00,3.0,100540.0,285.95,0.15
2015-04-11 04:30:00,2.85,100550.0,284.75,0.15
2015-04-11 04:45:00,2.4,100560.0,284.85,0.15
2015-04-11 05:00:00,2.75,100560.0,285.0,0.15
2015-04-11 05:15:00,3.2,100570.0,284.65,0.15
2015-04-11 05:30:00,4.050000000000001,100590.0,286.2,0.15
2015-04-11 05:45:00,4.3,100600.0,286.65,0.15
2015-04-11 06:00:00,4.25,100610.0,287.0,0.15
2015-04-11 06:15:00,3.6,100630.0,287.35,0.15
2015-04-11 06:30:00,3.75,100630.0,287.6,0.15
2015-04-11 06:45:00,3.7,100630.0,287.45,0.15
2015-04-11 07:00:00,2.7,100655.0,287.29999999999995,0.15
2015-04-11 07:15:00,2.7,100660.0,287.35,0.15
2015-04-11 07:30:00,3.0,100660.0,287.75,0.15
2015-04-11 07:45:00,2.9,100650.0,287.85,0.15
2015-04-11 08:00:00,2.95,100655.0,288.04999999999995,0.15
2015-04-11 08:15:00,4.1,100670.0,288.45,0.15
2015-04-11 08:30:00,6.550000000000001,100700.0,288.75,0.15
2015-04-11 08:45:00,7.2,100720.0,288.95,0.15
2015-04-11 09:00:00,6.45,100715.0,288.79999999999995,0.15
2015-04-11 09:15:00,7.0,100720.0,289.04999999999995,0.15
2015-04-11 09:30:00,7.65,100725.0,289.15,0.15
2015-04-11 09:45:00,7.7,100730.0,289.25,0.15
2015-04-11 10:00:00,8.05,100735.0,289.5,0.15
2015-04-11 10:15:00,7.9,100730.0,289.54999999999995,0.15
2015-04-11 10:30:00,7.1,100725.0,290.25,0.15
2015-04-11 10:45:00,7.8,100720.0,290.15,0.15
2015-04-11 11:00:00,7.35,100720.0,289.75,0.15
2015-04-11 11:15:00,7.1,100730.0,289.54999999999995,0.15
2015-04-11 11:30:00,8.3,100745.0,289.04999999999995,0.15
2015-04-11 11:45:00,7.7,100750.0,288.65,0.15
2015-04-11 12:00:00,7.15,100770.0,289.65,0.15
2015-04-11 12:15:00,6.6,100760.0,289.54999999999995,0.15
2015-04-11 12:30:00,6.7,100770.0,290.5,0.15
2015-04-11 12:45:00,6.7,100770.0,289.65,0.15
2015-04-11 13:00:00,5.550000000000001,100785.0,289.6,0.15
2015-04-11 13:15:00,5.0,100810.0,289.15,0.15
2015-04-11 13:30:00,4.800000000000001,100825.0,289.7,0.15
2015-04-11 13:45:00,7.0,100830.0,289.65,0.15
2015-04-11 14:00:00,6.7,100835.0,290.25,0.15
2015-04-11 14:15:00,7.0,100850.0,290.25,0.15
2015-04-11 14:30:00,6.35,100860.0,289.65,0.15
2015-04-11 14:45:00,5.7,100880.0,289.45,0.15
2015-04-11 15:00:00,4.65,100895.0,289.0,0.15
2015-04-11 15:15:00,6.3,100890.0,288.85,0.15
2015-04-11 15:30:00,6.7,100950.0,288.79999999999995,0.15
2015-04-11 15:45:00,5.4,100940.0,288.54999999999995,0.15
2015-04-11 16:00:00,4.699999999999999,100955.0,288.4,0.15
2015-04-11 16:15:00,4.2,100960.0,288.45,0.15
2015-04-11 16:30:00,4.1,100965.0,288.4,0.15
2015-04-11 16:45:00,4.5,100970.0,288.45,0.15
2015-04-11 17:00:00,4.05,100980.0,288.35,0.15
2015-04-11 17:15:00,4.4,100990.0,288.15,0.15
2015-04-11 17:30:00,4.7,101015.0,287.95,0.15
2015-04-11 17:45:00,4.5,101060.0,287.75,0.15
2015-04-11 18:00:00,6.5,101125.0,285.9,0.15
2015-04-11 18:15:00,4.7,101180.0,285.95,0.15
2015-04-11 18:30:00,6.15,101205.0,285.5,0.15
2015-04-11 18:45:00,8.2,101260.0,283.75,0.15
2015-04-11 19:00:00,6.699999999999999,101320.0,283.1,0.15
2015-04-11 19:15:00,5.0,101350.0,282.95,0.15
2015-04-11 19:30:00,6.45,101395.0,282.45,0.15
2015-04-11 19:45:00,4.7,101440.0,282.35,0.15
2015-04-11 20:00:00,4.05,101480.0,282.15,0.15
2015-04-11 20:15:00,3.6,101500.0,281.85,0.15
2015-04-11 20:30:00,3.45,101530.0,281.79999999999995,0.15
2015-04-11 20:45:00,3.1,101540.0,281.95,0.15
2015-04-11 21:00:00,1.8,101555.0,281.6,0.15
2015-04-11 21:15:00,1.5,101570.0,281.35,0.15
2015-04-11 21:30:00,1.4,101610.0,281.35,0.15
2015-04-11 21:45:00,1.6,101630.0,281.45,0.15
2015-04-11 22:00:00,2.0,101650.0,281.2,0.15
2015-04-11 22:15:00,1.9,101660.0,280.75,0.15
2015-04-11 22:30:00,1.55,101680.0,280.85,0.15
2015-04-11 22:45:00,1.2,101690.0,280.45,0.15
2015-04-11 23:00:00,0.25,101695.0,280.65,0.15
2015-04-11 23:15:00,0.2,101700.0,280.65,0.15
2015-04-11 23:30:00,1.4,101710.0,280.4,0.15
2015-04-11 23:45:00,1.6,101710.0,280.25,0.15
2015-04-12 00:00:00,1.05,101735.0,279.85,0.15
2015-04-12 00:15:00,1.2,101740.0,279.45,0.15
2015-04-12 00:30:00,2.15,101735.0,279.25,0.15
2015-04-12 00:45:00,2.8,101720.0,279.35,0.15
2015-04-12 01:00:00,2.55,101715.0,279.54999999999995,0.15
2015-04-12 01:15:00,2.0,101730.0,279.35,0.15
2015-04-12 01:30:00,1.95,101735.0,279.15,0.15
2015-04-12 01:45:00,1.9,101730.0,279.15,0.15
2015-04-12 02:00:00,2.35,101740.0,279.15,0.15
2015-04-12 02:15:00,2.3,101750.0,278.95,0.15
2015-04-12 02:30:00,2.4000000000000004,101760.0,278.85,0.15
2015-04-12 02:45:00,2.8,101750.0,278.95,0.15
2015-04-12 03:00:00,2.8,101760.0,278.54999999999995,0.15
2015-04-12 03:15:00,2.7,101770.0,278.25,0.15
2015-04-12 03:30:00,2.3,101770.0,278.7,0.15
2015-04-12 03:45:00,2.4,101770.0,278.65,0.15
2015-04-12 04:00:00,2.6500000000000004,101765.0,278.4,0.15
2015-04-12 04:15:00,2.4,101770.0,278.35,0.15
2015-04-12 04:30:00,2.45,101760.0,278.4,0.15
2015-04-12 04:45:00,2.2,101760.0,278.25,0.15
2015-04-12 05:00:00,2.15,101770.0,278.15,0.15
2015-04-12 05:15:00,1.8,101800.0,276.04999999999995,0.15
2015-04-12 05:30:00,2.5,101805.0,277.65,0.15
2015-04-12 05:45:00,2.3,101810.0,278.54999999999995,0.15
2015-04-12 06:00:00,2.25,101810.0,279.29999999999995,0.15
2015-04-12 06:15:00,1.8,101820.0,279.85,0.15
2015-04-12 06:30:00,2.05,101835.0,280.54999999999995,0.15
2015-04-12 06:45:00,2.1,101840.0,281.35,0.15
2015-04-12 07:00:00,2.05,101840.0,281.75,0.15
2015-04-12 07:15:00,2.0,101840.0,282.35,0.15
2015-04-12 07:30:00,2.8,101830.0,283.0,0.15
2015-04-12 07:45:00,3.2,101840.0,283.54999999999995,0.15
2015-04-12 08:00:00,3.25,101840.0,284.4,0.15
2015-04-12 08:15:00,2.6,101840.0,284.85,0.15
2015-04-12 08:30:00,3.0,101820.0,285.2,0.15
2015-04-12 08:45:00,3.2,101820.0,285.65,0.15
2015-04-12 09:00:00,3.0,101820.0,286.04999999999995,0.15
2015-04-12 09:15:00,3.5,101830.0,286.25,0.15
2015-04-12 09:30:00,2.95,101830.0,287.15,0.15
2015-04-12 09:45:00,2.9,101810.0,287.25,0.15
2015-04-12 10:00:00,2.85,101800.0,287.45,0.15
2015-04-12 10:15:00,3.2,101790.0,288.25,0.15
2015-04-12 10:30:00,4.4,101770.0,288.15,0.15
2015-04-12 10:45:00,3.1,101780.0,288.04999999999995,0.15
2015-04-12 11:00:00,4.0,101750.0,288.54999999999995,0.15
2015-04-12 11:15:00,3.6,101720.0,288.65,0.15
2015-04-12 11:30:00,4.9,101710.0,289.15,0.15
2015-04-12 11:45:00,5.1,101710.0,288.65,0.15
2015-04-12 12:00:00,4.65,101700.0,289.85,0.15
2015-04-12 12:15:00,4.8,101680.0,289.85,0.15
2015-04-12 12:30:00,4.4,101665.0,289.95,0.15
2015-04-12 12:45:00,3.0,101630.0,289.95,0.15
2015-04-12 13:00:00,3.8,101620.0,290.25,0.15
2015-04-12 13:15:00,4.2,101610.0,290.04999999999995,0.15
2015-04-12 13:30:00,4.85,101595.0,290.65,0.15
2015-04-12 13:45:00,3.4,101570.0,290.95,0.15
2015-04-12 14:00:00,4.6,101565.0,291.25,0.15
2015-04-12 14:15:00,3.4,101550.0,291.15,0.15
2015-04-12 14:30:00,3.35,101530.0,291.29999999999995,0.15
2015-04-12 14:45:00,3.2,101520.0,291.54999999999995,0.15
2015-04-12 15:00:00,3.45,101505.0,291.15,0.15
2015-04-12 15:15:00,3.8,101490.0,291.04999999999995,0.15
2015-04-12 15:30:00,3.3,101480.0,291.1,0.15
2015-04-12 15:45:00,2.9,101470.0,290.85,0.15
2015-04-12 16:00:00,3.1,101450.0,291.29999999999995,0.15
2015-04-12 16:15:00,2.7,101450.0,290.54999999999995,0.15
2015-04-12 16:30:00,2.75,101435.0,290.25,0.15
2015-04-12 16:45:00,2.0,101410.0,290.75,0.15
2015-04-12 17:00:00,2.05,101400.0,290.6,0.15
2015-04-12 17:15:00,1.7,101380.0,290.45,0.15
2015-04-12 17:30:00,2.05,101370.0,289.75,0.15
2015-04-12 17:45:00,2.0,101360.0,288.54999999999995,0.15
2015-04-12 18:00:00,1.4500000000000002,101360.0,287.9,0.15
2015-04-12 18:15:00,1.2,101350.0,287.54999999999995,0.15
2015-04-12 18:30:00,1.4500000000000002,101360.0,287.45,0.15
2015-04-12 18:45:00,0.9,101370.0,287.25,0.15
2015-04-12 19:00:00,1.15,101375.0,286.29999999999995,0.15
2015-04-12 19:15:00,0.6,101400.0,285.45,0.15
2015-04-12 19:30:00,0.85,101405.0,285.95,0.15
2015-04-12 19:45:00,0.4,101400.0,285.25,0.15
2015-04-12 20:00:00,0.55,101400.0,285.15,0.15
2015-04-12 20:15:00,1.5,101400.0,285.65,0.15
2015-04-12 20:30:00,1.45,101390.0,285.29999999999995,0.15
2015-04-12 20:45:00,1.9,101400.0,285.25,0.15
2015-04-12 21:00:00,2.1500000000000004,101395.0,285.29999999999995,0.15
2015-04-12 21:15:00,2.3,101390.0,284.95,0.15
2015-04-12 21:30:00,2.85,101380.0,285.35,0.15
2015-04-12 21:45:00,3.8,101370.0,286.25,0.15
2015-04-12 22:00:00,3.8,101370.0,286.6,0.15
2015-04-12 22:15:00,4.1,101370.0,286.54999999999995,0.15
2015-04-12 22:30:00,3.65,101375.0,286.54999999999995,0.15
2015-04-12 22:45:00,3.4,101390.0,286.65,0.15
2015-04-12 23:00:00,3.2,101395.0,286.7,0.15
2015-04-12 23:15:00,3.4,101410.0,286.85,0.15
2015-04-12 23:30:00,3.15,101410.0,287.35,0.15
2015-04-12 23:45:00,3.3,101410.0,287.25,0.15
2015-04-13 00:00:00,3.9,101405.0,287.29999999999995,0.15
2015-04-13 00:15:00,4.0,101410.0,287.45,0.15
2015-04-13 00:30:00,4.8,101415.0,287.4,0.15
2015-04-13 00:45:00,6.2,101440.0,287.15,0.15
2015-04-13 01:00:00,5.45,101440.0,286.9,0.15
2015-04-13 01:15:00,5.5,101460.0,286.45,0.15
2015-04-13 01:30:00,4.5,101465.0,285.95,0.15
2015-04-13 01:45:00,5.3,101470.0,285.75,0.15
2015-04-13 02:00:00,5.7,101510.0,285.45,0.15
2015-04-13 02:15:00,5.3,101520.0,284.95,0.15
2015-04-13 02:30:00,4.25,101545.0,285.2,0.15
2015-04-13 02:45:00,4.6,101540.0,285.15,0.15
2015-04-13 03:00:00,3.85,101550.0,284.95,0.15
2015-04-13 03:15:00,4.5,101570.0,284.85,0.15
2015-04-13 03:30:00,4.45,101565.0,284.75,0.15
2015-04-13 03:45:00,5.8,101590.0,284.35,0.15
2015-04-13 04:00:00,4.85,101595.0,283.95,0.15
2015-04-13 04:15:00,6.2,101640.0,283.54999999999995,0.15
2015-04-13 04:30:00,5.2,101665.0,283.04999999999995,0.15
2015-04-13 04:45:00,4.0,101690.0,282.25,0.15
2015-04-13 05:00:00,4.0,101710.0,282.2,0.15
2015-04-13 05:15:00,4.6,101730.0,282.25,0.15
2015-04-13 05:30:00,4.7,101745.0,282.1,0.15
2015-04-13 05:45:00,4.9,101760.0,282.15,0.15
2015-04-13 06:00:00,4.199999999999999,101780.0,282.1,0.15
2015-04-13 06:15:00,3.5,101810.0,282.15,0.15
2015-04-13 06:30:00,3.9,101830.0,282.1,0.15
2015-04-13 06:45:00,3.7,101850.0,282.15,0.15
2015-04-13 07:00:00,3.25,101870.0,282.25,0.15
2015-04-13 07:15:00,3.5,101890.0,282.54999999999995,0.15
2015-04-13 07:30:00,3.65,101895.0,282.85,0.15
2015-04-13 07:45:00,4.4,101910.0,282.95,0.15
2015-04-13 08:00:00,4.2,101925.0,283.5,0.15
2015-04-13 08:15:00,4.1,101950.0,283.25,0.15
2015-04-13 08:30:00,3.55,101970.0,283.6,0.15
2015-04-13 08:45:00,3.8,101990.0,283.54999999999995,0.15
2015-04-13 09:00:00,3.4,102005.0,284.15,0.15
2015-04-13 09:15:00,2.8,102020.0,284.75,0.15
2015-04-13 09:30:00,3.45,102020.0,284.79999999999995,0.15
2015-04-13 09:45:00,3.3,102020.0,284.54999999999995,0.15
2015-04-13 10:00:00,3.15,102020.0,285.35,0.15
2015-04-13 10:15:00,2.7,102010.0,285.65,0.15
2015-04-13 10:30:00,2.75,102010.0,285.4,0.15
2015-04-13 10:45:00,3.8,102010.0,285.95,0.15
2015-04-13 11:00:00,3.65,102010.0,286.15,0.15
2015-04-13 11:15:00,3.3,102020.0,286.54999999999995,0.15
2015-04-13 11:30:00,4.1,102005.0,286.75,0.15
2015-04-13 11:45:00,4.1,102000.0,287.04999999999995,0.15
2015-04-13 12:00:00,3.5,101995.0,286.65,0.15
2015-04-13 12:15:00,3.9,101990.0,287.25,0.15
2015-04-13 12:30:00,3.7,101980.0,286.9,0.15
2015-04-13 12:45:00,3.9,101980.0,287.25,0.15
2015-04-13 13:00:00,3.9,101965.0,287.45,0.15
2015-04-13 13:15:00,3.3,101960.0,286.85,0.15
2015-04-13 13:30:00,3.65,101955.0,286.79999999999995,0.15
2015-04-13 13:45:00,4.0,101930.0,287.35,0.15
2015-04-13 14:00:00,3.45,101925.0,287.5,0.15
2015-04-13 14:15:00,2.5,101920.0,287.04999999999995,0.15
2015-04-13 14:30:00,4.3,101915.0,287.35,0.15
2015-04-13 14:45:00,3.1,101910.0,288.15,0.15
2015-04-13 15:00:00,3.9,101900.0,287.6,0.15
2015-04-13 15:15:00,4.9,101890.0,287.25,0.15
2015-04-13 15:30:00,3.55,101885.0,287.25,0.15
2015-04-13 15:45:00,3.7,101870.0,287.25,0.15
2015-04-13 16:00:00,4.25,101875.0,287.25,0.15
2015-04-13 16:15:00,4.2,101860.0,287.04999999999995,0.15
2015-04-13 16:30:00,4.5,101865.0,286.75,0.15
2015-04-13 16:45:00,4.4,101850.0,286.25,0.15
2015-04-13 17:00:00,4.0,101860.0,286.1,0.15
2015-04-13 17:15:00,4.5,101840.0,285.95,0.15
2015-04-13 17:30:00,4.1,101840.0,285.54999999999995,0.15
2015-04-13 17:45:00,3.6,101840.0,284.65,0.15
2015-04-13 18:00:00,2.95,101850.0,284.04999999999995,0.15
2015-04-13 18:15:00,2.4,101840.0,284.25,0.15
2015-04-13 18:30:00,2.55,101860.0,284.04999999999995,0.15
2015-04-13 18:45:00,1.4,101890.0,283.54999999999995,0.15
2015-04-13 19:00:00,1.4,101895.0,283.45,0.15
2015-04-13 19:15:00,1.2,101910.0,282.65,0.15
2015-04-13 19:30:00,1.1,101915.0,282.1,0.15
2015-04-13 19:45:00,1.3,101920.0,282.15,0.15
2015-04-13 20:00:00,1.2999999999999998,101925.0,281.45,0.15
2015-04-13 20:15:00,1.2,101930.0,281.35,0.15
2015-04-13 20:30:00,1.55,101920.0,280.95,0.15
2015-04-13 20:45:00,2.0,101920.0,280.75,0.15
2015-04-13 21:00:00,1.7,101910.0,280.2,0.15
2015-04-13 21:15:00,1.7,101910.0,278.65,0.15
2015-04-13 21:30:00,1.7000000000000002,101920.0,280.15,0.15
2015-04-13 21:45:00,1.7,101920.0,279.35,0.15
2015-04-13 22:00:00,1.45,101930.0,280.25,0.15
2015-04-13 22:15:00,1.5,101930.0,280.35,0.15
2015-04-13 22:30:00,1.7,101930.0,279.79999999999995,0.15
2015-04-13 22:45:00,1.5,101920.0,279.85,0.15
2015-04-13 23:00:00,1.6,101920.0,278.75,0.15
2015-04-13 23:15:00,1.9,101910.0,278.35,0.15
2015-04-13 23:30:00,1.55,101910.0,278.2,0.15
2015-04-13 23:45:00,1.9,101910.0,278.75,0.15
2015-04-14 00:00:00,1.8,101895.0,279.1,0.15
2015-04-14 00:15:00,1.7,101880.0,278.15,0.15
2015-04-14 00:30:00,2.35,101865.0,278.6,0.15
2015-04-14 00:45:00,2.6,101850.0,278.85,0.15
2015-04-14 01:00:00,2.9,101825.0,278.85,0.15
2015-04-14 01:15:00,2.6,101810.0,279.75,0.15
2015-04-14 01:30:00,2.0,101805.0,278.4,0.15
2015-04-14 01:45:00,2.1,101790.0,279.15,0.15
2015-04-14 02:00:00,2.1,101795.0,279.5,0.15
2015-04-14 02:15:00,1.8,101790.0,279.54999999999995,0.15
2015-04-14 02:30:00,1.65,101780.0,279.79999999999995,0.15
2015-04-14 02:45:00,1.2,101780.0,278.85,0.15
2015-04-14 03:00:00,1.6,101780.0,277.85,0.15
2015-04-14 03:15:00,2.0,101770.0,277.45,0.15
2015-04-14 03:30:00,2.9000000000000004,101750.0,279.7,0.15
2015-04-14 03:45:00,3.3,101750.0,280.15,0.15
2015-04-14 04:00:00,2.05,101740.0,280.15,0.15
2015-04-14 04:15:00,1.7,101740.0,279.95,0.15
2015-04-14 04:30:00,1.9,101740.0,279.9,0.15
2015-04-14 04:45:00,1.6,101740.0,279.75,0.15
2015-04-14 05:00:00,1.95,101740.0,278.9,0.15
2015-04-14 05:15:00,2.3,101740.0,279.85,0.15
2015-04-14 05:30:00,1.85,101735.0,280.4,0.15
2015-04-14 05:45:00,1.7,101720.0,280.75,0.15
2015-04-14 06:00:00,1.75,101720.0,281.2,0.15
2015-04-14 06:15:00,1.9,101710.0,281.54999999999995,0.15
2015-04-14 06:30:00,1.7,101715.0,282.15,0.15
2015-04-14 06:45:00,2.5,101710.0,283.15,0.15
2015-04-14 07:00:00,2.3,101695.0,283.65,0.15
2015-04-14 07:15:00,2.2,101680.0,284.45,0.15
2015-04-14 07:30:00,2.0,101680.0,284.95,0.15
2015-04-14 07:45:00,2.1,101670.0,285.65,0.15
2015-04-14 08:00:00,2.3,101660.0,286.79999999999995,0.15
2015-04-14 08:15:00,2.8,101650.0,287.35,0.15
2015-04-14 08:30:00,2.25,101645.0,287.7,0.15
2015-04-14 08:45:00,1.9,101630.0,288.35,0.15
2015-04-14 09:00:00,1.6,101625.0,289.0,0.15
2015-04-14 09:15:00,1.6,101610.0,290.04999999999995,0.15
2015-04-14 09:30:00,2.0,101590.0,290.2,0.15
2015-04-14 09:45:00,1.3,101580.0,290.85,0.15
2015-04-14 10:00:00,2.55,101565.0,291.29999999999995,0.15
2015-04-14 10:15:00,2.9,101540.0,291.54999999999995,0.15
2015-04-14 10:30:00,2.8,101515.0,292.1,0.15
2015-04-14 10:45:00,2.8,101490.0,292.45,0.15
2015-04-14 11:00:00,2.85,101475.0,292.95,0.15
2015-04-14 11:15:00,2.6,101450.0,294.35,0.15
2015-04-14 11:30:00,2.9000000000000004,101435.0,294.25,0.15
2015-04-14 11:45:00,4.7,101420.0,295.35,0.15
2015-04-14 12:00:00,5.65,101395.0,295.15,0.15
2015-04-14 12:15:00,5.0,101390.0,295.35,0.15
2015-04-14 12:30:00,4.75,101360.0,295.9,0.15
2015-04-14 12:45:00,6.5,101340.0,295.75,0.15
2015-04-14 13:00:00,6.35,101325.0,296.15,0.15
2015-04-14 13:15:00,6.2,101310.0,295.95,0.15
2015-04-14 13:30:00,5.949999999999999,101285.0,296.35,0.15
2015-04-14 13:45:00,6.6,101250.0,296.35,0.15
2015-04-14 14:00:00,7.15,101235.0,296.7,0.15
2015-04-14 14:15:00,6.2,101230.0,296.45,0.15
2015-04-14 14:30:00,6.9,101200.0,296.79999999999995,0.15
2015-04-14 14:45:00,6.5,101200.0,296.75,0.15
2015-04-14 15:00:00,6.550000000000001,101195.0,296.2,0.15
2015-04-14 15:15:00,5.9,101180.0,296.35,0.15
2015-04-14 15:30:00,6.65,101170.0,296.0,0.15
2015-04-14 15:45:00,4.7,101160.0,295.75,0.15
2015-04-14 16:00:00,5.449999999999999,101145.0,295.85,0.15
2015-04-14 16:15:00,5.9,101140.0,295.65,0.15
2015-04-14 16:30:00,5.800000000000001,101125.0,295.54999999999995,0.15
2015-04-14 16:45:00,5.9,101110.0,295.65,0.15
2015-04-14 17:00:00,5.4,101110.0,294.9,0.15
2015-04-14 17:15:00,5.5,101100.0,294.85,0.15
2015-04-14 17:30:00,4.7,101095.0,294.4,0.15
2015-04-14 17:45:00,4.4,101100.0,293.75,0.15
2015-04-14 18:00:00,4.0,101100.0,293.45,0.15
2015-04-14 18:15:00,4.0,101100.0,293.54999999999995,0.15
2015-04-14 18:30:00,3.9,101105.0,292.65,0.15
2015-04-14 18:45:00,3.8,101110.0,292.35,0.15
2015-04-14 19:00:00,3.55,101110.0,292.0,0.15
2015-04-14 19:15:00,3.3,101110.0,291.85,0.15
2015-04-14 19:30:00,3.2,101115.0,291.29999999999995,0.15
2015-04-14 19:45:00,2.5,101120.0,289.75,0.15
2015-04-14 20:00:00,2.7,101110.0,289.35,0.15
2015-04-14 20:15:00,2.8,101120.0,289.35,0.15
2015-04-14 20:30:00,2.05,101110.0,290.1,0.15
2015-04-14 20:45:00,1.7,101110.0,290.25,0.15
2015-04-14 21:00:00,2.15,101095.0,289.25,0.15
2015-04-14 21:15:00,2.3,101090.0,288.25,0.15
2015-04-14 21:30:00,2.6500000000000004,101090.0,288.9,0.15
2015-04-14 21:45:00,2.5,101090.0,287.85,0.15
2015-04-14 22:00:00,1.7,101090.0,287.65,0.15
2015-04-14 22:15:00,1.9,101080.0,287.65,0.15
2015-04-14 22:30:00,1.05,101090.0,286.95,0.15
2015-04-14 22:45:00,0.6,101080.0,287.15,0.15
2015-04-14 23:00:00,0.35,101070.0,287.1,0.15
2015-04-14 23:15:00,0.9,101060.0,286.85,0.15
2015-04-14 23:30:00,1.05,101050.0,286.54999999999995,0.15
2015-04-14 23:45:00,1.3,101040.0,285.15,0.15
2015-04-15 00:00:00,1.4,101040.0,286.15,0.15
2015-04-15 00:15:00,1.0,101030.0,286.45,0.15
2015-04-15 00:30:00,1.15,101030.0,286.1,0.15
2015-04-15 00:45:00,1.2,101020.0,286.04999999999995,0.15
2015-04-15 01:00:00,1.1,101005.0,285.45,0.15
2015-04-15 01:15:00,1.7,100990.0,284.65,0.15
2015-04-15 01:30:00,2.1,100985.0,283.54999999999995,0.15
2015-04-15 01:45:00,2.0,100970.0,282.04999999999995,0.15
2015-04-15 02:00:00,2.1,100955.0,282.54999999999995,0.15
2015-04-15 02:15:00,2.4,100940.0,283.75,0.15
2015-04-15 02:30:00,1.75,100935.0,282.4,0.15
2015-04-15 02:45:00,2.1,100920.0,283.54999999999995,0.15
2015-04-15 03:00:00,2.4000000000000004,100910.0,282.85,0.15
2015-04-15 03:15:00,2.6,100900.0,282.54999999999995,0.15
2015-04-15 03:30:00,2.5,100885.0,281.25,0.15
2015-04-15 03:45:00,2.3,100880.0,281.04999999999995,0.15
2015-04-15 04:00:00,2.3,100880.0,281.04999999999995,0.15
2015-04-15 04:15:00,2.4,100870.0,281.15,0.15
2015-04-15 04:30:00,2.1500000000000004,100870.0,280.35,0.15
2015-04-15 04:45:00,2.1,100860.0,280.85,0.15
2015-04-15 05:00:00,2.05,100870.0,279.85,0.15
2015-04-15 05:15:00,2.1,100870.0,280.95,0.15
2015-04-15 05:30:00,2.35,100865.0,282.1,0.15
2015-04-15 05:45:00,2.0,100860.0,282.65,0.15
2015-04-15 06:00:00,1.85,100865.0,284.95,0.15
2015-04-15 06:15:00,1.4,100860.0,286.65,0.15
2015-04-15 06:30:00,1.65,100860.0,287.45,0.15
2015-04-15 06:45:00,1.3,100850.0,287.75,0.15
2015-04-15 07:00:00,1.15,100845.0,288.6,0.15
2015-04-15 07:15:00,1.3,100830.0,289.75,0.15
2015-04-15 07:30:00,1.4,100820.0,290.45,0.15
2015-04-15 07:45:00,1.5,100820.0,291.25,0.15
2015-04-15 08:00:00,2.15,100820.0,291.79999999999995,0.15
2015-04-15 08:15:00,1.8,100820.0,291.75,0.15
2015-04-15 08:30:00,1.7,100805.0,292.7,0.15
2015-04-15 08:45:00,1.7,100790.0,293.65,0.15
2015-04-15 09:00:00,1.25,100775.0,294.04999999999995,0.15
2015-04-15 09:15:00,1.4,100760.0,294.45,0.15
2015-04-15 09:30:00,2.3,100755.0,294.9,0.15
2015-04-15 09:45:00,1.7,100740.0,295.35,0.15
2015-04-15 10:00:00,2.0,100725.0,295.29999999999995,0.15
2015-04-15 10:15:00,1.8,100710.0,295.75,0.15
2015-04-15 10:30:00,2.15,100690.0,296.1,0.15
2015-04-15 10:45:00,3.8,100660.0,296.54999999999995,0.15
2015-04-15 11:00:00,3.4,100645.0,297.1,0.15
2015-04-15 11:15:00,4.2,100620.0,297.54999999999995,0.15
2015-04-15 11:30:00,3.7,100600.0,297.54999999999995,0.15
2015-04-15 11:45:00,3.8,100570.0,297.35,0.15
2015-04-15 12:00:00,4.199999999999999,100545.0,297.95,0.15
2015-04-15 12:15:00,3.2,100530.0,298.65,0.15
2015-04-15 12:30:00,3.6,100505.0,298.29999999999995,0.15
2015-04-15 12:45:00,3.4,100480.0,298.04999999999995,0.15
2015-04-15 13:00:00,3.15,100465.0,298.25,0.15
2015-04-15 13:15:00,1.7,100440.0,297.85,0.15
2015-04-15 13:30:00,3.7,100410.0,298.5,0.15
2015-04-15 13:45:00,2.4,100380.0,298.65,0.15
2015-04-15 14:00:00,3.0,100360.0,298.79999999999995,0.15
2015-04-15 14:15:00,3.8,100330.0,298.85,0.15
2015-04-15 14:30:00,3.65,100315.0,298.7,0.15
2015-04-15 14:45:00,3.6,100310.0,298.54999999999995,0.15
2015-04-15 15:00:00,5.15,100290.0,298.1,0.15
2015-04-15 15:15:00,4.6,100280.0,298.15,0.15
2015-04-15 15:30:00,5.45,100260.0,297.79999999999995,0.15
2015-04-15 15:45:00,5.2,100250.0,297.54999999999995,0.15
2015-04-15 16:00:00,4.4,100235.0,297.35,0.15
2015-04-15 16:15:00,4.5,100220.0,297.15,0.15
2015-04-15 16:30:00,4.55,100215.0,297.1,0.15
2015-04-15 16:45:00,4.1,100210.0,297.04999999999995,0.15
2015-04-15 17:00:00,4.35,100200.0,296.54999999999995,0.15
2015-04-15 17:15:00,4.4,100200.0,295.95,0.15
2015-04-15 17:30:00,3.35,100190.0,295.6,0.15
2015-04-15 17:45:00,2.8,100190.0,294.85,0.15
2015-04-15 18:00:00,2.7,100185.0,294.9,0.15
2015-04-15 18:15:00,1.6,100180.0,294.75,0.15
2015-04-15 18:30:00,1.4,100180.0,293.75,0.15
2015-04-15 18:45:00,1.4,100190.0,292.65,0.15
2015-04-15 19:00:00,1.25,100190.0,292.1,0.15
2015-04-15 19:15:00,1.1,100200.0,291.85,0.15
2015-04-15 19:30:00,0.9,100205.0,291.5,0.15
2015-04-15 19:45:00,1.1,100210.0,291.54999999999995,0.15
2015-04-15 20:00:00,1.55,100215.0,290.4,0.15
2015-04-15 20:15:00,0.6,100230.0,289.75,0.15
2015-04-15 20:30:00,0.45,100230.0,290.35,0.15
2015-04-15 20:45:00,0.8,100240.0,289.95,0.15
2015-04-15 21:00:00,1.1,100230.0,289.2,0.15
2015-04-15 21:15:00,1.0,100230.0,288.04999999999995,0.15
2015-04-15 21:30:00,1.7000000000000002,100230.0,286.75,0.15
2015-04-15 21:45:00,1.5,100230.0,286.35,0.15
2015-04-15 22:00:00,1.85,100235.0,285.95,0.15
2015-04-15 22:15:00,1.5,100230.0,285.95,0.15
2015-04-15 22:30:00,1.15,100245.0,284.35,0.15
2015-04-15 22:45:00,0.5,100260.0,286.35,0.15
2015-04-15 23:00:00,1.35,100265.0,286.25,0.15
2015-04-15 23:15:00,1.5,100270.0,285.85,0.15
2015-04-15 23:30:00,1.5499999999999998,100270.0,285.75,0.15
2015-04-15 23:45:00,1.1,100270.0,285.15,0.15
2015-04-16 00:00:00,1.0,100255.0,285.65,0.15
2015-04-16 00:15:00,1.2,100250.0,285.75,0.15
2015-04-16 00:30:00,2.2,100240.0,285.35,0.15
2015-04-16 00:45:00,2.3,100230.0,285.15,0.15
2015-04-16 01:00:00,2.0,100230.0,284.25,0.15
2015-04-16 01:15:00,1.2,100240.0,284.35,0.15
2015-04-16 01:30:00,1.1,100250.0,283.7,0.15
2015-04-16 01:45:00,0.8,100270.0,283.35,0.15
2015-04-16 02:00:00,0.6499999999999999,100275.0,282.54999999999995,0.15
2015-04-16 02:15:00,0.4,100280.0,283.15,0.15
2015-04-16 02:30:00,0.05,100285.0,282.75,0.15
2015-04-16 02:45:00,0.1,100290.0,283.15,0.15
2015-04-16 03:00:00,0.4,100285.0,282.35,0.15
2015-04-16 03:15:00,0.4,100290.0,281.75,0.15
2015-04-16 03:30:00,0.25,100305.0,281.95,0.15
2015-04-16 03:45:00,0.2,100310.0,281.75,0.15
2015-04-16 04:00:00,1.2000000000000002,100305.0,280.75,0.15
2015-04-16 04:15:00,0.8,100310.0,281.25,0.15
2015-04-16 04:30:00,0.7,100320.0,280.9,0.15
2015-04-16 04:45:00,0.3,100330.0,281.04999999999995,0.15
2015-04-16 05:00:00,0.15,100330.0,281.25,0.15
2015-04-16 05:15:00,0.3,100340.0,281.25,0.15
2015-04-16 05:30:00,0.6000000000000001,100365.0,281.4,0.15
2015-04-16 05:45:00,1.1,100390.0,281.25,0.15
2015-04-16 06:00:00,1.2000000000000002,100400.0,282.1,0.15
2015-04-16 06:15:00,1.1,100420.0,283.04999999999995,0.15
2015-04-16 06:30:00,1.3,100420.0,283.79999999999995,0.15
2015-04-16 06:45:00,1.0,100410.0,284.54999999999995,0.15
2015-04-16 07:00:00,0.6499999999999999,100410.0,285.04999999999995,0.15
2015-04-16 07:15:00,0.6,100400.0,285.95,0.15
2015-04-16 07:30:00,1.05,100400.0,286.25,0.15
2015-04-16 07:45:00,0.8,100400.0,286.85,0.15
2015-04-16 08:00:00,1.0,100400.0,287.35,0.15
2015-04-16 08:15:00,1.5,100410.0,287.85,0.15
2015-04-16 08:30:00,1.5,100410.0,288.0,0.15
2015-04-16 08:45:00,1.5,100420.0,288.45,0.15
2015-04-16 09:00:00,1.7,100410.0,289.0,0.15
2015-04-16 09:15:00,2.0,100420.0,289.85,0.15
2015-04-16 09:30:00,1.7000000000000002,100410.0,289.95,0.15
2015-04-16 09:45:00,1.9,100410.0,290.45,0.15
2015-04-16 10:00:00,2.35,100405.0,291.2,0.15
2015-04-16 10:15:00,2.7,100400.0,291.25,0.15
2015-04-16 10:30:00,2.9,100385.0,291.4,0.15
2015-04-16 10:45:00,3.6,100370.0,291.65,0.15
2015-04-16 11:00:00,3.2,100365.0,291.7,0.15
2015-04-16 11:15:00,3.1,100350.0,291.75,0.15
2015-04-16 11:30:00,2.55,100340.0,292.15,0.15
2015-04-16 11:45:00,3.2,100320.0,292.65,0.15
2015-04-16 12:00:00,3.0,100305.0,292.54999999999995,0.15
2015-04-16 12:15:00,3.7,100300.0,292.75,0.15
2015-04-16 12:30:00,3.7,100280.0,292.75,0.15
2015-04-16 12:45:00,3.7,100260.0,292.95,0.15
2015-04-16 13:00:00,4.2,100245.0,292.95,0.15
2015-04-16 13:15:00,4.4,100220.0,292.95,0.15
2015-04-16 13:30:00,4.4,100205.0,293.0,0.15
2015-04-16 13:45:00,4.1,100180.0,293.85,0.15
2015-04-16 14:00:00,4.3,100155.0,293.54999999999995,0.15
2015-04-16 14:15:00,4.7,100160.0,293.54999999999995,0.15
2015-04-16 14:30:00,4.35,100140.0,293.35,0.15
2015-04-16 14:45:00,4.7,100130.0,293.45,0.15
2015-04-16 15:00:00,4.7,100120.0,293.45,0.15
2015-04-16 15:15:00,4.6,100110.0,293.04999999999995,0.15
2015-04-16 15:30:00,3.9,100105.0,293.0,0.15
2015-04-16 15:45:00,3.8,100100.0,292.65,0.15
2015-04-16 16:00:00,4.449999999999999,100090.0,292.1,0.15
2015-04-16 16:15:00,4.3,100090.0,291.95,0.15
2015-04-16 16:30:00,4.45,100085.0,291.79999999999995,0.15
2015-04-16 16:45:00,4.3,100090.0,291.65,0.15
2015-04-16 17:00:00,4.7,100105.0,290.85,0.15
2015-04-16 17:15:00,4.6,100120.0,290.65,0.15
2015-04-16 17:30:00,4.05,100100.0,290.35,0.15
2015-04-16 17:45:00,4.8,100110.0,289.75,0.15
2015-04-16 18:00:00,4.65,100120.0,289.5,0.15
2015-04-16 18:15:00,5.4,100140.0,288.85,0.15
2015-04-16 18:30:00,5.3,100145.0,288.15,0.15
2015-04-16 18:45:00,4.4,100150.0,287.54999999999995,0.15
2015-04-16 19:00:00,4.85,100160.0,287.2,0.15
2015-04-16 19:15:00,4.0,100190.0,286.85,0.15
2015-04-16 19:30:00,3.55,100190.0,286.85,0.15
2015-04-16 19:45:00,3.1,100220.0,286.65,0.15
2015-04-16 20:00:00,3.1500000000000004,100235.0,286.29999999999995,0.15
2015-04-16 20:15:00,4.0,100220.0,286.15,0.15
2015-04-16 20:30:00,3.8,100220.0,285.85,0.15
2015-04-16 20:45:00,3.6,100220.0,285.45,0.15
2015-04-16 21:00:00,1.75,100265.0,285.25,0.15
2015-04-16 21:15:00,1.9,100270.0,285.25,0.15
2015-04-16 21:30:00,2.65,100270.0,284.79999999999995,0.15
2015-04-16 21:45:00,2.4,100260.0,284.35,0.15
2015-04-16 22:00:00,2.65,100265.0,284.4,0.15
2015-04-16 22:15:00,2.6,100280.0,284.15,0.15
2015-04-16 22:30:00,2.45,100280.0,284.1,0.15
2015-04-16 22:45:00,3.2,100280.0,284.04999999999995,0.15
2015-04-16 23:00:00,3.35,100290.0,283.7,0.15
2015-04-16 23:15:00,3.0,100290.0,283.35,0.15
2015-04-16 23:30:00,2.55,100280.0,283.04999999999995,0.15
2015-04-16 23:45:00,2.7,100280.0,282.95,0.15
2015-04-17 00:00:00,2.5,100260.0,282.7,0.15
2015-04-17 00:15:00,2.7,100260.0,282.35,0.15
2015-04-17 00:30:00,3.1,100255.0,282.45,0.15
2015-04-17 00:45:00,2.9,100240.0,282.35,0.15
2015-04-17 01:00:00,2.6,100230.0,282.0,0.15
2015-04-17 01:15:00,3.2,100240.0,281.95,0.15
2015-04-17 01:30:00,2.9000000000000004,100235.0,282.25,0.15
2015-04-17 01:45:00,2.6,100240.0,282.15,0.15
2015-04-17 02:00:00,2.85,100245.0,281.9,0.15
2015-04-17 02:15:00,3.2,100260.0,281.85,0.15
2015-04-17 02:30:00,3.05,100245.0,281.85,0.15
2015-04-17 02:45:00,3.0,100250.0,281.35,0.15
2015-04-17 03:00:00,3.15,100255.0,281.45,0.15
2015-04-17 03:15:00,3.3,100280.0,281.15,0.15
2015-04-17 03:30:00,2.8,100285.0,281.35,0.15
2015-04-17 03:45:00,3.2,100280.0,281.25,0.15
2015-04-17 04:00:00,2.15,100290.0,281.04999999999995,0.15
2015-04-17 04:15:00,1.9,100300.0,281.15,0.15
2015-04-17 04:30:00,2.85,100315.0,281.25,0.15
2015-04-17 04:45:00,3.1,100330.0,281.25,0.15
2015-04-17 05:00:00,3.1,100340.0,281.15,0.15
2015-04-17 05:15:00,2.0,100370.0,281.25,0.15
2015-04-17 05:30:00,2.55,100385.0,281.2,0.15
2015-04-17 05:45:00,3.4,100380.0,281.35,0.15
2015-04-17 06:00:00,3.05,100385.0,281.65,0.15
2015-04-17 06:15:00,2.6,100420.0,281.85,0.15
2015-04-17 06:30:00,2.7,100415.0,282.45,0.15
2015-04-17 06:45:00,2.8,100440.0,282.75,0.15
2015-04-17 07:00:00,2.65,100440.0,282.95,0.15
2015-04-17 07:15:00,2.2,100460.0,283.04999999999995,0.15
2015-04-17 07:30:00,4.05,100480.0,282.75,0.15
2015-04-17 07:45:00,4.5,100500.0,282.65,0.15
2015-04-17 08:00:00,3.95,100500.0,283.25,0.15
2015-04-17 08:15:00,4.2,100500.0,284.54999999999995,0.15
2015-04-17 08:30:00,3.2,100495.0,284.7,0.15
2015-04-17 08:45:00,3.4,100490.0,284.95,0.15
2015-04-17 09:00:00,3.8,100490.0,285.35,0.15
2015-04-17 09:15:00,4.0,100500.0,285.85,0.15
2015-04-17 09:30:00,5.2,100505.0,286.29999999999995,0.15
2015-04-17 09:45:00,4.6,100510.0,286.95,0.15
2015-04-17 10:00:00,5.0,100510.0,286.95,0.15
2015-04-17 10:15:00,5.1,100520.0,287.25,0.15
2015-04-17 10:30:00,4.15,100520.0,287.15,0.15
2015-04-17 10:45:00,5.3,100520.0,287.75,0.15
2015-04-17 11:00:00,5.45,100525.0,288.0,0.15
2015-04-17 11:15:00,6.0,100530.0,287.65,0.15
2015-04-17 11:30:00,5.1,100520.0,288.4,0.15
2015-04-17 11:45:00,7.3,100520.0,287.54999999999995,0.15
2015-04-17 12:00:00,6.15,100520.0,288.54999999999995,0.15
2015-04-17 12:15:00,5.7,100520.0,287.95,0.15
2015-04-17 12:30:00,6.35,100515.0,287.85,0.15
2015-04-17 12:45:00,7.4,100550.0,286.75,0.15
2015-04-17 13:00:00,6.6,100555.0,287.45,0.15
2015-04-17 13:15:00,5.2,100560.0,287.45,0.15
2015-04-17 13:30:00,7.0,100590.0,286.95,0.15
2015-04-17 13:45:00,5.7,100600.0,286.45,0.15
2015-04-17 14:00:00,6.1,100585.0,287.04999999999995,0.15
2015-04-17 14:15:00,6.0,100590.0,286.45,0.15
2015-04-17 14:30:00,5.65,100600.0,286.4,0.15
2015-04-17 14:45:00,5.9,100610.0,285.95,0.15
2015-04-17 15:00:00,5.35,100610.0,286.15,0.15
2015-04-17 15:15:00,5.4,100600.0,286.85,0.15
2015-04-17 15:30:00,6.1,100600.0,286.85,0.15
2015-04-17 15:45:00,6.5,100610.0,285.95,0.15
2015-04-17 16:00:00,5.95,100615.0,286.29999999999995,0.15
2015-04-17 16:15:00,5.8,100630.0,285.95,0.15
2015-04-17 16:30:00,5.45,100630.0,285.9,0.15
2015-04-17 16:45:00,5.5,100650.0,285.35,0.15
2015-04-17 17:00:00,5.3,100660.0,286.0,0.15
2015-04-17 17:15:00,4.2,100660.0,285.45,0.15
2015-04-17 17:30:00,4.25,100695.0,285.54999999999995,0.15
2015-04-17 17:45:00,3.5,100730.0,285.15,0.15
2015-04-17 18:00:00,3.75,100750.0,284.9,0.15
2015-04-17 18:15:00,4.6,100770.0,284.65,0.15
2015-04-17 18:30:00,4.1,100790.0,284.15,0.15
2015-04-17 18:45:00,3.6,100810.0,284.15,0.15
2015-04-17 19:00:00,3.15,100830.0,283.9,0.15
2015-04-17 19:15:00,3.2,100870.0,283.45,0.15
2015-04-17 19:30:00,3.05,100880.0,282.9,0.15
2015-04-17 19:45:00,2.7,100910.0,282.25,0.15
2015-04-17 20:00:00,2.75,100930.0,282.04999999999995,0.15
2015-04-17 20:15:00,3.1,100950.0,281.35,0.15
2015-04-17 20:30:00,3.2,100965.0,281.04999999999995,0.15
2015-04-17 20:45:00,3.1,100990.0,280.85,0.15
2015-04-17 21:00:00,3.05,100995.0,280.29999999999995,0.15
2015-04-17 21:15:00,2.6,101020.0,280.25,0.15
2015-04-17 21:30:00,1.75,101040.0,279.9,0.15
2015-04-17 21:45:00,1.2,101060.0,279.85,0.15
2015-04-17 22:00:00,1.65,101080.0,279.54999999999995,0.15
2015-04-17 22:15:00,1.5,101100.0,279.65,0.15
2015-04-17 22:30:00,1.15,101110.0,278.9,0.15
2015-04-17 22:45:00,1.1,101130.0,278.75,0.15
2015-04-17 23:00:00,1.2000000000000002,101155.0,278.75,0.15
2015-04-17 23:15:00,2.0,101170.0,278.75,0.15
2015-04-17 23:30:00,2.05,101180.0,278.4,0.15
2015-04-17 23:45:00,2.3,101190.0,277.75,0.15
2015-04-18 00:00:00,2.45,101200.0,277.6,0.15
2015-04-18 00:15:00,1.4,101200.0,277.35,0.15
2015-04-18 00:30:00,1.1,101210.0,277.35,0.15
2015-04-18 00:45:00,1.2,101210.0,277.75,0.15
2015-04-18 01:00:00,1.0,101220.0,277.45,0.15
2015-04-18 01:15:00,1.0,101230.0,276.75,0.15
2015-04-18 01:30:00,0.6499999999999999,101235.0,277.0,0.15
2015-04-18 01:45:00,0.6,101240.0,276.54999999999995,0.15
2015-04-18 02:00:00,0.3,101250.0,277.35,0.15
2015-04-18 02:15:00,0.4,101260.0,277.54999999999995,0.15
2015-04-18 02:30:00,1.0,101265.0,275.75,0.15
2015-04-18 02:45:00,1.2,101260.0,275.15,0.15
2015-04-18 03:00:00,1.25,101260.0,275.79999999999995,0.15
2015-04-18 03:15:00,1.3,101250.0,275.54999999999995,0.15
2015-04-18 03:30:00,1.0,101255.0,275.45,0.15
2015-04-18 03:45:00,0.7,101270.0,275.45,0.15
2015-04-18 04:00:00,0.75,101285.0,275.65,0.15
2015-04-18 04:15:00,1.0,101300.0,275.04999999999995,0.15
2015-04-18 04:30:00,0.95,101310.0,275.79999999999995,0.15
2015-04-18 04:45:00,1.2,101330.0,275.45,0.15
2015-04-18 05:00:00,1.2,101350.0,274.65,0.15
2015-04-18 05:15:00,1.0,101370.0,274.85,0.15
2015-04-18 05:30:00,0.9,101390.0,276.04999999999995,0.15
2015-04-18 05:45:00,1.0,101410.0,276.75,0.15
2015-04-18 06:00:00,0.8,101425.0,278.04999999999995,0.15
2015-04-18 06:15:00,0.3,101440.0,278.75,0.15
2015-04-18 06:30:00,0.5,101450.0,279.65,0.15
2015-04-18 06:45:00,0.5,101460.0,280.45,0.15
2015-04-18 07:00:00,0.7,101465.0,281.35,0.15
2015-04-18 07:15:00,1.0,101470.0,282.75,0.15
2015-04-18 07:30:00,1.1,101470.0,283.15,0.15
2015-04-18 07:45:00,4.0,101470.0,283.65,0.15
2015-04-18 08:00:00,5.1,101480.0,283.9,0.15
2015-04-18 08:15:00,4.2,101480.0,284.75,0.15
2015-04-18 08:30:00,4.300000000000001,101480.0,284.75,0.15
2015-04-18 08:45:00,3.9,101480.0,284.95,0.15
2015-04-18 09:00:00,5.0,101480.0,285.04999999999995,0.15
2015-04-18 09:15:00,5.5,101480.0,285.75,0.15
2015-04-18 09:30:00,5.65,101490.0,285.54999999999995,0.15
2015-04-18 09:45:00,5.5,101490.0,285.75,0.15
2015-04-18 10:00:00,5.5,101490.0,286.25,0.15
2015-04-18 10:15:00,6.4,101490.0,286.25,0.15
2015-04-18 10:30:00,5.45,101485.0,286.29999999999995,0.15
2015-04-18 10:45:00,5.0,101460.0,286.85,0.15
2015-04-18 11:00:00,5.050000000000001,101460.0,286.79999999999995,0.15
2015-04-18 11:15:00,4.4,101460.0,286.54999999999995,0.15
2015-04-18 11:30:00,3.6,101445.0,286.54999999999995,0.15
2015-04-18 11:45:00,2.6,101450.0,287.45,0.15
2015-04-18 12:00:00,3.6,101450.0,286.75,0.15
2015-04-18 12:15:00,2.1,101440.0,287.04999999999995,0.15
2015-04-18 12:30:00,3.3,101430.0,287.65,0.15
2015-04-18 12:45:00,3.0,101420.0,287.85,0.15
2015-04-18 13:00:00,2.35,101395.0,287.85,0.15
2015-04-18 13:15:00,3.2,101370.0,288.25,0.15
2015-04-18 13:30:00,3.0,101370.0,288.35,0.15
2015-04-18 13:45:00,1.9,101360.0,287.45,0.15
2015-04-18 14:00:00,2.5,101335.0,288.35,0.15
2015-04-18 14:15:00,2.7,101310.0,288.95,0.15
2015-04-18 14:30:00,2.45,101305.0,288.7,0.15
2015-04-18 14:45:00,2.6,101280.0,288.65,0.15
2015-04-18 15:00:00,3.35,101275.0,288.45,0.15
2015-04-18 15:15:00,3.5,101270.0,288.35,0.15
2015-04-18 15:30:00,2.6,101255.0,288.6,0.15
2015-04-18 15:45:00,3.2,101240.0,288.35,0.15
2015-04-18 16:00:00,2.75,101230.0,288.35,0.15
2015-04-18 16:15:00,2.7,101230.0,288.54999999999995,0.15
2015-04-18 16:30:00,4.1,101230.0,288.15,0.15
2015-04-18 16:45:00,4.2,101220.0,287.95,0.15
2015-04-18 17:00:00,4.65,101230.0,287.54999999999995,0.15
2015-04-18 17:15:00,4.9,101240.0,287.35,0.15
2015-04-18 17:30:00,5.15,101230.0,286.9,0.15
2015-04-18 17:45:00,4.7,101240.0,286.85,0.15
2015-04-18 18:00:00,4.4,101230.0,286.15,0.15
2015-04-18 18:15:00,3.6,101230.0,285.54999999999995,0.15
2015-04-18 18:30:00,3.45,101230.0,285.4,0.15
2015-04-18 18:45:00,3.0,101240.0,285.04999999999995,0.15
2015-04-18 19:00:00,2.45,101250.0,284.54999999999995,0.15
2015-04-18 19:15:00,2.6,101270.0,284.25,0.15
2015-04-18 19:30:00,3.0,101270.0,283.79999999999995,0.15
2015-04-18 19:45:00,2.7,101280.0,283.65,0.15
2015-04-18 20:00:00,1.95,101290.0,283.0,0.15
2015-04-18 20:15:00,1.6,101290.0,281.95,0.15
2015-04-18 20:30:00,2.15,101305.0,282.1,0.15
2015-04-18 20:45:00,2.1,101300.0,281.45,0.15
2015-04-18 21:00:00,1.6,101310.0,281.25,0.15
2015-04-18 21:15:00,0.9,101310.0,279.75,0.15
2015-04-18 21:30:00,0.55,101300.0,280.5,0.15
2015-04-18 21:45:00,0.6,101290.0,278.75,0.15
2015-04-18 22:00:00,0.8,101295.0,278.7,0.15
2015-04-18 22:15:00,1.0,101300.0,278.54999999999995,0.15
2015-04-18 22:30:00,1.15,101275.0,277.45,0.15
2015-04-18 22:45:00,0.8,101260.0,278.15,0.15
2015-04-18 23:00:00,0.35,101250.0,277.35,0.15
2015-04-18 23:15:00,0.0,101250.0,276.75,0.15
2015-04-18 23:30:00,0.25,101240.0,277.25,0.15
2015-04-18 23:45:00,0.6,101230.0,277.54999999999995,0.15
2015-04-19 00:00:00,1.05,101215.0,277.35,0.15
2015-04-19 00:15:00,1.5,101200.0,277.35,0.15
2015-04-19 00:30:00,1.5,101185.0,277.04999999999995,0.15
2015-04-19 00:45:00,1.8,101160.0,276.35,0.15
2015-04-19 01:00:00,1.45,101145.0,276.29999999999995,0.15
2015-04-19 01:15:00,0.9,101140.0,275.54999999999995,0.15
2015-04-19 01:30:00,1.95,101135.0,275.95,0.15
2015-04-19 01:45:00,2.2,101120.0,276.95,0.15
2015-04-19 02:00:00,2.35,101105.0,276.65,0.15
2015-04-19 02:15:00,2.4,101100.0,273.65,0.15
2015-04-19 02:30:00,2.45,101095.0,275.35,0.15
2015-04-19 02:45:00,2.3,101080.0,275.35,0.15
2015-04-19 03:00:00,2.35,101065.0,274.6,0.15
2015-04-19 03:15:00,2.5,101060.0,274.54999999999995,0.15
2015-04-19 03:30:00,1.8,101050.0,275.4,0.15
2015-04-19 03:45:00,2.4,101040.0,277.04999999999995,0.15
2015-04-19 04:00:00,0.95,101030.0,276.0,0.15
2015-04-19 04:15:00,0.8,101020.0,273.25,0.15
2015-04-19 04:30:00,1.2,101020.0,273.65,0.15
2015-04-19 04:45:00,1.0,101020.0,273.45,0.15
2015-04-19 05:00:00,1.0,101030.0,273.65,0.15
2015-04-19 05:15:00,0.9,101020.0,274.15,0.15
2015-04-19 05:30:00,1.1,101035.0,274.35,0.15
2015-04-19 05:45:00,1.0,101050.0,275.04999999999995,0.15
2015-04-19 06:00:00,1.05,101050.0,275.7,0.15
2015-04-19 06:15:00,0.7,101050.0,277.15,0.15
2015-04-19 06:30:00,1.05,101040.0,278.7,0.15
2015-04-19 06:45:00,1.1,101040.0,279.35,0.15
2015-04-19 07:00:00,0.7,101040.0,280.29999999999995,0.15
2015-04-19 07:15:00,0.6,101040.0,280.35,0.15
2015-04-19 07:30:00,0.9,101040.0,281.2,0.15
2015-04-19 07:45:00,0.7,101030.0,281.95,0.15
2015-04-19 08:00:00,0.8500000000000001,101020.0,282.6,0.15
2015-04-19 08:15:00,0.7,101010.0,283.25,0.15
2015-04-19 08:30:00,1.25,101010.0,284.2,0.15
2015-04-19 08:45:00,1.3,101000.0,285.15,0.15
2015-04-19 09:00:00,1.3,101000.0,285.15,0.15
2015-04-19 09:15:00,1.3,101000.0,286.45,0.15
2015-04-19 09:30:00,1.35,100990.0,286.1,0.15
2015-04-19 09:45:00,1.4,100990.0,286.35,0.15
2015-04-19 10:00:00,1.55,100980.0,286.65,0.15
2015-04-19 10:15:00,1.7,100980.0,287.15,0.15
2015-04-19 10:30:00,1.4,100975.0,287.1,0.15
2015-04-19 10:45:00,1.4,100970.0,287.04999999999995,0.15
2015-04-19 11:00:00,2.35,100960.0,287.45,0.15
2015-04-19 11:15:00,2.1,100960.0,287.54999999999995,0.15
2015-04-19 11:30:00,2.8,100960.0,288.25,0.15
2015-04-19 11:45:00,2.2,100960.0,288.45,0.15
2015-04-19 12:00:00,2.3,100950.0,288.6,0.15
2015-04-19 12:15:00,3.4,100940.0,288.95,0.15
2015-04-19 12:30:00,2.45,100930.0,289.15,0.15
2015-04-19 12:45:00,2.7,100910.0,289.45,0.15
2015-04-19 13:00:00,2.5,100900.0,289.79999999999995,0.15
2015-04-19 13:15:00,3.8,100890.0,289.54999999999995,0.15
2015-04-19 13:30:00,3.65,100870.0,289.6,0.15
2015-04-19 13:45:00,1.9,100870.0,290.15,0.15
2015-04-19 14:00:00,1.9,100855.0,290.0,0.15
2015-04-19 14:15:00,2.4,100840.0,291.04999999999995,0.15
2015-04-19 14:30:00,3.75,100845.0,290.45,0.15
2015-04-19 14:45:00,3.5,100850.0,290.54999999999995,0.15
2015-04-19 15:00:00,2.9000000000000004,100850.0,290.75,0.15
2015-04-19 15:15:00,2.5,100850.0,290.54999999999995,0.15
2015-04-19 15:30:00,1.4,100840.0,290.9,0.15
2015-04-19 15:45:00,1.7,100840.0,291.04999999999995,0.15
2015-04-19 16:00:00,1.4,100835.0,291.15,0.15
2015-04-19 16:15:00,1.2,100840.0,291.45,0.15
2015-04-19 16:30:00,2.9,100850.0,291.45,0.15
2015-04-19 16:45:00,2.6,100860.0,291.45,0.15
2015-04-19 17:00:00,2.25,100860.0,291.35,0.15
2015-04-19 17:15:00,1.8,100870.0,291.25,0.15
2015-04-19 17:30:00,1.9,100885.0,291.0,0.15
2015-04-19 17:45:00,2.0,100900.0,290.75,0.15
2015-04-19 18:00:00,2.85,100905.0,289.95,0.15
2015-04-19 18:15:00,3.4,100930.0,288.85,0.15
2015-04-19 18:30:00,3.95,100945.0,288.45,0.15
2015-04-19 18:45:00,4.1,100960.0,288.04999999999995,0.15
2015-04-19 19:00:00,3.9,100975.0,287.5,0.15
2015-04-19 19:15:00,4.0,101000.0,287.15,0.15
2015-04-19 19:30:00,4.15,101020.0,287.15,0.15
2015-04-19 19:45:00,3.8,101030.0,287.15,0.15
2015-04-19 20:00:00,2.85,101040.0,286.6,0.15
2015-04-19 20:15:00,3.0,101070.0,286.15,0.15
2015-04-19 20:30:00,3.45,101080.0,285.45,0.15
2015-04-19 20:45:00,3.3,101100.0,284.95,0.15
2015-04-19 21:00:00,2.8,101110.0,284.7,0.15
2015-04-19 21:15:00,2.7,101120.0,285.25,0.15
2015-04-19 21:30:00,2.45,101135.0,284.95,0.15
2015-04-19 21:45:00,2.5,101140.0,285.25,0.15
2015-04-19 22:00:00,2.25,101150.0,284.6,0.15
2015-04-19 22:15:00,2.1,101160.0,284.25,0.15
2015-04-19 22:30:00,2.5,101165.0,284.0,0.15
2015-04-19 22:45:00,2.7,101180.0,283.65,0.15
2015-04-19 23:00:00,1.65,101195.0,282.4,0.15
2015-04-19 23:15:00,1.1,101200.0,282.75,0.15
2015-04-19 23:30:00,1.15,101205.0,282.65,0.15
2015-04-19 23:45:00,1.2,101200.0,281.54999999999995,0.15
2015-04-20 00:00:00,1.6,101210.0,279.15,0.15
2015-04-20 00:15:00,1.5,101240.0,279.54999999999995,0.15
2015-04-20 00:30:00,2.15,101245.0,279.04999999999995,0.15
2015-04-20 00:45:00,1.8,101260.0,278.85,0.15
2015-04-20 01:00:00,1.6,101255.0,279.65,0.15
2015-04-20 01:15:00,0.4,101270.0,278.65,0.15
2015-04-20 01:30:00,0.35,101275.0,278.45,0.15
2015-04-20 01:45:00,0.9,101290.0,278.75,0.15
2015-04-20 02:00:00,0.65,101290.0,277.9,0.15
2015-04-20 02:15:00,1.1,101300.0,278.75,0.15
2015-04-20 02:30:00,2.05,101310.0,278.45,0.15
2015-04-20 02:45:00,3.0,101310.0,278.25,0.15
2015-04-20 03:00:00,2.55,101310.0,276.9,0.15
2015-04-20 03:15:00,1.0,101320.0,276.65,0.15
2015-04-20 03:30:00,1.05,101330.0,277.15,0.15
2015-04-20 03:45:00,1.4,101340.0,277.54999999999995,0.15
2015-04-20 04:00:00,2.0,101345.0,277.1,0.15
2015-04-20 04:15:00,1.7,101360.0,276.54999999999995,0.15
2015-04-20 04:30:00,1.2000000000000002,101365.0,277.04999999999995,0.15
2015-04-20 04:45:00,1.6,101380.0,277.25,0.15
2015-04-20 05:00:00,1.65,101400.0,277.45,0.15
2015-04-20 05:15:00,1.7,101410.0,278.25,0.15
2015-04-20 05:30:00,2.05,101430.0,277.95,0.15
2015-04-20 05:45:00,1.9,101450.0,278.75,0.15
2015-04-20 06:00:00,0.85,101465.0,279.65,0.15
2015-04-20 06:15:00,0.7,101490.0,280.35,0.15
2015-04-20 06:30:00,1.05,101500.0,282.15,0.15
2015-04-20 06:45:00,0.8,101510.0,283.25,0.15
2015-04-20 07:00:00,0.8500000000000001,101520.0,284.45,0.15
2015-04-20 07:15:00,1.0,101520.0,284.54999999999995,0.15
2015-04-20 07:30:00,1.15,101520.0,285.15,0.15
2015-04-20 07:45:00,0.8,101530.0,285.45,0.15
2015-04-20 08:00:00,0.9,101530.0,285.95,0.15
2015-04-20 08:15:00,0.9,101530.0,286.45,0.15
2015-04-20 08:30:00,1.05,101535.0,287.2,0.15
2015-04-20 08:45:00,1.0,101530.0,287.75,0.15
2015-04-20 09:00:00,1.4,101550.0,288.79999999999995,0.15
2015-04-20 09:15:00,1.2,101550.0,289.35,0.15
2015-04-20 09:30:00,1.2000000000000002,101550.0,289.54999999999995,0.15
2015-04-20 09:45:00,1.5,101550.0,290.54999999999995,0.15
2015-04-20 10:00:00,1.6,101550.0,290.7,0.15
2015-04-20 10:15:00,2.5,101550.0,291.15,0.15
2015-04-20 10:30:00,2.1,101545.0,291.4,0.15
2015-04-20 10:45:00,1.3,101540.0,292.35,0.15
2015-04-20 11:00:00,2.85,101525.0,292.15,0.15
2015-04-20 11:15:00,2.5,101520.0,292.04999999999995,0.15
2015-04-20 11:30:00,2.55,101505.0,292.65,0.15
2015-04-20 11:45:00,2.3,101500.0,292.35,0.15
2015-04-20 12:00:00,2.85,101490.0,293.15,0.15
2015-04-20 12:15:00,4.1,101490.0,293.15,0.15
2015-04-20 12:30:00,3.9,101490.0,293.2,0.15
2015-04-20 12:45:00,4.3,101480.0,292.95,0.15
2015-04-20 13:00:00,4.5,101475.0,293.7,0.15
2015-04-20 13:15:00,3.6,101470.0,293.45,0.15
2015-04-20 13:30:00,5.0,101460.0,293.29999999999995,0.15
2015-04-20 13:45:00,5.0,101460.0,293.65,0.15
2015-04-20 14:00:00,4.55,101450.0,293.4,0.15
2015-04-20 14:15:00,4.7,101450.0,293.54999999999995,0.15
2015-04-20 14:30:00,4.35,101440.0,293.6,0.15
2015-04-20 14:45:00,3.7,101440.0,293.65,0.15
2015-04-20 15:00:00,4.0,101445.0,293.5,0.15
2015-04-20 15:15:00,3.6,101440.0,293.35,0.15
2015-04-20 15:30:00,4.550000000000001,101435.0,293.79999999999995,0.15
2015-04-20 15:45:00,4.9,101440.0,293.25,0.15
2015-04-20 16:00:00,5.1,101440.0,293.5,0.15
2015-04-20 16:15:00,4.5,101430.0,292.85,0.15
2015-04-20 16:30:00,5.75,101435.0,293.04999999999995,0.15
2015-04-20 16:45:00,4.6,101440.0,292.85,0.15
2015-04-20 17:00:00,4.35,101450.0,292.29999999999995,0.15
2015-04-20 17:15:00,4.6,101460.0,292.04999999999995,0.15
2015-04-20 17:30:00,4.35,101470.0,292.0,0.15
2015-04-20 17:45:00,4.6,101490.0,291.54999999999995,0.15
2015-04-20 18:00:00,4.35,101505.0,291.15,0.15
2015-04-20 18:15:00,4.2,101520.0,290.54999999999995,0.15
2015-04-20 18:30:00,2.6,101540.0,290.1,0.15
2015-04-20 18:45:00,2.3,101540.0,289.54999999999995,0.15
2015-04-20 19:00:00,2.6500000000000004,101555.0,288.5,0.15
2015-04-20 19:15:00,2.5,101580.0,287.85,0.15
2015-04-20 19:30:00,1.8,101605.0,287.1,0.15
2015-04-20 19:45:00,1.8,101620.0,286.15,0.15
2015-04-20 20:00:00,1.3,101620.0,285.9,0.15
2015-04-20 20:15:00,1.3,101620.0,285.85,0.15
2015-04-20 20:30:00,1.25,101630.0,285.4,0.15
2015-04-20 20:45:00,1.2,101630.0,285.15,0.15
2015-04-20 21:00:00,0.8,101640.0,284.85,0.15
2015-04-20 21:15:00,1.6,101640.0,284.75,0.15
2015-04-20 21:30:00,2.1,101645.0,284.35,0.15
2015-04-20 21:45:00,2.0,101640.0,283.85,0.15
2015-04-20 22:00:00,2.05,101650.0,284.15,0.15
2015-04-20 22:15:00,2.0,101660.0,282.65,0.15
2015-04-20 22:30:00,1.6,101665.0,283.4,0.15
2015-04-20 22:45:00,1.3,101670.0,282.25,0.15
2015-04-20 23:00:00,1.6,101665.0,282.5,0.15
2015-04-20 23:15:00,0.9,101670.0,282.95,0.15
2015-04-20 23:30:00,0.4499999999999999,101680.0,283.0,0.15
2015-04-20 23:45:00,1.2,101680.0,282.65,0.15
2015-04-21 00:00:00,1.75,101690.0,280.54999999999995,0.15
2015-04-21 00:15:00,2.1,101700.0,278.95,0.15
2015-04-21 00:30:00,2.9,101695.0,279.6,0.15
2015-04-21 00:45:00,1.8,101690.0,278.95,0.15
2015-04-21 01:00:00,1.2999999999999998,101710.0,278.85,0.15
2015-04-21 01:15:00,0.8,101720.0,279.35,0.15
2015-04-21 01:30:00,1.25,101725.0,278.5,0.15
2015-04-21 01:45:00,1.3,101730.0,278.04999999999995,0.15
2015-04-21 02:00:00,2.0,101745.0,278.45,0.15
2015-04-21 02:15:00,2.2,101740.0,278.04999999999995,0.15
2015-04-21 02:30:00,1.9,101735.0,277.85,0.15
2015-04-21 02:45:00,1.2,101750.0,276.54999999999995,0.15
2015-04-21 03:00:00,0.65,101755.0,277.54999999999995,0.15
2015-04-21 03:15:00,1.2,101760.0,278.35,0.15
2015-04-21 03:30:00,1.4,101770.0,278.04999999999995,0.15
2015-04-21 03:45:00,1.7,101770.0,278.15,0.15
2015-04-21 04:00:00,1.9,101765.0,277.45,0.15
2015-04-21 04:15:00,1.6,101780.0,277.15,0.15
2015-04-21 04:30:00,2.0,101795.0,277.1,0.15
2015-04-21 04:45:00,2.8,101800.0,277.45,0.15
2015-04-21 05:00:00,2.05,101820.0,276.79999999999995,0.15
2015-04-21 05:15:00,2.3,101830.0,277.35,0.15
2015-04-21 05:30:00,1.75,101845.0,278.4,0.15
2015-04-21 05:45:00,2.0,101860.0,280.04999999999995,0.15
2015-04-21 06:00:00,2.0,101855.0,281.4,0.15
2015-04-21 06:15:00,1.3,101860.0,282.15,0.15
2015-04-21 06:30:00,1.25,101870.0,282.35,0.15
2015-04-21 06:45:00,0.5,101900.0,283.04999999999995,0.15
2015-04-21 07:00:00,0.5,101905.0,284.0,0.15
2015-04-21 07:15:00,0.6,101900.0,284.85,0.15
2015-04-21 07:30:00,1.0499999999999998,101910.0,285.2,0.15
2015-04-21 07:45:00,1.3,101910.0,285.65,0.15
2015-04-21 08:00:00,1.6,101910.0,286.5,0.15
2015-04-21 08:15:00,1.7,101920.0,287.15,0.15
2015-04-21 08:30:00,1.7,101910.0,287.45,0.15
2015-04-21 08:45:00,1.8,101900.0,287.95,0.15
2015-04-21 09:00:00,1.95,101900.0,288.15,0.15
2015-04-21 09:15:00,1.7,101920.0,288.45,0.15
2015-04-21 09:30:00,2.55,101925.0,289.65,0.15
2015-04-21 09:45:00,1.7,101910.0,290.65,0.15
2015-04-21 10:00:00,2.0,101905.0,291.35,0.15
2015-04-21 10:15:00,3.0,101910.0,291.75,0.15
2015-04-21 10:30:00,3.05,101900.0,292.35,0.15
2015-04-21 10:45:00,3.7,101890.0,292.75,0.15
2015-04-21 11:00:00,2.85,101870.0,292.95,0.15
2015-04-21 11:15:00,3.9,101870.0,292.65,0.15
2015-04-21 11:30:00,3.5,101860.0,293.5,0.15
2015-04-21 11:45:00,3.0,101850.0,294.04999999999995,0.15
2015-04-21 12:00:00,3.35,101825.0,293.9,0.15
2015-04-21 12:15:00,3.3,101820.0,294.04999999999995,0.15
2015-04-21 12:30:00,3.85,101810.0,294.79999999999995,0.15
2015-04-21 12:45:00,3.3,101790.0,294.95,0.15
2015-04-21 13:00:00,3.2,101775.0,294.9,0.15
2015-04-21 13:15:00,4.0,101760.0,295.35,0.15
2015-04-21 13:30:00,3.85,101755.0,295.54999999999995,0.15
2015-04-21 13:45:00,4.6,101750.0,295.45,0.15
2015-04-21 14:00:00,4.25,101740.0,295.4,0.15
2015-04-21 14:15:00,5.1,101740.0,295.45,0.15
2015-04-21 14:30:00,5.550000000000001,101725.0,295.04999999999995,0.15
2015-04-21 14:45:00,5.0,101710.0,295.15,0.15
2015-04-21 15:00:00,5.75,101710.0,295.25,0.15
2015-04-21 15:15:00,6.1,101700.0,295.35,0.15
2015-04-21 15:30:00,5.9,101690.0,295.2,0.15
2015-04-21 15:45:00,6.0,101680.0,295.04999999999995,0.15
2015-04-21 16:00:00,5.5,101670.0,294.9,0.15
2015-04-21 16:15:00,5.2,101660.0,294.95,0.15
2015-04-21 16:30:00,5.2,101665.0,294.6,0.15
2015-04-21 16:45:00,5.8,101670.0,294.25,0.15
2015-04-21 17:00:00,5.45,101660.0,293.9,0.15
2015-04-21 17:15:00,5.2,101650.0,293.15,0.15
2015-04-21 17:30:00,4.95,101655.0,292.54999999999995,0.15
2015-04-21 17:45:00,5.1,101660.0,291.85,0.15
2015-04-21 18:00:00,4.4,101670.0,291.35,0.15
2015-04-21 18:15:00,4.2,101680.0,290.75,0.15
2015-04-21 18:30:00,4.85,101685.0,290.25,0.15
2015-04-21 18:45:00,4.2,101710.0,289.15,0.15
2015-04-21 19:00:00,3.8,101715.0,288.5,0.15
2015-04-21 19:15:00,3.6,101730.0,289.15,0.15
2015-04-21 19:30:00,4.05,101745.0,288.7,0.15
2015-04-21 19:45:00,4.0,101750.0,288.35,0.15
2015-04-21 20:00:00,4.75,101760.0,286.7,0.15
2015-04-21 20:15:00,4.8,101780.0,286.65,0.15
2015-04-21 20:30:00,4.6,101780.0,285.85,0.15
2015-04-21 20:45:00,4.4,101780.0,285.35,0.15
2015-04-21 21:00:00,4.35,101800.0,285.29999999999995,0.15
2015-04-21 21:15:00,4.0,101810.0,285.35,0.15
2015-04-21 21:30:00,4.35,101810.0,284.85,0.15
2015-04-21 21:45:00,4.1,101810.0,283.95,0.15
2015-04-21 22:00:00,3.95,101835.0,284.04999999999995,0.15
2015-04-21 22:15:00,3.2,101830.0,283.45,0.15
2015-04-21 22:30:00,3.25,101835.0,283.15,0.15
2015-04-21 22:45:00,3.0,101830.0,282.95,0.15
2015-04-21 23:00:00,2.55,101830.0,282.45,0.15
2015-04-21 23:15:00,2.9,101840.0,281.54999999999995,0.15
2015-04-21 23:30:00,2.9,101850.0,281.5,0.15
2015-04-21 23:45:00,3.1,101840.0,281.25,0.15
2015-04-22 00:00:00,2.6,101825.0,280.9,0.15
2015-04-22 00:15:00,2.8,101810.0,280.95,0.15
2015-04-22 00:30:00,2.75,101810.0,280.29999999999995,0.15
2015-04-22 00:45:00,2.7,101810.0,280.04999999999995,0.15
2015-04-22 01:00:00,3.35,101805.0,280.0,0.15
2015-04-22 01:15:00,3.4,101800.0,279.54999999999995,0.15
2015-04-22 01:30:00,3.65,101810.0,279.25,0.15
2015-04-22 01:45:00,3.9,101810.0,278.54999999999995,0.15
2015-04-22 02:00:00,3.65,101800.0,278.65,0.15
2015-04-22 02:15:00,4.0,101820.0,278.25,0.15
2015-04-22 02:30:00,3.3,101815.0,278.4,0.15
2015-04-22 02:45:00,3.3,101800.0,278.25,0.15
2015-04-22 03:00:00,2.9000000000000004,101790.0,278.1,0.15
2015-04-22 03:15:00,2.6,101780.0,277.45,0.15
2015-04-22 03:30:00,3.1500000000000004,101780.0,277.7,0.15
2015-04-22 03:45:00,3.1,101780.0,277.45,0.15
2015-04-22 04:00:00,3.1500000000000004,101790.0,277.35,0.15
2015-04-22 04:15:00,2.5,101790.0,277.15,0.15
2015-04-22 04:30:00,2.45,101785.0,277.2,0.15
2015-04-22 04:45:00,2.2,101780.0,277.25,0.15
2015-04-22 05:00:00,1.85,101770.0,277.6,0.15
2015-04-22 05:15:00,2.0,101760.0,277.95,0.15
2015-04-22 05:30:00,2.6,101765.0,278.2,0.15
2015-04-22 05:45:00,2.5,101770.0,278.65,0.15
2015-04-22 06:00:00,2.6500000000000004,101765.0,279.15,0.15
2015-04-22 06:15:00,2.9,101770.0,279.54999999999995,0.15
2015-04-22 06:30:00,2.65,101760.0,279.65,0.15
2015-04-22 06:45:00,3.1,101760.0,279.95,0.15
2015-04-22 07:00:00,3.7,101765.0,280.25,0.15
2015-04-22 07:15:00,3.0,101750.0,280.45,0.15
2015-04-22 07:30:00,3.0,101740.0,281.04999999999995,0.15
2015-04-22 07:45:00,3.3,101730.0,281.25,0.15
2015-04-22 08:00:00,3.8,101725.0,281.95,0.15
2015-04-22 08:15:00,3.7,101730.0,282.35,0.15
2015-04-22 08:30:00,4.75,101725.0,282.2,0.15
2015-04-22 08:45:00,5.1,101720.0,281.95,0.15
2015-04-22 09:00:00,4.949999999999999,101705.0,283.15,0.15
2015-04-22 09:15:00,5.0,101690.0,282.95,0.15
2015-04-22 09:30:00,4.9,101680.0,283.95,0.15
2015-04-22 09:45:00,5.0,101670.0,283.65,0.15
2015-04-22 10:00:00,4.9,101660.0,283.5,0.15
2015-04-22 10:15:00,4.8,101630.0,284.15,0.15
2015-04-22 10:30:00,4.75,101615.0,285.25,0.15
2015-04-22 10:45:00,5.4,101610.0,285.25,0.15
2015-04-22 11:00:00,5.4,101590.0,285.54999999999995,0.15
2015-04-22 11:15:00,5.6,101560.0,285.54999999999995,0.15
2015-04-22 11:30:00,5.5,101550.0,286.29999999999995,0.15
2015-04-22 11:45:00,5.9,101530.0,287.04999999999995,0.15
2015-04-22 12:00:00,5.550000000000001,101520.0,286.45,0.15
2015-04-22 12:15:00,5.2,101490.0,286.54999999999995,0.15
2015-04-22 12:30:00,5.25,101470.0,287.1,0.15
2015-04-22 12:45:00,5.9,101450.0,287.04999999999995,0.15
2015-04-22 13:00:00,4.800000000000001,101425.0,287.7,0.15
2015-04-22 13:15:00,4.7,101420.0,287.85,0.15
2015-04-22 13:30:00,4.5,101415.0,287.9,0.15
2015-04-22 13:45:00,5.1,101370.0,288.15,0.15
2015-04-22 14:00:00,3.85,101380.0,287.85,0.15
2015-04-22 14:15:00,4.0,101360.0,288.54999999999995,0.15
2015-04-22 14:30:00,4.25,101350.0,288.54999999999995,0.15
2015-04-22 14:45:00,4.3,101330.0,288.15,0.15
2015-04-22 15:00:00,4.05,101325.0,287.9,0.15
2015-04-22 15:15:00,3.3,101320.0,288.54999999999995,0.15
2015-04-22 15:30:00,4.0,101305.0,288.4,0.15
2015-04-22 15:45:00,3.3,101280.0,288.35,0.15
2015-04-22 16:00:00,3.4000000000000004,101265.0,288.65,0.15
2015-04-22 16:15:00,3.7,101250.0,288.54999999999995,0.15
2015-04-22 16:30:00,3.4,101240.0,288.35,0.15
2015-04-22 16:45:00,4.0,101230.0,288.25,0.15
2015-04-22 17:00:00,2.5,101225.0,288.1,0.15
2015-04-22 17:15:00,2.7,101240.0,287.85,0.15
2015-04-22 17:30:00,3.15,101240.0,287.79999999999995,0.15
2015-04-22 17:45:00,2.6,101230.0,287.54999999999995,0.15
2015-04-22 18:00:00,2.8,101230.0,287.15,0.15
2015-04-22 18:15:00,2.6,101230.0,286.65,0.15
2015-04-22 18:30:00,2.35,101230.0,285.2,0.15
2015-04-22 18:45:00,2.0,101220.0,284.25,0.15
2015-04-22 19:00:00,1.9,101230.0,283.9,0.15
2015-04-22 19:15:00,1.9,101240.0,283.15,0.15
2015-04-22 19:30:00,1.45,101240.0,282.6,0.15
2015-04-22 19:45:00,1.3,101230.0,282.04999999999995,0.15
2015-04-22 20:00:00,1.7,101225.0,282.0,0.15
2015-04-22 20:15:00,1.8,101220.0,282.04999999999995,0.15
2015-04-22 20:30:00,1.8,101210.0,282.2,0.15
2015-04-22 20:45:00,2.1,101210.0,282.15,0.15
2015-04-22 21:00:00,2.0,101195.0,282.25,0.15
2015-04-22 21:15:00,1.8,101200.0,282.15,0.15
2015-04-22 21:30:00,2.15,101195.0,281.15,0.15
2015-04-22 21:45:00,1.6,101180.0,280.85,0.15
2015-04-22 22:00:00,0.8,101175.0,280.6,0.15
2015-04-22 22:15:00,0.7,101170.0,280.95,0.15
2015-04-22 22:30:00,0.4,101170.0,279.0,0.15
2015-04-22 22:45:00,0.6,101170.0,278.95,0.15
2015-04-22 23:00:00,0.7,101165.0,278.5,0.15
2015-04-22 23:15:00,1.5,101160.0,278.25,0.15
2015-04-22 23:30:00,1.7,101150.0,277.7,0.15
2015-04-22 23:45:00,1.8,101150.0,278.15,0.15
2015-04-23 00:00:00,2.45,101130.0,277.35,0.15
2015-04-23 00:15:00,2.4,101110.0,278.15,0.15
2015-04-23 00:30:00,2.1500000000000004,101095.0,276.85,0.15
2015-04-23 00:45:00,2.4,101090.0,276.95,0.15
2015-04-23 01:00:00,2.2,101070.0,276.75,0.15
2015-04-23 01:15:00,1.8,101050.0,276.54999999999995,0.15
2015-04-23 01:30:00,1.75,101040.0,276.4,0.15
2015-04-23 01:45:00,1.4,101030.0,276.35,0.15
2015-04-23 02:00:00,1.2999999999999998,101015.0,275.75,0.15
2015-04-23 02:15:00,0.8,101010.0,275.54999999999995,0.15
2015-04-23 02:30:00,1.35,100995.0,275.54999999999995,0.15
2015-04-23 02:45:00,2.2,100980.0,275.35,0.15
2015-04-23 03:00:00,2.4,100990.0,275.95,0.15
2015-04-23 03:15:00,2.5,100970.0,276.04999999999995,0.15
2015-04-23 03:30:00,2.3,100950.0,276.25,0.15
2015-04-23 03:45:00,3.2,100920.0,275.15,0.15
2015-04-23 04:00:00,2.45,100930.0,275.2,0.15
2015-04-23 04:15:00,2.1,100930.0,275.65,0.15
2015-04-23 04:30:00,2.35,100935.0,275.4,0.15
2015-04-23 04:45:00,1.8,100930.0,274.65,0.15
2015-04-23 05:00:00,1.5499999999999998,100930.0,274.79999999999995,0.15
2015-04-23 05:15:00,1.1,100930.0,274.65,0.15
2015-04-23 05:30:00,1.1,100940.0,275.9,0.15
2015-04-23 05:45:00,1.5,100940.0,277.54999999999995,0.15
2015-04-23 06:00:00,1.5,100955.0,278.29999999999995,0.15
2015-04-23 06:15:00,1.7,100960.0,279.54999999999995,0.15
2015-04-23 06:30:00,1.0,100955.0,280.4,0.15
2015-04-23 06:45:00,1.2,100950.0,281.65,0.15
2015-04-23 07:00:00,1.2,100935.0,282.95,0.15
2015-04-23 07:15:00,1.0,100920.0,282.95,0.15
2015-04-23 07:30:00,0.75,100905.0,284.0,0.15
2015-04-23 07:45:00,0.8,100910.0,284.65,0.15
2015-04-23 08:00:00,0.8,100900.0,284.79999999999995,0.15
2015-04-23 08:15:00,0.8,100900.0,285.45,0.15
2015-04-23 08:30:00,1.0,100885.0,286.0,0.15
2015-04-23 08:45:00,1.3,100880.0,286.25,0.15
2015-04-23 09:00:00,1.35,100865.0,286.75,0.15
2015-04-23 09:15:00,0.9,100840.0,286.75,0.15
2015-04-23 09:30:00,1.2999999999999998,100825.0,287.9,0.15
2015-04-23 09:45:00,1.7,100800.0,287.25,0.15
2015-04-23 10:00:00,1.55,100790.0,288.35,0.15
2015-04-23 10:15:00,1.4,100770.0,288.15,0.15
2015-04-23 10:30:00,1.35,100765.0,289.1,0.15
2015-04-23 10:45:00,1.8,100750.0,288.85,0.15
2015-04-23 11:00:00,2.1,100730.0,289.1,0.15
2015-04-23 11:15:00,1.9,100710.0,289.04999999999995,0.15
2015-04-23 11:30:00,2.45,100700.0,289.95,0.15
2015-04-23 11:45:00,2.9,100690.0,289.75,0.15
2015-04-23 12:00:00,1.75,100680.0,290.29999999999995,0.15
2015-04-23 12:15:00,2.7,100670.0,289.95,0.15
2015-04-23 12:30:00,2.1,100645.0,291.0,0.15
2015-04-23 12:45:00,1.5,100630.0,290.54999999999995,0.15
2015-04-23 13:00:00,2.4,100615.0,290.7,0.15
2015-04-23 13:15:00,2.5,100590.0,290.95,0.15
2015-04-23 13:30:00,2.1,100580.0,291.2,0.15
2015-04-23 13:45:00,2.9,100560.0,291.65,0.15
2015-04-23 14:00:00,3.05,100545.0,292.15,0.15
2015-04-23 14:15:00,1.9,100520.0,292.35,0.15
2015-04-23 14:30:00,2.45,100510.0,291.45,0.15
2015-04-23 14:45:00,2.8,100500.0,291.54999999999995,0.15
2015-04-23 15:00:00,2.5,100490.0,291.65,0.15
2015-04-23 15:15:00,2.6,100480.0,291.35,0.15
2015-04-23 15:30:00,1.9,100475.0,292.0,0.15
2015-04-23 15:45:00,2.5,100450.0,292.54999999999995,0.15
2015-04-23 16:00:00,2.65,100455.0,291.54999999999995,0.15
2015-04-23 16:15:00,2.7,100440.0,291.54999999999995,0.15
2015-04-23 16:30:00,2.4000000000000004,100435.0,291.54999999999995,0.15
2015-04-23 16:45:00,1.8,100420.0,291.45,0.15
2015-04-23 17:00:00,2.1,100420.0,291.5,0.15
2015-04-23 17:15:00,2.5,100420.0,290.85,0.15
2015-04-23 17:30:00,3.9,100410.0,290.0,0.15
2015-04-23 17:45:00,3.5,100420.0,289.15,0.15
2015-04-23 18:00:00,3.1500000000000004,100420.0,288.75,0.15
2015-04-23 18:15:00,2.9,100420.0,288.54999999999995,0.15
2015-04-23 18:30:00,2.8,100420.0,287.85,0.15
2015-04-23 18:45:00,2.4,100430.0,287.15,0.15
2015-04-23 19:00:00,2.35,100440.0,286.45,0.15
2015-04-23 19:15:00,2.5,100440.0,285.85,0.15
2015-04-23 19:30:00,1.9,100440.0,285.65,0.15
2015-04-23 19:45:00,1.0,100440.0,285.45,0.15
2015-04-23 20:00:00,1.2,100425.0,285.35,0.15
2015-04-23 20:15:00,1.5,100430.0,285.15,0.15
2015-04-23 20:30:00,0.75,100430.0,283.95,0.15
2015-04-23 20:45:00,1.1,100430.0,283.35,0.15
2015-04-23 21:00:00,1.3,100430.0,282.6,0.15
2015-04-23 21:15:00,1.6,100440.0,282.54999999999995,0.15
2015-04-23 21:30:00,1.55,100440.0,282.5,0.15
2015-04-23 21:45:00,1.9,100440.0,282.15,0.15
2015-04-23 22:00:00,1.7000000000000002,100430.0,281.54999999999995,0.15
2015-04-23 22:15:00,1.7,100430.0,281.25,0.15
2015-04-23 22:30:00,1.75,100430.0,281.25,0.15
2015-04-23 22:45:00,1.6,100430.0,280.85,0.15
2015-04-23 23:00:00,2.4,100430.0,280.85,0.15
2015-04-23 23:15:00,2.6,100420.0,280.65,0.15
2015-04-23 23:30:00,2.25,100405.0,281.25,0.15
2015-04-23 23:45:00,2.5,100400.0,279.65,0.15
2015-04-24 00:00:00,2.3,100385.0,279.1,0.15
2015-04-24 00:15:00,2.2,100370.0,279.35,0.15
2015-04-24 00:30:00,1.85,100355.0,280.29999999999995,0.15
2015-04-24 00:45:00,2.0,100350.0,278.85,0.15
2015-04-24 01:00:00,2.1500000000000004,100340.0,278.65,0.15
2015-04-24 01:15:00,2.2,100330.0,278.25,0.15
2015-04-24 01:30:00,2.9000000000000004,100330.0,278.45,0.15
2015-04-24 01:45:00,1.3,100330.0,277.95,0.15
2015-04-24 02:00:00,1.0,100320.0,277.95,0.15
2015-04-24 02:15:00,1.0,100320.0,277.85,0.15
2015-04-24 02:30:00,1.05,100335.0,276.9,0.15
2015-04-24 02:45:00,2.2,100330.0,277.45,0.15
2015-04-24 03:00:00,2.3,100330.0,278.35,0.15
2015-04-24 03:15:00,1.9,100320.0,278.25,0.15
2015-04-24 03:30:00,2.35,100305.0,277.75,0.15
2015-04-24 03:45:00,2.4,100310.0,277.54999999999995,0.15
2015-04-24 04:00:00,2.85,100300.0,276.5,0.15
2015-04-24 04:15:00,2.4,100290.0,279.35,0.15
2015-04-24 04:30:00,2.5,100300.0,279.4,0.15
2015-04-24 04:45:00,2.7,100300.0,279.25,0.15
2015-04-24 05:00:00,3.85,100300.0,280.04999999999995,0.15
2015-04-24 05:15:00,3.5,100300.0,280.85,0.15
2015-04-24 05:30:00,2.65,100300.0,281.0,0.15
2015-04-24 05:45:00,2.4,100300.0,281.54999999999995,0.15
2015-04-24 06:00:00,2.3,100305.0,282.0,0.15
2015-04-24 06:15:00,2.8,100310.0,282.75,0.15
2015-04-24 06:30:00,3.2,100305.0,283.7,0.15
2015-04-24 06:45:00,2.9,100300.0,284.85,0.15
2015-04-24 07:00:00,2.35,100290.0,285.79999999999995,0.15
2015-04-24 07:15:00,2.4,100290.0,286.45,0.15
2015-04-24 07:30:00,2.25,100275.0,286.95,0.15
2015-04-24 07:45:00,2.3,100280.0,287.45,0.15
2015-04-24 08:00:00,1.7000000000000002,100275.0,288.54999999999995,0.15
2015-04-24 08:15:00,1.6,100270.0,289.25,0.15
2015-04-24 08:30:00,1.35,100265.0,289.6,0.15
2015-04-24 08:45:00,2.1,100260.0,290.45,0.15
2015-04-24 09:00:00,1.9,100250.0,291.0,0.15
2015-04-24 09:15:00,2.1,100250.0,291.25,0.15
2015-04-24 09:30:00,2.6,100235.0,291.54999999999995,0.15
2015-04-24 09:45:00,2.5,100230.0,291.85,0.15
2015-04-24 10:00:00,2.6,100210.0,292.5,0.15
2015-04-24 10:15:00,1.3,100190.0,292.54999999999995,0.15
2015-04-24 10:30:00,2.45,100180.0,293.15,0.15
2015-04-24 10:45:00,2.7,100160.0,293.04999999999995,0.15
2015-04-24 11:00:00,2.0,100140.0,293.6,0.15
2015-04-24 11:15:00,1.8,100130.0,294.54999999999995,0.15
2015-04-24 11:30:00,2.05,100115.0,294.5,0.15
2015-04-24 11:45:00,2.0,100100.0,294.54999999999995,0.15
2015-04-24 12:00:00,3.7,100085.0,295.25,0.15
2015-04-24 12:15:00,3.3,100070.0,295.54999999999995,0.15
2015-04-24 12:30:00,3.35,100055.0,295.79999999999995,0.15
2015-04-24 12:45:00,3.1,100050.0,295.85,0.15
2015-04-24 13:00:00,2.5,100030.0,295.75,0.15
2015-04-24 13:15:00,3.0,100010.0,295.85,0.15
2015-04-24 13:30:00,4.45,99995.0,296.5,0.15
2015-04-24 13:45:00,4.4,99980.0,296.54999999999995,0.15
2015-04-24 14:00:00,3.65,99965.0,296.5,0.15
2015-04-24 14:15:00,3.5,99950.0,296.65,0.15
2015-04-24 14:30:00,4.35,99935.0,296.35,0.15
2015-04-24 14:45:00,4.4,99930.0,296.65,0.15
2015-04-24 15:00:00,3.4000000000000004,99915.0,296.29999999999995,0.15
2015-04-24 15:15:00,2.6,99920.0,296.35,0.15
2015-04-24 15:30:00,3.4,99910.0,296.25,0.15
2015-04-24 15:45:00,3.0,99900.0,296.04999999999995,0.15
2015-04-24 16:00:00,3.55,99900.0,296.0,0.15
2015-04-24 16:15:00,3.9,99910.0,295.25,0.15
2015-04-24 16:30:00,4.1,99895.0,295.04999999999995,0.15
2015-04-24 16:45:00,4.3,99890.0,294.95,0.15
2015-04-24 17:00:00,3.55,99880.0,294.54999999999995,0.15
2015-04-24 17:15:00,2.7,99880.0,294.25,0.15
2015-04-24 17:30:00,2.4,99865.0,294.04999999999995,0.15
2015-04-24 17:45:00,2.0,99860.0,293.15,0.15
2015-04-24 18:00:00,1.5499999999999998,99860.0,293.04999999999995,0.15
2015-04-24 18:15:00,1.0,99860.0,292.65,0.15
2015-04-24 18:30:00,0.35,99850.0,291.6,0.15
2015-04-24 18:45:00,1.4,99850.0,289.75,0.15
2015-04-24 19:00:00,1.85,99860.0,290.25,0.15
2015-04-24 19:15:00,2.9,99860.0,290.35,0.15
2015-04-24 19:30:00,2.35,99860.0,288.95,0.15
2015-04-24 19:45:00,2.9,99860.0,288.45,0.15
2015-04-24 20:00:00,3.0,99860.0,288.1,0.15
2015-04-24 20:15:00,2.7,99860.0,289.45,0.15
2015-04-24 20:30:00,2.9,99855.0,289.45,0.15
2015-04-24 20:45:00,3.1,99840.0,289.45,0.15
2015-04-24 21:00:00,2.55,99850.0,289.04999999999995,0.15
2015-04-24 21:15:00,2.0,99850.0,289.35,0.15
2015-04-24 21:30:00,2.9000000000000004,99840.0,289.1,0.15
2015-04-24 21:45:00,2.7,99830.0,288.85,0.15
2015-04-24 22:00:00,1.55,99845.0,288.45,0.15
2015-04-24 22:15:00,1.6,99840.0,288.85,0.15
2015-04-24 22:30:00,1.6,99840.0,288.4,0.15
2015-04-24 22:45:00,1.2,99840.0,287.95,0.15
2015-04-24 23:00:00,1.05,99835.0,287.9,0.15
2015-04-24 23:15:00,1.2,99830.0,288.45,0.15
2015-04-24 23:30:00,1.4,99820.0,288.5,0.15
2015-04-24 23:45:00,1.3,99810.0,288.25,0.15
2015-04-25 00:00:00,1.8,99795.0,287.9,0.15
2015-04-25 00:15:00,2.1,99780.0,287.45,0.15
2015-04-25 00:30:00,2.75,99765.0,287.75,0.15
2015-04-25 00:45:00,3.0,99760.0,286.54999999999995,0.15
2015-04-25 01:00:00,2.35,99760.0,287.1,0.15
2015-04-25 01:15:00,1.7,99760.0,286.65,0.15
2015-04-25 01:30:00,2.2,99755.0,287.15,0.15
2015-04-25 01:45:00,3.0,99740.0,287.15,0.15
2015-04-25 02:00:00,3.05,99730.0,286.7,0.15
2015-04-25 02:15:00,2.7,99710.0,287.04999999999995,0.15
2015-04-25 02:30:00,2.6500000000000004,99705.0,286.54999999999995,0.15
2015-04-25 02:45:00,1.1,99710.0,285.75,0.15
2015-04-25 03:00:00,0.95,99710.0,285.29999999999995,0.15
2015-04-25 03:15:00,1.9,99700.0,285.45,0.15
2015-04-25 03:30:00,1.95,99695.0,286.1,0.15
2015-04-25 03:45:00,1.8,99690.0,286.25,0.15
2015-04-25 04:00:00,1.7,99685.0,285.4,0.15
2015-04-25 04:15:00,2.6,99750.0,284.54999999999995,0.15
2015-04-25 04:30:00,2.2,99755.0,285.54999999999995,0.15
2015-04-25 04:45:00,1.2,99750.0,285.85,0.15
2015-04-25 05:00:00,0.6499999999999999,99740.0,285.75,0.15
2015-04-25 05:15:00,1.9,99730.0,285.95,0.15
2015-04-25 05:30:00,2.0,99735.0,285.75,0.15
2015-04-25 05:45:00,2.3,99720.0,285.65,0.15
2015-04-25 06:00:00,2.05,99725.0,285.35,0.15
2015-04-25 06:15:00,1.2,99720.0,285.35,0.15
2015-04-25 06:30:00,1.5499999999999998,99745.0,285.4,0.15
2015-04-25 06:45:00,1.5,99760.0,285.54999999999995,0.15
2015-04-25 07:00:00,2.3,99770.0,285.65,0.15
2015-04-25 07:15:00,2.1,99770.0,285.54999999999995,0.15
2015-04-25 07:30:00,1.25,99780.0,285.45,0.15
2015-04-25 07:45:00,2.1,99750.0,285.54999999999995,0.15
2015-04-25 08:00:00,2.6,99750.0,286.04999999999995,0.15
2015-04-25 08:15:00,2.7,99740.0,286.15,0.15
2015-04-25 08:30:00,2.9,99745.0,286.5,0.15
2015-04-25 08:45:00,3.2,99760.0,286.65,0.15
2015-04-25 09:00:00,2.5,99770.0,286.5,0.15
2015-04-25 09:15:00,1.2,99760.0,287.04999999999995,0.15
2015-04-25 09:30:00,1.5,99750.0,287.15,0.15
2015-04-25 09:45:00,1.2,99730.0,287.45,0.15
2015-04-25 10:00:00,1.9,99730.0,287.9,0.15
2015-04-25 10:15:00,2.6,99720.0,287.75,0.15
2015-04-25 10:30:00,2.1500000000000004,99720.0,287.7,0.15
2015-04-25 10:45:00,1.2,99710.0,287.75,0.15
2015-04-25 11:00:00,0.85,99690.0,288.0,0.15
2015-04-25 11:15:00,1.1,99670.0,287.95,0.15
2015-04-25 11:30:00,1.4,99655.0,288.1,0.15
2015-04-25 11:45:00,2.2,99640.0,288.45,0.15
2015-04-25 12:00:00,2.6,99635.0,288.4,0.15
2015-04-25 12:15:00,2.1,99620.0,288.04999999999995,0.15
2015-04-25 12:30:00,1.25,99635.0,288.04999999999995,0.15
2015-04-25 12:45:00,1.2,99650.0,288.04999999999995,0.15
2015-04-25 13:00:00,3.7,99645.0,288.15,0.15
2015-04-25 13:15:00,3.7,99670.0,287.85,0.15
2015-04-25 13:30:00,2.35,99670.0,287.7,0.15
2015-04-25 13:45:00,2.1,99660.0,287.85,0.15
2015-04-25 14:00:00,1.9,99655.0,288.25,0.15
2015-04-25 14:15:00,1.9,99650.0,288.35,0.15
2015-04-25 14:30:00,2.35,99640.0,288.9,0.15
2015-04-25 14:45:00,2.4,99640.0,289.35,0.15
2015-04-25 15:00:00,2.7,99640.0,289.15,0.15
2015-04-25 15:15:00,2.4,99640.0,288.95,0.15
2015-04-25 15:30:00,2.5,99645.0,289.25,0.15
2015-04-25 15:45:00,2.8,99650.0,289.45,0.15
2015-04-25 16:00:00,2.3,99640.0,289.29999999999995,0.15
2015-04-25 16:15:00,1.9,99640.0,289.15,0.15
2015-04-25 16:30:00,1.5,99635.0,289.2,0.15
2015-04-25 16:45:00,1.3,99640.0,289.15,0.15
2015-04-25 17:00:00,0.95,99635.0,289.04999999999995,0.15
2015-04-25 17:15:00,1.0,99630.0,288.85,0.15
2015-04-25 17:30:00,1.15,99620.0,288.29999999999995,0.15
2015-04-25 17:45:00,1.3,99640.0,288.04999999999995,0.15
2015-04-25 18:00:00,1.35,99640.0,287.95,0.15
2015-04-25 18:15:00,1.9,99660.0,287.85,0.15
2015-04-25 18:30:00,1.4,99665.0,288.04999999999995,0.15
2015-04-25 18:45:00,1.6,99680.0,287.75,0.15
2015-04-25 19:00:00,1.95,99695.0,287.45,0.15
2015-04-25 19:15:00,2.0,99700.0,287.25,0.15
2015-04-25 19:30:00,1.05,99705.0,286.65,0.15
2015-04-25 19:45:00,1.1,99710.0,286.04999999999995,0.15
2015-04-25 20:00:00,1.4,99720.0,285.85,0.15
2015-04-25 20:15:00,2.0,99720.0,286.04999999999995,0.15
2015-04-25 20:30:00,1.95,99715.0,286.04999999999995,0.15
2015-04-25 20:45:00,1.9,99720.0,285.65,0.15
2015-04-25 21:00:00,2.0,99715.0,285.95,0.15
2015-04-25 21:15:00,2.0,99710.0,285.95,0.15
2015-04-25 21:30:00,1.6,99705.0,285.5,0.15
2015-04-25 21:45:00,1.9,99710.0,285.04999999999995,0.15
2015-04-25 22:00:00,1.7000000000000002,99715.0,284.9,0.15
2015-04-25 22:15:00,2.2,99730.0,284.65,0.15
2015-04-25 22:30:00,1.8,99730.0,284.7,0.15
2015-04-25 22:45:00,1.7,99730.0,285.15,0.15
2015-04-25 23:00:00,2.25,99735.0,285.25,0.15
2015-04-25 23:15:00,1.8,99730.0,285.25,0.15
2015-04-25 23:30:00,1.7999999999999998,99715.0,285.35,0.15
2015-04-25 23:45:00,1.4,99700.0,285.45,0.15
2015-04-26 00:00:00,1.55,99690.0,285.85,0.15
2015-04-26 00:15:00,1.8,99680.0,285.85,0.15
2015-04-26 00:30:00,1.55,99680.0,285.7,0.15
2015-04-26 00:45:00,1.2,99680.0,285.45,0.15
2015-04-26 01:00:00,1.6,99665.0,285.45,0.15
2015-04-26 01:15:00,2.7,99650.0,285.65,0.15
2015-04-26 01:30:00,2.05,99655.0,285.4,0.15
2015-04-26 01:45:00,2.4,99650.0,285.15,0.15
2015-04-26 02:00:00,2.75,99645.0,285.2,0.15
2015-04-26 02:15:00,2.4,99630.0,285.35,0.15
2015-04-26 02:30:00,2.2,99620.0,285.29999999999995,0.15
2015-04-26 02:45:00,2.0,99610.0,285.35,0.15
2015-04-26 03:00:00,1.9,99595.0,285.4,0.15
2015-04-26 03:15:00,2.0,99580.0,285.45,0.15
2015-04-26 03:30:00,1.95,99570.0,285.45,0.15
2015-04-26 03:45:00,1.9,99570.0,285.15,0.15
2015-04-26 04:00:00,2.05,99565.0,284.9,0.15
2015-04-26 04:15:00,2.5,99570.0,284.95,0.15
2015-04-26 04:30:00,2.45,99575.0,285.15,0.15
2015-04-26 04:45:00,1.9,99580.0,285.15,0.15
2015-04-26 05:00:00,2.1,99590.0,285.45,0.15
2015-04-26 05:15:00,2.3,99610.0,285.65,0.15
2015-04-26 05:30:00,1.85,99625.0,285.95,0.15
2015-04-26 05:45:00,1.4,99620.0,286.15,0.15
2015-04-26 06:00:00,1.3,99625.0,286.54999999999995,0.15
2015-04-26 06:15:00,1.0,99630.0,286.65,0.15
2015-04-26 06:30:00,1.1,99630.0,286.75,0.15
2015-04-26 06:45:00,1.1,99620.0,286.95,0.15
2015-04-26 07:00:00,1.65,99625.0,287.25,0.15
2015-04-26 07:15:00,1.8,99620.0,287.65,0.15
2015-04-26 07:30:00,2.1500000000000004,99610.0,288.15,0.15
2015-04-26 07:45:00,2.2,99610.0,288.95,0.15
2015-04-26 08:00:00,3.45,99600.0,289.29999999999995,0.15
2015-04-26 08:15:00,3.1,99600.0,289.35,0.15
2015-04-26 08:30:00,2.6500000000000004,99605.0,288.79999999999995,0.15
2015-04-26 08:45:00,2.3,99600.0,288.75,0.15
2015-04-26 09:00:00,1.7999999999999998,99600.0,289.29999999999995,0.15
2015-04-26 09:15:00,2.1,99590.0,289.54999999999995,0.15
2015-04-26 09:30:00,1.95,99585.0,290.2,0.15
2015-04-26 09:45:00,3.7,99560.0,289.95,0.15
2015-04-26 10:00:00,3.55,99575.0,288.35,0.15
2015-04-26 10:15:00,2.8,99560.0,288.95,0.15
2015-04-26 10:30:00,2.95,99550.0,289.35,0.15
2015-04-26 10:45:00,3.2,99530.0,289.25,0.15
2015-04-26 11:00:00,3.35,99535.0,289.04999999999995,0.15
2015-04-26 11:15:00,2.5,99520.0,288.95,0.15
2015-04-26 11:30:00,1.45,99515.0,289.35,0.15
2015-04-26 11:45:00,1.2,99490.0,290.35,0.15
2015-04-26 12:00:00,1.35,99490.0,289.85,0.15
2015-04-26 12:15:00,3.2,99480.0,289.45,0.15
2015-04-26 12:30:00,3.25,99490.0,288.65,0.15
2015-04-26 12:45:00,2.7,99480.0,289.45,0.15
2015-04-26 13:00:00,1.95,99460.0,289.9,0.15
2015-04-26 13:15:00,1.5,99450.0,290.45,0.15
2015-04-26 13:30:00,2.4,99425.0,290.75,0.15
2015-04-26 13:45:00,2.9,99410.0,291.35,0.15
2015-04-26 14:00:00,2.1,99400.0,290.45,0.15
2015-04-26 14:15:00,2.3,99370.0,290.65,0.15
2015-04-26 14:30:00,1.6,99365.0,290.79999999999995,0.15
2015-04-26 14:45:00,3.4,99380.0,289.95,0.15
2015-04-26 15:00:00,2.25,99365.0,290.65,0.15
2015-04-26 15:15:00,2.4,99350.0,290.85,0.15
2015-04-26 15:30:00,2.5,99340.0,290.85,0.15
2015-04-26 15:45:00,1.4,99340.0,290.45,0.15
2015-04-26 16:00:00,2.25,99325.0,290.2,0.15
2015-04-26 16:15:00,4.8,99350.0,289.04999999999995,0.15
2015-04-26 16:30:00,2.8,99340.0,288.4,0.15
2015-04-26 16:45:00,1.8,99340.0,288.45,0.15
2015-04-26 17:00:00,2.45,99335.0,288.35,0.15
2015-04-26 17:15:00,3.3,99340.0,288.15,0.15
2015-04-26 17:30:00,3.1,99345.0,287.79999999999995,0.15
2015-04-26 17:45:00,3.0,99330.0,287.45,0.15
2015-04-26 18:00:00,1.65,99325.0,287.2,0.15
2015-04-26 18:15:00,1.9,99320.0,287.25,0.15
2015-04-26 18:30:00,1.15,99320.0,287.1,0.15
2015-04-26 18:45:00,0.9,99320.0,286.65,0.15
2015-04-26 19:00:00,0.9,99315.0,286.95,0.15
2015-04-26 19:15:00,0.6,99320.0,286.75,0.15
2015-04-26 19:30:00,0.2,99325.0,286.45,0.15
2015-04-26 19:45:00,0.6,99320.0,286.65,0.15
2015-04-26 20:00:00,0.7,99315.0,286.5,0.15
2015-04-26 20:15:00,1.3,99310.0,286.25,0.15
2015-04-26 20:30:00,1.25,99300.0,286.35,0.15
2015-04-26 20:45:00,0.4,99300.0,286.15,0.15
2015-04-26 21:00:00,0.8500000000000001,99290.0,285.95,0.15
2015-04-26 21:15:00,1.6,99290.0,285.75,0.15
2015-04-26 21:30:00,0.7,99275.0,286.15,0.15
2015-04-26 21:45:00,1.4,99260.0,286.15,0.15
2015-04-26 22:00:00,1.15,99245.0,286.0,0.15
2015-04-26 22:15:00,1.0,99240.0,285.85,0.15
2015-04-26 22:30:00,0.7,99240.0,285.65,0.15
2015-04-26 22:45:00,1.0,99240.0,285.65,0.15
2015-04-26 23:00:00,1.15,99205.0,285.75,0.15
2015-04-26 23:15:00,3.0,99180.0,285.75,0.15
2015-04-26 23:30:00,1.95,99185.0,285.75,0.15
2015-04-26 23:45:00,0.1,99190.0,285.54999999999995,0.15
2015-04-27 00:00:00,1.25,99160.0,285.65,0.15
2015-04-27 00:15:00,1.2,99140.0,285.65,0.15
2015-04-27 00:30:00,1.8,99115.0,285.7,0.15
2015-04-27 00:45:00,1.7,99110.0,285.65,0.15
2015-04-27 01:00:00,1.25,99110.0,285.6,0.15
2015-04-27 01:15:00,1.2,99100.0,285.45,0.15
2015-04-27 01:30:00,1.25,99085.0,285.45,0.15
2015-04-27 01:45:00,1.5,99080.0,285.45,0.15
2015-04-27 02:00:00,1.65,99075.0,285.5,0.15
2015-04-27 02:15:00,1.9,99060.0,285.45,0.15
2015-04-27 02:30:00,2.15,99065.0,285.45,0.15
2015-04-27 02:45:00,2.0,99080.0,285.54999999999995,0.15
2015-04-27 03:00:00,3.8,99085.0,285.54999999999995,0.15
2015-04-27 03:15:00,6.0,99110.0,285.25,0.15
2015-04-27 03:30:00,3.8,99115.0,285.0,0.15
2015-04-27 03:45:00,3.5,99120.0,284.95,0.15
2015-04-27 04:00:00,3.6,99130.0,284.85,0.15
2015-04-27 04:15:00,4.1,99140.0,284.75,0.15
2015-04-27 04:30:00,3.65,99145.0,284.75,0.15
2015-04-27 04:45:00,3.8,99150.0,284.65,0.15
2015-04-27 05:00:00,4.550000000000001,99170.0,284.54999999999995,0.15
2015-04-27 05:15:00,5.7,99190.0,284.35,0.15
2015-04-27 05:30:00,5.8,99215.0,283.85,0.15
2015-04-27 05:45:00,5.6,99230.0,283.65,0.15
2015-04-27 06:00:00,5.95,99235.0,283.45,0.15
2015-04-27 06:15:00,5.5,99240.0,283.25,0.15
2015-04-27 06:30:00,5.55,99260.0,283.2,0.15
2015-04-27 06:45:00,5.6,99280.0,283.25,0.15
2015-04-27 07:00:00,4.6,99300.0,283.04999999999995,0.15
2015-04-27 07:15:00,4.5,99320.0,283.25,0.15
2015-04-27 07:30:00,4.2,99335.0,283.1,0.15
2015-04-27 07:45:00,4.2,99340.0,283.04999999999995,0.15
2015-04-27 08:00:00,4.35,99360.0,283.15,0.15
2015-04-27 08:15:00,4.7,99370.0,282.95,0.15
2015-04-27 08:30:00,5.25,99390.0,282.95,0.15
2015-04-27 08:45:00,5.2,99400.0,283.04999999999995,0.15
2015-04-27 09:00:00,4.95,99420.0,283.0,0.15
2015-04-27 09:15:00,5.3,99440.0,283.04999999999995,0.15
2015-04-27 09:30:00,5.199999999999999,99450.0,282.9,0.15
2015-04-27 09:45:00,5.2,99470.0,282.54999999999995,0.15
2015-04-27 10:00:00,6.15,99475.0,282.4,0.15
2015-04-27 10:15:00,5.2,99480.0,282.54999999999995,0.15
2015-04-27 10:30:00,5.65,99490.0,282.7,0.15
2015-04-27 10:45:00,4.9,99490.0,282.45,0.15
2015-04-27 11:00:00,5.95,99510.0,282.54999999999995,0.15
2015-04-27 11:15:00,5.5,99520.0,282.65,0.15
2015-04-27 11:30:00,5.65,99520.0,282.54999999999995,0.15
2015-04-27 11:45:00,5.6,99530.0,282.35,0.15
2015-04-27 12:00:00,5.35,99545.0,282.4,0.15
2015-04-27 12:15:00,5.2,99560.0,282.54999999999995,0.15
2015-04-27 12:30:00,5.2,99565.0,282.5,0.15
2015-04-27 12:45:00,5.4,99560.0,282.45,0.15
2015-04-27 13:00:00,5.1,99570.0,282.35,0.15
2015-04-27 13:15:00,5.2,99580.0,282.35,0.15
2015-04-27 13:30:00,4.8,99575.0,282.4,0.15
2015-04-27 13:45:00,5.4,99570.0,282.35,0.15
2015-04-27 14:00:00,5.4,99585.0,282.15,0.15
2015-04-27 14:15:00,5.2,99600.0,282.15,0.15
2015-04-27 14:30:00,4.6,99605.0,282.35,0.15
2015-04-27 14:45:00,4.9,99600.0,282.54999999999995,0.15
2015-04-27 15:00:00,3.45,99600.0,282.85,0.15
2015-04-27 15:15:00,2.8,99610.0,283.15,0.15
2015-04-27 15:30:00,2.75,99620.0,283.04999999999995,0.15
2015-04-27 15:45:00,3.2,99610.0,283.04999999999995,0.15
2015-04-27 16:00:00,2.75,99610.0,283.04999999999995,0.15
2015-04-27 16:15:00,3.5,99610.0,283.15,0.15
2015-04-27 16:30:00,2.9000000000000004,99605.0,283.15,0.15
2015-04-27 16:45:00,2.6,99610.0,283.04999999999995,0.15
2015-04-27 17:00:00,2.8,99615.0,283.0,0.15
2015-04-27 17:15:00,3.0,99620.0,282.85,0.15
2015-04-27 17:30:00,2.95,99625.0,282.79999999999995,0.15
2015-04-27 17:45:00,2.9,99630.0,282.85,0.15
2015-04-27 18:00:00,3.1500000000000004,99635.0,282.75,0.15
2015-04-27 18:15:00,3.8,99670.0,282.45,0.15
2015-04-27 18:30:00,3.25,99680.0,282.54999999999995,0.15
2015-04-27 18:45:00,3.3,99690.0,282.35,0.15
2015-04-27 19:00:00,2.25,99715.0,282.2,0.15
2015-04-27 19:15:00,2.2,99730.0,282.04999999999995,0.15
2015-04-27 19:30:00,2.2,99745.0,281.85,0.15
2015-04-27 19:45:00,2.3,99750.0,281.45,0.15
2015-04-27 20:00:00,2.2,99760.0,281.5,0.15
2015-04-27 20:15:00,2.6,99750.0,281.15,0.15
2015-04-27 20:30:00,2.5,99760.0,281.04999999999995,0.15
2015-04-27 20:45:00,2.6,99750.0,280.45,0.15
2015-04-27 21:00:00,2.3,99765.0,280.2,0.15
2015-04-27 21:15:00,1.5,99780.0,279.95,0.15
2015-04-27 21:30:00,1.35,99780.0,279.7,0.15
2015-04-27 21:45:00,1.4,99780.0,279.95,0.15
2015-04-27 22:00:00,1.75,99795.0,279.95,0.15
2015-04-27 22:15:00,1.6,99810.0,280.25,0.15
2015-04-27 22:30:00,2.3,99825.0,280.2,0.15
2015-04-27 22:45:00,2.7,99840.0,279.45,0.15
2015-04-27 23:00:00,2.7,99855.0,279.15,0.15
2015-04-27 23:15:00,2.5,99870.0,278.85,0.15
2015-04-27 23:30:00,2.85,99880.0,278.6,0.15
2015-04-27 23:45:00,2.7,99890.0,278.35,0.15
2015-04-28 00:00:00,2.8,99900.0,278.15,0.15
2015-04-28 00:15:00,3.0,99900.0,278.04999999999995,0.15
2015-04-28 00:30:00,2.85,99905.0,277.79999999999995,0.15
2015-04-28 00:45:00,2.3,99910.0,277.45,0.15
2015-04-28 01:00:00,2.45,99915.0,277.45,0.15
2015-04-28 01:15:00,2.1,99910.0,277.54999999999995,0.15
2015-04-28 01:30:00,1.9,99915.0,277.15,0.15
2015-04-28 01:45:00,1.7,99930.0,276.75,0.15
2015-04-28 02:00:00,1.9,99950.0,276.5,0.15
2015-04-28 02:15:00,1.2,99970.0,276.15,0.15
2015-04-28 02:30:00,0.95,99980.0,276.1,0.15
2015-04-28 02:45:00,0.1,99990.0,275.95,0.15
2015-04-28 03:00:00,0.75,100010.0,276.15,0.15
2015-04-28 03:15:00,0.8,100000.0,276.04999999999995,0.15
2015-04-28 03:30:00,0.8500000000000001,100025.0,275.9,0.15
2015-04-28 03:45:00,0.4,100040.0,275.95,0.15
2015-04-28 04:00:00,0.8500000000000001,100050.0,276.1,0.15
2015-04-28 04:15:00,1.2,100060.0,276.25,0.15
2015-04-28 04:30:00,0.55,100080.0,275.85,0.15
2015-04-28 04:45:00,0.5,100100.0,276.04999999999995,0.15
2015-04-28 05:00:00,0.6000000000000001,100125.0,276.29999999999995,0.15
2015-04-28 05:15:00,0.3,100160.0,276.65,0.15
2015-04-28 05:30:00,1.2,100180.0,275.7,0.15
2015-04-28 05:45:00,1.4,100200.0,277.25,0.15
2015-04-28 06:00:00,0.9,100225.0,278.29999999999995,0.15
2015-04-28 06:15:00,0.4,100260.0,278.85,0.15
2015-04-28 06:30:00,0.5,100265.0,279.79999999999995,0.15
2015-04-28 06:45:00,0.7,100270.0,279.85,0.15
2015-04-28 07:00:00,2.15,100285.0,280.9,0.15
2015-04-28 07:15:00,2.6,100300.0,281.25,0.15
2015-04-28 07:30:00,2.55,100305.0,281.7,0.15
2015-04-28 07:45:00,2.5,100320.0,282.04999999999995,0.15
2015-04-28 08:00:00,2.8,100335.0,282.7,0.15
2015-04-28 08:15:00,2.6,100340.0,283.35,0.15
2015-04-28 08:30:00,2.45,100350.0,283.85,0.15
2015-04-28 08:45:00,4.0,100350.0,284.04999999999995,0.15
2015-04-28 09:00:00,3.55,100355.0,284.4,0.15
2015-04-28 09:15:00,4.5,100360.0,285.54999999999995,0.15
2015-04-28 09:30:00,3.3,100380.0,284.7,0.15
2015-04-28 09:45:00,5.8,100380.0,285.35,0.15
2015-04-28 10:00:00,4.75,100390.0,285.85,0.15
2015-04-28 10:15:00,4.4,100390.0,285.54999999999995,0.15
2015-04-28 10:30:00,4.25,100405.0,285.7,0.15
2015-04-28 10:45:00,5.0,100410.0,285.25,0.15
2015-04-28 11:00:00,4.85,100410.0,285.85,0.15
2015-04-28 11:15:00,5.4,100430.0,285.54999999999995,0.15
2015-04-28 11:30:00,5.65,100440.0,285.75,0.15
2015-04-28 11:45:00,6.1,100440.0,286.95,0.15
2015-04-28 12:00:00,7.25,100445.0,286.9,0.15
2015-04-28 12:15:00,6.9,100470.0,286.45,0.15
2015-04-28 12:30:00,7.1,100515.0,284.54999999999995,0.15
2015-04-28 12:45:00,4.2,100520.0,285.95,0.15
2015-04-28 13:00:00,5.25,100515.0,286.15,0.15
2015-04-28 13:15:00,9.5,100540.0,284.75,0.15
2015-04-28 13:30:00,8.4,100560.0,285.2,0.15
2015-04-28 13:45:00,6.7,100570.0,285.95,0.15
2015-04-28 14:00:00,7.3,100565.0,285.79999999999995,0.15
2015-04-28 14:15:00,5.9,100570.0,286.65,0.15
2015-04-28 14:30:00,6.25,100575.0,286.85,0.15
2015-04-28 14:45:00,6.2,100570.0,286.35,0.15
2015-04-28 15:00:00,6.65,100585.0,287.35,0.15
2015-04-28 15:15:00,5.8,100600.0,285.85,0.15
2015-04-28 15:30:00,6.0,100625.0,285.9,0.15
2015-04-28 15:45:00,5.2,100640.0,286.65,0.15
2015-04-28 16:00:00,5.2,100660.0,285.54999999999995,0.15
2015-04-28 16:15:00,5.3,100680.0,286.04999999999995,0.15
2015-04-28 16:30:00,4.5,100690.0,285.2,0.15
2015-04-28 16:45:00,4.0,100690.0,285.15,0.15
2015-04-28 17:00:00,3.65,100700.0,285.2,0.15
2015-04-28 17:15:00,4.0,100710.0,285.45,0.15
2015-04-28 17:30:00,4.550000000000001,100725.0,285.2,0.15
2015-04-28 17:45:00,4.9,100740.0,284.54999999999995,0.15
2015-04-28 18:00:00,3.7,100755.0,284.54999999999995,0.15
2015-04-28 18:15:00,3.3,100770.0,283.95,0.15
2015-04-28 18:30:00,2.55,100790.0,282.95,0.15
2015-04-28 18:45:00,2.6,100810.0,281.95,0.15
2015-04-28 19:00:00,3.1,100830.0,282.15,0.15
2015-04-28 19:15:00,2.7,100850.0,281.75,0.15
2015-04-28 19:30:00,2.35,100865.0,281.35,0.15
2015-04-28 19:45:00,1.4,100880.0,280.75,0.15
2015-04-28 20:00:00,2.1,100895.0,280.7,0.15
2015-04-28 20:15:00,1.7,100910.0,279.45,0.15
2015-04-28 20:30:00,1.0499999999999998,100915.0,278.95,0.15
2015-04-28 20:45:00,1.0,100930.0,279.04999999999995,0.15
2015-04-28 21:00:00,1.4,100940.0,278.75,0.15
2015-04-28 21:15:00,1.7,100950.0,278.15,0.15
2015-04-28 21:30:00,1.35,100965.0,278.2,0.15
2015-04-28 21:45:00,0.9,100980.0,277.85,0.15
2015-04-28 22:00:00,1.9,100970.0,278.1,0.15
2015-04-28 22:15:00,1.8,100980.0,276.75,0.15
2015-04-28 22:30:00,1.6,100980.0,276.5,0.15
2015-04-28 22:45:00,2.3,100990.0,277.04999999999995,0.15
2015-04-28 23:00:00,2.55,100985.0,277.2,0.15
2015-04-28 23:15:00,2.4,100970.0,276.95,0.15
2015-04-28 23:30:00,2.4000000000000004,100965.0,276.54999999999995,0.15
2015-04-28 23:45:00,2.7,100960.0,275.95,0.15
2015-04-29 00:00:00,2.45,100945.0,274.95,0.15
2015-04-29 00:15:00,2.1,100940.0,274.75,0.15
2015-04-29 00:30:00,2.05,100940.0,274.35,0.15
2015-04-29 00:45:00,1.8,100930.0,274.35,0.15
2015-04-29 01:00:00,1.7999999999999998,100930.0,273.95,0.15
2015-04-29 01:15:00,2.0,100930.0,274.04999999999995,0.15
2015-04-29 01:30:00,2.05,100925.0,273.7,0.15
2015-04-29 01:45:00,2.2,100920.0,273.54999999999995,0.15
2015-04-29 02:00:00,2.45,100920.0,274.04999999999995,0.15
2015-04-29 02:15:00,2.2,100920.0,274.04999999999995,0.15
2015-04-29 02:30:00,2.75,100920.0,273.65,0.15
2015-04-29 02:45:00,2.8,100930.0,274.25,0.15
2015-04-29 03:00:00,2.25,100920.0,274.7,0.15
2015-04-29 03:15:00,1.5,100920.0,274.75,0.15
2015-04-29 03:30:00,1.35,100905.0,273.45,0.15
2015-04-29 03:45:00,1.5,100890.0,273.15,0.15
2015-04-29 04:00:00,1.4500000000000002,100885.0,274.45,0.15
2015-04-29 04:15:00,2.1,100890.0,273.54999999999995,0.15
2015-04-29 04:30:00,1.9,100880.0,273.95,0.15
2015-04-29 04:45:00,2.2,100890.0,274.45,0.15
2015-04-29 05:00:00,1.8,100880.0,275.75,0.15
2015-04-29 05:15:00,1.4,100870.0,276.65,0.15
2015-04-29 05:30:00,1.25,100875.0,277.0,0.15
2015-04-29 05:45:00,1.3,100870.0,277.85,0.15
2015-04-29 06:00:00,2.25,100865.0,278.75,0.15
2015-04-29 06:15:00,2.5,100850.0,279.04999999999995,0.15
2015-04-29 06:30:00,2.35,100850.0,280.0,0.15
2015-04-29 06:45:00,2.8,100850.0,280.75,0.15
2015-04-29 07:00:00,2.3,100840.0,281.29999999999995,0.15
2015-04-29 07:15:00,2.4,100840.0,282.04999999999995,0.15
2015-04-29 07:30:00,2.25,100845.0,282.65,0.15
2015-04-29 07:45:00,2.3,100840.0,283.75,0.15
2015-04-29 08:00:00,3.2,100835.0,284.45,0.15
2015-04-29 08:15:00,3.8,100830.0,284.65,0.15
2015-04-29 08:30:00,3.55,100815.0,284.95,0.15
2015-04-29 08:45:00,3.4,100790.0,285.54999999999995,0.15
2015-04-29 09:00:00,3.65,100780.0,286.1,0.15
2015-04-29 09:15:00,3.6,100770.0,286.65,0.15
2015-04-29 09:30:00,4.550000000000001,100745.0,286.65,0.15
2015-04-29 09:45:00,4.4,100740.0,287.15,0.15
2015-04-29 10:00:00,4.35,100705.0,287.7,0.15
2015-04-29 10:15:00,4.7,100680.0,286.95,0.15
2015-04-29 10:30:00,4.5,100655.0,287.9,0.15
2015-04-29 10:45:00,4.6,100640.0,287.75,0.15
2015-04-29 11:00:00,4.449999999999999,100640.0,287.7,0.15
2015-04-29 11:15:00,5.1,100610.0,287.65,0.15
2015-04-29 11:30:00,3.55,100580.0,287.95,0.15
2015-04-29 11:45:00,4.9,100570.0,287.85,0.15
2015-04-29 12:00:00,4.55,100540.0,288.29999999999995,0.15
2015-04-29 12:15:00,4.9,100540.0,288.95,0.15
2015-04-29 12:30:00,2.95,100525.0,288.1,0.15
2015-04-29 12:45:00,3.2,100510.0,288.04999999999995,0.15
2015-04-29 13:00:00,3.95,100505.0,288.0,0.15
2015-04-29 13:15:00,3.2,100500.0,287.95,0.15
2015-04-29 13:30:00,4.199999999999999,100475.0,288.65,0.15
2015-04-29 13:45:00,4.0,100460.0,288.25,0.15
2015-04-29 14:00:00,3.6,100430.0,288.35,0.15
2015-04-29 14:15:00,2.9,100430.0,288.15,0.15
2015-04-29 14:30:00,3.2,100420.0,288.25,0.15
2015-04-29 14:45:00,4.1,100410.0,288.54999999999995,0.15
2015-04-29 15:00:00,3.8,100405.0,288.54999999999995,0.15
2015-04-29 15:15:00,4.6,100400.0,288.54999999999995,0.15
2015-04-29 15:30:00,3.95,100390.0,288.45,0.15
2015-04-29 15:45:00,4.0,100380.0,288.35,0.15
2015-04-29 16:00:00,4.4,100380.0,288.65,0.15
2015-04-29 16:15:00,4.6,100370.0,288.25,0.15
2015-04-29 16:30:00,3.45,100355.0,288.0,0.15
2015-04-29 16:45:00,3.2,100350.0,287.65,0.15
2015-04-29 17:00:00,2.95,100340.0,287.6,0.15
2015-04-29 17:15:00,3.9,100330.0,287.45,0.15
2015-04-29 17:30:00,3.2,100320.0,287.25,0.15
2015-04-29 17:45:00,2.9,100320.0,286.85,0.15
2015-04-29 18:00:00,3.15,100310.0,286.7,0.15
2015-04-29 18:15:00,2.4,100310.0,286.54999999999995,0.15
2015-04-29 18:30:00,2.3,100315.0,286.15,0.15
2015-04-29 18:45:00,2.1,100320.0,285.65,0.15
2015-04-29 19:00:00,1.7,100320.0,285.54999999999995,0.15
2015-04-29 19:15:00,1.7,100320.0,285.35,0.15
2015-04-29 19:30:00,1.85,100320.0,285.2,0.15
2015-04-29 19:45:00,2.0,100320.0,284.54999999999995,0.15
2015-04-29 20:00:00,2.45,100320.0,284.65,0.15
2015-04-29 20:15:00,2.4,100310.0,284.04999999999995,0.15
2015-04-29 20:30:00,2.1,100310.0,283.45,0.15
2015-04-29 20:45:00,1.8,100310.0,283.45,0.15
2015-04-29 21:00:00,1.75,100320.0,283.15,0.15
2015-04-29 21:15:00,1.2,100310.0,282.75,0.15
2015-04-29 21:30:00,1.35,100320.0,282.9,0.15
2015-04-29 21:45:00,1.7,100310.0,282.95,0.15
2015-04-29 22:00:00,1.85,100320.0,282.95,0.15
2015-04-29 22:15:00,1.9,100320.0,283.15,0.15
2015-04-29 22:30:00,1.85,100320.0,282.7,0.15
2015-04-29 22:45:00,1.8,100320.0,282.75,0.15
2015-04-29 23:00:00,1.85,100315.0,282.15,0.15
2015-04-29 23:15:00,2.2,100310.0,282.04999999999995,0.15
2015-04-29 23:30:00,2.5,100295.0,282.25,0.15
2015-04-29 23:45:00,2.6,100290.0,281.25,0.15
2015-04-30 00:00:00,2.6,100275.0,281.4,0.15
2015-04-30 00:15:00,2.5,100260.0,281.35,0.15
2015-04-30 00:30:00,2.4,100250.0,281.1,0.15
2015-04-30 00:45:00,2.4,100250.0,281.04999999999995,0.15
2015-04-30 01:00:00,2.2,100270.0,281.0,0.15
2015-04-30 01:15:00,2.3,100260.0,282.75,0.15
2015-04-30 01:30:00,2.05,100270.0,281.9,0.15
2015-04-30 01:45:00,2.3,100280.0,282.54999999999995,0.15
2015-04-30 02:00:00,2.1,100280.0,282.29999999999995,0.15
2015-04-30 02:15:00,1.6,100280.0,282.65,0.15
2015-04-30 02:30:00,1.05,100265.0,282.54999999999995,0.15
2015-04-30 02:45:00,1.9,100270.0,282.65,0.15
2015-04-30 03:00:00,1.65,100265.0,282.04999999999995,0.15
2015-04-30 03:15:00,1.8,100260.0,281.85,0.15
2015-04-30 03:30:00,2.05,100260.0,281.79999999999995,0.15
2015-04-30 03:45:00,2.0,100270.0,281.35,0.15
2015-04-30 04:00:00,1.6,100270.0,281.85,0.15
2015-04-30 04:15:00,2.0,100270.0,281.95,0.15
2015-04-30 04:30:00,2.3,100275.0,282.1,0.15
2015-04-30 04:45:00,2.5,100280.0,282.65,0.15
2015-04-30 05:00:00,2.4,100285.0,282.7,0.15
2015-04-30 05:15:00,2.7,100300.0,282.95,0.15
2015-04-30 05:30:00,2.8,100285.0,283.04999999999995,0.15
2015-04-30 05:45:00,2.7,100300.0,283.35,0.15
2015-04-30 06:00:00,2.85,100290.0,283.29999999999995,0.15
2015-04-30 06:15:00,3.1,100290.0,283.25,0.15
2015-04-30 06:30:00,2.75,100285.0,283.54999999999995,0.15
2015-04-30 06:45:00,2.7,100290.0,283.65,0.15
2015-04-30 07:00:00,3.25,100290.0,284.15,0.15
2015-04-30 07:15:00,3.3,100280.0,284.75,0.15
2015-04-30 07:30:00,4.35,100275.0,285.04999999999995,0.15
2015-04-30 07:45:00,4.4,100270.0,284.85,0.15
2015-04-30 08:00:00,4.35,100255.0,285.15,0.15
2015-04-30 08:15:00,4.5,100260.0,285.54999999999995,0.15
2015-04-30 08:30:00,4.65,100245.0,284.7,0.15
2015-04-30 08:45:00,5.4,100260.0,284.35,0.15
2015-04-30 09:00:00,5.5,100255.0,284.1,0.15
2015-04-30 09:15:00,4.1,100270.0,283.65,0.15
2015-04-30 09:30:00,4.05,100255.0,283.65,0.15
2015-04-30 09:45:00,2.7,100250.0,283.45,0.15
2015-04-30 10:00:00,3.1,100255.0,283.35,0.15
2015-04-30 10:15:00,3.0,100250.0,283.25,0.15
2015-04-30 10:30:00,2.75,100245.0,283.35,0.15
2015-04-30 10:45:00,3.3,100230.0,283.35,0.15
2015-04-30 11:00:00,3.25,100200.0,283.45,0.15
2015-04-30 11:15:00,3.0,100190.0,283.75,0.15
2015-04-30 11:30:00,2.4,100165.0,284.2,0.15
2015-04-30 11:45:00,2.7,100150.0,284.54999999999995,0.15
2015-04-30 12:00:00,3.05,100115.0,284.75,0.15
2015-04-30 12:15:00,3.2,100100.0,284.45,0.15
2015-04-30 12:30:00,2.8,100100.0,283.95,0.15
2015-04-30 12:45:00,2.6,100090.0,283.45,0.15
2015-04-30 13:00:00,1.7,100080.0,283.5,0.15
2015-04-30 13:15:00,2.1,100070.0,283.35,0.15
2015-04-30 13:30:00,2.2,100060.0,283.25,0.15
2015-04-30 13:45:00,3.4,100060.0,283.35,0.15
2015-04-30 14:00:00,3.3,100045.0,283.7,0.15
2015-04-30 14:15:00,2.9,100030.0,283.65,0.15
2015-04-30 14:30:00,2.3,100045.0,283.25,0.15
2015-04-30 14:45:00,2.7,100040.0,283.04999999999995,0.15
2015-04-30 15:00:00,3.05,100035.0,283.1,0.15
2015-04-30 15:15:00,2.1,100040.0,283.15,0.15
2015-04-30 15:30:00,2.75,100035.0,283.25,0.15
2015-04-30 15:45:00,1.8,100020.0,283.15,0.15
2015-04-30 16:00:00,1.2999999999999998,100010.0,283.25,0.15
2015-04-30 16:15:00,1.6,100030.0,283.25,0.15
2015-04-30 16:30:00,2.1,100015.0,283.29999999999995,0.15
2015-04-30 16:45:00,2.7,100010.0,283.45,0.15
2015-04-30 17:00:00,2.8,99985.0,283.29999999999995,0.15
2015-04-30 17:15:00,2.5,99990.0,283.25,0.15
2015-04-30 17:30:00,2.2,99990.0,283.29999999999995,0.15
2015-04-30 17:45:00,2.6,99990.0,283.04999999999995,0.15
2015-04-30 18:00:00,2.6500000000000004,99980.0,282.85,0.15
2015-04-30 18:15:00,2.6,99980.0,282.35,0.15
2015-04-30 18:30:00,2.5,99980.0,282.29999999999995,0.15
2015-04-30 18:45:00,2.4,99980.0,281.75,0.15
2015-04-30 19:00:00,2.3,99975.0,281.25,0.15
2015-04-30 19:15:00,1.8,99970.0,281.15,0.15
2015-04-30 19:30:00,2.05,99970.0,281.15,0.15
2015-04-30 19:45:00,2.2,99970.0,280.85,0.15
2015-04-30 20:00:00,2.25,99965.0,280.4,0.15
2015-04-30 20:15:00,2.3,99970.0,280.65,0.15
2015-04-30 20:30:00,1.75,99955.0,280.45,0.15
2015-04-30 20:45:00,2.5,99950.0,280.25,0.15
2015-04-30 21:00:00,1.7000000000000002,99955.0,280.6,0.15
2015-04-30 21:15:00,1.5,99970.0,280.35,0.15
2015-04-30 21:30:00,1.6,99965.0,279.85,0.15
2015-04-30 21:45:00,1.6,99960.0,280.35,0.15
2015-04-30 22:00:00,1.7,99960.0,280.54999999999995,0.15
2015-04-30 22:15:00,2.0,99970.0,280.15,0.15
2015-04-30 22:30:00,1.7,99975.0,280.1,0.15
2015-04-30 22:45:00,1.3,99980.0,279.54999999999995,0.15
2015-04-30 23:00:00,1.6,99965.0,279.15,0.15
2015-04-30 23:15:00,1.6,99960.0,279.25,0.15
2015-04-30 23:30:00,1.65,99950.0,278.5,0.15
2015-04-30 23:45:00,1.7,99950.0,278.85,0.15
2015-05-01 00:00:00,1.55,99935.0,277.65,0.15
2015-05-01 00:15:00,1.9,99920.0,277.04999999999995,0.15
2015-05-01 00:30:00,1.7999999999999998,99910.0,277.2,0.15
2015-05-01 00:45:00,2.0,99910.0,276.75,0.15
2015-05-01 01:00:00,1.75,99900.0,276.7,0.15
2015-05-01 01:15:00,1.5,99890.0,275.85,0.15
2015-05-01 01:30:00,1.8,99880.0,276.85,0.15
2015-05-01 01:45:00,1.9,99870.0,277.04999999999995,0.15
2015-05-01 02:00:00,1.65,99875.0,276.15,0.15
2015-05-01 02:15:00,1.8,99870.0,275.85,0.15
2015-05-01 02:30:00,1.95,99845.0,276.1,0.15
2015-05-01 02:45:00,1.5,99840.0,274.95,0.15
2015-05-01 03:00:00,2.6500000000000004,99840.0,275.15,0.15
2015-05-01 03:15:00,3.1,99820.0,275.25,0.15
2015-05-01 03:30:00,3.1,99810.0,275.1,0.15
2015-05-01 03:45:00,1.6,99810.0,274.04999999999995,0.15
2015-05-01 04:00:00,1.75,99815.0,274.6,0.15
2015-05-01 04:15:00,1.4,99830.0,274.65,0.15
2015-05-01 04:30:00,1.55,99830.0,274.5,0.15
2015-05-01 04:45:00,1.3,99830.0,274.95,0.15
2015-05-01 05:00:00,0.95,99835.0,275.1,0.15
2015-05-01 05:15:00,1.2,99830.0,275.04999999999995,0.15
2015-05-01 05:30:00,1.7000000000000002,99825.0,275.79999999999995,0.15
2015-05-01 05:45:00,1.5,99820.0,276.85,0.15
2015-05-01 06:00:00,1.7,99825.0,277.4,0.15
2015-05-01 06:15:00,1.9,99820.0,277.65,0.15
2015-05-01 06:30:00,1.7,99810.0,277.95,0.15
2015-05-01 06:45:00,1.7,99800.0,278.45,0.15
2015-05-01 07:00:00,1.35,99825.0,278.65,0.15
2015-05-01 07:15:00,1.2,99830.0,278.85,0.15
2015-05-01 07:30:00,1.0,99820.0,279.4,0.15
2015-05-01 07:45:00,1.2,99820.0,279.65,0.15
2015-05-01 08:00:00,1.35,99820.0,279.75,0.15
2015-05-01 08:15:00,1.1,99820.0,280.04999999999995,0.15
2015-05-01 08:30:00,1.45,99815.0,280.15,0.15
2015-05-01 08:45:00,1.7,99810.0,280.54999999999995,0.15
2015-05-01 09:00:00,1.7,99805.0,280.79999999999995,0.15
2015-05-01 09:15:00,1.6,99790.0,281.35,0.15
2015-05-01 09:30:00,1.75,99795.0,281.65,0.15
2015-05-01 09:45:00,1.2,99780.0,282.35,0.15
2015-05-01 10:00:00,1.35,99755.0,283.0,0.15
2015-05-01 10:15:00,1.0,99750.0,283.15,0.15
2015-05-01 10:30:00,1.1,99755.0,283.65,0.15
2015-05-01 10:45:00,1.4,99770.0,284.75,0.15
2015-05-01 11:00:00,1.1,99745.0,285.29999999999995,0.15
2015-05-01 11:15:00,1.1,99730.0,285.04999999999995,0.15
2015-05-01 11:30:00,1.3,99680.0,285.35,0.15
2015-05-01 11:45:00,1.6,99670.0,286.04999999999995,0.15
2015-05-01 12:00:00,1.5,99670.0,286.1,0.15
2015-05-01 12:15:00,1.2,99660.0,286.15,0.15
2015-05-01 12:30:00,1.55,99660.0,286.15,0.15
2015-05-01 12:45:00,1.5,99640.0,287.25,0.15
2015-05-01 13:00:00,1.5,99640.0,287.15,0.15
2015-05-01 13:15:00,1.8,99640.0,287.65,0.15
2015-05-01 13:30:00,1.75,99625.0,287.54999999999995,0.15
2015-05-01 13:45:00,3.1,99600.0,286.65,0.15
2015-05-01 14:00:00,2.05,99605.0,286.65,0.15
2015-05-01 14:15:00,2.1,99570.0,287.04999999999995,0.15
2015-05-01 14:30:00,1.8,99550.0,287.4,0.15
2015-05-01 14:45:00,1.1,99560.0,287.95,0.15
2015-05-01 15:00:00,1.8,99555.0,287.9,0.15
2015-05-01 15:15:00,1.8,99560.0,287.35,0.15
2015-05-01 15:30:00,2.05,99540.0,287.25,0.15
2015-05-01 15:45:00,1.2,99510.0,287.95,0.15
2015-05-01 16:00:00,1.15,99500.0,287.9,0.15
2015-05-01 16:15:00,1.5,99500.0,288.15,0.15
2015-05-01 16:30:00,1.6,99495.0,288.29999999999995,0.15
2015-05-01 16:45:00,1.9,99490.0,287.35,0.15
2015-05-01 17:00:00,1.5,99500.0,287.7,0.15
2015-05-01 17:15:00,1.4,99490.0,287.85,0.15
2015-05-01 17:30:00,0.8500000000000001,99480.0,287.65,0.15
2015-05-01 17:45:00,2.8,99490.0,286.75,0.15
2015-05-01 18:00:00,2.65,99505.0,285.7,0.15
2015-05-01 18:15:00,2.4,99510.0,285.35,0.15
2015-05-01 18:30:00,2.25,99525.0,285.2,0.15
2015-05-01 18:45:00,3.3,99540.0,284.95,0.15
2015-05-01 19:00:00,3.1,99555.0,284.54999999999995,0.15
2015-05-01 19:15:00,3.3,99580.0,283.75,0.15
2015-05-01 19:30:00,2.95,99585.0,283.5,0.15
2015-05-01 19:45:00,3.0,99600.0,282.75,0.15
2015-05-01 20:00:00,2.25,99615.0,283.1,0.15
2015-05-01 20:15:00,1.9,99640.0,282.25,0.15
2015-05-01 20:30:00,1.9,99665.0,281.65,0.15
2015-05-01 20:45:00,1.7,99680.0,280.45,0.15
2015-05-01 21:00:00,2.0,99690.0,280.0,0.15
2015-05-01 21:15:00,2.0,99690.0,280.04999999999995,0.15
2015-05-01 21:30:00,0.8500000000000001,99715.0,280.5,0.15
2015-05-01 21:45:00,0.3,99730.0,280.04999999999995,0.15
2015-05-01 22:00:00,0.35,99745.0,279.65,0.15
2015-05-01 22:15:00,0.2,99760.0,279.95,0.15
2015-05-01 22:30:00,0.6499999999999999,99770.0,279.85,0.15
2015-05-01 22:45:00,0.2,99790.0,279.35,0.15
2015-05-01 23:00:00,0.6499999999999999,99805.0,279.29999999999995,0.15
2015-05-01 23:15:00,0.6,99830.0,278.85,0.15
2015-05-01 23:30:00,1.0,99835.0,278.9,0.15
2015-05-01 23:45:00,1.1,99840.0,278.35,0.15
2015-05-02 00:00:00,1.7,99835.0,278.2,0.15
2015-05-02 00:15:00,1.8,99830.0,277.35,0.15
2015-05-02 00:30:00,1.65,99845.0,277.04999999999995,0.15
2015-05-02 00:45:00,1.7,99850.0,277.25,0.15
2015-05-02 01:00:00,1.75,99840.0,277.25,0.15
2015-05-02 01:15:00,2.2,99850.0,278.25,0.15
2015-05-02 01:30:00,2.2,99850.0,276.29999999999995,0.15
2015-05-02 01:45:00,2.3,99850.0,276.35,0.15
2015-05-02 02:00:00,2.4000000000000004,99855.0,275.85,0.15
2015-05-02 02:15:00,1.3,99880.0,275.04999999999995,0.15
2015-05-02 02:30:00,0.85,99895.0,275.25,0.15
2015-05-02 02:45:00,1.4,99900.0,274.04999999999995,0.15
2015-05-02 03:00:00,2.0,99905.0,275.15,0.15
2015-05-02 03:15:00,2.0,99920.0,276.25,0.15
2015-05-02 03:30:00,1.7000000000000002,99930.0,275.45,0.15
2015-05-02 03:45:00,2.1,99960.0,275.95,0.15
2015-05-02 04:00:00,1.65,99985.0,275.85,0.15
2015-05-02 04:15:00,1.5,100000.0,275.75,0.15
2015-05-02 04:30:00,1.85,100010.0,275.29999999999995,0.15
2015-05-02 04:45:00,2.2,100030.0,273.65,0.15
2015-05-02 05:00:00,1.95,100060.0,274.6,0.15
2015-05-02 05:15:00,2.6,100040.0,276.45,0.15
2015-05-02 05:30:00,2.05,100055.0,277.9,0.15
2015-05-02 05:45:00,2.2,100070.0,279.54999999999995,0.15
2015-05-02 06:00:00,2.0,100075.0,279.9,0.15
2015-05-02 06:15:00,2.0,100070.0,280.45,0.15
2015-05-02 06:30:00,1.65,100100.0,281.0,0.15
2015-05-02 06:45:00,1.3,100100.0,281.54999999999995,0.15
2015-05-02 07:00:00,1.35,100110.0,282.4,0.15
2015-05-02 07:15:00,1.7,100110.0,282.95,0.15
2015-05-02 07:30:00,2.0,100115.0,283.54999999999995,0.15
2015-05-02 07:45:00,1.6,100110.0,284.15,0.15
2015-05-02 08:00:00,1.6,100095.0,284.75,0.15
2015-05-02 08:15:00,2.1,100090.0,285.04999999999995,0.15
2015-05-02 08:30:00,1.35,100085.0,285.85,0.15
2015-05-02 08:45:00,1.5,100080.0,286.85,0.15
2015-05-02 09:00:00,1.7999999999999998,100085.0,287.0,0.15
2015-05-02 09:15:00,2.7,100090.0,287.25,0.15
2015-05-02 09:30:00,2.25,100090.0,287.79999999999995,0.15
2015-05-02 09:45:00,2.6,100100.0,287.85,0.15
2015-05-02 10:00:00,2.0,100100.0,288.1,0.15
2015-05-02 10:15:00,1.5,100100.0,288.25,0.15
2015-05-02 10:30:00,2.15,100085.0,288.7,0.15
2015-05-02 10:45:00,1.7,100080.0,288.54999999999995,0.15
2015-05-02 11:00:00,1.35,100065.0,288.4,0.15
2015-05-02 11:15:00,1.3,100060.0,288.85,0.15
2015-05-02 11:30:00,1.4500000000000002,100050.0,289.04999999999995,0.15
2015-05-02 11:45:00,2.0,100050.0,288.85,0.15
2015-05-02 12:00:00,1.55,100030.0,288.95,0.15
2015-05-02 12:15:00,1.6,100020.0,289.25,0.15
2015-05-02 12:30:00,1.2999999999999998,100020.0,289.15,0.15
2015-05-02 12:45:00,1.9,100010.0,289.54999999999995,0.15
2015-05-02 13:00:00,1.35,99995.0,289.5,0.15
2015-05-02 13:15:00,2.1,99980.0,289.25,0.15
2015-05-02 13:30:00,1.0,99960.0,289.75,0.15
2015-05-02 13:45:00,1.8,99940.0,289.45,0.15
2015-05-02 14:00:00,2.3,99935.0,289.75,0.15
2015-05-02 14:15:00,1.9,99930.0,289.75,0.15
2015-05-02 14:30:00,2.85,99920.0,289.7,0.15
2015-05-02 14:45:00,2.5,99910.0,289.54999999999995,0.15
2015-05-02 15:00:00,2.3,99910.0,289.54999999999995,0.15
2015-05-02 15:15:00,2.6,99880.0,289.65,0.15
2015-05-02 15:30:00,2.35,99880.0,289.65,0.15
2015-05-02 15:45:00,2.8,99870.0,289.45,0.15
2015-05-02 16:00:00,2.65,99865.0,289.6,0.15
2015-05-02 16:15:00,3.5,99860.0,289.45,0.15
2015-05-02 16:30:00,3.5,99855.0,289.45,0.15
2015-05-02 16:45:00,3.5,99840.0,289.45,0.15
2015-05-02 17:00:00,3.35,99835.0,289.2,0.15
2015-05-02 17:15:00,3.2,99840.0,289.04999999999995,0.15
2015-05-02 17:30:00,2.95,99835.0,289.04999999999995,0.15
2015-05-02 17:45:00,2.7,99820.0,288.95,0.15
2015-05-02 18:00:00,2.85,99830.0,288.75,0.15
2015-05-02 18:15:00,2.9,99840.0,288.54999999999995,0.15
2015-05-02 18:30:00,3.25,99820.0,288.5,0.15
2015-05-02 18:45:00,3.2,99800.0,288.35,0.15
2015-05-02 19:00:00,2.7,99815.0,288.04999999999995,0.15
2015-05-02 19:15:00,2.4,99820.0,287.85,0.15
2015-05-02 19:30:00,2.45,99815.0,287.85,0.15
2015-05-02 19:45:00,2.2,99820.0,287.65,0.15
2015-05-02 20:00:00,2.3,99830.0,287.6,0.15
2015-05-02 20:15:00,2.3,99830.0,287.25,0.15
2015-05-02 20:30:00,2.5,99815.0,286.65,0.15
2015-05-02 20:45:00,2.7,99800.0,286.45,0.15
2015-05-02 21:00:00,2.85,99780.0,286.25,0.15
2015-05-02 21:15:00,2.6,99770.0,286.25,0.15
2015-05-02 21:30:00,2.8,99765.0,286.04999999999995,0.15
2015-05-02 21:45:00,3.0,99750.0,285.95,0.15
2015-05-02 22:00:00,3.1,99735.0,286.04999999999995,0.15
2015-05-02 22:15:00,2.9,99720.0,285.95,0.15
2015-05-02 22:30:00,3.1,99710.0,286.1,0.15
2015-05-02 22:45:00,3.5,99670.0,285.95,0.15
2015-05-02 23:00:00,2.95,99660.0,285.65,0.15
2015-05-02 23:15:00,2.9,99650.0,285.45,0.15
2015-05-02 23:30:00,2.45,99635.0,285.25,0.15
2015-05-02 23:45:00,2.5,99610.0,285.04999999999995,0.15
2015-05-03 00:00:00,2.9,99585.0,285.0,0.15
2015-05-03 00:15:00,2.8,99570.0,285.04999999999995,0.15
2015-05-03 00:30:00,2.95,99555.0,285.04999999999995,0.15
2015-05-03 00:45:00,2.6,99550.0,284.75,0.15
2015-05-03 01:00:00,2.7,99540.0,284.45,0.15
2015-05-03 01:15:00,3.5,99520.0,284.15,0.15
2015-05-03 01:30:00,3.05,99515.0,284.35,0.15
2015-05-03 01:45:00,2.9,99500.0,284.35,0.15
2015-05-03 02:00:00,2.8,99495.0,284.4,0.15
2015-05-03 02:15:00,2.9,99480.0,284.25,0.15
2015-05-03 02:30:00,2.45,99465.0,284.25,0.15
2015-05-03 02:45:00,1.8,99470.0,284.35,0.15
2015-05-03 03:00:00,2.0,99465.0,284.25,0.15
2015-05-03 03:15:00,2.6,99440.0,284.25,0.15
2015-05-03 03:30:00,1.35,99450.0,284.54999999999995,0.15
2015-05-03 03:45:00,1.9,99430.0,284.65,0.15
2015-05-03 04:00:00,2.35,99400.0,284.79999999999995,0.15
2015-05-03 04:15:00,2.2,99390.0,284.85,0.15
2015-05-03 04:30:00,1.9,99395.0,284.95,0.15
2015-05-03 04:45:00,2.3,99410.0,285.04999999999995,0.15
2015-05-03 05:00:00,2.0,99415.0,285.2,0.15
2015-05-03 05:15:00,2.8,99410.0,285.35,0.15
2015-05-03 05:30:00,2.2,99405.0,285.5,0.15
2015-05-03 05:45:00,1.9,99410.0,285.65,0.15
2015-05-03 06:00:00,2.55,99390.0,286.04999999999995,0.15
2015-05-03 06:15:00,3.3,99360.0,286.45,0.15
2015-05-03 06:30:00,4.15,99340.0,286.7,0.15
2015-05-03 06:45:00,6.2,99310.0,287.15,0.15
2015-05-03 07:00:00,6.15,99335.0,287.2,0.15
2015-05-03 07:15:00,5.9,99340.0,287.35,0.15
2015-05-03 07:30:00,6.5,99345.0,287.6,0.15
2015-05-03 07:45:00,6.4,99360.0,287.65,0.15
2015-05-03 08:00:00,5.15,99355.0,287.6,0.15
2015-05-03 08:15:00,4.6,99330.0,287.75,0.15
2015-05-03 08:30:00,5.15,99320.0,287.75,0.15
2015-05-03 08:45:00,4.6,99310.0,287.54999999999995,0.15
2015-05-03 09:00:00,4.5,99290.0,287.29999999999995,0.15
2015-05-03 09:15:00,5.0,99270.0,288.15,0.15
2015-05-03 09:30:00,4.95,99265.0,289.0,0.15
2015-05-03 09:45:00,5.2,99250.0,289.54999999999995,0.15
2015-05-03 10:00:00,5.35,99235.0,289.7,0.15
2015-05-03 10:15:00,4.7,99240.0,289.75,0.15
2015-05-03 10:30:00,4.7,99225.0,290.2,0.15
2015-05-03 10:45:00,4.4,99250.0,290.54999999999995,0.15
2015-05-03 11:00:00,4.550000000000001,99235.0,290.6,0.15
2015-05-03 11:15:00,4.3,99230.0,290.45,0.15
2015-05-03 11:30:00,3.8,99230.0,290.5,0.15
2015-05-03 11:45:00,4.1,99230.0,290.35,0.15
2015-05-03 12:00:00,4.050000000000001,99240.0,290.54999999999995,0.15
2015-05-03 12:15:00,4.8,99230.0,290.35,0.15
2015-05-03 12:30:00,3.65,99225.0,289.9,0.15
2015-05-03 12:45:00,3.7,99220.0,289.85,0.15
2015-05-03 13:00:00,4.0,99195.0,289.4,0.15
2015-05-03 13:15:00,4.1,99190.0,289.45,0.15
2015-05-03 13:30:00,3.35,99200.0,289.6,0.15
2015-05-03 13:45:00,3.5,99190.0,289.75,0.15
2015-05-03 14:00:00,3.65,99195.0,289.5,0.15
2015-05-03 14:15:00,3.4,99190.0,289.35,0.15
2015-05-03 14:30:00,3.05,99175.0,289.29999999999995,0.15
2015-05-03 14:45:00,2.7,99160.0,289.35,0.15
2015-05-03 15:00:00,2.3,99150.0,289.29999999999995,0.15
2015-05-03 15:15:00,2.3,99140.0,289.54999999999995,0.15
2015-05-03 15:30:00,2.6,99145.0,289.5,0.15
2015-05-03 15:45:00,3.1,99140.0,289.45,0.15
2015-05-03 16:00:00,2.85,99145.0,289.54999999999995,0.15
2015-05-03 16:15:00,2.7,99140.0,289.65,0.15
2015-05-03 16:30:00,3.1,99140.0,289.5,0.15
2015-05-03 16:45:00,3.5,99130.0,289.35,0.15
2015-05-03 17:00:00,3.1,99110.0,289.29999999999995,0.15
2015-05-03 17:15:00,3.1,99110.0,289.45,0.15
2015-05-03 17:30:00,3.1,99140.0,289.54999999999995,0.15
2015-05-03 17:45:00,2.3,99140.0,289.45,0.15
2015-05-03 18:00:00,1.5,99135.0,289.5,0.15
2015-05-03 18:15:00,1.9,99160.0,289.45,0.15
2015-05-03 18:30:00,1.65,99160.0,289.35,0.15
2015-05-03 18:45:00,1.2,99170.0,289.35,0.15
2015-05-03 19:00:00,2.15,99180.0,289.0,0.15
2015-05-03 19:15:00,2.6,99200.0,288.95,0.15
2015-05-03 19:30:00,2.6500000000000004,99230.0,288.35,0.15
2015-05-03 19:45:00,3.2,99240.0,288.15,0.15
2015-05-03 20:00:00,3.25,99270.0,287.7,0.15
2015-05-03 20:15:00,3.5,99300.0,288.15,0.15
2015-05-03 20:30:00,3.3,99320.0,288.7,0.15
2015-05-03 20:45:00,3.6,99330.0,289.04999999999995,0.15
2015-05-03 21:00:00,3.4000000000000004,99340.0,289.25,0.15
2015-05-03 21:15:00,3.6,99370.0,289.45,0.15
2015-05-03 21:30:00,3.6,99400.0,289.1,0.15
2015-05-03 21:45:00,3.0,99410.0,288.65,0.15
2015-05-03 22:00:00,3.2,99420.0,288.5,0.15
2015-05-03 22:15:00,3.4,99440.0,288.25,0.15
2015-05-03 22:30:00,2.65,99465.0,288.25,0.15
2015-05-03 22:45:00,2.5,99450.0,288.25,0.15
2015-05-03 23:00:00,2.7,99485.0,288.15,0.15
2015-05-03 23:15:00,2.4,99490.0,287.95,0.15
2015-05-03 23:30:00,2.1,99500.0,287.85,0.15
2015-05-03 23:45:00,2.1,99510.0,287.54999999999995,0.15
2015-05-04 00:00:00,2.4000000000000004,99525.0,287.79999999999995,0.15
2015-05-04 00:15:00,2.4,99530.0,287.95,0.15
2015-05-04 00:30:00,2.05,99520.0,287.79999999999995,0.15
2015-05-04 00:45:00,1.7,99540.0,288.04999999999995,0.15
2015-05-04 01:00:00,1.25,99540.0,287.75,0.15
2015-05-04 01:15:00,0.9,99550.0,287.45,0.15
2015-05-04 01:30:00,1.25,99545.0,287.45,0.15
2015-05-04 01:45:00,1.4,99550.0,287.25,0.15
2015-05-04 02:00:00,1.95,99545.0,287.1,0.15
2015-05-04 02:15:00,2.5,99550.0,287.04999999999995,0.15
2015-05-04 02:30:00,2.0,99550.0,286.85,0.15
2015-05-04 02:45:00,2.3,99550.0,286.95,0.15
2015-05-04 03:00:00,3.05,99570.0,286.7,0.15
2015-05-04 03:15:00,3.2,99580.0,286.75,0.15
2015-05-04 03:30:00,3.55,99575.0,286.9,0.15
2015-05-04 03:45:00,3.0,99580.0,287.25,0.15
2015-05-04 04:00:00,2.9,99595.0,287.15,0.15
2015-05-04 04:15:00,3.0,99600.0,287.35,0.15
2015-05-04 04:30:00,3.3,99610.0,287.54999999999995,0.15
2015-05-04 04:45:00,3.2,99620.0,287.25,0.15
2015-05-04 05:00:00,2.9,99635.0,287.4,0.15
2015-05-04 05:15:00,2.8,99640.0,287.65,0.15
2015-05-04 05:30:00,2.25,99665.0,287.75,0.15
2015-05-04 05:45:00,1.9,99670.0,287.85,0.15
2015-05-04 06:00:00,2.2,99680.0,288.04999999999995,0.15
2015-05-04 06:15:00,2.7,99700.0,288.54999999999995,0.15
2015-05-04 06:30:00,2.95,99750.0,288.7,0.15
2015-05-04 06:45:00,2.9,99760.0,289.04999999999995,0.15
2015-05-04 07:00:00,2.6,99760.0,289.54999999999995,0.15
2015-05-04 07:15:00,2.7,99770.0,289.85,0.15
2015-05-04 07:30:00,2.85,99750.0,290.29999999999995,0.15
2015-05-04 07:45:00,4.1,99740.0,290.54999999999995,0.15
2015-05-04 08:00:00,4.85,99745.0,290.29999999999995,0.15
2015-05-04 08:15:00,3.6,99750.0,290.04999999999995,0.15
2015-05-04 08:30:00,3.25,99765.0,290.15,0.15
2015-05-04 08:45:00,2.5,99790.0,290.45,0.15
2015-05-04 09:00:00,4.65,99805.0,291.85,0.15
2015-05-04 09:15:00,5.4,99820.0,291.25,0.15
2015-05-04 09:30:00,4.9,99845.0,292.5,0.15
2015-05-04 09:45:00,3.7,99840.0,292.04999999999995,0.15
2015-05-04 10:00:00,3.75,99845.0,292.75,0.15
2015-05-04 10:15:00,3.0,99820.0,292.45,0.15
2015-05-04 10:30:00,2.15,99815.0,292.29999999999995,0.15
2015-05-04 10:45:00,2.4,99810.0,292.75,0.15
2015-05-04 11:00:00,2.85,99790.0,293.29999999999995,0.15
2015-05-04 11:15:00,3.7,99780.0,293.65,0.15
2015-05-04 11:30:00,3.85,99765.0,293.9,0.15
2015-05-04 11:45:00,2.4,99770.0,293.75,0.15
2015-05-04 12:00:00,2.1,99750.0,293.9,0.15
2015-05-04 12:15:00,2.8,99730.0,294.25,0.15
2015-05-04 12:30:00,2.5,99730.0,294.29999999999995,0.15
2015-05-04 12:45:00,2.8,99710.0,294.35,0.15
2015-05-04 13:00:00,1.9,99715.0,294.54999999999995,0.15
2015-05-04 13:15:00,2.2,99690.0,295.25,0.15
2015-05-04 13:30:00,1.75,99675.0,295.45,0.15
2015-05-04 13:45:00,3.1,99650.0,295.85,0.15
2015-05-04 14:00:00,2.5,99640.0,296.25,0.15
2015-05-04 14:15:00,1.6,99630.0,296.54999999999995,0.15
2015-05-04 14:30:00,3.05,99640.0,295.25,0.15
2015-05-04 14:45:00,1.9,99620.0,296.25,0.15
2015-05-04 15:00:00,3.1,99620.0,295.65,0.15
2015-05-04 15:15:00,5.0,99610.0,296.15,0.15
2015-05-04 15:30:00,4.25,99600.0,295.75,0.15
2015-05-04 15:45:00,2.9,99580.0,295.35,0.15
2015-05-04 16:00:00,3.55,99565.0,295.25,0.15
2015-05-04 16:15:00,3.9,99550.0,295.04999999999995,0.15
2015-05-04 16:30:00,4.55,99525.0,294.9,0.15
2015-05-04 16:45:00,3.7,99500.0,294.65,0.15
2015-05-04 17:00:00,3.35,99465.0,294.25,0.15
2015-05-04 17:15:00,2.1,99440.0,294.04999999999995,0.15
2015-05-04 17:30:00,2.55,99435.0,294.2,0.15
2015-05-04 17:45:00,2.6,99410.0,293.75,0.15
2015-05-04 18:00:00,2.9,99390.0,293.5,0.15
2015-05-04 18:15:00,2.9,99370.0,293.15,0.15
2015-05-04 18:30:00,2.4000000000000004,99340.0,292.9,0.15
2015-05-04 18:45:00,2.8,99330.0,292.54999999999995,0.15
2015-05-04 19:00:00,3.0,99310.0,292.54999999999995,0.15
2015-05-04 19:15:00,3.6,99280.0,292.65,0.15
2015-05-04 19:30:00,3.8,99280.0,292.7,0.15
2015-05-04 19:45:00,3.5,99270.0,292.54999999999995,0.15
2015-05-04 20:00:00,3.5,99255.0,292.15,0.15
2015-05-04 20:15:00,3.8,99240.0,291.15,0.15
2015-05-04 20:30:00,3.45,99210.0,290.0,0.15
2015-05-04 20:45:00,3.7,99180.0,289.95,0.15
2015-05-04 21:00:00,4.35,99135.0,289.95,0.15
2015-05-04 21:15:00,4.6,99110.0,289.85,0.15
2015-05-04 21:30:00,4.6,99040.0,289.65,0.15
2015-05-04 21:45:00,4.5,99010.0,289.85,0.15
2015-05-04 22:00:00,3.45,98960.0,290.1,0.15
2015-05-04 22:15:00,2.9,98940.0,290.25,0.15
2015-05-04 22:30:00,3.15,98930.0,290.65,0.15
2015-05-04 22:45:00,4.5,98930.0,290.85,0.15
2015-05-04 23:00:00,6.550000000000001,98915.0,290.54999999999995,0.15
2015-05-04 23:15:00,7.1,98840.0,290.75,0.15
2015-05-04 23:30:00,5.300000000000001,98780.0,291.04999999999995,0.15
2015-05-04 23:45:00,5.1,98770.0,291.65,0.15
2015-05-05 00:00:00,5.949999999999999,98740.0,291.75,0.15
2015-05-05 00:15:00,6.1,98730.0,291.54999999999995,0.15
2015-05-05 00:30:00,6.1,98735.0,291.65,0.15
2015-05-05 00:45:00,5.8,98730.0,291.65,0.15
2015-05-05 01:00:00,5.8,98715.0,291.54999999999995,0.15
2015-05-05 01:15:00,6.0,98720.0,291.75,0.15
2015-05-05 01:30:00,6.05,98700.0,292.0,0.15
2015-05-05 01:45:00,6.2,98700.0,291.95,0.15
2015-05-05 02:00:00,6.15,98695.0,291.75,0.15
2015-05-05 02:15:00,5.0,98690.0,291.45,0.15
2015-05-05 02:30:00,5.0,98675.0,291.65,0.15
2015-05-05 02:45:00,4.7,98660.0,291.85,0.15
2015-05-05 03:00:00,5.15,98630.0,292.15,0.15
2015-05-05 03:15:00,5.0,98640.0,291.45,0.15
2015-05-05 03:30:00,4.05,98645.0,291.5,0.15
2015-05-05 03:45:00,4.6,98680.0,291.75,0.15
2015-05-05 04:00:00,4.95,98695.0,292.04999999999995,0.15
2015-05-05 04:15:00,6.2,98690.0,292.04999999999995,0.15
2015-05-05 04:30:00,6.35,98700.0,293.4,0.15
2015-05-05 04:45:00,5.5,98720.0,293.54999999999995,0.15
2015-05-05 05:00:00,5.65,98730.0,293.4,0.15
2015-05-05 05:15:00,5.4,98710.0,293.45,0.15
2015-05-05 05:30:00,4.55,98735.0,293.2,0.15
2015-05-05 05:45:00,3.4,98820.0,292.45,0.15
2015-05-05 06:00:00,3.5,98795.0,292.35,0.15
2015-05-05 06:15:00,4.1,98790.0,293.04999999999995,0.15
2015-05-05 06:30:00,2.9000000000000004,98765.0,292.5,0.15
2015-05-05 06:45:00,3.0,98800.0,291.45,0.15
2015-05-05 07:00:00,2.45,98780.0,291.7,0.15
2015-05-05 07:15:00,3.3,98740.0,291.75,0.15
2015-05-05 07:30:00,3.05,98755.0,291.9,0.15
2015-05-05 07:45:00,4.0,98800.0,291.45,0.15
2015-05-05 08:00:00,4.45,98800.0,292.04999999999995,0.15
2015-05-05 08:15:00,4.3,98790.0,292.54999999999995,0.15
2015-05-05 08:30:00,4.4,98870.0,292.2,0.15
2015-05-05 08:45:00,5.7,98770.0,292.15,0.15
2015-05-05 09:00:00,5.800000000000001,98830.0,293.65,0.15
2015-05-05 09:15:00,6.3,98820.0,294.54999999999995,0.15
2015-05-05 09:30:00,7.45,98830.0,295.0,0.15
2015-05-05 09:45:00,7.4,98810.0,296.35,0.15
2015-05-05 10:00:00,6.550000000000001,98790.0,296.75,0.15
2015-05-05 10:15:00,8.4,98820.0,297.45,0.15
2015-05-05 10:30:00,9.7,98840.0,297.6,0.15
2015-05-05 10:45:00,8.8,98850.0,297.45,0.15
2015-05-05 11:00:00,7.4,98865.0,297.25,0.15
2015-05-05 11:15:00,9.0,98880.0,296.75,0.15
2015-05-05 11:30:00,7.8,98885.0,296.6,0.15
2015-05-05 11:45:00,8.5,98900.0,297.35,0.15
2015-05-05 12:00:00,9.0,98925.0,296.85,0.15
2015-05-05 12:15:00,9.0,98960.0,296.85,0.15
2015-05-05 12:30:00,10.6,98985.0,297.1,0.15
2015-05-05 12:45:00,12.9,99040.0,296.85,0.15
2015-05-05 13:00:00,11.2,99080.0,296.79999999999995,0.15
2015-05-05 13:15:00,10.7,99090.0,296.65,0.15
2015-05-05 13:30:00,10.65,99100.0,296.29999999999995,0.15
2015-05-05 13:45:00,8.8,99130.0,296.35,0.15
2015-05-05 14:00:00,10.5,99295.0,291.04999999999995,0.15
2015-05-05 14:15:00,8.5,99380.0,289.95,0.15
2015-05-05 14:30:00,7.4,99430.0,289.1,0.15
2015-05-05 14:45:00,8.0,99480.0,288.65,0.15
2015-05-05 15:00:00,8.0,99510.0,289.85,0.15
2015-05-05 15:15:00,9.4,99550.0,290.85,0.15
2015-05-05 15:30:00,8.35,99575.0,290.75,0.15
2015-05-05 15:45:00,7.7,99600.0,290.45,0.15
2015-05-05 16:00:00,6.3,99610.0,290.85,0.15
2015-05-05 16:15:00,5.3,99610.0,290.85,0.15
2015-05-05 16:30:00,5.35,99610.0,290.95,0.15
2015-05-05 16:45:00,6.1,99610.0,291.04999999999995,0.15
2015-05-05 17:00:00,5.300000000000001,99620.0,291.6,0.15
2015-05-05 17:15:00,5.7,99630.0,291.54999999999995,0.15
2015-05-05 17:30:00,3.8,99650.0,290.35,0.15
2015-05-05 17:45:00,3.5,99650.0,290.35,0.15
2015-05-05 18:00:00,3.05,99675.0,290.25,0.15
2015-05-05 18:15:00,2.4,99690.0,289.65,0.15
2015-05-05 18:30:00,2.05,99705.0,288.85,0.15
2015-05-05 18:45:00,1.9,99730.0,288.45,0.15
2015-05-05 19:00:00,1.15,99750.0,288.0,0.15
2015-05-05 19:15:00,0.7,99770.0,287.25,0.15
2015-05-05 19:30:00,1.0,99785.0,287.4,0.15
2015-05-05 19:45:00,1.1,99800.0,287.85,0.15
2015-05-05 20:00:00,1.15,99820.0,287.4,0.15
2015-05-05 20:15:00,2.2,99840.0,287.75,0.15
2015-05-05 20:30:00,2.45,99830.0,287.4,0.15
2015-05-05 20:45:00,3.1,99830.0,286.85,0.15
2015-05-05 21:00:00,3.5,99855.0,286.9,0.15
2015-05-05 21:15:00,2.9,99860.0,287.15,0.15
2015-05-05 21:30:00,2.1500000000000004,99865.0,285.5,0.15
2015-05-05 21:45:00,2.3,99870.0,286.25,0.15
2015-05-05 22:00:00,2.4,99880.0,286.9,0.15
2015-05-05 22:15:00,2.6,99880.0,286.75,0.15
2015-05-05 22:30:00,2.6500000000000004,99880.0,286.35,0.15
2015-05-05 22:45:00,2.7,99880.0,286.65,0.15
2015-05-05 23:00:00,2.7,99900.0,285.29999999999995,0.15
2015-05-05 23:15:00,3.2,99910.0,285.35,0.15
2015-05-05 23:30:00,3.25,99915.0,285.75,0.15
2015-05-05 23:45:00,3.1,99920.0,285.95,0.15
2015-05-06 00:00:00,2.5,99935.0,285.7,0.15
2015-05-06 00:15:00,3.0,99950.0,285.65,0.15
2015-05-06 00:30:00,4.15,99950.0,285.29999999999995,0.15
2015-05-06 00:45:00,3.9,99960.0,285.25,0.15
2015-05-06 01:00:00,3.25,99950.0,285.29999999999995,0.15
2015-05-06 01:15:00,3.1,99960.0,285.04999999999995,0.15
2015-05-06 01:30:00,3.0,99960.0,284.79999999999995,0.15
2015-05-06 01:45:00,3.1,99960.0,284.75,0.15
2015-05-06 02:00:00,2.9000000000000004,99965.0,284.45,0.15
2015-05-06 02:15:00,2.6,99970.0,284.85,0.15
2015-05-06 02:30:00,3.0,99965.0,285.75,0.15
2015-05-06 02:45:00,3.1,99970.0,285.75,0.15
2015-05-06 03:00:00,3.15,99975.0,285.0,0.15
2015-05-06 03:15:00,2.7,99970.0,284.45,0.15
2015-05-06 03:30:00,1.85,99980.0,284.04999999999995,0.15
2015-05-06 03:45:00,1.9,99980.0,283.15,0.15
2015-05-06 04:00:00,2.35,99990.0,283.04999999999995,0.15
2015-05-06 04:15:00,2.0,100000.0,282.75,0.15
2015-05-06 04:30:00,2.5,100015.0,284.5,0.15
2015-05-06 04:45:00,2.8,100020.0,283.04999999999995,0.15
2015-05-06 05:00:00,2.55,100035.0,284.25,0.15
2015-05-06 05:15:00,2.5,100050.0,285.15,0.15
2015-05-06 05:30:00,2.75,100060.0,285.65,0.15
2015-05-06 05:45:00,3.3,100080.0,286.25,0.15
2015-05-06 06:00:00,4.15,100100.0,286.6,0.15
2015-05-06 06:15:00,5.0,100110.0,286.95,0.15
2015-05-06 06:30:00,5.55,100110.0,287.15,0.15
2015-05-06 06:45:00,6.1,100130.0,287.54999999999995,0.15
2015-05-06 07:00:00,6.050000000000001,100130.0,287.6,0.15
2015-05-06 07:15:00,7.1,100130.0,287.85,0.15
2015-05-06 07:30:00,6.85,100120.0,288.25,0.15
2015-05-06 07:45:00,7.4,100130.0,288.65,0.15
2015-05-06 08:00:00,6.55,100115.0,288.79999999999995,0.15
2015-05-06 08:15:00,7.3,100110.0,289.15,0.15
2015-05-06 08:30:00,6.55,100100.0,288.79999999999995,0.15
2015-05-06 08:45:00,6.4,100100.0,289.45,0.15
2015-05-06 09:00:00,6.5,100095.0,289.2,0.15
2015-05-06 09:15:00,7.5,100100.0,289.95,0.15
2015-05-06 09:30:00,6.65,100110.0,289.85,0.15
2015-05-06 09:45:00,6.2,100120.0,290.65,0.15
2015-05-06 10:00:00,8.0,100115.0,290.1,0.15
2015-05-06 10:15:00,7.1,100090.0,290.65,0.15
2015-05-06 10:30:00,6.9,100080.0,290.7,0.15
2015-05-06 10:45:00,6.4,100070.0,290.54999999999995,0.15
2015-05-06 11:00:00,7.7,100060.0,291.29999999999995,0.15
2015-05-06 11:15:00,8.0,100050.0,291.75,0.15
2015-05-06 11:30:00,8.2,100040.0,290.85,0.15
2015-05-06 11:45:00,7.2,100030.0,291.45,0.15
2015-05-06 12:00:00,6.35,100015.0,291.2,0.15
2015-05-06 12:15:00,8.7,100010.0,291.54999999999995,0.15
2015-05-06 12:30:00,8.0,100000.0,291.2,0.15
2015-05-06 12:45:00,6.7,99990.0,290.85,0.15
2015-05-06 13:00:00,7.3,99985.0,290.65,0.15
2015-05-06 13:15:00,7.5,99970.0,290.65,0.15
2015-05-06 13:30:00,7.2,100035.0,288.4,0.15
2015-05-06 13:45:00,3.7,100040.0,287.25,0.15
2015-05-06 14:00:00,3.3,100030.0,288.75,0.15
2015-05-06 14:15:00,3.7,100040.0,288.54999999999995,0.15
2015-05-06 14:30:00,5.300000000000001,100085.0,287.75,0.15
2015-05-06 14:45:00,6.2,100140.0,286.45,0.15
2015-05-06 15:00:00,4.15,100090.0,287.65,0.15
2015-05-06 15:15:00,3.0,100060.0,288.45,0.15
2015-05-06 15:30:00,2.6,100080.0,288.75,0.15
2015-05-06 15:45:00,2.9,100090.0,290.15,0.15
2015-05-06 16:00:00,6.0,100085.0,289.9,0.15
2015-05-06 16:15:00,6.3,100080.0,289.75,0.15
2015-05-06 16:30:00,7.95,100090.0,289.45,0.15
2015-05-06 16:45:00,5.9,100090.0,289.95,0.15
2015-05-06 17:00:00,5.15,100095.0,290.29999999999995,0.15
2015-05-06 17:15:00,5.3,100100.0,290.45,0.15
2015-05-06 17:30:00,4.6,100115.0,289.65,0.15
2015-05-06 17:45:00,4.6,100120.0,289.45,0.15
2015-05-06 18:00:00,4.4,100140.0,289.5,0.15
2015-05-06 18:15:00,3.8,100140.0,288.85,0.15
2015-05-06 18:30:00,4.85,100160.0,288.5,0.15
2015-05-06 18:45:00,4.7,100190.0,288.25,0.15
2015-05-06 19:00:00,4.6,100210.0,287.9,0.15
2015-05-06 19:15:00,4.7,100230.0,287.95,0.15
2015-05-06 19:30:00,5.25,100260.0,287.25,0.15
2015-05-06 19:45:00,4.2,100260.0,287.25,0.15
2015-05-06 20:00:00,3.6,100295.0,286.5,0.15
2015-05-06 20:15:00,3.1,100300.0,286.45,0.15
2015-05-06 20:30:00,3.25,100335.0,286.35,0.15
2015-05-06 20:45:00,4.0,100350.0,286.75,0.15
2015-05-06 21:00:00,5.55,100350.0,286.85,0.15
2015-05-06 21:15:00,5.1,100360.0,286.65,0.15
2015-05-06 21:30:00,4.7,100375.0,286.04999999999995,0.15
2015-05-06 21:45:00,4.6,100390.0,285.65,0.15
2015-05-06 22:00:00,4.0,100390.0,285.25,0.15
2015-05-06 22:15:00,3.6,100400.0,285.25,0.15
2015-05-06 22:30:00,3.55,100390.0,285.35,0.15
2015-05-06 22:45:00,4.1,100390.0,284.85,0.15
2015-05-06 23:00:00,4.15,100400.0,284.7,0.15
2015-05-06 23:15:00,3.5,100410.0,284.45,0.15
2015-05-06 23:30:00,3.35,100420.0,284.1,0.15
2015-05-06 23:45:00,3.0,100420.0,284.04999999999995,0.15
2015-05-07 00:00:00,3.3,100420.0,284.0,0.15
2015-05-07 00:15:00,3.2,100420.0,284.15,0.15
2015-05-07 00:30:00,3.15,100410.0,283.4,0.15
2015-05-07 00:45:00,3.4,100410.0,283.45,0.15
2015-05-07 01:00:00,3.5,100410.0,283.15,0.15
2015-05-07 01:15:00,3.5,100410.0,283.04999999999995,0.15
2015-05-07 01:30:00,3.4,100410.0,283.4,0.15
2015-05-07 01:45:00,3.0,100420.0,282.95,0.15
2015-05-07 02:00:00,3.0,100425.0,283.0,0.15
2015-05-07 02:15:00,3.3,100430.0,283.25,0.15
2015-05-07 02:30:00,3.55,100445.0,283.15,0.15
2015-05-07 02:45:00,3.8,100460.0,282.85,0.15
2015-05-07 03:00:00,3.45,100465.0,283.0,0.15
2015-05-07 03:15:00,3.0,100480.0,283.15,0.15
2015-05-07 03:30:00,3.45,100495.0,283.0,0.15
2015-05-07 03:45:00,2.9,100510.0,282.54999999999995,0.15
2015-05-07 04:00:00,2.7,100510.0,282.2,0.15
2015-05-07 04:15:00,2.6,100520.0,281.45,0.15
2015-05-07 04:30:00,2.3,100535.0,281.75,0.15
2015-05-07 04:45:00,2.7,100540.0,282.04999999999995,0.15
2015-05-07 05:00:00,2.8,100575.0,283.0,0.15
2015-05-07 05:15:00,2.9,100580.0,283.54999999999995,0.15
2015-05-07 05:30:00,2.7,100600.0,284.1,0.15
2015-05-07 05:45:00,3.9,100620.0,284.65,0.15
2015-05-07 06:00:00,4.3,100640.0,285.2,0.15
2015-05-07 06:15:00,4.0,100640.0,285.45,0.15
2015-05-07 06:30:00,5.6,100650.0,285.9,0.15
2015-05-07 06:45:00,4.1,100660.0,286.15,0.15
2015-05-07 07:00:00,5.85,100685.0,286.2,0.15
2015-05-07 07:15:00,6.0,100690.0,285.75,0.15
2015-05-07 07:30:00,6.25,100680.0,286.45,0.15
2015-05-07 07:45:00,5.8,100670.0,286.65,0.15
2015-05-07 08:00:00,5.75,100675.0,287.15,0.15
2015-05-07 08:15:00,5.4,100690.0,287.04999999999995,0.15
2015-05-07 08:30:00,5.55,100695.0,287.35,0.15
2015-05-07 08:45:00,5.2,100710.0,288.04999999999995,0.15
2015-05-07 09:00:00,5.7,100730.0,287.54999999999995,0.15
2015-05-07 09:15:00,4.5,100750.0,287.65,0.15
2015-05-07 09:30:00,5.949999999999999,100755.0,288.79999999999995,0.15
2015-05-07 09:45:00,6.3,100750.0,289.15,0.15
2015-05-07 10:00:00,6.35,100750.0,289.45,0.15
2015-05-07 10:15:00,5.9,100750.0,288.25,0.15
2015-05-07 10:30:00,6.25,100730.0,289.2,0.15
2015-05-07 10:45:00,6.3,100720.0,289.85,0.15
2015-05-07 11:00:00,6.0,100725.0,290.15,0.15
2015-05-07 11:15:00,5.4,100720.0,289.75,0.15
2015-05-07 11:30:00,5.05,100705.0,289.85,0.15
2015-05-07 11:45:00,4.3,100710.0,288.75,0.15
2015-05-07 12:00:00,4.45,100720.0,289.2,0.15
2015-05-07 12:15:00,4.0,100710.0,289.75,0.15
2015-05-07 12:30:00,3.95,100720.0,289.04999999999995,0.15
2015-05-07 12:45:00,4.3,100720.0,289.85,0.15
2015-05-07 13:00:00,4.05,100710.0,291.25,0.15
2015-05-07 13:15:00,4.1,100720.0,290.35,0.15
2015-05-07 13:30:00,4.25,100720.0,291.5,0.15
2015-05-07 13:45:00,4.4,100720.0,291.35,0.15
2015-05-07 14:00:00,4.1,100715.0,291.54999999999995,0.15
2015-05-07 14:15:00,4.2,100700.0,291.25,0.15
2015-05-07 14:30:00,4.050000000000001,100700.0,290.95,0.15
2015-05-07 14:45:00,3.3,100690.0,291.54999999999995,0.15
2015-05-07 15:00:00,4.4,100690.0,290.25,0.15
2015-05-07 15:15:00,3.3,100680.0,290.25,0.15
2015-05-07 15:30:00,3.8,100660.0,290.9,0.15
2015-05-07 15:45:00,2.1,100660.0,290.75,0.15
2015-05-07 16:00:00,3.0,100660.0,290.25,0.15
2015-05-07 16:15:00,2.9,100660.0,290.75,0.15
2015-05-07 16:30:00,3.05,100665.0,290.6,0.15
2015-05-07 16:45:00,3.1,100660.0,290.15,0.15
2015-05-07 17:00:00,2.75,100660.0,290.2,0.15
2015-05-07 17:15:00,3.2,100670.0,290.25,0.15
2015-05-07 17:30:00,3.2,100670.0,289.7,0.15
2015-05-07 17:45:00,2.8,100670.0,289.04999999999995,0.15
2015-05-07 18:00:00,2.45,100670.0,288.45,0.15
2015-05-07 18:15:00,2.2,100680.0,288.45,0.15
2015-05-07 18:30:00,2.1,100675.0,288.54999999999995,0.15
2015-05-07 18:45:00,2.3,100680.0,287.95,0.15
2015-05-07 19:00:00,1.75,100690.0,287.75,0.15
2015-05-07 19:15:00,1.5,100690.0,286.95,0.15
2015-05-07 19:30:00,1.5,100695.0,286.79999999999995,0.15
2015-05-07 19:45:00,1.5,100700.0,286.54999999999995,0.15
2015-05-07 20:00:00,1.35,100700.0,285.45,0.15
2015-05-07 20:15:00,1.9,100710.0,285.15,0.15
2015-05-07 20:30:00,1.4,100700.0,285.4,0.15
2015-05-07 20:45:00,1.6,100700.0,285.25,0.15
2015-05-07 21:00:00,1.95,100690.0,285.0,0.15
2015-05-07 21:15:00,1.7,100700.0,284.45,0.15
2015-05-07 21:30:00,1.3,100690.0,284.25,0.15
2015-05-07 21:45:00,1.1,100690.0,284.15,0.15
2015-05-07 22:00:00,1.4,100690.0,284.04999999999995,0.15
2015-05-07 22:15:00,1.8,100700.0,282.85,0.15
2015-05-07 22:30:00,1.75,100700.0,282.9,0.15
2015-05-07 22:45:00,2.4,100690.0,283.65,0.15
2015-05-07 23:00:00,2.05,100685.0,282.65,0.15
2015-05-07 23:15:00,1.9,100670.0,282.15,0.15
2015-05-07 23:30:00,2.15,100670.0,282.7,0.15
2015-05-07 23:45:00,2.1,100660.0,282.65,0.15
2015-05-08 00:00:00,2.05,100635.0,282.7,0.15
2015-05-08 00:15:00,2.2,100630.0,282.95,0.15
2015-05-08 00:30:00,1.7,100620.0,282.79999999999995,0.15
2015-05-08 00:45:00,1.7,100620.0,282.25,0.15
2015-05-08 01:00:00,2.05,100600.0,282.75,0.15
2015-05-08 01:15:00,1.6,100600.0,282.85,0.15
2015-05-08 01:30:00,1.7999999999999998,100605.0,282.4,0.15
2015-05-08 01:45:00,1.5,100600.0,282.45,0.15
2015-05-08 02:00:00,1.6,100580.0,282.7,0.15
2015-05-08 02:15:00,1.8,100570.0,282.35,0.15
2015-05-08 02:30:00,1.65,100565.0,282.75,0.15
2015-05-08 02:45:00,1.8,100550.0,282.65,0.15
2015-05-08 03:00:00,2.05,100535.0,283.2,0.15
2015-05-08 03:15:00,2.2,100520.0,283.04999999999995,0.15
2015-05-08 03:30:00,2.05,100510.0,283.29999999999995,0.15
2015-05-08 03:45:00,1.8,100510.0,283.35,0.15
2015-05-08 04:00:00,2.1500000000000004,100515.0,283.04999999999995,0.15
2015-05-08 04:15:00,1.9,100520.0,283.04999999999995,0.15
2015-05-08 04:30:00,1.7999999999999998,100505.0,283.2,0.15
2015-05-08 04:45:00,2.0,100500.0,283.45,0.15
2015-05-08 05:00:00,1.9,100500.0,283.65,0.15
2015-05-08 05:15:00,1.5,100500.0,283.95,0.15
2015-05-08 05:30:00,1.45,100490.0,284.25,0.15
2015-05-08 05:45:00,1.4,100490.0,284.35,0.15
2015-05-08 06:00:00,1.35,100485.0,284.5,0.15
2015-05-08 06:15:00,1.6,100470.0,284.85,0.15
2015-05-08 06:30:00,1.75,100465.0,285.2,0.15
2015-05-08 06:45:00,2.1,100470.0,285.45,0.15
2015-05-08 07:00:00,2.0,100455.0,285.75,0.15
2015-05-08 07:15:00,1.6,100460.0,286.04999999999995,0.15
2015-05-08 07:30:00,1.2999999999999998,100455.0,286.6,0.15
2015-05-08 07:45:00,1.2,100430.0,287.45,0.15
2015-05-08 08:00:00,1.6,100425.0,288.0,0.15
2015-05-08 08:15:00,1.9,100420.0,288.25,0.15
2015-05-08 08:30:00,1.65,100415.0,288.75,0.15
2015-05-08 08:45:00,1.5,100390.0,289.15,0.15
2015-05-08 09:00:00,1.5499999999999998,100400.0,289.85,0.15
2015-05-08 09:15:00,1.0,100390.0,290.54999999999995,0.15
2015-05-08 09:30:00,1.15,100385.0,291.04999999999995,0.15
2015-05-08 09:45:00,1.6,100390.0,290.95,0.15
2015-05-08 10:00:00,0.8,100375.0,291.04999999999995,0.15
2015-05-08 10:15:00,0.9,100350.0,291.65,0.15
2015-05-08 10:30:00,1.9,100315.0,291.9,0.15
2015-05-08 10:45:00,1.4,100310.0,292.54999999999995,0.15
2015-05-08 11:00:00,1.75,100305.0,292.54999999999995,0.15
2015-05-08 11:15:00,2.2,100300.0,293.35,0.15
2015-05-08 11:30:00,1.7000000000000002,100305.0,292.79999999999995,0.15
2015-05-08 11:45:00,2.3,100300.0,292.95,0.15
2015-05-08 12:00:00,2.75,100300.0,293.4,0.15
2015-05-08 12:15:00,2.9,100290.0,293.45,0.15
2015-05-08 12:30:00,2.6,100285.0,293.25,0.15
2015-05-08 12:45:00,1.6,100270.0,293.85,0.15
2015-05-08 13:00:00,2.25,100260.0,293.15,0.15
2015-05-08 13:15:00,2.8,100260.0,293.54999999999995,0.15
2015-05-08 13:30:00,1.35,100260.0,293.4,0.15
2015-05-08 13:45:00,1.0,100250.0,293.15,0.15
2015-05-08 14:00:00,2.55,100235.0,294.0,0.15
2015-05-08 14:15:00,2.0,100240.0,294.04999999999995,0.15
2015-05-08 14:30:00,1.9,100230.0,294.4,0.15
2015-05-08 14:45:00,1.1,100220.0,293.75,0.15
2015-05-08 15:00:00,1.7,100220.0,294.1,0.15
2015-05-08 15:15:00,2.2,100210.0,293.54999999999995,0.15
2015-05-08 15:30:00,3.05,100205.0,293.4,0.15
2015-05-08 15:45:00,2.5,100200.0,293.15,0.15
2015-05-08 16:00:00,2.4000000000000004,100185.0,293.35,0.15
2015-05-08 16:15:00,2.3,100180.0,293.15,0.15
2015-05-08 16:30:00,2.45,100180.0,293.1,0.15
2015-05-08 16:45:00,2.6,100190.0,292.85,0.15
2015-05-08 17:00:00,2.0,100190.0,292.7,0.15
2015-05-08 17:15:00,1.8,100190.0,292.45,0.15
2015-05-08 17:30:00,2.05,100200.0,292.25,0.15
2015-05-08 17:45:00,2.7,100220.0,291.75,0.15
2015-05-08 18:00:00,2.25,100225.0,291.85,0.15
2015-05-08 18:15:00,1.9,100240.0,291.25,0.15
2015-05-08 18:30:00,1.6,100240.0,290.5,0.15
2015-05-08 18:45:00,1.5,100250.0,289.95,0.15
2015-05-08 19:00:00,0.9,100265.0,289.04999999999995,0.15
2015-05-08 19:15:00,0.6,100290.0,289.04999999999995,0.15
2015-05-08 19:30:00,0.95,100310.0,288.6,0.15
2015-05-08 19:45:00,1.5,100320.0,288.04999999999995,0.15
2015-05-08 20:00:00,1.3,100325.0,287.25,0.15
2015-05-08 20:15:00,0.9,100330.0,287.54999999999995,0.15
2015-05-08 20:30:00,0.8500000000000001,100335.0,287.35,0.15
2015-05-08 20:45:00,1.2,100330.0,287.35,0.15
2015-05-08 21:00:00,1.1,100335.0,287.5,0.15
2015-05-08 21:15:00,0.8,100340.0,287.35,0.15
2015-05-08 21:30:00,1.2999999999999998,100345.0,287.45,0.15
2015-05-08 21:45:00,1.3,100360.0,286.95,0.15
2015-05-08 22:00:00,1.7,100355.0,287.0,0.15
2015-05-08 22:15:00,1.5,100370.0,287.25,0.15
2015-05-08 22:30:00,1.4,100365.0,287.54999999999995,0.15
2015-05-08 22:45:00,1.3,100370.0,287.54999999999995,0.15
2015-05-08 23:00:00,1.45,100375.0,287.45,0.15
2015-05-08 23:15:00,1.8,100380.0,286.85,0.15
2015-05-08 23:30:00,1.85,100365.0,287.25,0.15
2015-05-08 23:45:00,1.6,100360.0,287.35,0.15
2015-05-09 00:00:00,1.15,100360.0,287.0,0.15
2015-05-09 00:15:00,1.6,100360.0,287.15,0.15
2015-05-09 00:30:00,1.9,100355.0,287.15,0.15
2015-05-09 00:45:00,1.8,100350.0,287.45,0.15
2015-05-09 01:00:00,1.6,100350.0,287.4,0.15
2015-05-09 01:15:00,1.5,100350.0,287.65,0.15
2015-05-09 01:30:00,1.5499999999999998,100355.0,287.7,0.15
2015-05-09 01:45:00,2.1,100350.0,287.65,0.15
2015-05-09 02:00:00,1.95,100350.0,287.45,0.15
2015-05-09 02:15:00,2.2,100350.0,287.54999999999995,0.15
2015-05-09 02:30:00,2.4,100350.0,287.35,0.15
2015-05-09 02:45:00,2.5,100360.0,287.35,0.15
2015-05-09 03:00:00,2.85,100360.0,287.4,0.15
2015-05-09 03:15:00,2.9,100360.0,288.35,0.15
2015-05-09 03:30:00,2.75,100365.0,287.54999999999995,0.15
2015-05-09 03:45:00,3.0,100360.0,287.35,0.15
2015-05-09 04:00:00,2.8,100365.0,287.5,0.15
2015-05-09 04:15:00,3.3,100370.0,287.75,0.15
2015-05-09 04:30:00,2.95,100380.0,287.9,0.15
2015-05-09 04:45:00,2.9,100390.0,288.15,0.15
2015-05-09 05:00:00,3.1500000000000004,100405.0,288.45,0.15
2015-05-09 05:15:00,3.0,100420.0,288.75,0.15
2015-05-09 05:30:00,3.1500000000000004,100440.0,288.7,0.15
2015-05-09 05:45:00,3.2,100440.0,288.75,0.15
2015-05-09 06:00:00,3.6,100445.0,289.4,0.15
2015-05-09 06:15:00,3.8,100450.0,290.15,0.15
2015-05-09 06:30:00,3.4000000000000004,100465.0,289.95,0.15
2015-05-09 06:45:00,3.1,100470.0,289.95,0.15
2015-05-09 07:00:00,2.65,100470.0,290.2,0.15
2015-05-09 07:15:00,2.3,100490.0,290.15,0.15
2015-05-09 07:30:00,3.65,100505.0,290.35,0.15
2015-05-09 07:45:00,3.3,100520.0,290.85,0.15
2015-05-09 08:00:00,3.75,100525.0,290.95,0.15
2015-05-09 08:15:00,2.7,100520.0,291.04999999999995,0.15
2015-05-09 08:30:00,3.0,100530.0,291.29999999999995,0.15
2015-05-09 08:45:00,3.3,100540.0,290.95,0.15
2015-05-09 09:00:00,3.85,100550.0,290.79999999999995,0.15
2015-05-09 09:15:00,4.8,100550.0,292.04999999999995,0.15
2015-05-09 09:30:00,4.4,100550.0,292.6,0.15
2015-05-09 09:45:00,5.9,100550.0,292.65,0.15
2015-05-09 10:00:00,4.55,100550.0,292.65,0.15
2015-05-09 10:15:00,4.6,100560.0,293.04999999999995,0.15
2015-05-09 10:30:00,5.85,100560.0,293.25,0.15
2015-05-09 10:45:00,5.4,100540.0,292.75,0.15
2015-05-09 11:00:00,7.05,100550.0,294.35,0.15
2015-05-09 11:15:00,7.3,100550.0,294.45,0.15
2015-05-09 11:30:00,7.15,100560.0,294.85,0.15
2015-05-09 11:45:00,6.6,100550.0,294.75,0.15
2015-05-09 12:00:00,6.45,100560.0,294.54999999999995,0.15
2015-05-09 12:15:00,6.0,100570.0,294.15,0.15
2015-05-09 12:30:00,6.4,100585.0,293.75,0.15
2015-05-09 12:45:00,5.6,100590.0,293.35,0.15
2015-05-09 13:00:00,5.800000000000001,100595.0,293.85,0.15
2015-05-09 13:15:00,5.9,100610.0,293.54999999999995,0.15
2015-05-09 13:30:00,5.4,100615.0,293.0,0.15
2015-05-09 13:45:00,5.2,100620.0,294.54999999999995,0.15
2015-05-09 14:00:00,5.2,100630.0,293.1,0.15
2015-05-09 14:15:00,5.2,100630.0,293.65,0.15
2015-05-09 14:30:00,4.800000000000001,100620.0,293.54999999999995,0.15
2015-05-09 14:45:00,4.9,100610.0,293.25,0.15
2015-05-09 15:00:00,5.45,100600.0,293.15,0.15
2015-05-09 15:15:00,6.6,100620.0,291.95,0.15
2015-05-09 15:30:00,8.65,100670.0,290.54999999999995,0.15
2015-05-09 15:45:00,9.5,100780.0,286.25,0.15
2015-05-09 16:00:00,4.550000000000001,100740.0,287.5,0.15
2015-05-09 16:15:00,3.8,100740.0,288.35,0.15
2015-05-09 16:30:00,3.55,100745.0,287.65,0.15
2015-05-09 16:45:00,6.6,100760.0,288.35,0.15
2015-05-09 17:00:00,5.6,100775.0,288.6,0.15
2015-05-09 17:15:00,4.2,100780.0,289.15,0.15
2015-05-09 17:30:00,3.8,100775.0,289.35,0.15
2015-05-09 17:45:00,3.7,100780.0,289.25,0.15
2015-05-09 18:00:00,3.15,100785.0,288.9,0.15
2015-05-09 18:15:00,3.5,100810.0,288.15,0.15
2015-05-09 18:30:00,3.85,100830.0,288.35,0.15
2015-05-09 18:45:00,6.7,100860.0,289.15,0.15
2015-05-09 19:00:00,7.3,100885.0,288.85,0.15
2015-05-09 19:15:00,6.4,100900.0,288.54999999999995,0.15
2015-05-09 19:30:00,5.7,100905.0,288.29999999999995,0.15
2015-05-09 19:45:00,5.5,100920.0,288.15,0.15
2015-05-09 20:00:00,4.6,100930.0,288.0,0.15
2015-05-09 20:15:00,5.1,100960.0,287.65,0.15
2015-05-09 20:30:00,4.65,100970.0,287.85,0.15
2015-05-09 20:45:00,3.9,101000.0,287.85,0.15
2015-05-09 21:00:00,2.8,101015.0,287.75,0.15
2015-05-09 21:15:00,3.4,101010.0,287.75,0.15
2015-05-09 21:30:00,2.85,101005.0,287.25,0.15
2015-05-09 21:45:00,4.0,101010.0,287.54999999999995,0.15
2015-05-09 22:00:00,3.85,101015.0,287.6,0.15
2015-05-09 22:15:00,4.8,101040.0,287.75,0.15
2015-05-09 22:30:00,4.7,101060.0,287.95,0.15
2015-05-09 22:45:00,4.4,101080.0,287.45,0.15
2015-05-09 23:00:00,4.1,101095.0,287.6,0.15
2015-05-09 23:15:00,3.4,101100.0,287.15,0.15
2015-05-09 23:30:00,2.9,101115.0,287.25,0.15
2015-05-09 23:45:00,2.7,101140.0,287.15,0.15
2015-05-10 00:00:00,2.9,101150.0,287.0,0.15
2015-05-10 00:15:00,2.7,101160.0,286.75,0.15
2015-05-10 00:30:00,2.7,101165.0,286.5,0.15
2015-05-10 00:45:00,3.2,101170.0,286.45,0.15
2015-05-10 01:00:00,3.0,101175.0,286.25,0.15
2015-05-10 01:15:00,2.7,101190.0,285.65,0.15
2015-05-10 01:30:00,2.7,101225.0,284.7,0.15
2015-05-10 01:45:00,2.9,101260.0,285.25,0.15
2015-05-10 02:00:00,3.25,101270.0,285.79999999999995,0.15
2015-05-10 02:15:00,3.0,101280.0,285.95,0.15
2015-05-10 02:30:00,2.7,101295.0,285.85,0.15
2015-05-10 02:45:00,2.4,101310.0,285.65,0.15
2015-05-10 03:00:00,2.6,101310.0,285.4,0.15
2015-05-10 03:15:00,2.7,101310.0,285.54999999999995,0.15
2015-05-10 03:30:00,2.8,101345.0,285.35,0.15
2015-05-10 03:45:00,2.9,101350.0,285.15,0.15
2015-05-10 04:00:00,2.35,101365.0,284.85,0.15
2015-05-10 04:15:00,2.2,101380.0,284.75,0.15
2015-05-10 04:30:00,2.35,101405.0,284.85,0.15
2015-05-10 04:45:00,2.1,101420.0,284.75,0.15
2015-05-10 05:00:00,1.95,101430.0,284.7,0.15
2015-05-10 05:15:00,2.4,101440.0,284.85,0.15
2015-05-10 05:30:00,2.4,101445.0,285.29999999999995,0.15
2015-05-10 05:45:00,2.8,101450.0,285.75,0.15
2015-05-10 06:00:00,3.45,101470.0,285.9,0.15
2015-05-10 06:15:00,3.6,101490.0,285.75,0.15
2015-05-10 06:30:00,3.35,101490.0,286.25,0.15
2015-05-10 06:45:00,3.3,101490.0,286.54999999999995,0.15
2015-05-10 07:00:00,2.6500000000000004,101480.0,287.15,0.15
2015-05-10 07:15:00,3.0,101490.0,286.65,0.15
2015-05-10 07:30:00,2.6,101505.0,287.29999999999995,0.15
2015-05-10 07:45:00,3.7,101510.0,286.75,0.15
2015-05-10 08:00:00,3.35,101520.0,287.7,0.15
2015-05-10 08:15:00,2.6,101520.0,287.85,0.15
2015-05-10 08:30:00,3.3,101540.0,288.0,0.15
2015-05-10 08:45:00,2.9,101550.0,288.65,0.15
2015-05-10 09:00:00,2.95,101565.0,288.4,0.15
2015-05-10 09:15:00,3.0,101570.0,289.04999999999995,0.15
2015-05-10 09:30:00,3.05,101585.0,288.79999999999995,0.15
2015-05-10 09:45:00,3.7,101590.0,288.65,0.15
2015-05-10 10:00:00,3.3,101585.0,289.54999999999995,0.15
2015-05-10 10:15:00,2.7,101590.0,289.85,0.15
2015-05-10 10:30:00,2.6,101575.0,289.95,0.15
2015-05-10 10:45:00,2.7,101590.0,289.75,0.15
2015-05-10 11:00:00,2.35,101580.0,290.45,0.15
2015-05-10 11:15:00,2.1,101560.0,291.65,0.15
2015-05-10 11:30:00,2.8,101575.0,291.5,0.15
2015-05-10 11:45:00,1.9,101570.0,291.15,0.15
2015-05-10 12:00:00,2.55,101560.0,291.35,0.15
2015-05-10 12:15:00,2.1,101560.0,291.85,0.15
2015-05-10 12:30:00,2.35,101550.0,291.35,0.15
2015-05-10 12:45:00,2.1,101530.0,291.65,0.15
2015-05-10 13:00:00,2.15,101525.0,292.15,0.15
2015-05-10 13:15:00,2.2,101520.0,292.15,0.15
2015-05-10 13:30:00,1.8,101505.0,292.5,0.15
2015-05-10 13:45:00,1.3,101490.0,293.45,0.15
2015-05-10 14:00:00,1.7000000000000002,101480.0,292.79999999999995,0.15
2015-05-10 14:15:00,0.9,101470.0,292.95,0.15
2015-05-10 14:30:00,2.0,101465.0,293.0,0.15
2015-05-10 14:45:00,1.4,101450.0,293.45,0.15
2015-05-10 15:00:00,1.65,101440.0,293.25,0.15
2015-05-10 15:15:00,1.6,101430.0,293.54999999999995,0.15
2015-05-10 15:30:00,2.05,101425.0,293.29999999999995,0.15
2015-05-10 15:45:00,1.4,101410.0,293.54999999999995,0.15
2015-05-10 16:00:00,1.35,101395.0,293.79999999999995,0.15
2015-05-10 16:15:00,1.0,101380.0,293.95,0.15
2015-05-10 16:30:00,0.95,101360.0,293.7,0.15
2015-05-10 16:45:00,1.3,101350.0,293.85,0.15
2015-05-10 17:00:00,1.6,101345.0,293.4,0.15
2015-05-10 17:15:00,1.8,101340.0,293.35,0.15
2015-05-10 17:30:00,2.0,101340.0,293.1,0.15
2015-05-10 17:45:00,2.4,101350.0,292.65,0.15
2015-05-10 18:00:00,2.6,101345.0,292.35,0.15
2015-05-10 18:15:00,2.2,101350.0,291.85,0.15
2015-05-10 18:30:00,2.4,101345.0,291.04999999999995,0.15
2015-05-10 18:45:00,2.1,101360.0,290.54999999999995,0.15
2015-05-10 19:00:00,2.2,101350.0,289.9,0.15
2015-05-10 19:15:00,2.5,101350.0,290.25,0.15
2015-05-10 19:30:00,2.55,101350.0,290.25,0.15
2015-05-10 19:45:00,2.9,101350.0,290.15,0.15
2015-05-10 20:00:00,3.2,101350.0,289.95,0.15
2015-05-10 20:15:00,3.2,101350.0,289.65,0.15
2015-05-10 20:30:00,3.15,101360.0,289.4,0.15
2015-05-10 20:45:00,3.5,101350.0,289.15,0.15
2015-05-10 21:00:00,3.8,101340.0,288.95,0.15
2015-05-10 21:15:00,3.9,101330.0,288.75,0.15
2015-05-10 21:30:00,4.25,101325.0,289.1,0.15
2015-05-10 21:45:00,4.6,101310.0,288.85,0.15
2015-05-10 22:00:00,4.35,101300.0,288.54999999999995,0.15
2015-05-10 22:15:00,4.1,101290.0,288.35,0.15
2015-05-10 22:30:00,4.0,101300.0,288.4,0.15
2015-05-10 22:45:00,3.7,101300.0,288.35,0.15
2015-05-10 23:00:00,3.5,101295.0,288.45,0.15
2015-05-10 23:15:00,3.6,101290.0,288.15,0.15
2015-05-10 23:30:00,3.5,101280.0,288.04999999999995,0.15
2015-05-10 23:45:00,4.0,101260.0,287.75,0.15
2015-05-11 00:00:00,3.65,101250.0,287.75,0.15
2015-05-11 00:15:00,3.6,101250.0,287.25,0.15
2015-05-11 00:30:00,3.15,101255.0,287.35,0.15
2015-05-11 00:45:00,2.8,101270.0,286.85,0.15
2015-05-11 01:00:00,2.45,101265.0,286.79999999999995,0.15
2015-05-11 01:15:00,2.9,101260.0,286.65,0.15
2015-05-11 01:30:00,2.75,101260.0,286.75,0.15
2015-05-11 01:45:00,2.9,101260.0,286.54999999999995,0.15
2015-05-11 02:00:00,2.8,101265.0,286.54999999999995,0.15
2015-05-11 02:15:00,3.1,101260.0,286.54999999999995,0.15
2015-05-11 02:30:00,3.55,101250.0,286.45,0.15
2015-05-11 02:45:00,3.5,101240.0,286.25,0.15
2015-05-11 03:00:00,3.55,101230.0,286.25,0.15
2015-05-11 03:15:00,4.0,101220.0,286.25,0.15
2015-05-11 03:30:00,3.65,101220.0,286.1,0.15
2015-05-11 03:45:00,3.8,101210.0,286.15,0.15
2015-05-11 04:00:00,3.45,101215.0,286.1,0.15
2015-05-11 04:15:00,3.5,101210.0,286.04999999999995,0.15
2015-05-11 04:30:00,2.95,101195.0,286.2,0.15
2015-05-11 04:45:00,2.8,101200.0,286.25,0.15
2015-05-11 05:00:00,2.85,101205.0,286.54999999999995,0.15
2015-05-11 05:15:00,3.1,101180.0,286.85,0.15
2015-05-11 05:30:00,3.5,101175.0,287.04999999999995,0.15
2015-05-11 05:45:00,3.3,101170.0,287.45,0.15
2015-05-11 06:00:00,2.55,101170.0,287.85,0.15
2015-05-11 06:15:00,2.6,101170.0,288.15,0.15
2015-05-11 06:30:00,2.9000000000000004,101160.0,288.79999999999995,0.15
2015-05-11 06:45:00,3.6,101160.0,289.35,0.15
2015-05-11 07:00:00,3.25,101165.0,289.65,0.15
2015-05-11 07:15:00,3.6,101160.0,290.04999999999995,0.15
2015-05-11 07:30:00,3.6,101160.0,290.5,0.15
2015-05-11 07:45:00,3.3,101160.0,290.95,0.15
2015-05-11 08:00:00,4.2,101145.0,291.45,0.15
2015-05-11 08:15:00,4.2,101120.0,291.65,0.15
2015-05-11 08:30:00,3.9,101130.0,292.2,0.15
2015-05-11 08:45:00,3.9,101120.0,292.85,0.15
2015-05-11 09:00:00,3.75,101110.0,293.54999999999995,0.15
2015-05-11 09:15:00,4.1,101090.0,293.95,0.15
2015-05-11 09:30:00,3.75,101085.0,294.04999999999995,0.15
2015-05-11 09:45:00,4.2,101060.0,294.95,0.15
2015-05-11 10:00:00,4.25,101045.0,295.0,0.15
2015-05-11 10:15:00,4.0,101040.0,295.65,0.15
2015-05-11 10:30:00,3.9,101040.0,296.1,0.15
2015-05-11 10:45:00,3.5,101020.0,296.04999999999995,0.15
2015-05-11 11:00:00,3.8,100995.0,296.54999999999995,0.15
2015-05-11 11:15:00,4.3,101000.0,296.65,0.15
2015-05-11 11:30:00,3.75,100980.0,297.25,0.15
2015-05-11 11:45:00,4.4,100940.0,297.85,0.15
2015-05-11 12:00:00,4.0,100945.0,297.4,0.15
2015-05-11 12:15:00,4.6,100930.0,298.35,0.15
2015-05-11 12:30:00,4.55,100935.0,298.35,0.15
2015-05-11 12:45:00,4.3,100910.0,299.04999999999995,0.15
2015-05-11 13:00:00,3.6,100910.0,298.7,0.15
2015-05-11 13:15:00,3.1,100900.0,298.75,0.15
2015-05-11 13:30:00,3.05,100890.0,298.85,0.15
2015-05-11 13:45:00,3.8,100860.0,298.95,0.15
2015-05-11 14:00:00,3.45,100855.0,299.29999999999995,0.15
2015-05-11 14:15:00,3.3,100840.0,299.25,0.15
2015-05-11 14:30:00,3.7,100825.0,299.5,0.15
2015-05-11 14:45:00,3.7,100820.0,300.25,0.15
2015-05-11 15:00:00,4.05,100810.0,299.35,0.15
2015-05-11 15:15:00,3.7,100780.0,299.15,0.15
2015-05-11 15:30:00,3.25,100790.0,299.5,0.15
2015-05-11 15:45:00,3.1,100780.0,299.35,0.15
2015-05-11 16:00:00,2.75,100765.0,299.0,0.15
2015-05-11 16:15:00,3.4,100760.0,299.25,0.15
2015-05-11 16:30:00,4.15,100770.0,298.85,0.15
2015-05-11 16:45:00,3.3,100760.0,298.45,0.15
2015-05-11 17:00:00,2.1500000000000004,100765.0,297.79999999999995,0.15
2015-05-11 17:15:00,2.4,100780.0,297.04999999999995,0.15
2015-05-11 17:30:00,2.6,100775.0,297.1,0.15
2015-05-11 17:45:00,2.4,100770.0,297.45,0.15
2015-05-11 18:00:00,2.6,100770.0,296.29999999999995,0.15
2015-05-11 18:15:00,2.5,100770.0,296.75,0.15
2015-05-11 18:30:00,2.6,100760.0,296.04999999999995,0.15
2015-05-11 18:45:00,3.1,100760.0,295.45,0.15
2015-05-11 19:00:00,2.85,100775.0,294.75,0.15
2015-05-11 19:15:00,2.4,100770.0,294.54999999999995,0.15
2015-05-11 19:30:00,2.3,100785.0,294.29999999999995,0.15
2015-05-11 19:45:00,2.6,100780.0,293.85,0.15
2015-05-11 20:00:00,3.2,100775.0,293.5,0.15
2015-05-11 20:15:00,3.7,100770.0,293.25,0.15
2015-05-11 20:30:00,3.35,100775.0,292.6,0.15
2015-05-11 20:45:00,3.7,100780.0,292.65,0.15
2015-05-11 21:00:00,3.25,100775.0,292.6,0.15
2015-05-11 21:15:00,2.7,100770.0,293.25,0.15
2015-05-11 21:30:00,2.7,100755.0,293.1,0.15
2015-05-11 21:45:00,2.8,100760.0,292.65,0.15
2015-05-11 22:00:00,2.2,100765.0,292.65,0.15
2015-05-11 22:15:00,1.8,100760.0,292.04999999999995,0.15
2015-05-11 22:30:00,2.0,100760.0,291.54999999999995,0.15
2015-05-11 22:45:00,2.0,100750.0,289.95,0.15
2015-05-11 23:00:00,2.05,100745.0,289.79999999999995,0.15
2015-05-11 23:15:00,1.7,100740.0,289.25,0.15
2015-05-11 23:30:00,2.35,100730.0,289.0,0.15
2015-05-11 23:45:00,2.4,100710.0,289.65,0.15
2015-05-12 00:00:00,3.05,100695.0,289.9,0.15
2015-05-12 00:15:00,3.0,100680.0,291.04999999999995,0.15
2015-05-12 00:30:00,1.85,100675.0,289.9,0.15
2015-05-12 00:45:00,1.6,100660.0,290.95,0.15
2015-05-12 01:00:00,1.9,100630.0,291.2,0.15
2015-05-12 01:15:00,3.3,100600.0,291.25,0.15
2015-05-12 01:30:00,3.65,100585.0,291.2,0.15
2015-05-12 01:45:00,3.5,100560.0,291.54999999999995,0.15
2015-05-12 02:00:00,2.75,100560.0,291.35,0.15
2015-05-12 02:15:00,2.3,100550.0,291.35,0.15
2015-05-12 02:30:00,3.1,100530.0,291.29999999999995,0.15
2015-05-12 02:45:00,2.5,100520.0,291.35,0.15
2015-05-12 03:00:00,3.0,100505.0,291.4,0.15
2015-05-12 03:15:00,2.8,100480.0,291.15,0.15
2015-05-12 03:30:00,2.55,100475.0,291.25,0.15
2015-05-12 03:45:00,2.6,100470.0,290.95,0.15
2015-05-12 04:00:00,3.05,100455.0,290.95,0.15
2015-05-12 04:15:00,2.8,100450.0,291.15,0.15
2015-05-12 04:30:00,2.35,100430.0,291.1,0.15
2015-05-12 04:45:00,2.1,100420.0,291.25,0.15
2015-05-12 05:00:00,2.35,100405.0,291.35,0.15
2015-05-12 05:15:00,2.2,100390.0,291.75,0.15
2015-05-12 05:30:00,2.45,100385.0,291.95,0.15
2015-05-12 05:45:00,2.4,100370.0,292.15,0.15
2015-05-12 06:00:00,2.45,100365.0,292.5,0.15
2015-05-12 06:15:00,1.9,100360.0,293.15,0.15
2015-05-12 06:30:00,2.5,100355.0,293.79999999999995,0.15
2015-05-12 06:45:00,3.4,100360.0,294.65,0.15
2015-05-12 07:00:00,3.05,100360.0,295.04999999999995,0.15
2015-05-12 07:15:00,2.7,100360.0,295.45,0.15
2015-05-12 07:30:00,3.1,100350.0,295.6,0.15
2015-05-12 07:45:00,2.8,100340.0,296.04999999999995,0.15
2015-05-12 08:00:00,2.4,100335.0,296.2,0.15
2015-05-12 08:15:00,2.1,100320.0,296.75,0.15
2015-05-12 08:30:00,2.5,100310.0,296.95,0.15
2015-05-12 08:45:00,3.8,100310.0,297.85,0.15
2015-05-12 09:00:00,4.35,100300.0,298.4,0.15
2015-05-12 09:15:00,4.6,100290.0,298.65,0.15
2015-05-12 09:30:00,4.85,100285.0,299.1,0.15
2015-05-12 09:45:00,4.2,100280.0,299.45,0.15
2015-05-12 10:00:00,4.3,100290.0,299.15,0.15
2015-05-12 10:15:00,5.4,100290.0,298.25,0.15
2015-05-12 10:30:00,6.300000000000001,100295.0,298.1,0.15
2015-05-12 10:45:00,7.0,100320.0,296.65,0.15
2015-05-12 11:00:00,6.65,100345.0,296.4,0.15
2015-05-12 11:15:00,6.5,100350.0,296.04999999999995,0.15
2015-05-12 11:30:00,6.75,100350.0,295.9,0.15
2015-05-12 11:45:00,5.3,100360.0,295.45,0.15
2015-05-12 12:00:00,6.75,100370.0,295.65,0.15
2015-05-12 12:15:00,6.8,100390.0,295.25,0.15
2015-05-12 12:30:00,5.65,100410.0,294.35,0.15
2015-05-12 12:45:00,5.7,100420.0,294.15,0.15
2015-05-12 13:00:00,6.7,100430.0,294.2,0.15
2015-05-12 13:15:00,6.1,100440.0,294.25,0.15
2015-05-12 13:30:00,5.199999999999999,100440.0,294.25,0.15
2015-05-12 13:45:00,5.3,100450.0,294.75,0.15
2015-05-12 14:00:00,5.45,100455.0,295.15,0.15
2015-05-12 14:15:00,8.6,100450.0,294.95,0.15
2015-05-12 14:30:00,7.45,100465.0,294.6,0.15
2015-05-12 14:45:00,7.6,100500.0,294.45,0.15
2015-05-12 15:00:00,6.75,100515.0,294.6,0.15
2015-05-12 15:15:00,6.2,100540.0,294.35,0.15
2015-05-12 15:30:00,6.45,100570.0,294.29999999999995,0.15
2015-05-12 15:45:00,7.6,100600.0,294.15,0.15
2015-05-12 16:00:00,8.600000000000001,100595.0,294.5,0.15
2015-05-12 16:15:00,8.1,100610.0,293.85,0.15
2015-05-12 16:30:00,7.25,100615.0,292.75,0.15
2015-05-12 16:45:00,6.7,100640.0,292.35,0.15
2015-05-12 17:00:00,7.699999999999999,100650.0,292.54999999999995,0.15
2015-05-12 17:15:00,7.2,100670.0,292.35,0.15
2015-05-12 17:30:00,6.8,100690.0,292.1,0.15
2015-05-12 17:45:00,5.6,100710.0,291.95,0.15
2015-05-12 18:00:00,6.95,100725.0,291.29999999999995,0.15
2015-05-12 18:15:00,7.0,100740.0,290.65,0.15
2015-05-12 18:30:00,5.5,100755.0,290.2,0.15
2015-05-12 18:45:00,5.8,100780.0,289.65,0.15
2015-05-12 19:00:00,5.35,100795.0,289.2,0.15
2015-05-12 19:15:00,5.5,100830.0,288.95,0.15
2015-05-12 19:30:00,4.35,100850.0,289.29999999999995,0.15
2015-05-12 19:45:00,3.7,100880.0,288.75,0.15
2015-05-12 20:00:00,5.2,100900.0,288.25,0.15
2015-05-12 20:15:00,5.2,100930.0,287.65,0.15
2015-05-12 20:30:00,5.6,100955.0,287.4,0.15
2015-05-12 20:45:00,6.5,100980.0,287.04999999999995,0.15
2015-05-12 21:00:00,5.3,100995.0,286.5,0.15
2015-05-12 21:15:00,4.1,101020.0,285.75,0.15
2015-05-12 21:30:00,2.9,101035.0,286.0,0.15
2015-05-12 21:45:00,2.3,101040.0,285.75,0.15
2015-05-12 22:00:00,2.3,101065.0,285.04999999999995,0.15
2015-05-12 22:15:00,2.5,101070.0,284.65,0.15
2015-05-12 22:30:00,1.4,101080.0,283.85,0.15
2015-05-12 22:45:00,0.4,101090.0,283.75,0.15
2015-05-12 23:00:00,1.2000000000000002,101095.0,283.6,0.15
2015-05-12 23:15:00,1.2,101100.0,283.04999999999995,0.15
2015-05-12 23:30:00,1.05,101105.0,282.7,0.15
2015-05-12 23:45:00,1.7,101100.0,282.45,0.15
2015-05-13 00:00:00,2.05,101095.0,281.85,0.15
2015-05-13 00:15:00,1.8,101090.0,281.95,0.15
2015-05-13 00:30:00,1.15,101090.0,282.15,0.15
2015-05-13 00:45:00,0.7,101080.0,281.85,0.15
2015-05-13 01:00:00,1.8,101070.0,282.29999999999995,0.15
2015-05-13 01:15:00,2.2,101070.0,282.04999999999995,0.15
2015-05-13 01:30:00,1.6,101070.0,282.04999999999995,0.15
2015-05-13 01:45:00,1.9,101060.0,282.25,0.15
2015-05-13 02:00:00,1.9,101060.0,281.95,0.15
2015-05-13 02:15:00,1.5,101060.0,281.65,0.15
2015-05-13 02:30:00,1.75,101055.0,281.45,0.15
2015-05-13 02:45:00,1.4,101050.0,281.45,0.15
2015-05-13 03:00:00,1.9,101040.0,280.75,0.15
2015-05-13 03:15:00,1.6,101040.0,280.04999999999995,0.15
2015-05-13 03:30:00,1.65,101035.0,279.65,0.15
2015-05-13 03:45:00,1.8,101030.0,279.04999999999995,0.15
2015-05-13 04:00:00,2.05,101045.0,280.29999999999995,0.15
2015-05-13 04:15:00,1.7,101050.0,280.75,0.15
2015-05-13 04:30:00,1.75,101060.0,279.95,0.15
2015-05-13 04:45:00,1.6,101060.0,280.75,0.15
2015-05-13 05:00:00,2.0,101060.0,281.9,0.15
2015-05-13 05:15:00,1.8,101050.0,283.04999999999995,0.15
2015-05-13 05:30:00,1.55,101050.0,283.65,0.15
2015-05-13 05:45:00,1.1,101050.0,284.04999999999995,0.15
2015-05-13 06:00:00,2.2,101050.0,284.65,0.15
2015-05-13 06:15:00,2.0,101040.0,285.54999999999995,0.15
2015-05-13 06:30:00,1.6,101030.0,286.2,0.15
2015-05-13 06:45:00,2.0,101040.0,286.54999999999995,0.15
2015-05-13 07:00:00,2.4,101025.0,287.4,0.15
2015-05-13 07:15:00,2.2,101010.0,287.85,0.15
2015-05-13 07:30:00,2.8,100995.0,288.7,0.15
2015-05-13 07:45:00,2.0,100980.0,289.04999999999995,0.15
2015-05-13 08:00:00,1.95,100960.0,289.1,0.15
2015-05-13 08:15:00,1.7,100930.0,289.25,0.15
2015-05-13 08:30:00,1.8,100915.0,289.79999999999995,0.15
2015-05-13 08:45:00,1.9,100900.0,290.25,0.15
2015-05-13 09:00:00,1.75,100880.0,290.6,0.15
2015-05-13 09:15:00,1.5,100870.0,290.35,0.15
2015-05-13 09:30:00,1.85,100845.0,290.9,0.15
2015-05-13 09:45:00,2.6,100830.0,289.85,0.15
2015-05-13 10:00:00,2.1,100800.0,290.9,0.15
2015-05-13 10:15:00,2.2,100770.0,291.45,0.15
2015-05-13 10:30:00,3.2,100750.0,292.04999999999995,0.15
2015-05-13 10:45:00,2.3,100730.0,291.35,0.15
2015-05-13 11:00:00,2.05,100705.0,292.5,0.15
2015-05-13 11:15:00,2.2,100680.0,292.85,0.15
2015-05-13 11:30:00,1.85,100650.0,293.0,0.15
2015-05-13 11:45:00,1.9,100620.0,292.75,0.15
2015-05-13 12:00:00,1.75,100575.0,293.1,0.15
2015-05-13 12:15:00,2.1,100530.0,293.04999999999995,0.15
2015-05-13 12:30:00,2.1,100490.0,293.4,0.15
2015-05-13 12:45:00,1.7,100470.0,294.15,0.15
2015-05-13 13:00:00,2.15,100460.0,294.35,0.15
2015-05-13 13:15:00,1.7,100440.0,294.25,0.15
2015-05-13 13:30:00,2.6500000000000004,100435.0,294.25,0.15
2015-05-13 13:45:00,2.3,100410.0,294.25,0.15
2015-05-13 14:00:00,2.5,100380.0,294.5,0.15
2015-05-13 14:15:00,2.7,100340.0,294.65,0.15
2015-05-13 14:30:00,1.7000000000000002,100310.0,294.5,0.15
2015-05-13 14:45:00,1.2,100280.0,294.54999999999995,0.15
2015-05-13 15:00:00,3.05,100260.0,294.45,0.15
2015-05-13 15:15:00,3.7,100260.0,294.85,0.15
2015-05-13 15:30:00,3.8,100230.0,294.5,0.15
2015-05-13 15:45:00,3.1,100220.0,294.54999999999995,0.15
2015-05-13 16:00:00,3.6,100230.0,293.79999999999995,0.15
2015-05-13 16:15:00,4.8,100210.0,293.35,0.15
2015-05-13 16:30:00,4.7,100200.0,292.45,0.15
2015-05-13 16:45:00,4.2,100190.0,292.25,0.15
2015-05-13 17:00:00,4.15,100170.0,292.1,0.15
2015-05-13 17:15:00,4.0,100160.0,292.15,0.15
2015-05-13 17:30:00,3.95,100140.0,291.9,0.15
2015-05-13 17:45:00,3.3,100130.0,291.65,0.15
2015-05-13 18:00:00,3.2,100120.0,291.5,0.15
2015-05-13 18:15:00,3.0,100110.0,291.85,0.15
2015-05-13 18:30:00,3.05,100095.0,291.54999999999995,0.15
2015-05-13 18:45:00,3.2,100090.0,290.35,0.15
2015-05-13 19:00:00,3.85,100095.0,290.04999999999995,0.15
2015-05-13 19:15:00,4.3,100110.0,288.85,0.15
2015-05-13 19:30:00,4.35,100130.0,288.0,0.15
2015-05-13 19:45:00,4.5,100130.0,288.54999999999995,0.15
2015-05-13 20:00:00,4.25,100140.0,288.35,0.15
2015-05-13 20:15:00,4.0,100160.0,288.45,0.15
2015-05-13 20:30:00,4.4,100160.0,287.45,0.15
2015-05-13 20:45:00,5.6,100170.0,288.54999999999995,0.15
2015-05-13 21:00:00,5.699999999999999,100180.0,288.54999999999995,0.15
2015-05-13 21:15:00,5.4,100200.0,287.95,0.15
2015-05-13 21:30:00,5.4,100225.0,287.65,0.15
2015-05-13 21:45:00,5.5,100240.0,287.45,0.15
2015-05-13 22:00:00,5.3,100245.0,286.85,0.15
2015-05-13 22:15:00,6.3,100270.0,285.65,0.15
2015-05-13 22:30:00,5.0,100285.0,285.35,0.15
2015-05-13 22:45:00,3.5,100300.0,285.25,0.15
2015-05-13 23:00:00,3.75,100300.0,284.6,0.15
2015-05-13 23:15:00,3.3,100290.0,284.25,0.15
2015-05-13 23:30:00,2.95,100285.0,283.95,0.15
2015-05-13 23:45:00,2.8,100290.0,283.45,0.15
2015-05-14 00:00:00,2.35,100275.0,283.25,0.15
2015-05-14 00:15:00,2.1,100270.0,282.65,0.15
2015-05-14 00:30:00,2.75,100275.0,282.65,0.15
2015-05-14 00:45:00,3.4,100280.0,282.85,0.15
2015-05-14 01:00:00,2.75,100270.0,283.15,0.15
2015-05-14 01:15:00,2.6,100270.0,282.25,0.15
2015-05-14 01:30:00,2.45,100285.0,282.25,0.15
2015-05-14 01:45:00,2.5,100290.0,281.85,0.15
2015-05-14 02:00:00,2.75,100285.0,281.9,0.15
2015-05-14 02:15:00,2.6,100300.0,281.65,0.15
2015-05-14 02:30:00,3.25,100300.0,281.15,0.15
2015-05-14 02:45:00,3.1,100310.0,281.15,0.15
2015-05-14 03:00:00,2.95,100320.0,280.6,0.15
2015-05-14 03:15:00,3.0,100340.0,280.35,0.15
2015-05-14 03:30:00,3.1500000000000004,100340.0,280.45,0.15
2015-05-14 03:45:00,3.5,100340.0,280.45,0.15
2015-05-14 04:00:00,2.65,100350.0,280.4,0.15
2015-05-14 04:15:00,2.9,100350.0,280.15,0.15
2015-05-14 04:30:00,2.45,100355.0,280.4,0.15
2015-05-14 04:45:00,2.2,100360.0,280.35,0.15
2015-05-14 05:00:00,2.95,100360.0,280.5,0.15
2015-05-14 05:15:00,2.5,100360.0,281.15,0.15
2015-05-14 05:30:00,3.0,100360.0,281.95,0.15
2015-05-14 05:45:00,2.6,100370.0,282.65,0.15
2015-05-14 06:00:00,2.2,100375.0,283.1,0.15
2015-05-14 06:15:00,3.2,100370.0,283.25,0.15
2015-05-14 06:30:00,2.5,100375.0,283.95,0.15
2015-05-14 06:45:00,1.8,100370.0,283.95,0.15
2015-05-14 07:00:00,1.25,100370.0,284.79999999999995,0.15
2015-05-14 07:15:00,1.8,100360.0,284.54999999999995,0.15
2015-05-14 07:30:00,1.7,100350.0,285.15,0.15
2015-05-14 07:45:00,1.5,100330.0,285.95,0.15
2015-05-14 08:00:00,1.95,100330.0,286.04999999999995,0.15
2015-05-14 08:15:00,1.2,100320.0,286.15,0.15
2015-05-14 08:30:00,2.1,100300.0,286.6,0.15
2015-05-14 08:45:00,2.1,100280.0,287.65,0.15
2015-05-14 09:00:00,1.9,100260.0,287.5,0.15
2015-05-14 09:15:00,1.1,100270.0,287.75,0.15
2015-05-14 09:30:00,1.75,100260.0,288.4,0.15
2015-05-14 09:45:00,2.2,100240.0,288.04999999999995,0.15
2015-05-14 10:00:00,1.7,100225.0,289.04999999999995,0.15
2015-05-14 10:15:00,2.0,100230.0,289.25,0.15
2015-05-14 10:30:00,1.4,100205.0,289.85,0.15
2015-05-14 10:45:00,2.1,100190.0,289.25,0.15
2015-05-14 11:00:00,2.2,100165.0,290.15,0.15
2015-05-14 11:15:00,2.0,100140.0,290.15,0.15
2015-05-14 11:30:00,1.8,100120.0,290.7,0.15
2015-05-14 11:45:00,1.2,100100.0,290.35,0.15
2015-05-14 12:00:00,1.4,100080.0,290.85,0.15
2015-05-14 12:15:00,1.8,100070.0,291.04999999999995,0.15
2015-05-14 12:30:00,2.2,100050.0,291.2,0.15
2015-05-14 12:45:00,2.7,100030.0,291.95,0.15
2015-05-14 13:00:00,1.9,100020.0,292.04999999999995,0.15
2015-05-14 13:15:00,1.6,100000.0,291.04999999999995,0.15
2015-05-14 13:30:00,1.1,99975.0,291.85,0.15
2015-05-14 13:45:00,2.4,99940.0,291.54999999999995,0.15
2015-05-14 14:00:00,1.5,99925.0,291.6,0.15
2015-05-14 14:15:00,2.3,99900.0,292.04999999999995,0.15
2015-05-14 14:30:00,1.95,99875.0,292.35,0.15
2015-05-14 14:45:00,2.2,99850.0,292.95,0.15
2015-05-14 15:00:00,2.1500000000000004,99825.0,292.45,0.15
2015-05-14 15:15:00,1.8,99810.0,292.65,0.15
2015-05-14 15:30:00,1.95,99805.0,292.4,0.15
2015-05-14 15:45:00,2.5,99790.0,292.25,0.15
2015-05-14 16:00:00,1.6,99790.0,292.04999999999995,0.15
2015-05-14 16:15:00,1.7,99800.0,292.25,0.15
2015-05-14 16:30:00,1.35,99800.0,292.15,0.15
2015-05-14 16:45:00,1.2,99800.0,292.04999999999995,0.15
2015-05-14 17:00:00,1.0,99790.0,292.04999999999995,0.15
2015-05-14 17:15:00,1.1,99800.0,292.15,0.15
2015-05-14 17:30:00,1.2000000000000002,99805.0,291.5,0.15
2015-05-14 17:45:00,2.5,99810.0,290.75,0.15
2015-05-14 18:00:00,2.8,99835.0,290.4,0.15
2015-05-14 18:15:00,2.4,99850.0,289.35,0.15
2015-05-14 18:30:00,3.65,99865.0,288.54999999999995,0.15
2015-05-14 18:45:00,3.0,99870.0,287.54999999999995,0.15
2015-05-14 19:00:00,1.4500000000000002,99880.0,287.35,0.15
2015-05-14 19:15:00,0.9,99880.0,287.15,0.15
2015-05-14 19:30:00,0.8500000000000001,99885.0,287.0,0.15
2015-05-14 19:45:00,1.5,99890.0,286.95,0.15
2015-05-14 20:00:00,1.55,99890.0,287.0,0.15
2015-05-14 20:15:00,1.3,99890.0,287.04999999999995,0.15
2015-05-14 20:30:00,1.05,99880.0,286.65,0.15
2015-05-14 20:45:00,1.1,99880.0,286.65,0.15
2015-05-14 21:00:00,1.5499999999999998,99875.0,286.45,0.15
2015-05-14 21:15:00,1.5,99860.0,286.35,0.15
2015-05-14 21:30:00,1.55,99875.0,286.25,0.15
2015-05-14 21:45:00,1.4,99870.0,286.15,0.15
2015-05-14 22:00:00,0.75,99885.0,286.2,0.15
2015-05-14 22:15:00,1.0,99890.0,286.35,0.15
2015-05-14 22:30:00,1.1,99885.0,286.4,0.15
2015-05-14 22:45:00,1.0,99880.0,286.35,0.15
2015-05-14 23:00:00,0.8500000000000001,99875.0,286.25,0.15
2015-05-14 23:15:00,1.1,99880.0,286.04999999999995,0.15
2015-05-14 23:30:00,1.3,99875.0,286.04999999999995,0.15
2015-05-14 23:45:00,1.2,99880.0,286.35,0.15
2015-05-15 00:00:00,2.1500000000000004,99880.0,286.25,0.15
2015-05-15 00:15:00,1.4,99870.0,286.25,0.15
2015-05-15 00:30:00,1.0,99865.0,286.29999999999995,0.15
2015-05-15 00:45:00,1.1,99860.0,286.15,0.15
2015-05-15 01:00:00,1.25,99860.0,286.29999999999995,0.15
2015-05-15 01:15:00,1.6,99850.0,286.35,0.15
2015-05-15 01:30:00,1.65,99845.0,285.95,0.15
2015-05-15 01:45:00,1.5,99870.0,286.04999999999995,0.15
2015-05-15 02:00:00,0.95,99895.0,285.9,0.15
2015-05-15 02:15:00,1.8,99910.0,286.04999999999995,0.15
2015-05-15 02:30:00,1.75,99910.0,286.04999999999995,0.15
2015-05-15 02:45:00,2.5,99920.0,285.65,0.15
2015-05-15 03:00:00,2.65,99930.0,285.65,0.15
2015-05-15 03:15:00,2.5,99950.0,285.65,0.15
2015-05-15 03:30:00,2.5,99965.0,285.54999999999995,0.15
2015-05-15 03:45:00,2.3,99980.0,285.35,0.15
2015-05-15 04:00:00,2.25,100000.0,285.29999999999995,0.15
2015-05-15 04:15:00,2.2,100020.0,285.25,0.15
2015-05-15 04:30:00,2.5,100050.0,285.2,0.15
2015-05-15 04:45:00,2.9,100080.0,285.04999999999995,0.15
2015-05-15 05:00:00,2.55,100110.0,284.79999999999995,0.15
2015-05-15 05:15:00,2.9,100130.0,284.54999999999995,0.15
2015-05-15 05:30:00,2.6500000000000004,100145.0,284.35,0.15
2015-05-15 05:45:00,2.7,100160.0,284.45,0.15
2015-05-15 06:00:00,2.95,100180.0,284.65,0.15
2015-05-15 06:15:00,3.4,100200.0,284.85,0.15
2015-05-15 06:30:00,2.85,100210.0,285.0,0.15
2015-05-15 06:45:00,3.3,100210.0,285.25,0.15
2015-05-15 07:00:00,3.95,100230.0,285.5,0.15
2015-05-15 07:15:00,4.0,100260.0,285.65,0.15
2015-05-15 07:30:00,3.9,100285.0,285.9,0.15
2015-05-15 07:45:00,3.8,100300.0,286.45,0.15
2015-05-15 08:00:00,3.55,100305.0,286.9,0.15
2015-05-15 08:15:00,3.8,100330.0,287.15,0.15
2015-05-15 08:30:00,3.7,100345.0,287.25,0.15
2015-05-15 08:45:00,3.3,100360.0,287.65,0.15
2015-05-15 09:00:00,3.45,100360.0,288.04999999999995,0.15
2015-05-15 09:15:00,3.0,100360.0,288.85,0.15
2015-05-15 09:30:00,3.15,100375.0,289.25,0.15
2015-05-15 09:45:00,3.8,100380.0,289.45,0.15
2015-05-15 10:00:00,4.25,100410.0,289.35,0.15
2015-05-15 10:15:00,4.0,100440.0,289.35,0.15
2015-05-15 10:30:00,4.2,100430.0,289.95,0.15
2015-05-15 10:45:00,5.3,100440.0,290.45,0.15
2015-05-15 11:00:00,5.65,100460.0,290.25,0.15
2015-05-15 11:15:00,5.1,100490.0,290.45,0.15
2015-05-15 11:30:00,5.1,100495.0,291.0,0.15
2015-05-15 11:45:00,4.6,100480.0,291.45,0.15
2015-05-15 12:00:00,5.65,100475.0,292.1,0.15
2015-05-15 12:15:00,5.9,100480.0,292.15,0.15
2015-05-15 12:30:00,5.6,100480.0,292.4,0.15
2015-05-15 12:45:00,6.1,100490.0,292.65,0.15
2015-05-15 13:00:00,6.55,100490.0,292.95,0.15
2015-05-15 13:15:00,6.6,100500.0,292.65,0.15
2015-05-15 13:30:00,6.2,100505.0,292.7,0.15
2015-05-15 13:45:00,6.0,100510.0,293.15,0.15
2015-05-15 14:00:00,5.65,100520.0,292.95,0.15
2015-05-15 14:15:00,6.4,100540.0,293.15,0.15
2015-05-15 14:30:00,5.15,100535.0,292.95,0.15
2015-05-15 14:45:00,6.0,100550.0,292.54999999999995,0.15
2015-05-15 15:00:00,6.05,100560.0,293.2,0.15
2015-05-15 15:15:00,6.7,100580.0,292.95,0.15
2015-05-15 15:30:00,6.050000000000001,100595.0,292.4,0.15
2015-05-15 15:45:00,5.9,100600.0,292.25,0.15
2015-05-15 16:00:00,5.65,100610.0,292.4,0.15
2015-05-15 16:15:00,6.5,100610.0,292.04999999999995,0.15
2015-05-15 16:30:00,6.05,100625.0,291.75,0.15
2015-05-15 16:45:00,5.8,100630.0,291.45,0.15
2015-05-15 17:00:00,5.8,100650.0,291.1,0.15
2015-05-15 17:15:00,5.6,100690.0,290.75,0.15
2015-05-15 17:30:00,5.8,100685.0,290.15,0.15
2015-05-15 17:45:00,5.3,100700.0,289.85,0.15
2015-05-15 18:00:00,5.4,100730.0,289.4,0.15
2015-05-15 18:15:00,5.2,100750.0,288.75,0.15
2015-05-15 18:30:00,4.15,100755.0,287.7,0.15
2015-05-15 18:45:00,3.8,100750.0,286.95,0.15
2015-05-15 19:00:00,4.1,100805.0,286.65,0.15
2015-05-15 19:15:00,3.7,100820.0,285.95,0.15
2015-05-15 19:30:00,3.1,100835.0,285.35,0.15
2015-05-15 19:45:00,3.6,100870.0,284.95,0.15
2015-05-15 20:00:00,3.0,100880.0,285.04999999999995,0.15
2015-05-15 20:15:00,2.8,100880.0,284.75,0.15
2015-05-15 20:30:00,2.55,100910.0,284.9,0.15
2015-05-15 20:45:00,2.3,100920.0,284.15,0.15
2015-05-15 21:00:00,1.75,100940.0,283.6,0.15
2015-05-15 21:15:00,0.8,100940.0,283.15,0.15
2015-05-15 21:30:00,1.05,100960.0,283.1,0.15
2015-05-15 21:45:00,0.9,100970.0,282.85,0.15
2015-05-15 22:00:00,1.15,100990.0,282.85,0.15
2015-05-15 22:15:00,1.1,100990.0,282.54999999999995,0.15
2015-05-15 22:30:00,0.65,101000.0,281.65,0.15
2015-05-15 22:45:00,0.7,101000.0,281.04999999999995,0.15
2015-05-15 23:00:00,1.25,101010.0,281.45,0.15
2015-05-15 23:15:00,1.6,101000.0,281.65,0.15
2015-05-15 23:30:00,1.35,101015.0,280.45,0.15
2015-05-15 23:45:00,1.1,101030.0,279.75,0.15
2015-05-16 00:00:00,0.95,101040.0,279.95,0.15
2015-05-16 00:15:00,0.4,101060.0,279.65,0.15
2015-05-16 00:30:00,1.0,101045.0,279.75,0.15
2015-05-16 00:45:00,1.3,101030.0,280.54999999999995,0.15
2015-05-16 01:00:00,1.3,101060.0,278.6,0.15
2015-05-16 01:15:00,1.7,101050.0,278.95,0.15
2015-05-16 01:30:00,0.95,101055.0,279.25,0.15
2015-05-16 01:45:00,2.3,101070.0,279.54999999999995,0.15
2015-05-16 02:00:00,2.8,101065.0,278.9,0.15
2015-05-16 02:15:00,2.6,101080.0,279.54999999999995,0.15
2015-05-16 02:30:00,1.7999999999999998,101070.0,279.54999999999995,0.15
2015-05-16 02:45:00,1.5,101070.0,279.54999999999995,0.15
2015-05-16 03:00:00,1.6,101070.0,279.7,0.15
2015-05-16 03:15:00,1.6,101070.0,279.45,0.15
2015-05-16 03:30:00,1.35,101080.0,279.7,0.15
2015-05-16 03:45:00,1.3,101080.0,279.35,0.15
2015-05-16 04:00:00,1.6,101090.0,279.6,0.15
2015-05-16 04:15:00,1.8,101090.0,279.85,0.15
2015-05-16 04:30:00,2.0,101095.0,279.85,0.15
2015-05-16 04:45:00,2.0,101090.0,280.25,0.15
2015-05-16 05:00:00,2.1,101105.0,280.75,0.15
2015-05-16 05:15:00,1.5,101110.0,281.15,0.15
2015-05-16 05:30:00,1.9,101120.0,281.5,0.15
2015-05-16 05:45:00,2.1,101120.0,282.15,0.15
2015-05-16 06:00:00,2.55,101135.0,282.9,0.15
2015-05-16 06:15:00,2.5,101130.0,283.25,0.15
2015-05-16 06:30:00,2.95,101150.0,283.54999999999995,0.15
2015-05-16 06:45:00,3.3,101160.0,283.35,0.15
2015-05-16 07:00:00,3.25,101145.0,284.5,0.15
2015-05-16 07:15:00,3.2,101150.0,284.65,0.15
2015-05-16 07:30:00,2.85,101155.0,285.5,0.15
2015-05-16 07:45:00,3.4,101150.0,285.75,0.15
2015-05-16 08:00:00,3.55,101145.0,285.9,0.15
2015-05-16 08:15:00,3.2,101140.0,286.54999999999995,0.15
2015-05-16 08:30:00,2.5,101135.0,286.54999999999995,0.15
2015-05-16 08:45:00,3.5,101130.0,286.54999999999995,0.15
2015-05-16 09:00:00,2.6,101130.0,286.6,0.15
2015-05-16 09:15:00,3.0,101120.0,286.35,0.15
2015-05-16 09:30:00,3.2,101115.0,286.54999999999995,0.15
2015-05-16 09:45:00,2.9,101110.0,287.15,0.15
2015-05-16 10:00:00,3.3,101105.0,287.45,0.15
2015-05-16 10:15:00,3.0,101110.0,287.25,0.15
2015-05-16 10:30:00,3.15,101105.0,287.29999999999995,0.15
2015-05-16 10:45:00,2.5,101100.0,287.25,0.15
2015-05-16 11:00:00,3.05,101085.0,287.6,0.15
2015-05-16 11:15:00,3.4,101080.0,287.45,0.15
2015-05-16 11:30:00,2.8,101085.0,287.29999999999995,0.15
2015-05-16 11:45:00,2.8,101100.0,287.45,0.15
2015-05-16 12:00:00,2.25,101090.0,287.79999999999995,0.15
2015-05-16 12:15:00,2.0,101090.0,287.75,0.15
2015-05-16 12:30:00,2.7,101095.0,287.85,0.15
2015-05-16 12:45:00,2.8,101100.0,288.04999999999995,0.15
2015-05-16 13:00:00,3.0,101110.0,288.0,0.15
2015-05-16 13:15:00,3.8,101120.0,287.85,0.15
2015-05-16 13:30:00,3.8,101130.0,287.75,0.15
2015-05-16 13:45:00,3.3,101140.0,287.45,0.15
2015-05-16 14:00:00,3.15,101140.0,287.25,0.15
2015-05-16 14:15:00,3.2,101150.0,287.35,0.15
2015-05-16 14:30:00,3.9,101165.0,287.25,0.15
2015-05-16 14:45:00,3.7,101170.0,286.85,0.15
2015-05-16 15:00:00,3.6,101165.0,286.7,0.15
2015-05-16 15:15:00,3.7,101180.0,286.65,0.15
2015-05-16 15:30:00,3.05,101195.0,286.7,0.15
2015-05-16 15:45:00,2.9,101190.0,286.85,0.15
2015-05-16 16:00:00,2.7,101205.0,286.95,0.15
2015-05-16 16:15:00,3.3,101190.0,287.35,0.15
2015-05-16 16:30:00,4.9,101190.0,287.35,0.15
2015-05-16 16:45:00,4.5,101190.0,287.35,0.15
2015-05-16 17:00:00,4.4,101180.0,287.45,0.15
2015-05-16 17:15:00,4.8,101200.0,286.95,0.15
2015-05-16 17:30:00,3.85,101215.0,286.85,0.15
2015-05-16 17:45:00,3.4,101220.0,286.65,0.15
2015-05-16 18:00:00,3.45,101255.0,286.54999999999995,0.15
2015-05-16 18:15:00,3.3,101270.0,286.54999999999995,0.15
2015-05-16 18:30:00,3.1,101275.0,286.4,0.15
2015-05-16 18:45:00,2.8,101280.0,286.15,0.15
2015-05-16 19:00:00,2.5,101285.0,285.95,0.15
2015-05-16 19:15:00,1.6,101290.0,285.54999999999995,0.15
2015-05-16 19:30:00,1.85,101315.0,285.65,0.15
2015-05-16 19:45:00,1.5,101330.0,285.45,0.15
2015-05-16 20:00:00,1.7,101360.0,285.25,0.15
2015-05-16 20:15:00,1.5,101360.0,285.25,0.15
2015-05-16 20:30:00,1.85,101375.0,285.15,0.15
2015-05-16 20:45:00,2.3,101390.0,285.04999999999995,0.15
2015-05-16 21:00:00,2.8,101400.0,285.79999999999995,0.15
2015-05-16 21:15:00,3.4,101400.0,285.35,0.15
2015-05-16 21:30:00,3.15,101415.0,285.04999999999995,0.15
2015-05-16 21:45:00,2.9,101440.0,284.75,0.15
2015-05-16 22:00:00,2.65,101445.0,284.4,0.15
2015-05-16 22:15:00,2.6,101460.0,284.04999999999995,0.15
2015-05-16 22:30:00,1.7000000000000002,101460.0,284.0,0.15
2015-05-16 22:45:00,1.7,101460.0,283.95,0.15
2015-05-16 23:00:00,1.55,101460.0,283.5,0.15
2015-05-16 23:15:00,1.2,101460.0,282.54999999999995,0.15
2015-05-16 23:30:00,0.6,101455.0,282.15,0.15
2015-05-16 23:45:00,0.3,101440.0,281.75,0.15
2015-05-17 00:00:00,0.3,101455.0,281.45,0.15
2015-05-17 00:15:00,0.5,101460.0,281.25,0.15
2015-05-17 00:30:00,1.0,101455.0,280.29999999999995,0.15
2015-05-17 00:45:00,1.5,101450.0,280.75,0.15
2015-05-17 01:00:00,1.35,101450.0,280.2,0.15
2015-05-17 01:15:00,1.8,101460.0,279.85,0.15
2015-05-17 01:30:00,1.65,101460.0,279.85,0.15
2015-05-17 01:45:00,1.3,101460.0,279.54999999999995,0.15
2015-05-17 02:00:00,1.5,101460.0,279.35,0.15
2015-05-17 02:15:00,1.7,101470.0,279.35,0.15
2015-05-17 02:30:00,1.9,101460.0,277.7,0.15
2015-05-17 02:45:00,1.7,101460.0,278.54999999999995,0.15
2015-05-17 03:00:00,2.1,101460.0,279.25,0.15
2015-05-17 03:15:00,1.9,101460.0,279.25,0.15
2015-05-17 03:30:00,1.85,101465.0,279.7,0.15
2015-05-17 03:45:00,1.2,101470.0,280.15,0.15
2015-05-17 04:00:00,1.65,101465.0,280.1,0.15
2015-05-17 04:15:00,2.1,101470.0,280.35,0.15
2015-05-17 04:30:00,2.5,101460.0,280.54999999999995,0.15
2015-05-17 04:45:00,1.8,101470.0,280.85,0.15
2015-05-17 05:00:00,0.8,101480.0,280.95,0.15
2015-05-17 05:15:00,1.6,101470.0,281.35,0.15
2015-05-17 05:30:00,1.5,101470.0,281.65,0.15
2015-05-17 05:45:00,1.8,101470.0,282.25,0.15
2015-05-17 06:00:00,1.8,101475.0,282.79999999999995,0.15
2015-05-17 06:15:00,1.8,101480.0,283.04999999999995,0.15
2015-05-17 06:30:00,1.65,101470.0,283.79999999999995,0.15
2015-05-17 06:45:00,1.4,101470.0,284.15,0.15
2015-05-17 07:00:00,0.75,101480.0,285.5,0.15
2015-05-17 07:15:00,1.2,101450.0,285.75,0.15
2015-05-17 07:30:00,1.15,101460.0,286.4,0.15
2015-05-17 07:45:00,1.1,101460.0,286.85,0.15
2015-05-17 08:00:00,1.7,101450.0,287.5,0.15
2015-05-17 08:15:00,2.1,101420.0,287.85,0.15
2015-05-17 08:30:00,2.6,101410.0,288.04999999999995,0.15
2015-05-17 08:45:00,2.8,101410.0,288.65,0.15
2015-05-17 09:00:00,2.8,101405.0,288.85,0.15
2015-05-17 09:15:00,2.5,101400.0,289.15,0.15
2015-05-17 09:30:00,2.65,101390.0,289.6,0.15
2015-05-17 09:45:00,2.7,101370.0,288.95,0.15
2015-05-17 10:00:00,2.3,101355.0,289.0,0.15
2015-05-17 10:15:00,1.7,101350.0,288.85,0.15
2015-05-17 10:30:00,1.65,101335.0,289.2,0.15
2015-05-17 10:45:00,2.4,101310.0,289.95,0.15
2015-05-17 11:00:00,1.85,101310.0,289.6,0.15
2015-05-17 11:15:00,2.3,101300.0,289.95,0.15
2015-05-17 11:30:00,2.75,101275.0,290.1,0.15
2015-05-17 11:45:00,4.3,101270.0,290.75,0.15
2015-05-17 12:00:00,4.300000000000001,101245.0,290.45,0.15
2015-05-17 12:15:00,3.3,101220.0,291.65,0.15
2015-05-17 12:30:00,3.75,101205.0,291.2,0.15
2015-05-17 12:45:00,2.9,101190.0,292.15,0.15
2015-05-17 13:00:00,3.6,101175.0,291.65,0.15
2015-05-17 13:15:00,2.9,101160.0,292.45,0.15
2015-05-17 13:30:00,3.7,101140.0,291.7,0.15
2015-05-17 13:45:00,2.7,101120.0,292.25,0.15
2015-05-17 14:00:00,3.1,101095.0,292.85,0.15
2015-05-17 14:15:00,3.9,101070.0,292.25,0.15
2015-05-17 14:30:00,2.95,101055.0,292.95,0.15
2015-05-17 14:45:00,3.6,101040.0,292.25,0.15
2015-05-17 15:00:00,4.3,101030.0,292.15,0.15
2015-05-17 15:15:00,4.2,101030.0,291.85,0.15
2015-05-17 15:30:00,4.699999999999999,101015.0,292.6,0.15
2015-05-17 15:45:00,2.8,101010.0,291.75,0.15
2015-05-17 16:00:00,4.05,101005.0,292.4,0.15
2015-05-17 16:15:00,4.8,100990.0,291.95,0.15
2015-05-17 16:30:00,4.35,100990.0,291.7,0.15
2015-05-17 16:45:00,5.2,100980.0,291.75,0.15
2015-05-17 17:00:00,4.2,100960.0,291.45,0.15
2015-05-17 17:15:00,4.3,100950.0,291.54999999999995,0.15
2015-05-17 17:30:00,4.35,100940.0,290.75,0.15
2015-05-17 17:45:00,4.1,100940.0,290.85,0.15
2015-05-17 18:00:00,3.65,100945.0,290.79999999999995,0.15
2015-05-17 18:15:00,3.6,100930.0,290.85,0.15
2015-05-17 18:30:00,3.2,100930.0,290.15,0.15
2015-05-17 18:45:00,3.0,100920.0,289.54999999999995,0.15
2015-05-17 19:00:00,3.0,100915.0,289.29999999999995,0.15
2015-05-17 19:15:00,1.5,100910.0,288.45,0.15
2015-05-17 19:30:00,1.85,100910.0,287.95,0.15
2015-05-17 19:45:00,1.7,100910.0,287.15,0.15
2015-05-17 20:00:00,1.6,100905.0,286.5,0.15
2015-05-17 20:15:00,1.4,100900.0,285.65,0.15
2015-05-17 20:30:00,1.1,100890.0,285.65,0.15
2015-05-17 20:45:00,1.7,100890.0,283.95,0.15
2015-05-17 21:00:00,2.7,100885.0,284.6,0.15
2015-05-17 21:15:00,2.7,100870.0,284.25,0.15
2015-05-17 21:30:00,2.25,100870.0,284.15,0.15
2015-05-17 21:45:00,2.7,100860.0,283.85,0.15
2015-05-17 22:00:00,1.6,100840.0,283.15,0.15
2015-05-17 22:15:00,1.7,100840.0,281.85,0.15
2015-05-17 22:30:00,1.4,100830.0,282.79999999999995,0.15
2015-05-17 22:45:00,0.8,100830.0,283.04999999999995,0.15
2015-05-17 23:00:00,0.25,100815.0,282.6,0.15
2015-05-17 23:15:00,0.7,100800.0,282.65,0.15
2015-05-17 23:30:00,0.95,100790.0,280.79999999999995,0.15
2015-05-17 23:45:00,0.9,100790.0,280.85,0.15
2015-05-18 00:00:00,1.15,100755.0,280.6,0.15
2015-05-18 00:15:00,0.8,100730.0,280.35,0.15
2015-05-18 00:30:00,1.1,100700.0,280.4,0.15
2015-05-18 00:45:00,1.2,100670.0,280.95,0.15
2015-05-18 01:00:00,1.7999999999999998,100645.0,280.85,0.15
2015-05-18 01:15:00,1.7,100620.0,281.15,0.15
2015-05-18 01:30:00,1.7999999999999998,100610.0,281.15,0.15
2015-05-18 01:45:00,2.3,100590.0,281.25,0.15
2015-05-18 02:00:00,2.35,100560.0,280.7,0.15
2015-05-18 02:15:00,2.5,100550.0,280.15,0.15
2015-05-18 02:30:00,2.7,100530.0,280.15,0.15
2015-05-18 02:45:00,2.5,100500.0,281.04999999999995,0.15
2015-05-18 03:00:00,1.9,100485.0,281.1,0.15
2015-05-18 03:15:00,1.4,100470.0,281.04999999999995,0.15
2015-05-18 03:30:00,1.75,100460.0,280.95,0.15
2015-05-18 03:45:00,2.2,100450.0,280.54999999999995,0.15
2015-05-18 04:00:00,1.9,100435.0,279.65,0.15
2015-05-18 04:15:00,1.9,100420.0,278.95,0.15
2015-05-18 04:30:00,2.45,100405.0,278.04999999999995,0.15
2015-05-18 04:45:00,1.8,100380.0,278.85,0.15
2015-05-18 05:00:00,1.0,100365.0,280.65,0.15
2015-05-18 05:15:00,1.4,100350.0,282.25,0.15
2015-05-18 05:30:00,1.9,100320.0,282.79999999999995,0.15
2015-05-18 05:45:00,1.5,100290.0,283.85,0.15
2015-05-18 06:00:00,1.6,100275.0,284.85,0.15
2015-05-18 06:15:00,2.0,100250.0,285.95,0.15
2015-05-18 06:30:00,2.3,100245.0,286.1,0.15
2015-05-18 06:45:00,1.8,100230.0,286.54999999999995,0.15
2015-05-18 07:00:00,2.0,100215.0,287.45,0.15
2015-05-18 07:15:00,2.5,100200.0,288.25,0.15
2015-05-18 07:30:00,3.55,100180.0,288.6,0.15
2015-05-18 07:45:00,3.4,100160.0,289.65,0.15
2015-05-18 08:00:00,3.35,100125.0,290.79999999999995,0.15
2015-05-18 08:15:00,3.8,100080.0,290.65,0.15
2015-05-18 08:30:00,5.3,100060.0,291.35,0.15
2015-05-18 08:45:00,3.9,100030.0,292.04999999999995,0.15
2015-05-18 09:00:00,4.65,100015.0,291.65,0.15
2015-05-18 09:15:00,4.3,99990.0,291.15,0.15
2015-05-18 09:30:00,4.45,99960.0,292.4,0.15
2015-05-18 09:45:00,4.7,99940.0,293.04999999999995,0.15
2015-05-18 10:00:00,5.55,99925.0,292.6,0.15
2015-05-18 10:15:00,5.5,99890.0,292.95,0.15
2015-05-18 10:30:00,4.449999999999999,99860.0,292.95,0.15
2015-05-18 10:45:00,4.4,99830.0,293.04999999999995,0.15
2015-05-18 11:00:00,5.0,99805.0,293.25,0.15
2015-05-18 11:15:00,5.4,99790.0,293.95,0.15
2015-05-18 11:30:00,4.75,99740.0,294.5,0.15
2015-05-18 11:45:00,5.8,99710.0,294.85,0.15
2015-05-18 12:00:00,6.15,99680.0,294.9,0.15
2015-05-18 12:15:00,6.6,99640.0,295.65,0.15
2015-05-18 12:30:00,7.0,99620.0,295.65,0.15
2015-05-18 12:45:00,6.5,99600.0,295.85,0.15
2015-05-18 13:00:00,6.800000000000001,99565.0,295.75,0.15
2015-05-18 13:15:00,6.3,99540.0,294.95,0.15
2015-05-18 13:30:00,6.3,99510.0,295.85,0.15
2015-05-18 13:45:00,6.0,99480.0,296.85,0.15
2015-05-18 14:00:00,6.7,99470.0,296.75,0.15
2015-05-18 14:15:00,6.9,99440.0,297.54999999999995,0.15
2015-05-18 14:30:00,7.25,99440.0,297.1,0.15
2015-05-18 14:45:00,6.9,99420.0,296.15,0.15
2015-05-18 15:00:00,6.050000000000001,99400.0,296.1,0.15
2015-05-18 15:15:00,6.2,99380.0,295.95,0.15
2015-05-18 15:30:00,6.5,99370.0,295.45,0.15
2015-05-18 15:45:00,5.8,99360.0,294.95,0.15
2015-05-18 16:00:00,5.8,99350.0,294.9,0.15
2015-05-18 16:15:00,5.8,99340.0,294.65,0.15
2015-05-18 16:30:00,5.9,99330.0,294.54999999999995,0.15
2015-05-18 16:45:00,6.4,99320.0,294.25,0.15
2015-05-18 17:00:00,5.35,99310.0,294.25,0.15
2015-05-18 17:15:00,4.9,99290.0,294.04999999999995,0.15
2015-05-18 17:30:00,5.35,99280.0,293.85,0.15
2015-05-18 17:45:00,4.7,99280.0,293.65,0.15
2015-05-18 18:00:00,4.9,99280.0,293.6,0.15
2015-05-18 18:15:00,4.4,99290.0,293.45,0.15
2015-05-18 18:30:00,4.199999999999999,99280.0,293.25,0.15
2015-05-18 18:45:00,3.4,99280.0,293.15,0.15
2015-05-18 19:00:00,3.75,99285.0,292.79999999999995,0.15
2015-05-18 19:15:00,3.4,99290.0,292.65,0.15
2015-05-18 19:30:00,3.6,99300.0,292.45,0.15
2015-05-18 19:45:00,3.4,99290.0,292.15,0.15
2015-05-18 20:00:00,2.7,99305.0,291.79999999999995,0.15
2015-05-18 20:15:00,7.6,99330.0,290.04999999999995,0.15
2015-05-18 20:30:00,7.300000000000001,99360.0,288.95,0.15
2015-05-18 20:45:00,8.0,99390.0,287.54999999999995,0.15
2015-05-18 21:00:00,6.6,99435.0,287.15,0.15
2015-05-18 21:15:00,5.7,99470.0,286.95,0.15
2015-05-18 21:30:00,6.5,99485.0,286.25,0.15
2015-05-18 21:45:00,5.2,99490.0,285.85,0.15
2015-05-18 22:00:00,4.949999999999999,99500.0,285.6,0.15
2015-05-18 22:15:00,4.8,99490.0,285.54999999999995,0.15
2015-05-18 22:30:00,3.2,99480.0,285.35,0.15
2015-05-18 22:45:00,3.6,99480.0,285.15,0.15
2015-05-18 23:00:00,3.85,99475.0,284.9,0.15
2015-05-18 23:15:00,3.1,99480.0,284.75,0.15
2015-05-18 23:30:00,4.1,99470.0,284.45,0.15
2015-05-18 23:45:00,3.0,99490.0,284.04999999999995,0.15
2015-05-19 00:00:00,1.8,99490.0,283.85,0.15
2015-05-19 00:15:00,1.4,99480.0,283.85,0.15
2015-05-19 00:30:00,1.65,99470.0,283.7,0.15
2015-05-19 00:45:00,1.7,99450.0,283.65,0.15
2015-05-19 01:00:00,1.75,99455.0,283.65,0.15
2015-05-19 01:15:00,2.1,99440.0,283.75,0.15
2015-05-19 01:30:00,2.55,99445.0,283.85,0.15
2015-05-19 01:45:00,3.2,99450.0,283.75,0.15
2015-05-19 02:00:00,3.55,99450.0,283.65,0.15
2015-05-19 02:15:00,5.3,99450.0,283.35,0.15
2015-05-19 02:30:00,5.6,99470.0,283.25,0.15
2015-05-19 02:45:00,5.0,99470.0,282.75,0.15
2015-05-19 03:00:00,4.8,99490.0,282.7,0.15
2015-05-19 03:15:00,4.0,99500.0,282.95,0.15
2015-05-19 03:30:00,3.7,99505.0,282.9,0.15
2015-05-19 03:45:00,4.8,99510.0,282.75,0.15
2015-05-19 04:00:00,3.75,99520.0,282.5,0.15
2015-05-19 04:15:00,3.7,99530.0,282.25,0.15
2015-05-19 04:30:00,4.0,99545.0,282.4,0.15
2015-05-19 04:45:00,3.9,99560.0,282.15,0.15
2015-05-19 05:00:00,3.6,99575.0,282.2,0.15
2015-05-19 05:15:00,3.3,99590.0,282.85,0.15
2015-05-19 05:30:00,4.15,99595.0,283.04999999999995,0.15
2015-05-19 05:45:00,3.5,99610.0,283.15,0.15
2015-05-19 06:00:00,3.8,99610.0,283.9,0.15
2015-05-19 06:15:00,3.9,99620.0,284.35,0.15
2015-05-19 06:30:00,5.2,99620.0,284.4,0.15
2015-05-19 06:45:00,5.6,99630.0,284.95,0.15
2015-05-19 07:00:00,5.85,99625.0,285.0,0.15
2015-05-19 07:15:00,6.0,99640.0,285.25,0.15
2015-05-19 07:30:00,5.1,99645.0,285.1,0.15
2015-05-19 07:45:00,5.7,99630.0,285.85,0.15
2015-05-19 08:00:00,6.15,99655.0,285.75,0.15
2015-05-19 08:15:00,7.2,99660.0,285.54999999999995,0.15
2015-05-19 08:30:00,6.55,99655.0,286.1,0.15
2015-05-19 08:45:00,7.2,99660.0,287.25,0.15
2015-05-19 09:00:00,6.9,99660.0,287.29999999999995,0.15
2015-05-19 09:15:00,6.9,99660.0,287.04999999999995,0.15
2015-05-19 09:30:00,5.949999999999999,99655.0,287.2,0.15
2015-05-19 09:45:00,6.0,99650.0,287.45,0.15
2015-05-19 10:00:00,6.3,99650.0,288.75,0.15
2015-05-19 10:15:00,6.6,99650.0,288.45,0.15
2015-05-19 10:30:00,8.15,99650.0,288.5,0.15
2015-05-19 10:45:00,7.0,99650.0,289.45,0.15
2015-05-19 11:00:00,6.8,99650.0,289.6,0.15
2015-05-19 11:15:00,6.2,99660.0,289.95,0.15
2015-05-19 11:30:00,6.2,99660.0,288.65,0.15
2015-05-19 11:45:00,6.5,99660.0,289.04999999999995,0.15
2015-05-19 12:00:00,6.699999999999999,99670.0,289.29999999999995,0.15
2015-05-19 12:15:00,6.3,99670.0,289.65,0.15
2015-05-19 12:30:00,6.8,99670.0,289.15,0.15
2015-05-19 12:45:00,5.6,99670.0,289.95,0.15
2015-05-19 13:00:00,5.25,99645.0,289.25,0.15
2015-05-19 13:15:00,6.3,99640.0,288.75,0.15
2015-05-19 13:30:00,6.15,99635.0,288.95,0.15
2015-05-19 13:45:00,6.5,99640.0,290.15,0.15
2015-05-19 14:00:00,4.6,99640.0,288.79999999999995,0.15
2015-05-19 14:15:00,3.7,99660.0,287.75,0.15
2015-05-19 14:30:00,4.9,99670.0,288.15,0.15
2015-05-19 14:45:00,2.7,99670.0,287.45,0.15
2015-05-19 15:00:00,4.0,99690.0,287.79999999999995,0.15
2015-05-19 15:15:00,6.1,99680.0,290.04999999999995,0.15
2015-05-19 15:30:00,6.550000000000001,99680.0,290.04999999999995,0.15
2015-05-19 15:45:00,5.1,99670.0,288.65,0.15
2015-05-19 16:00:00,4.15,99690.0,287.6,0.15
2015-05-19 16:15:00,4.1,99700.0,287.45,0.15
2015-05-19 16:30:00,3.75,99705.0,287.4,0.15
2015-05-19 16:45:00,3.5,99700.0,288.85,0.15
2015-05-19 17:00:00,4.5,99690.0,288.6,0.15
2015-05-19 17:15:00,5.2,99690.0,287.95,0.15
2015-05-19 17:30:00,6.1,99710.0,287.04999999999995,0.15
2015-05-19 17:45:00,8.3,99760.0,285.25,0.15
2015-05-19 18:00:00,3.85,99780.0,284.79999999999995,0.15
2015-05-19 18:15:00,3.3,99790.0,284.75,0.15
2015-05-19 18:30:00,2.7,99795.0,285.04999999999995,0.15
2015-05-19 18:45:00,3.5,99800.0,285.04999999999995,0.15
2015-05-19 19:00:00,3.0,99810.0,284.95,0.15
2015-05-19 19:15:00,3.2,99820.0,285.25,0.15
2015-05-19 19:30:00,4.1,99850.0,285.1,0.15
2015-05-19 19:45:00,3.7,99870.0,285.04999999999995,0.15
2015-05-19 20:00:00,3.8,99880.0,285.2,0.15
2015-05-19 20:15:00,3.1,99890.0,285.15,0.15
2015-05-19 20:30:00,2.4,99895.0,285.0,0.15
2015-05-19 20:45:00,3.2,99890.0,284.95,0.15
2015-05-19 21:00:00,2.4,99890.0,285.04999999999995,0.15
2015-05-19 21:15:00,2.0,99890.0,284.35,0.15
2015-05-19 21:30:00,1.85,99890.0,283.95,0.15
2015-05-19 21:45:00,1.8,99890.0,283.45,0.15
2015-05-19 22:00:00,2.5,99905.0,282.54999999999995,0.15
2015-05-19 22:15:00,3.6,99910.0,283.75,0.15
2015-05-19 22:30:00,3.85,99915.0,284.1,0.15
2015-05-19 22:45:00,3.0,99900.0,283.75,0.15
2015-05-19 23:00:00,3.15,99895.0,283.35,0.15
2015-05-19 23:15:00,3.2,99910.0,283.15,0.15
2015-05-19 23:30:00,3.45,99915.0,282.79999999999995,0.15
2015-05-19 23:45:00,3.6,99920.0,283.15,0.15
2015-05-20 00:00:00,3.55,99945.0,283.15,0.15
2015-05-20 00:15:00,3.1,99940.0,283.25,0.15
2015-05-20 00:30:00,2.25,99930.0,283.0,0.15
2015-05-20 00:45:00,2.6,99960.0,282.65,0.15
2015-05-20 01:00:00,2.75,99950.0,282.7,0.15
2015-05-20 01:15:00,2.3,99950.0,281.85,0.15
2015-05-20 01:30:00,2.7,99960.0,281.45,0.15
2015-05-20 01:45:00,2.4,99970.0,281.75,0.15
2015-05-20 02:00:00,2.25,99955.0,281.45,0.15
2015-05-20 02:15:00,2.4,99960.0,281.45,0.15
2015-05-20 02:30:00,2.25,99970.0,280.79999999999995,0.15
2015-05-20 02:45:00,1.9,99970.0,280.35,0.15
2015-05-20 03:00:00,1.95,99985.0,280.35,0.15
2015-05-20 03:15:00,1.4,99980.0,279.85,0.15
2015-05-20 03:30:00,2.0,99985.0,279.5,0.15
2015-05-20 03:45:00,2.9,100000.0,279.25,0.15
2015-05-20 04:00:00,2.75,100010.0,279.9,0.15
2015-05-20 04:15:00,2.1,100020.0,279.54999999999995,0.15
2015-05-20 04:30:00,1.85,100025.0,280.35,0.15
2015-05-20 04:45:00,2.6,100030.0,281.95,0.15
2015-05-20 05:00:00,2.8,100045.0,282.2,0.15
2015-05-20 05:15:00,2.8,100050.0,282.54999999999995,0.15
2015-05-20 05:30:00,3.45,100055.0,282.75,0.15
2015-05-20 05:45:00,3.3,100060.0,283.15,0.15
2015-05-20 06:00:00,4.0,100070.0,283.5,0.15
2015-05-20 06:15:00,4.3,100080.0,284.25,0.15
2015-05-20 06:30:00,4.4,100085.0,284.54999999999995,0.15
2015-05-20 06:45:00,3.6,100100.0,284.35,0.15
2015-05-20 07:00:00,3.6,100110.0,284.4,0.15
2015-05-20 07:15:00,3.9,100120.0,285.04999999999995,0.15
2015-05-20 07:30:00,3.25,100130.0,284.75,0.15
2015-05-20 07:45:00,3.0,100140.0,286.15,0.15
2015-05-20 08:00:00,3.25,100150.0,286.4,0.15
2015-05-20 08:15:00,3.9,100170.0,284.95,0.15
2015-05-20 08:30:00,4.050000000000001,100170.0,286.54999999999995,0.15
2015-05-20 08:45:00,3.2,100180.0,285.54999999999995,0.15
2015-05-20 09:00:00,4.199999999999999,100190.0,285.25,0.15
2015-05-20 09:15:00,2.3,100220.0,284.15,0.15
2015-05-20 09:30:00,1.6,100225.0,285.15,0.15
2015-05-20 09:45:00,2.3,100220.0,285.85,0.15
2015-05-20 10:00:00,2.95,100220.0,287.79999999999995,0.15
2015-05-20 10:15:00,4.2,100230.0,286.95,0.15
2015-05-20 10:30:00,3.2,100240.0,287.15,0.15
2015-05-20 10:45:00,4.2,100250.0,288.45,0.15
2015-05-20 11:00:00,3.85,100265.0,287.45,0.15
2015-05-20 11:15:00,4.1,100270.0,287.85,0.15
2015-05-20 11:30:00,4.1,100275.0,288.1,0.15
2015-05-20 11:45:00,4.2,100290.0,289.65,0.15
2015-05-20 12:00:00,5.15,100285.0,290.2,0.15
2015-05-20 12:15:00,7.0,100300.0,287.85,0.15
2015-05-20 12:30:00,5.1,100325.0,287.1,0.15
2015-05-20 12:45:00,4.9,100330.0,288.85,0.15
2015-05-20 13:00:00,4.7,100325.0,288.6,0.15
2015-05-20 13:15:00,4.8,100330.0,288.85,0.15
2015-05-20 13:30:00,4.15,100325.0,290.0,0.15
2015-05-20 13:45:00,4.9,100330.0,289.65,0.15
2015-05-20 14:00:00,4.05,100340.0,288.4,0.15
2015-05-20 14:15:00,5.1,100350.0,289.25,0.15
2015-05-20 14:30:00,6.25,100355.0,290.25,0.15
2015-05-20 14:45:00,6.6,100370.0,289.54999999999995,0.15
2015-05-20 15:00:00,6.050000000000001,100400.0,289.1,0.15
2015-05-20 15:15:00,5.6,100420.0,288.45,0.15
2015-05-20 15:30:00,5.1,100435.0,288.45,0.15
2015-05-20 15:45:00,5.3,100460.0,287.25,0.15
2015-05-20 16:00:00,6.5,100480.0,287.15,0.15
2015-05-20 16:15:00,4.4,100500.0,287.15,0.15
2015-05-20 16:30:00,3.55,100500.0,287.7,0.15
2015-05-20 16:45:00,2.9,100510.0,287.65,0.15
2015-05-20 17:00:00,2.6500000000000004,100520.0,287.75,0.15
2015-05-20 17:15:00,2.8,100530.0,287.54999999999995,0.15
2015-05-20 17:30:00,2.7,100535.0,287.5,0.15
2015-05-20 17:45:00,2.8,100560.0,286.95,0.15
2015-05-20 18:00:00,2.8,100580.0,286.04999999999995,0.15
2015-05-20 18:15:00,2.9,100610.0,285.85,0.15
2015-05-20 18:30:00,4.7,100635.0,285.95,0.15
2015-05-20 18:45:00,4.4,100640.0,285.54999999999995,0.15
2015-05-20 19:00:00,5.35,100655.0,284.79999999999995,0.15
2015-05-20 19:15:00,2.9,100680.0,284.15,0.15
2015-05-20 19:30:00,2.8,100715.0,284.25,0.15
2015-05-20 19:45:00,2.8,100750.0,284.04999999999995,0.15
2015-05-20 20:00:00,2.65,100775.0,283.9,0.15
2015-05-20 20:15:00,1.8,100780.0,283.85,0.15
2015-05-20 20:30:00,1.7000000000000002,100790.0,283.65,0.15
2015-05-20 20:45:00,1.7,100800.0,283.54999999999995,0.15
2015-05-20 21:00:00,1.15,100815.0,283.15,0.15
2015-05-20 21:15:00,1.2,100830.0,282.45,0.15
2015-05-20 21:30:00,1.75,100840.0,281.65,0.15
2015-05-20 21:45:00,1.7,100840.0,281.25,0.15
2015-05-20 22:00:00,1.85,100860.0,280.95,0.15
2015-05-20 22:15:00,2.4,100880.0,280.75,0.15
2015-05-20 22:30:00,1.95,100880.0,280.6,0.15
2015-05-20 22:45:00,0.6,100890.0,280.35,0.15
2015-05-20 23:00:00,0.7,100905.0,280.29999999999995,0.15
2015-05-20 23:15:00,0.4,100910.0,280.15,0.15
2015-05-20 23:30:00,0.8,100930.0,279.75,0.15
2015-05-20 23:45:00,0.8,100950.0,279.54999999999995,0.15
2015-05-21 00:00:00,0.9,100960.0,279.35,0.15
2015-05-21 00:15:00,0.9,100970.0,278.95,0.15
2015-05-21 00:30:00,0.8500000000000001,100985.0,279.0,0.15
2015-05-21 00:45:00,0.8,100990.0,278.95,0.15
2015-05-21 01:00:00,1.0,101000.0,278.65,0.15
2015-05-21 01:15:00,1.0,101020.0,278.75,0.15
2015-05-21 01:30:00,0.65,101035.0,278.7,0.15
2015-05-21 01:45:00,1.0,101040.0,278.85,0.15
2015-05-21 02:00:00,0.95,101050.0,279.25,0.15
2015-05-21 02:15:00,0.6,101060.0,279.35,0.15
2015-05-21 02:30:00,0.7,101060.0,279.2,0.15
2015-05-21 02:45:00,0.8,101060.0,278.95,0.15
2015-05-21 03:00:00,0.65,101070.0,278.7,0.15
2015-05-21 03:15:00,0.7,101080.0,278.65,0.15
2015-05-21 03:30:00,1.4,101095.0,278.85,0.15
2015-05-21 03:45:00,1.2,101110.0,278.45,0.15
2015-05-21 04:00:00,1.4500000000000002,101125.0,278.6,0.15
2015-05-21 04:15:00,1.7,101140.0,278.45,0.15
2015-05-21 04:30:00,1.5,101165.0,279.0,0.15
2015-05-21 04:45:00,1.4,101180.0,279.75,0.15
2015-05-21 05:00:00,1.35,101185.0,280.29999999999995,0.15
2015-05-21 05:15:00,1.0,101200.0,280.75,0.15
2015-05-21 05:30:00,1.0,101220.0,281.35,0.15
2015-05-21 05:45:00,0.8,101230.0,281.85,0.15
2015-05-21 06:00:00,1.25,101245.0,282.45,0.15
2015-05-21 06:15:00,1.6,101260.0,283.25,0.15
2015-05-21 06:30:00,1.2,101270.0,283.5,0.15
2015-05-21 06:45:00,1.5,101280.0,283.95,0.15
2015-05-21 07:00:00,1.4,101295.0,284.6,0.15
2015-05-21 07:15:00,0.9,101300.0,284.85,0.15
2015-05-21 07:30:00,1.5499999999999998,101305.0,285.1,0.15
2015-05-21 07:45:00,2.3,101310.0,286.15,0.15
2015-05-21 08:00:00,1.8,101320.0,286.04999999999995,0.15
2015-05-21 08:15:00,1.7,101320.0,286.65,0.15
2015-05-21 08:30:00,1.95,101325.0,286.29999999999995,0.15
2015-05-21 08:45:00,3.0,101340.0,286.25,0.15
2015-05-21 09:00:00,3.55,101335.0,287.15,0.15
2015-05-21 09:15:00,2.9,101350.0,287.25,0.15
2015-05-21 09:30:00,3.25,101360.0,287.7,0.15
2015-05-21 09:45:00,3.6,101370.0,287.15,0.15
2015-05-21 10:00:00,3.4000000000000004,101365.0,288.65,0.15
2015-05-21 10:15:00,3.7,101370.0,287.35,0.15
2015-05-21 10:30:00,3.55,101365.0,288.35,0.15
2015-05-21 10:45:00,4.2,101360.0,288.95,0.15
2015-05-21 11:00:00,3.35,101360.0,289.54999999999995,0.15
2015-05-21 11:15:00,3.1,101350.0,289.15,0.15
2015-05-21 11:30:00,3.5,101355.0,290.45,0.15
2015-05-21 11:45:00,4.4,101350.0,289.45,0.15
2015-05-21 12:00:00,4.5,101350.0,290.29999999999995,0.15
2015-05-21 12:15:00,4.8,101350.0,290.54999999999995,0.15
2015-05-21 12:30:00,3.35,101345.0,290.85,0.15
2015-05-21 12:45:00,4.6,101350.0,290.54999999999995,0.15
2015-05-21 13:00:00,3.85,101355.0,290.15,0.15
2015-05-21 13:15:00,3.5,101350.0,291.15,0.15
2015-05-21 13:30:00,2.95,101340.0,291.25,0.15
2015-05-21 13:45:00,4.9,101340.0,290.54999999999995,0.15
2015-05-21 14:00:00,3.3,101330.0,291.85,0.15
2015-05-21 14:15:00,4.0,101320.0,291.54999999999995,0.15
2015-05-21 14:30:00,3.3,101330.0,290.79999999999995,0.15
2015-05-21 14:45:00,1.8,101330.0,290.45,0.15
2015-05-21 15:00:00,3.05,101330.0,290.2,0.15
2015-05-21 15:15:00,3.6,101330.0,290.35,0.15
2015-05-21 15:30:00,4.0,101335.0,290.65,0.15
2015-05-21 15:45:00,4.4,101350.0,290.95,0.15
2015-05-21 16:00:00,3.35,101350.0,290.79999999999995,0.15
2015-05-21 16:15:00,2.9,101350.0,291.15,0.15
2015-05-21 16:30:00,3.4,101350.0,291.1,0.15
2015-05-21 16:45:00,2.5,101350.0,290.35,0.15
2015-05-21 17:00:00,3.95,101355.0,290.0,0.15
2015-05-21 17:15:00,3.3,101370.0,289.54999999999995,0.15
2015-05-21 17:30:00,2.85,101370.0,289.45,0.15
2015-05-21 17:45:00,2.1,101380.0,288.85,0.15
2015-05-21 18:00:00,1.95,101390.0,288.79999999999995,0.15
2015-05-21 18:15:00,1.3,101390.0,289.25,0.15
2015-05-21 18:30:00,1.25,101405.0,288.6,0.15
2015-05-21 18:45:00,1.2,101420.0,287.75,0.15
2015-05-21 19:00:00,0.8500000000000001,101425.0,287.1,0.15
2015-05-21 19:15:00,0.6,101440.0,286.75,0.15
2015-05-21 19:30:00,0.8500000000000001,101450.0,286.35,0.15
2015-05-21 19:45:00,1.5,101470.0,286.65,0.15
2015-05-21 20:00:00,1.1,101485.0,286.04999999999995,0.15
2015-05-21 20:15:00,1.6,101490.0,286.75,0.15
2015-05-21 20:30:00,1.35,101500.0,287.1,0.15
2015-05-21 20:45:00,1.3,101510.0,286.75,0.15
2015-05-21 21:00:00,1.4500000000000002,101510.0,286.9,0.15
2015-05-21 21:15:00,1.2,101510.0,286.35,0.15
2015-05-21 21:30:00,1.5,101520.0,286.45,0.15
2015-05-21 21:45:00,1.6,101520.0,286.54999999999995,0.15
2015-05-21 22:00:00,1.05,101520.0,286.45,0.15
2015-05-21 22:15:00,0.9,101530.0,286.35,0.15
2015-05-21 22:30:00,2.25,101535.0,286.29999999999995,0.15
2015-05-21 22:45:00,2.6,101540.0,286.04999999999995,0.15
2015-05-21 23:00:00,1.7999999999999998,101540.0,285.7,0.15
2015-05-21 23:15:00,1.7,101550.0,285.04999999999995,0.15
2015-05-21 23:30:00,1.25,101545.0,284.29999999999995,0.15
2015-05-21 23:45:00,1.5,101540.0,284.04999999999995,0.15
2015-05-22 00:00:00,1.15,101550.0,284.0,0.15
2015-05-22 00:15:00,0.7,101550.0,283.25,0.15
2015-05-22 00:30:00,0.6,101545.0,283.25,0.15
2015-05-22 00:45:00,0.6,101540.0,283.35,0.15
2015-05-22 01:00:00,0.9,101540.0,282.7,0.15
2015-05-22 01:15:00,0.8,101530.0,282.95,0.15
2015-05-22 01:30:00,0.4,101545.0,282.95,0.15
2015-05-22 01:45:00,1.2,101540.0,283.54999999999995,0.15
2015-05-22 02:00:00,0.85,101530.0,282.79999999999995,0.15
2015-05-22 02:15:00,1.2,101540.0,283.04999999999995,0.15
2015-05-22 02:30:00,0.7,101530.0,283.35,0.15
2015-05-22 02:45:00,0.5,101530.0,282.75,0.15
2015-05-22 03:00:00,0.75,101520.0,283.0,0.15
2015-05-22 03:15:00,1.1,101520.0,282.85,0.15
2015-05-22 03:30:00,1.0,101520.0,282.7,0.15
2015-05-22 03:45:00,1.5,101520.0,282.75,0.15
2015-05-22 04:00:00,1.4500000000000002,101510.0,282.35,0.15
2015-05-22 04:15:00,1.5,101510.0,282.65,0.15
2015-05-22 04:30:00,1.7,101520.0,282.9,0.15
2015-05-22 04:45:00,1.6,101520.0,283.45,0.15
2015-05-22 05:00:00,1.5,101530.0,283.75,0.15
2015-05-22 05:15:00,1.2,101540.0,284.25,0.15
2015-05-22 05:30:00,1.25,101540.0,284.65,0.15
2015-05-22 05:45:00,1.2,101530.0,284.95,0.15
2015-05-22 06:00:00,0.75,101540.0,285.75,0.15
2015-05-22 06:15:00,0.9,101540.0,286.65,0.15
2015-05-22 06:30:00,0.75,101550.0,287.35,0.15
2015-05-22 06:45:00,0.6,101540.0,287.15,0.15
2015-05-22 07:00:00,0.8,101545.0,287.54999999999995,0.15
2015-05-22 07:15:00,0.9,101540.0,287.85,0.15
2015-05-22 07:30:00,1.3,101540.0,288.65,0.15
2015-05-22 07:45:00,1.2,101530.0,288.35,0.15
2015-05-22 08:00:00,1.5,101530.0,289.54999999999995,0.15
2015-05-22 08:15:00,1.7,101530.0,289.15,0.15
2015-05-22 08:30:00,2.0,101525.0,289.6,0.15
2015-05-22 08:45:00,1.6,101510.0,289.54999999999995,0.15
2015-05-22 09:00:00,1.6,101495.0,290.29999999999995,0.15
2015-05-22 09:15:00,1.0,101490.0,290.54999999999995,0.15
2015-05-22 09:30:00,1.25,101475.0,290.75,0.15
2015-05-22 09:45:00,1.5,101470.0,291.25,0.15
2015-05-22 10:00:00,1.2999999999999998,101460.0,291.29999999999995,0.15
2015-05-22 10:15:00,1.6,101440.0,292.15,0.15
2015-05-22 10:30:00,2.4000000000000004,101425.0,291.75,0.15
2015-05-22 10:45:00,2.2,101410.0,292.35,0.15
2015-05-22 11:00:00,2.35,101390.0,292.35,0.15
2015-05-22 11:15:00,1.9,101370.0,292.15,0.15
2015-05-22 11:30:00,2.15,101350.0,293.4,0.15
2015-05-22 11:45:00,2.5,101330.0,294.04999999999995,0.15
2015-05-22 12:00:00,1.85,101325.0,293.54999999999995,0.15
2015-05-22 12:15:00,2.0,101310.0,293.45,0.15
2015-05-22 12:30:00,1.85,101285.0,293.75,0.15
2015-05-22 12:45:00,3.2,101270.0,293.54999999999995,0.15
2015-05-22 13:00:00,1.85,101260.0,293.85,0.15
2015-05-22 13:15:00,1.9,101250.0,294.15,0.15
2015-05-22 13:30:00,2.2,101235.0,293.6,0.15
2015-05-22 13:45:00,2.4,101210.0,292.95,0.15
2015-05-22 14:00:00,2.05,101205.0,294.04999999999995,0.15
2015-05-22 14:15:00,2.5,101190.0,294.45,0.15
2015-05-22 14:30:00,1.7000000000000002,101175.0,293.85,0.15
2015-05-22 14:45:00,1.6,101160.0,294.04999999999995,0.15
2015-05-22 15:00:00,2.65,101145.0,294.1,0.15
2015-05-22 15:15:00,2.5,101140.0,293.85,0.15
2015-05-22 15:30:00,2.4,101120.0,294.4,0.15
2015-05-22 15:45:00,3.0,101100.0,294.25,0.15
2015-05-22 16:00:00,2.5,101095.0,294.2,0.15
2015-05-22 16:15:00,3.3,101080.0,294.04999999999995,0.15
2015-05-22 16:30:00,2.85,101075.0,294.2,0.15
2015-05-22 16:45:00,2.5,101060.0,293.95,0.15
2015-05-22 17:00:00,2.75,101065.0,293.7,0.15
2015-05-22 17:15:00,3.1,101060.0,293.54999999999995,0.15
2015-05-22 17:30:00,2.45,101060.0,292.25,0.15
2015-05-22 17:45:00,2.8,101070.0,292.35,0.15
2015-05-22 18:00:00,2.45,101060.0,292.79999999999995,0.15
2015-05-22 18:15:00,2.7,101060.0,292.35,0.15
2015-05-22 18:30:00,2.7,101060.0,291.54999999999995,0.15
2015-05-22 18:45:00,2.7,101060.0,291.15,0.15
2015-05-22 19:00:00,2.4,101060.0,290.4,0.15
2015-05-22 19:15:00,1.7,101070.0,289.15,0.15
2015-05-22 19:30:00,1.4,101075.0,288.75,0.15
2015-05-22 19:45:00,0.8,101080.0,288.45,0.15
2015-05-22 20:00:00,0.7,101090.0,287.45,0.15
2015-05-22 20:15:00,1.6,101090.0,287.04999999999995,0.15
2015-05-22 20:30:00,1.6,101090.0,286.7,0.15
2015-05-22 20:45:00,1.9,101090.0,286.95,0.15
2015-05-22 21:00:00,1.9,101090.0,285.6,0.15
2015-05-22 21:15:00,1.8,101090.0,285.85,0.15
2015-05-22 21:30:00,2.05,101080.0,285.2,0.15
2015-05-22 21:45:00,2.3,101080.0,284.65,0.15
2015-05-22 22:00:00,2.25,101080.0,284.35,0.15
2015-05-22 22:15:00,1.2,101070.0,284.65,0.15
2015-05-22 22:30:00,0.8999999999999999,101070.0,284.04999999999995,0.15
2015-05-22 22:45:00,1.5,101080.0,283.54999999999995,0.15
2015-05-22 23:00:00,1.15,101080.0,283.45,0.15
2015-05-22 23:15:00,1.7,101070.0,283.15,0.15
2015-05-22 23:30:00,1.1,101070.0,283.5,0.15
2015-05-22 23:45:00,1.6,101060.0,283.04999999999995,0.15
2015-05-23 00:00:00,1.7,101050.0,283.0,0.15
2015-05-23 00:15:00,1.5,101040.0,282.85,0.15
2015-05-23 00:30:00,1.9,101030.0,282.2,0.15
2015-05-23 00:45:00,2.2,101020.0,281.25,0.15
2015-05-23 01:00:00,2.0,101005.0,281.5,0.15
2015-05-23 01:15:00,1.5,101000.0,281.85,0.15
2015-05-23 01:30:00,1.5,101015.0,281.5,0.15
2015-05-23 01:45:00,1.7,101010.0,280.95,0.15
2015-05-23 02:00:00,1.7999999999999998,100990.0,282.4,0.15
2015-05-23 02:15:00,0.7,100990.0,282.54999999999995,0.15
2015-05-23 02:30:00,2.0,100975.0,282.7,0.15
2015-05-23 02:45:00,2.0,100970.0,282.45,0.15
2015-05-23 03:00:00,1.65,100970.0,283.2,0.15
2015-05-23 03:15:00,1.0,100970.0,282.54999999999995,0.15
2015-05-23 03:30:00,0.8,100980.0,282.65,0.15
2015-05-23 03:45:00,1.3,100980.0,282.95,0.15
2015-05-23 04:00:00,1.6,100975.0,283.45,0.15
2015-05-23 04:15:00,1.2,100990.0,283.54999999999995,0.15
2015-05-23 04:30:00,1.05,100995.0,283.6,0.15
2015-05-23 04:45:00,1.2,101000.0,283.75,0.15
2015-05-23 05:00:00,1.6,100995.0,283.9,0.15
2015-05-23 05:15:00,0.7,101000.0,284.45,0.15
2015-05-23 05:30:00,0.35,101015.0,284.65,0.15
2015-05-23 05:45:00,1.0,101010.0,285.25,0.15
2015-05-23 06:00:00,0.9,101025.0,285.6,0.15
2015-05-23 06:15:00,0.7,101040.0,285.75,0.15
2015-05-23 06:30:00,0.9,101035.0,286.1,0.15
2015-05-23 06:45:00,0.8,101030.0,286.54999999999995,0.15
2015-05-23 07:00:00,0.75,101025.0,287.2,0.15
2015-05-23 07:15:00,1.0,101020.0,287.65,0.15
2015-05-23 07:30:00,1.05,101015.0,288.2,0.15
2015-05-23 07:45:00,1.5,101020.0,288.35,0.15
2015-05-23 08:00:00,2.2,101025.0,288.85,0.15
2015-05-23 08:15:00,1.0,101020.0,289.25,0.15
2015-05-23 08:30:00,1.2,101015.0,289.75,0.15
2015-05-23 08:45:00,1.6,101010.0,290.04999999999995,0.15
2015-05-23 09:00:00,1.5,101005.0,290.75,0.15
2015-05-23 09:15:00,1.3,101000.0,291.35,0.15
2015-05-23 09:30:00,2.15,100995.0,291.35,0.15
2015-05-23 09:45:00,1.9,100980.0,291.35,0.15
2015-05-23 10:00:00,2.5,100965.0,291.9,0.15
2015-05-23 10:15:00,2.9,100960.0,292.65,0.15
2015-05-23 10:30:00,3.1,100950.0,292.2,0.15
2015-05-23 10:45:00,2.9,100940.0,292.25,0.15
2015-05-23 11:00:00,2.5,100925.0,292.45,0.15
2015-05-23 11:15:00,2.2,100900.0,292.85,0.15
2015-05-23 11:30:00,3.55,100880.0,293.85,0.15
2015-05-23 11:45:00,4.3,100860.0,294.15,0.15
2015-05-23 12:00:00,2.55,100840.0,294.65,0.15
2015-05-23 12:15:00,3.3,100820.0,294.54999999999995,0.15
2015-05-23 12:30:00,3.7,100810.0,295.2,0.15
2015-05-23 12:45:00,2.7,100800.0,295.75,0.15
2015-05-23 13:00:00,4.05,100795.0,295.25,0.15
2015-05-23 13:15:00,4.7,100770.0,296.35,0.15
2015-05-23 13:30:00,5.0,100770.0,294.9,0.15
2015-05-23 13:45:00,5.6,100770.0,294.75,0.15
2015-05-23 14:00:00,4.45,100765.0,294.85,0.15
2015-05-23 14:15:00,4.2,100770.0,294.04999999999995,0.15
2015-05-23 14:30:00,4.9,100760.0,293.9,0.15
2015-05-23 14:45:00,4.2,100760.0,293.45,0.15
2015-05-23 15:00:00,5.199999999999999,100760.0,293.6,0.15
2015-05-23 15:15:00,5.7,100760.0,293.54999999999995,0.15
2015-05-23 15:30:00,6.15,100765.0,292.7,0.15
2015-05-23 15:45:00,6.4,100760.0,292.04999999999995,0.15
2015-05-23 16:00:00,5.95,100775.0,291.9,0.15
2015-05-23 16:15:00,6.1,100780.0,291.85,0.15
2015-05-23 16:30:00,6.45,100780.0,291.75,0.15
2015-05-23 16:45:00,6.5,100780.0,291.45,0.15
2015-05-23 17:00:00,5.949999999999999,100795.0,290.85,0.15
2015-05-23 17:15:00,5.1,100800.0,290.54999999999995,0.15
2015-05-23 17:30:00,5.550000000000001,100815.0,290.25,0.15
2015-05-23 17:45:00,5.5,100830.0,289.85,0.15
2015-05-23 18:00:00,5.2,100840.0,289.4,0.15
2015-05-23 18:15:00,5.3,100840.0,289.04999999999995,0.15
2015-05-23 18:30:00,4.15,100840.0,288.85,0.15
2015-05-23 18:45:00,4.6,100850.0,288.65,0.15
2015-05-23 19:00:00,4.5,100865.0,288.54999999999995,0.15
2015-05-23 19:15:00,4.3,100880.0,288.25,0.15
2015-05-23 19:30:00,4.15,100890.0,288.25,0.15
2015-05-23 19:45:00,4.0,100910.0,288.25,0.15
2015-05-23 20:00:00,3.7,100920.0,288.0,0.15
2015-05-23 20:15:00,4.3,100920.0,287.85,0.15
2015-05-23 20:30:00,4.5,100925.0,287.6,0.15
2015-05-23 20:45:00,4.1,100930.0,287.45,0.15
2015-05-23 21:00:00,3.7,100930.0,287.45,0.15
2015-05-23 21:15:00,3.3,100940.0,287.45,0.15
2015-05-23 21:30:00,3.1,100940.0,287.45,0.15
2015-05-23 21:45:00,2.5,100940.0,287.35,0.15
2015-05-23 22:00:00,2.45,100950.0,287.4,0.15
2015-05-23 22:15:00,2.6,100950.0,287.25,0.15
2015-05-23 22:30:00,2.6,100940.0,287.35,0.15
2015-05-23 22:45:00,3.0,100930.0,287.04999999999995,0.15
2015-05-23 23:00:00,2.25,100930.0,287.2,0.15
2015-05-23 23:15:00,2.5,100920.0,287.04999999999995,0.15
2015-05-23 23:30:00,2.95,100915.0,287.0,0.15
2015-05-23 23:45:00,2.5,100900.0,286.95,0.15
2015-05-24 00:00:00,2.7,100890.0,286.85,0.15
2015-05-24 00:15:00,2.6,100880.0,286.85,0.15
2015-05-24 00:30:00,2.25,100880.0,286.79999999999995,0.15
2015-05-24 00:45:00,2.2,100870.0,286.65,0.15
2015-05-24 01:00:00,2.45,100860.0,286.5,0.15
2015-05-24 01:15:00,1.9,100850.0,286.54999999999995,0.15
2015-05-24 01:30:00,2.5,100850.0,286.29999999999995,0.15
2015-05-24 01:45:00,2.7,100840.0,286.45,0.15
2015-05-24 02:00:00,2.45,100835.0,286.4,0.15
2015-05-24 02:15:00,1.9,100820.0,286.54999999999995,0.15
2015-05-24 02:30:00,1.85,100810.0,286.45,0.15
2015-05-24 02:45:00,1.7,100810.0,286.45,0.15
2015-05-24 03:00:00,1.5,100810.0,286.4,0.15
2015-05-24 03:15:00,1.8,100810.0,286.25,0.15
2015-05-24 03:30:00,2.0,100805.0,286.15,0.15
2015-05-24 03:45:00,2.5,100800.0,286.15,0.15
2015-05-24 04:00:00,2.35,100810.0,286.04999999999995,0.15
2015-05-24 04:15:00,2.7,100820.0,286.04999999999995,0.15
2015-05-24 04:30:00,2.85,100830.0,286.04999999999995,0.15
2015-05-24 04:45:00,2.8,100830.0,286.04999999999995,0.15
2015-05-24 05:00:00,2.35,100835.0,286.1,0.15
2015-05-24 05:15:00,2.6,100840.0,286.15,0.15
2015-05-24 05:30:00,1.7,100840.0,286.15,0.15
2015-05-24 05:45:00,1.6,100840.0,286.45,0.15
2015-05-24 06:00:00,1.65,100850.0,286.85,0.15
2015-05-24 06:15:00,1.2,100860.0,287.04999999999995,0.15
2015-05-24 06:30:00,0.8,100860.0,287.2,0.15
2015-05-24 06:45:00,0.3,100860.0,287.54999999999995,0.15
2015-05-24 07:00:00,0.6000000000000001,100860.0,287.85,0.15
2015-05-24 07:15:00,1.0,100860.0,288.15,0.15
2015-05-24 07:30:00,1.0,100850.0,288.45,0.15
2015-05-24 07:45:00,0.9,100850.0,289.15,0.15
2015-05-24 08:00:00,0.7,100840.0,289.4,0.15
2015-05-24 08:15:00,1.3,100830.0,289.15,0.15
2015-05-24 08:30:00,1.15,100830.0,289.6,0.15
2015-05-24 08:45:00,1.9,100820.0,290.54999999999995,0.15
2015-05-24 09:00:00,1.8,100810.0,290.7,0.15
2015-05-24 09:15:00,1.8,100810.0,290.35,0.15
2015-05-24 09:30:00,1.5,100805.0,290.79999999999995,0.15
2015-05-24 09:45:00,2.2,100800.0,290.35,0.15
2015-05-24 10:00:00,2.25,100795.0,290.95,0.15
2015-05-24 10:15:00,2.4,100800.0,291.04999999999995,0.15
2015-05-24 10:30:00,2.1,100785.0,291.2,0.15
2015-05-24 10:45:00,1.9,100780.0,291.35,0.15
2015-05-24 11:00:00,2.0,100780.0,291.4,0.15
2015-05-24 11:15:00,2.7,100770.0,291.85,0.15
2015-05-24 11:30:00,2.4,100760.0,291.54999999999995,0.15
2015-05-24 11:45:00,1.9,100740.0,291.54999999999995,0.15
2015-05-24 12:00:00,2.35,100745.0,292.29999999999995,0.15
2015-05-24 12:15:00,2.1,100720.0,292.75,0.15
2015-05-24 12:30:00,2.3,100705.0,293.29999999999995,0.15
2015-05-24 12:45:00,2.0,100690.0,292.95,0.15
2015-05-24 13:00:00,2.25,100675.0,293.95,0.15
2015-05-24 13:15:00,2.0,100660.0,294.15,0.15
2015-05-24 13:30:00,2.45,100660.0,294.6,0.15
2015-05-24 13:45:00,2.2,100650.0,294.35,0.15
2015-05-24 14:00:00,1.85,100635.0,293.85,0.15
2015-05-24 14:15:00,1.8,100620.0,294.65,0.15
2015-05-24 14:30:00,2.4,100605.0,294.75,0.15
2015-05-24 14:45:00,2.7,100590.0,294.75,0.15
2015-05-24 15:00:00,2.6,100580.0,294.65,0.15
2015-05-24 15:15:00,3.5,100570.0,294.35,0.15
2015-05-24 15:30:00,2.85,100550.0,294.9,0.15
2015-05-24 15:45:00,2.6,100550.0,294.75,0.15
2015-05-24 16:00:00,2.85,100530.0,294.04999999999995,0.15
2015-05-24 16:15:00,3.7,100520.0,294.15,0.15
2015-05-24 16:30:00,3.75,100530.0,293.85,0.15
2015-05-24 16:45:00,3.1,100520.0,294.04999999999995,0.15
2015-05-24 17:00:00,2.35,100515.0,294.04999999999995,0.15
2015-05-24 17:15:00,2.2,100510.0,293.75,0.15
2015-05-24 17:30:00,3.3,100515.0,293.6,0.15
2015-05-24 17:45:00,3.3,100510.0,293.25,0.15
2015-05-24 18:00:00,2.8,100500.0,292.9,0.15
2015-05-24 18:15:00,2.7,100510.0,292.54999999999995,0.15
2015-05-24 18:30:00,2.6,100495.0,291.9,0.15
2015-05-24 18:45:00,2.5,100490.0,291.15,0.15
2015-05-24 19:00:00,2.3,100515.0,290.65,0.15
2015-05-24 19:15:00,2.2,100520.0,290.25,0.15
2015-05-24 19:30:00,2.0,100530.0,288.95,0.15
2015-05-24 19:45:00,1.5,100540.0,287.45,0.15
2015-05-24 20:00:00,1.05,100545.0,288.65,0.15
2015-05-24 20:15:00,1.1,100550.0,288.85,0.15
2015-05-24 20:30:00,1.15,100550.0,288.35,0.15
2015-05-24 20:45:00,1.4,100540.0,288.35,0.15
2015-05-24 21:00:00,1.3,100540.0,287.85,0.15
2015-05-24 21:15:00,1.3,100530.0,287.75,0.15
2015-05-24 21:30:00,1.6,100530.0,287.7,0.15
2015-05-24 21:45:00,1.8,100520.0,286.35,0.15
2015-05-24 22:00:00,1.3,100520.0,285.65,0.15
2015-05-24 22:15:00,1.2,100520.0,285.25,0.15
2015-05-24 22:30:00,0.6,100520.0,284.95,0.15
2015-05-24 22:45:00,0.4,100520.0,284.95,0.15
2015-05-24 23:00:00,1.2,100505.0,284.95,0.15
2015-05-24 23:15:00,1.3,100500.0,285.04999999999995,0.15
2015-05-24 23:30:00,1.4,100505.0,284.25,0.15
2015-05-24 23:45:00,1.0,100500.0,284.15,0.15
2015-05-25 00:00:00,1.65,100495.0,283.85,0.15
2015-05-25 00:15:00,1.6,100480.0,283.45,0.15
2015-05-25 00:30:00,1.45,100480.0,282.6,0.15
2015-05-25 00:45:00,1.5,100490.0,282.04999999999995,0.15
2015-05-25 01:00:00,1.05,100475.0,282.45,0.15
2015-05-25 01:15:00,1.7,100460.0,283.04999999999995,0.15
2015-05-25 01:30:00,1.8,100455.0,282.75,0.15
2015-05-25 01:45:00,1.5,100450.0,282.35,0.15
2015-05-25 02:00:00,0.8,100450.0,282.15,0.15
2015-05-25 02:15:00,0.8,100450.0,281.75,0.15
2015-05-25 02:30:00,0.9,100445.0,282.54999999999995,0.15
2015-05-25 02:45:00,0.5,100440.0,282.75,0.15
2015-05-25 03:00:00,1.5,100430.0,283.1,0.15
2015-05-25 03:15:00,1.8,100420.0,282.85,0.15
2015-05-25 03:30:00,1.6,100420.0,282.54999999999995,0.15
2015-05-25 03:45:00,1.6,100420.0,283.35,0.15
2015-05-25 04:00:00,1.4500000000000002,100435.0,282.75,0.15
2015-05-25 04:15:00,1.8,100440.0,283.54999999999995,0.15
2015-05-25 04:30:00,1.7,100445.0,283.7,0.15
2015-05-25 04:45:00,1.7,100440.0,284.04999999999995,0.15
2015-05-25 05:00:00,1.65,100440.0,284.2,0.15
2015-05-25 05:15:00,1.6,100430.0,284.25,0.15
2015-05-25 05:30:00,1.2999999999999998,100430.0,284.4,0.15
2015-05-25 05:45:00,1.7,100420.0,284.45,0.15
2015-05-25 06:00:00,1.5,100420.0,284.75,0.15
2015-05-25 06:15:00,1.2,100430.0,285.04999999999995,0.15
2015-05-25 06:30:00,1.05,100430.0,285.2,0.15
2015-05-25 06:45:00,1.2,100440.0,285.25,0.15
2015-05-25 07:00:00,1.0,100440.0,285.6,0.15
2015-05-25 07:15:00,0.9,100440.0,285.95,0.15
2015-05-25 07:30:00,1.05,100440.0,286.1,0.15
2015-05-25 07:45:00,1.6,100430.0,286.25,0.15
2015-05-25 08:00:00,1.7,100420.0,286.6,0.15
2015-05-25 08:15:00,2.1,100410.0,286.35,0.15
2015-05-25 08:30:00,1.6,100410.0,286.29999999999995,0.15
2015-05-25 08:45:00,1.3,100410.0,286.25,0.15
2015-05-25 09:00:00,1.05,100395.0,286.25,0.15
2015-05-25 09:15:00,0.9,100380.0,286.45,0.15
2015-05-25 09:30:00,1.0,100375.0,286.2,0.15
2015-05-25 09:45:00,1.4,100370.0,286.25,0.15
2015-05-25 10:00:00,2.0,100365.0,286.2,0.15
2015-05-25 10:15:00,1.6,100360.0,286.04999999999995,0.15
2015-05-25 10:30:00,1.15,100360.0,286.15,0.15
2015-05-25 10:45:00,1.0,100350.0,286.45,0.15
2015-05-25 11:00:00,0.75,100350.0,287.04999999999995,0.15
2015-05-25 11:15:00,1.1,100340.0,287.25,0.15
2015-05-25 11:30:00,1.9,100345.0,287.54999999999995,0.15
2015-05-25 11:45:00,1.6,100340.0,287.65,0.15
2015-05-25 12:00:00,1.95,100310.0,288.25,0.15
2015-05-25 12:15:00,2.6,100310.0,288.65,0.15
2015-05-25 12:30:00,2.8,100305.0,288.7,0.15
2015-05-25 12:45:00,3.1,100300.0,289.45,0.15
2015-05-25 13:00:00,3.5,100295.0,289.65,0.15
2015-05-25 13:15:00,2.8,100280.0,289.75,0.15
2015-05-25 13:30:00,4.1,100280.0,289.7,0.15
2015-05-25 13:45:00,3.8,100270.0,290.15,0.15
2015-05-25 14:00:00,3.0,100265.0,290.7,0.15
2015-05-25 14:15:00,4.0,100270.0,289.65,0.15
2015-05-25 14:30:00,3.9,100270.0,290.04999999999995,0.15
2015-05-25 14:45:00,3.8,100260.0,290.15,0.15
2015-05-25 15:00:00,4.6,100265.0,290.25,0.15
2015-05-25 15:15:00,4.9,100250.0,289.95,0.15
2015-05-25 15:30:00,4.45,100250.0,290.2,0.15
2015-05-25 15:45:00,4.3,100250.0,289.65,0.15
2015-05-25 16:00:00,3.95,100255.0,289.65,0.15
2015-05-25 16:15:00,3.6,100250.0,290.25,0.15
2015-05-25 16:30:00,4.15,100255.0,289.79999999999995,0.15
2015-05-25 16:45:00,3.3,100260.0,289.54999999999995,0.15
2015-05-25 17:00:00,4.050000000000001,100260.0,289.4,0.15
2015-05-25 17:15:00,4.5,100270.0,289.45,0.15
2015-05-25 17:30:00,4.4,100285.0,289.29999999999995,0.15
2015-05-25 17:45:00,4.6,100290.0,289.15,0.15
2015-05-25 18:00:00,3.7,100295.0,288.75,0.15
2015-05-25 18:15:00,4.8,100300.0,288.65,0.15
2015-05-25 18:30:00,4.4,100300.0,288.35,0.15
2015-05-25 18:45:00,3.8,100300.0,288.15,0.15
2015-05-25 19:00:00,3.3,100325.0,287.7,0.15
2015-05-25 19:15:00,4.0,100340.0,287.54999999999995,0.15
2015-05-25 19:30:00,4.0,100360.0,287.6,0.15
2015-05-25 19:45:00,4.0,100390.0,287.65,0.15
2015-05-25 20:00:00,3.8,100405.0,287.4,0.15
2015-05-25 20:15:00,3.1,100410.0,287.04999999999995,0.15
2015-05-25 20:30:00,3.4,100415.0,287.04999999999995,0.15
2015-05-25 20:45:00,4.0,100420.0,286.95,0.15
2015-05-25 21:00:00,3.85,100425.0,286.35,0.15
2015-05-25 21:15:00,4.7,100440.0,285.45,0.15
2015-05-25 21:30:00,4.550000000000001,100445.0,285.5,0.15
2015-05-25 21:45:00,4.3,100460.0,285.04999999999995,0.15
2015-05-25 22:00:00,3.8,100460.0,285.1,0.15
2015-05-25 22:15:00,3.1,100470.0,285.65,0.15
2015-05-25 22:30:00,3.65,100480.0,285.75,0.15
2015-05-25 22:45:00,3.9,100480.0,285.65,0.15
2015-05-25 23:00:00,4.300000000000001,100480.0,285.75,0.15
2015-05-25 23:15:00,3.6,100490.0,285.65,0.15
2015-05-25 23:30:00,4.15,100490.0,285.45,0.15
2015-05-25 23:45:00,5.2,100490.0,285.35,0.15
2015-05-26 00:00:00,4.85,100510.0,285.29999999999995,0.15
2015-05-26 00:15:00,5.3,100520.0,285.04999999999995,0.15
2015-05-26 00:30:00,4.55,100520.0,284.9,0.15
2015-05-26 00:45:00,4.3,100530.0,284.75,0.15
2015-05-26 01:00:00,4.25,100530.0,284.6,0.15
2015-05-26 01:15:00,4.6,100540.0,284.65,0.15
2015-05-26 01:30:00,4.1,100545.0,284.5,0.15
2015-05-26 01:45:00,3.5,100560.0,284.35,0.15
2015-05-26 02:00:00,4.4,100575.0,284.25,0.15
2015-05-26 02:15:00,4.8,100580.0,284.35,0.15
2015-05-26 02:30:00,4.3,100580.0,284.15,0.15
2015-05-26 02:45:00,3.5,100580.0,283.75,0.15
2015-05-26 03:00:00,3.1,100590.0,283.95,0.15
2015-05-26 03:15:00,3.7,100600.0,283.75,0.15
2015-05-26 03:30:00,3.8,100600.0,283.65,0.15
2015-05-26 03:45:00,4.1,100610.0,283.75,0.15
2015-05-26 04:00:00,3.7,100630.0,283.54999999999995,0.15
2015-05-26 04:15:00,3.7,100640.0,283.54999999999995,0.15
2015-05-26 04:30:00,4.6,100650.0,283.54999999999995,0.15
2015-05-26 04:45:00,4.5,100670.0,283.54999999999995,0.15
2015-05-26 05:00:00,4.15,100675.0,283.7,0.15
2015-05-26 05:15:00,4.3,100690.0,283.85,0.15
2015-05-26 05:30:00,4.6,100705.0,283.9,0.15
2015-05-26 05:45:00,4.5,100720.0,284.15,0.15
2015-05-26 06:00:00,4.6,100730.0,284.2,0.15
2015-05-26 06:15:00,4.3,100750.0,284.54999999999995,0.15
2015-05-26 06:30:00,4.65,100765.0,284.6,0.15
2015-05-26 06:45:00,3.8,100790.0,284.75,0.15
2015-05-26 07:00:00,4.5,100815.0,284.85,0.15
2015-05-26 07:15:00,4.0,100810.0,284.95,0.15
2015-05-26 07:30:00,3.7,100810.0,285.35,0.15
2015-05-26 07:45:00,3.8,100810.0,286.54999999999995,0.15
2015-05-26 08:00:00,4.15,100830.0,285.7,0.15
2015-05-26 08:15:00,4.4,100830.0,285.65,0.15
2015-05-26 08:30:00,3.55,100835.0,285.79999999999995,0.15
2015-05-26 08:45:00,3.9,100850.0,286.04999999999995,0.15
2015-05-26 09:00:00,3.95,100860.0,285.54999999999995,0.15
2015-05-26 09:15:00,4.3,100880.0,285.35,0.15
2015-05-26 09:30:00,3.85,100885.0,285.35,0.15
2015-05-26 09:45:00,3.3,100880.0,285.85,0.15
2015-05-26 10:00:00,3.0,100885.0,287.1,0.15
2015-05-26 10:15:00,3.8,100880.0,287.15,0.15
2015-05-26 10:30:00,2.9000000000000004,100875.0,287.1,0.15
2015-05-26 10:45:00,3.8,100880.0,287.25,0.15
2015-05-26 11:00:00,3.0,100870.0,287.95,0.15
2015-05-26 11:15:00,4.2,100870.0,286.75,0.15
2015-05-26 11:30:00,5.55,100880.0,286.6,0.15
2015-05-26 11:45:00,6.0,100880.0,287.35,0.15
2015-05-26 12:00:00,4.35,100895.0,287.0,0.15
2015-05-26 12:15:00,4.2,100900.0,287.25,0.15
2015-05-26 12:30:00,3.75,100900.0,286.65,0.15
2015-05-26 12:45:00,3.2,100910.0,286.35,0.15
2015-05-26 13:00:00,5.0,100920.0,286.2,0.15
2015-05-26 13:15:00,5.7,100930.0,286.35,0.15
2015-05-26 13:30:00,4.1,100930.0,286.9,0.15
2015-05-26 13:45:00,3.4,100930.0,287.04999999999995,0.15
2015-05-26 14:00:00,2.65,100925.0,287.4,0.15
2015-05-26 14:15:00,2.6,100920.0,287.54999999999995,0.15
2015-05-26 14:30:00,2.95,100920.0,287.7,0.15
2015-05-26 14:45:00,2.7,100930.0,287.04999999999995,0.15
2015-05-26 15:00:00,3.2,100930.0,287.75,0.15
2015-05-26 15:15:00,2.8,100920.0,287.54999999999995,0.15
2015-05-26 15:30:00,2.9,100925.0,287.5,0.15
2015-05-26 15:45:00,3.3,100930.0,287.95,0.15
2015-05-26 16:00:00,3.45,100940.0,288.29999999999995,0.15
2015-05-26 16:15:00,3.8,100940.0,287.54999999999995,0.15
2015-05-26 16:30:00,4.6,100955.0,287.7,0.15
2015-05-26 16:45:00,3.8,100960.0,287.85,0.15
2015-05-26 17:00:00,5.699999999999999,100960.0,288.25,0.15
2015-05-26 17:15:00,5.4,100980.0,288.04999999999995,0.15
2015-05-26 17:30:00,4.800000000000001,101000.0,288.0,0.15
2015-05-26 17:45:00,4.9,101010.0,287.95,0.15
2015-05-26 18:00:00,5.199999999999999,101030.0,287.6,0.15
2015-05-26 18:15:00,5.1,101040.0,287.35,0.15
2015-05-26 18:30:00,3.9,101055.0,287.04999999999995,0.15
2015-05-26 18:45:00,3.6,101080.0,287.15,0.15
2015-05-26 19:00:00,4.449999999999999,101085.0,286.75,0.15
2015-05-26 19:15:00,5.3,101100.0,286.04999999999995,0.15
2015-05-26 19:30:00,4.95,101110.0,285.4,0.15
2015-05-26 19:45:00,3.8,101120.0,285.04999999999995,0.15
2015-05-26 20:00:00,3.65,101135.0,284.35,0.15
2015-05-26 20:15:00,3.8,101140.0,283.25,0.15
2015-05-26 20:30:00,3.6,101160.0,283.1,0.15
2015-05-26 20:45:00,2.9,101170.0,282.25,0.15
2015-05-26 21:00:00,3.1,101170.0,282.85,0.15
2015-05-26 21:15:00,3.2,101180.0,282.45,0.15
2015-05-26 21:30:00,3.2,101195.0,281.5,0.15
2015-05-26 21:45:00,3.2,101200.0,281.15,0.15
2015-05-26 22:00:00,2.75,101210.0,280.4,0.15
2015-05-26 22:15:00,2.8,101210.0,280.15,0.15
2015-05-26 22:30:00,2.5,101225.0,279.79999999999995,0.15
2015-05-26 22:45:00,1.9,101230.0,279.65,0.15
2015-05-26 23:00:00,1.6,101245.0,279.35,0.15
2015-05-26 23:15:00,1.3,101250.0,279.54999999999995,0.15
2015-05-26 23:30:00,1.55,101250.0,279.5,0.15
2015-05-26 23:45:00,1.3,101260.0,280.15,0.15
2015-05-27 00:00:00,0.55,101270.0,280.15,0.15
2015-05-27 00:15:00,1.0,101270.0,280.25,0.15
2015-05-27 00:30:00,0.45,101260.0,280.65,0.15
2015-05-27 00:45:00,0.2,101270.0,280.95,0.15
2015-05-27 01:00:00,0.7,101280.0,281.29999999999995,0.15
2015-05-27 01:15:00,0.2,101280.0,281.45,0.15
2015-05-27 01:30:00,0.2,101290.0,281.54999999999995,0.15
2015-05-27 01:45:00,0.3,101280.0,281.65,0.15
2015-05-27 02:00:00,0.75,101280.0,281.65,0.15
2015-05-27 02:15:00,1.2,101280.0,281.65,0.15
2015-05-27 02:30:00,1.1,101280.0,281.54999999999995,0.15
2015-05-27 02:45:00,1.5,101270.0,281.85,0.15
2015-05-27 03:00:00,1.5,101270.0,281.6,0.15
2015-05-27 03:15:00,1.5,101270.0,282.04999999999995,0.15
2015-05-27 03:30:00,1.2999999999999998,101280.0,282.0,0.15
2015-05-27 03:45:00,1.2,101290.0,281.65,0.15
2015-05-27 04:00:00,0.95,101290.0,281.95,0.15
2015-05-27 04:15:00,0.7,101280.0,282.04999999999995,0.15
2015-05-27 04:30:00,0.75,101280.0,282.29999999999995,0.15
2015-05-27 04:45:00,1.0,101280.0,282.65,0.15
2015-05-27 05:00:00,1.15,101285.0,283.1,0.15
2015-05-27 05:15:00,0.8,101290.0,283.45,0.15
2015-05-27 05:30:00,0.8500000000000001,101300.0,283.6,0.15
2015-05-27 05:45:00,0.8,101300.0,283.95,0.15
2015-05-27 06:00:00,0.9,101305.0,284.25,0.15
2015-05-27 06:15:00,1.5,101320.0,284.85,0.15
2015-05-27 06:30:00,1.4,101325.0,285.15,0.15
2015-05-27 06:45:00,1.9,101330.0,285.35,0.15
2015-05-27 07:00:00,2.25,101350.0,285.85,0.15
2015-05-27 07:15:00,2.0,101340.0,286.15,0.15
2015-05-27 07:30:00,2.2,101340.0,286.54999999999995,0.15
2015-05-27 07:45:00,1.6,101350.0,286.45,0.15
2015-05-27 08:00:00,1.1,101345.0,286.45,0.15
2015-05-27 08:15:00,1.9,101350.0,286.75,0.15
2015-05-27 08:30:00,1.5499999999999998,101340.0,286.85,0.15
2015-05-27 08:45:00,2.0,101350.0,286.95,0.15
2015-05-27 09:00:00,1.85,101325.0,286.95,0.15
2015-05-27 09:15:00,2.8,101330.0,287.25,0.15
2015-05-27 09:30:00,1.3,101340.0,287.4,0.15
2015-05-27 09:45:00,1.8,101330.0,288.15,0.15
2015-05-27 10:00:00,1.7,101320.0,287.95,0.15
2015-05-27 10:15:00,1.9,101300.0,288.45,0.15
2015-05-27 10:30:00,1.7,101295.0,288.25,0.15
2015-05-27 10:45:00,1.6,101290.0,288.45,0.15
2015-05-27 11:00:00,2.05,101280.0,288.65,0.15
2015-05-27 11:15:00,2.4,101260.0,289.85,0.15
2015-05-27 11:30:00,2.3,101255.0,289.4,0.15
2015-05-27 11:45:00,2.2,101250.0,288.35,0.15
2015-05-27 12:00:00,1.7999999999999998,101250.0,288.85,0.15
2015-05-27 12:15:00,1.6,101230.0,289.65,0.15
2015-05-27 12:30:00,2.45,101205.0,289.35,0.15
2015-05-27 12:45:00,1.8,101200.0,288.85,0.15
2015-05-27 13:00:00,2.3,101185.0,289.95,0.15
2015-05-27 13:15:00,1.9,101160.0,291.75,0.15
2015-05-27 13:30:00,2.5,101140.0,290.25,0.15
2015-05-27 13:45:00,3.6,101130.0,290.25,0.15
2015-05-27 14:00:00,1.95,101125.0,289.95,0.15
2015-05-27 14:15:00,2.0,101120.0,289.85,0.15
2015-05-27 14:30:00,2.9000000000000004,101105.0,290.54999999999995,0.15
2015-05-27 14:45:00,2.9,101100.0,290.25,0.15
2015-05-27 15:00:00,2.3,101095.0,290.29999999999995,0.15
2015-05-27 15:15:00,2.4,101070.0,290.65,0.15
2015-05-27 15:30:00,1.9,101065.0,290.54999999999995,0.15
2015-05-27 15:45:00,2.5,101050.0,290.75,0.15
2015-05-27 16:00:00,2.45,101030.0,290.95,0.15
2015-05-27 16:15:00,1.2,101010.0,291.15,0.15
2015-05-27 16:30:00,1.5,100990.0,291.6,0.15
2015-05-27 16:45:00,2.0,100980.0,290.65,0.15
2015-05-27 17:00:00,1.95,100960.0,290.6,0.15
2015-05-27 17:15:00,2.2,100940.0,290.65,0.15
2015-05-27 17:30:00,2.0,100910.0,290.5,0.15
2015-05-27 17:45:00,1.5,100900.0,290.04999999999995,0.15
2015-05-27 18:00:00,2.4000000000000004,100890.0,289.54999999999995,0.15
2015-05-27 18:15:00,2.8,100880.0,289.04999999999995,0.15
2015-05-27 18:30:00,2.9,100860.0,288.9,0.15
2015-05-27 18:45:00,2.7,100860.0,288.54999999999995,0.15
2015-05-27 19:00:00,2.8,100855.0,287.79999999999995,0.15
2015-05-27 19:15:00,3.2,100850.0,287.95,0.15
2015-05-27 19:30:00,3.5,100855.0,286.9,0.15
2015-05-27 19:45:00,3.6,100860.0,285.75,0.15
2015-05-27 20:00:00,3.4,100850.0,285.35,0.15
2015-05-27 20:15:00,3.4,100830.0,285.35,0.15
2015-05-27 20:30:00,3.4,100820.0,285.2,0.15
2015-05-27 20:45:00,3.7,100800.0,284.65,0.15
2015-05-27 21:00:00,3.2,100785.0,285.5,0.15
2015-05-27 21:15:00,2.8,100770.0,285.95,0.15
2015-05-27 21:30:00,3.15,100755.0,285.7,0.15
2015-05-27 21:45:00,3.0,100740.0,285.95,0.15
2015-05-27 22:00:00,3.9,100725.0,285.54999999999995,0.15
2015-05-27 22:15:00,4.2,100720.0,286.04999999999995,0.15
2015-05-27 22:30:00,3.65,100710.0,286.79999999999995,0.15
2015-05-27 22:45:00,3.3,100700.0,286.85,0.15
2015-05-27 23:00:00,3.25,100670.0,286.4,0.15
2015-05-27 23:15:00,3.2,100660.0,286.35,0.15
2015-05-27 23:30:00,4.0,100640.0,286.45,0.15
2015-05-27 23:45:00,4.6,100630.0,286.45,0.15
2015-05-28 00:00:00,4.5,100625.0,286.45,0.15
2015-05-28 00:15:00,4.5,100610.0,286.54999999999995,0.15
2015-05-28 00:30:00,4.699999999999999,100600.0,286.7,0.15
2015-05-28 00:45:00,4.3,100580.0,286.45,0.15
2015-05-28 01:00:00,4.95,100565.0,286.54999999999995,0.15
2015-05-28 01:15:00,5.1,100550.0,286.54999999999995,0.15
2015-05-28 01:30:00,5.050000000000001,100525.0,286.5,0.15
2015-05-28 01:45:00,5.2,100500.0,286.45,0.15
2015-05-28 02:00:00,4.6,100490.0,286.4,0.15
2015-05-28 02:15:00,4.5,100490.0,286.54999999999995,0.15
2015-05-28 02:30:00,4.0,100485.0,286.54999999999995,0.15
2015-05-28 02:45:00,3.7,100460.0,286.45,0.15
2015-05-28 03:00:00,4.05,100455.0,286.29999999999995,0.15
2015-05-28 03:15:00,4.1,100440.0,286.25,0.15
2015-05-28 03:30:00,4.25,100430.0,286.29999999999995,0.15
2015-05-28 03:45:00,4.7,100430.0,286.35,0.15
2015-05-28 04:00:00,4.5,100425.0,286.4,0.15
2015-05-28 04:15:00,3.7,100430.0,286.45,0.15
2015-05-28 04:30:00,3.75,100425.0,286.5,0.15
2015-05-28 04:45:00,2.7,100440.0,286.54999999999995,0.15
2015-05-28 05:00:00,3.2,100425.0,286.75,0.15
2015-05-28 05:15:00,3.2,100430.0,286.85,0.15
2015-05-28 05:30:00,3.25,100425.0,287.0,0.15
2015-05-28 05:45:00,3.5,100410.0,287.15,0.15
2015-05-28 06:00:00,3.25,100415.0,287.2,0.15
2015-05-28 06:15:00,3.2,100410.0,287.45,0.15
2015-05-28 06:30:00,3.05,100410.0,287.7,0.15
2015-05-28 06:45:00,3.2,100400.0,287.95,0.15
2015-05-28 07:00:00,3.35,100395.0,288.45,0.15
2015-05-28 07:15:00,3.0,100380.0,288.75,0.15
2015-05-28 07:30:00,4.15,100370.0,289.4,0.15
2015-05-28 07:45:00,4.1,100360.0,290.75,0.15
2015-05-28 08:00:00,3.95,100350.0,290.85,0.15
2015-05-28 08:15:00,4.2,100340.0,290.75,0.15
2015-05-28 08:30:00,5.1,100340.0,290.9,0.15
2015-05-28 08:45:00,4.4,100330.0,291.04999999999995,0.15
2015-05-28 09:00:00,4.4,100310.0,291.6,0.15
2015-05-28 09:15:00,5.2,100280.0,291.45,0.15
2015-05-28 09:30:00,4.55,100265.0,291.9,0.15
2015-05-28 09:45:00,5.0,100250.0,292.65,0.15
2015-05-28 10:00:00,4.65,100230.0,293.15,0.15
2015-05-28 10:15:00,4.5,100230.0,292.75,0.15
2015-05-28 10:30:00,4.75,100215.0,292.4,0.15
2015-05-28 10:45:00,5.8,100220.0,292.85,0.15
2015-05-28 11:00:00,5.5,100220.0,292.25,0.15
2015-05-28 11:15:00,5.6,100220.0,292.25,0.15
2015-05-28 11:30:00,5.1,100215.0,292.45,0.15
2015-05-28 11:45:00,5.0,100210.0,293.15,0.15
2015-05-28 12:00:00,6.550000000000001,100200.0,293.7,0.15
2015-05-28 12:15:00,6.1,100200.0,294.75,0.15
2015-05-28 12:30:00,6.9,100210.0,294.0,0.15
2015-05-28 12:45:00,7.1,100230.0,293.54999999999995,0.15
2015-05-28 13:00:00,6.9,100230.0,293.7,0.15
2015-05-28 13:15:00,7.6,100230.0,293.25,0.15
2015-05-28 13:30:00,7.0,100220.0,294.45,0.15
2015-05-28 13:45:00,7.1,100230.0,292.85,0.15
2015-05-28 14:00:00,8.2,100225.0,293.2,0.15
2015-05-28 14:15:00,8.4,100230.0,292.45,0.15
2015-05-28 14:30:00,7.449999999999999,100225.0,292.75,0.15
2015-05-28 14:45:00,7.9,100210.0,292.85,0.15
2015-05-28 15:00:00,7.3,100210.0,292.85,0.15
2015-05-28 15:15:00,7.9,100200.0,292.35,0.15
2015-05-28 15:30:00,6.35,100190.0,292.75,0.15
2015-05-28 15:45:00,6.5,100180.0,293.15,0.15
2015-05-28 16:00:00,6.9,100180.0,292.6,0.15
2015-05-28 16:15:00,6.6,100180.0,292.95,0.15
2015-05-28 16:30:00,6.949999999999999,100195.0,292.25,0.15
2015-05-28 16:45:00,5.1,100190.0,291.85,0.15
2015-05-28 17:00:00,5.8,100195.0,290.0,0.15
2015-05-28 17:15:00,4.7,100220.0,289.54999999999995,0.15
2015-05-28 17:30:00,3.8,100220.0,289.45,0.15
2015-05-28 17:45:00,3.5,100220.0,289.35,0.15
2015-05-28 18:00:00,4.8,100235.0,289.1,0.15
2015-05-28 18:15:00,5.5,100250.0,288.35,0.15
2015-05-28 18:30:00,4.9,100255.0,288.15,0.15
2015-05-28 18:45:00,5.3,100270.0,287.85,0.15
2015-05-28 19:00:00,4.25,100275.0,287.35,0.15
2015-05-28 19:15:00,3.2,100290.0,287.15,0.15
2015-05-28 19:30:00,2.55,100290.0,287.15,0.15
2015-05-28 19:45:00,2.2,100300.0,286.45,0.15
2015-05-28 20:00:00,1.4500000000000002,100310.0,286.15,0.15
2015-05-28 20:15:00,0.8,100320.0,285.75,0.15
2015-05-28 20:30:00,0.95,100305.0,285.35,0.15
2015-05-28 20:45:00,1.4,100310.0,285.45,0.15
2015-05-28 21:00:00,2.2,100300.0,285.35,0.15
2015-05-28 21:15:00,2.0,100310.0,285.75,0.15
2015-05-28 21:30:00,1.7,100315.0,285.85,0.15
2015-05-28 21:45:00,1.5,100310.0,286.04999999999995,0.15
2015-05-28 22:00:00,1.6,100305.0,285.95,0.15
2015-05-28 22:15:00,1.6,100310.0,285.95,0.15
2015-05-28 22:30:00,1.4,100300.0,285.85,0.15
2015-05-28 22:45:00,1.3,100290.0,285.25,0.15
2015-05-28 23:00:00,0.95,100300.0,284.6,0.15
2015-05-28 23:15:00,1.6,100300.0,284.45,0.15
2015-05-28 23:30:00,2.0,100295.0,284.65,0.15
2015-05-28 23:45:00,1.9,100290.0,284.54999999999995,0.15
2015-05-29 00:00:00,1.7,100280.0,283.85,0.15
2015-05-29 00:15:00,1.6,100270.0,284.35,0.15
2015-05-29 00:30:00,2.2,100260.0,284.9,0.15
2015-05-29 00:45:00,2.3,100250.0,284.95,0.15
2015-05-29 01:00:00,1.75,100235.0,284.75,0.15
2015-05-29 01:15:00,1.7,100220.0,284.15,0.15
2015-05-29 01:30:00,1.9,100205.0,283.9,0.15
2015-05-29 01:45:00,1.7,100200.0,283.45,0.15
2015-05-29 02:00:00,2.05,100195.0,283.4,0.15
2015-05-29 02:15:00,1.7,100180.0,282.95,0.15
2015-05-29 02:30:00,2.0,100175.0,282.5,0.15
2015-05-29 02:45:00,2.0,100160.0,282.54999999999995,0.15
2015-05-29 03:00:00,1.75,100155.0,282.54999999999995,0.15
2015-05-29 03:15:00,1.7,100160.0,282.15,0.15
2015-05-29 03:30:00,1.65,100140.0,282.5,0.15
2015-05-29 03:45:00,2.1,100140.0,282.45,0.15
2015-05-29 04:00:00,2.05,100135.0,282.45,0.15
2015-05-29 04:15:00,2.7,100150.0,281.75,0.15
2015-05-29 04:30:00,2.1,100145.0,282.75,0.15
2015-05-29 04:45:00,2.5,100140.0,283.35,0.15
2015-05-29 05:00:00,1.8,100130.0,283.65,0.15
2015-05-29 05:15:00,1.3,100130.0,283.95,0.15
2015-05-29 05:30:00,1.65,100125.0,284.45,0.15
2015-05-29 05:45:00,2.3,100120.0,284.85,0.15
2015-05-29 06:00:00,2.25,100115.0,285.1,0.15
2015-05-29 06:15:00,1.9,100090.0,285.54999999999995,0.15
2015-05-29 06:30:00,1.95,100080.0,286.04999999999995,0.15
2015-05-29 06:45:00,2.7,100090.0,286.35,0.15
2015-05-29 07:00:00,2.95,100085.0,286.79999999999995,0.15
2015-05-29 07:15:00,3.1,100080.0,287.04999999999995,0.15
2015-05-29 07:30:00,3.3,100085.0,287.6,0.15
2015-05-29 07:45:00,4.5,100070.0,288.35,0.15
2015-05-29 08:00:00,4.1,100070.0,288.5,0.15
2015-05-29 08:15:00,4.3,100070.0,288.54999999999995,0.15
2015-05-29 08:30:00,4.6,100055.0,288.25,0.15
2015-05-29 08:45:00,3.7,100030.0,287.54999999999995,0.15
2015-05-29 09:00:00,2.95,100020.0,287.85,0.15
2015-05-29 09:15:00,2.6,100010.0,288.25,0.15
2015-05-29 09:30:00,4.449999999999999,100000.0,288.7,0.15
2015-05-29 09:45:00,5.4,99980.0,289.25,0.15
2015-05-29 10:00:00,4.35,99965.0,289.35,0.15
2015-05-29 10:15:00,3.7,99950.0,289.15,0.15
2015-05-29 10:30:00,3.9,99935.0,289.5,0.15
2015-05-29 10:45:00,4.0,99910.0,289.95,0.15
2015-05-29 11:00:00,3.6,99890.0,290.75,0.15
2015-05-29 11:15:00,3.6,99880.0,290.85,0.15
2015-05-29 11:30:00,3.9,99855.0,290.45,0.15
2015-05-29 11:45:00,4.0,99840.0,290.35,0.15
2015-05-29 12:00:00,3.45,99820.0,290.0,0.15
2015-05-29 12:15:00,4.3,99810.0,289.85,0.15
2015-05-29 12:30:00,4.85,99780.0,290.29999999999995,0.15
2015-05-29 12:45:00,6.1,99780.0,290.15,0.15
2015-05-29 13:00:00,6.449999999999999,99775.0,288.65,0.15
2015-05-29 13:15:00,6.3,99760.0,288.95,0.15
2015-05-29 13:30:00,6.65,99750.0,289.75,0.15
2015-05-29 13:45:00,5.8,99730.0,290.04999999999995,0.15
2015-05-29 14:00:00,6.550000000000001,99730.0,290.15,0.15
2015-05-29 14:15:00,6.9,99710.0,290.35,0.15
2015-05-29 14:30:00,6.15,99690.0,291.35,0.15
2015-05-29 14:45:00,6.5,99670.0,291.35,0.15
2015-05-29 15:00:00,6.699999999999999,99655.0,291.25,0.15
2015-05-29 15:15:00,6.1,99650.0,290.75,0.15
2015-05-29 15:30:00,5.0,99645.0,290.95,0.15
2015-05-29 15:45:00,3.9,99630.0,290.75,0.15
2015-05-29 16:00:00,4.5,99630.0,290.7,0.15
2015-05-29 16:15:00,3.9,99630.0,290.85,0.15
2015-05-29 16:30:00,4.9,99630.0,291.35,0.15
2015-05-29 16:45:00,6.1,99640.0,290.95,0.15
2015-05-29 17:00:00,5.25,99635.0,290.9,0.15
2015-05-29 17:15:00,4.2,99650.0,290.65,0.15
2015-05-29 17:30:00,5.3,99655.0,290.5,0.15
2015-05-29 17:45:00,4.7,99660.0,290.35,0.15
2015-05-29 18:00:00,5.15,99665.0,290.1,0.15
2015-05-29 18:15:00,6.1,99680.0,289.85,0.15
2015-05-29 18:30:00,5.4,99695.0,289.65,0.15
2015-05-29 18:45:00,4.5,99690.0,289.54999999999995,0.15
2015-05-29 19:00:00,5.65,99690.0,289.5,0.15
2015-05-29 19:15:00,5.1,99700.0,289.45,0.15
2015-05-29 19:30:00,4.75,99700.0,289.29999999999995,0.15
2015-05-29 19:45:00,4.3,99700.0,289.15,0.15
2015-05-29 20:00:00,4.1,99705.0,289.04999999999995,0.15
2015-05-29 20:15:00,5.5,99700.0,288.95,0.15
2015-05-29 20:30:00,4.2,99705.0,288.9,0.15
2015-05-29 20:45:00,5.9,99700.0,288.75,0.15
2015-05-29 21:00:00,7.3,99710.0,287.54999999999995,0.15
2015-05-29 21:15:00,8.0,99790.0,285.04999999999995,0.15
2015-05-29 21:30:00,6.35,99840.0,283.5,0.15
2015-05-29 21:45:00,4.4,99850.0,283.15,0.15
2015-05-29 22:00:00,3.05,99850.0,283.0,0.15
2015-05-29 22:15:00,2.2,99860.0,282.85,0.15
2015-05-29 22:30:00,1.5,99860.0,282.85,0.15
2015-05-29 22:45:00,1.2,99840.0,282.85,0.15
2015-05-29 23:00:00,1.55,99845.0,282.85,0.15
2015-05-29 23:15:00,2.4,99830.0,282.65,0.15
2015-05-29 23:30:00,2.35,99825.0,282.7,0.15
2015-05-29 23:45:00,2.0,99820.0,282.75,0.15
2015-05-30 00:00:00,1.95,99810.0,282.75,0.15
2015-05-30 00:15:00,1.3,99830.0,282.65,0.15
2015-05-30 00:30:00,1.05,99825.0,282.65,0.15
2015-05-30 00:45:00,0.9,99830.0,283.04999999999995,0.15
2015-05-30 01:00:00,1.5499999999999998,99835.0,283.1,0.15
2015-05-30 01:15:00,2.1,99840.0,283.25,0.15
2015-05-30 01:30:00,2.65,99845.0,283.15,0.15
2015-05-30 01:45:00,3.6,99860.0,283.25,0.15
2015-05-30 02:00:00,3.3,99885.0,283.25,0.15
2015-05-30 02:15:00,3.2,99890.0,282.95,0.15
2015-05-30 02:30:00,2.8,99890.0,283.2,0.15
2015-05-30 02:45:00,2.6,99900.0,283.15,0.15
2015-05-30 03:00:00,2.2,99905.0,283.0,0.15
2015-05-30 03:15:00,1.9,99930.0,283.15,0.15
2015-05-30 03:30:00,2.7,99945.0,283.45,0.15
2015-05-30 03:45:00,2.4,99970.0,283.45,0.15
2015-05-30 04:00:00,2.2,99985.0,283.1,0.15
2015-05-30 04:15:00,2.1,100000.0,283.04999999999995,0.15
2015-05-30 04:30:00,2.2,100015.0,283.65,0.15
2015-05-30 04:45:00,2.4,100040.0,283.75,0.15
2015-05-30 05:00:00,2.35,100050.0,283.54999999999995,0.15
2015-05-30 05:15:00,2.2,100050.0,283.85,0.15
2015-05-30 05:30:00,2.65,100060.0,284.45,0.15
2015-05-30 05:45:00,2.8,100070.0,284.85,0.15
2015-05-30 06:00:00,3.6,100090.0,284.75,0.15
2015-05-30 06:15:00,3.2,100110.0,284.54999999999995,0.15
2015-05-30 06:30:00,3.75,100125.0,284.85,0.15
2015-05-30 06:45:00,3.6,100130.0,285.35,0.15
2015-05-30 07:00:00,3.95,100140.0,285.9,0.15
2015-05-30 07:15:00,4.4,100150.0,285.25,0.15
2015-05-30 07:30:00,4.9,100165.0,286.45,0.15
2015-05-30 07:45:00,4.3,100180.0,286.35,0.15
2015-05-30 08:00:00,4.5,100185.0,286.54999999999995,0.15
2015-05-30 08:15:00,4.8,100210.0,286.25,0.15
2015-05-30 08:30:00,4.800000000000001,100220.0,287.75,0.15
2015-05-30 08:45:00,5.9,100220.0,288.65,0.15
2015-05-30 09:00:00,5.75,100230.0,288.45,0.15
2015-05-30 09:15:00,4.9,100230.0,288.75,0.15
2015-05-30 09:30:00,5.5,100230.0,289.0,0.15
2015-05-30 09:45:00,6.0,100240.0,289.35,0.15
2015-05-30 10:00:00,5.4,100230.0,289.25,0.15
2015-05-30 10:15:00,5.4,100230.0,288.25,0.15
2015-05-30 10:30:00,5.199999999999999,100240.0,288.9,0.15
2015-05-30 10:45:00,7.1,100240.0,289.75,0.15
2015-05-30 11:00:00,5.95,100255.0,288.5,0.15
2015-05-30 11:15:00,7.2,100260.0,290.65,0.15
2015-05-30 11:30:00,6.95,100265.0,290.4,0.15
2015-05-30 11:45:00,7.6,100290.0,290.25,0.15
2015-05-30 12:00:00,6.8,100290.0,290.45,0.15
2015-05-30 12:15:00,7.0,100300.0,289.35,0.15
2015-05-30 12:30:00,8.6,100360.0,287.04999999999995,0.15
2015-05-30 12:45:00,9.6,100420.0,284.95,0.15
2015-05-30 13:00:00,7.6,100455.0,285.9,0.15
2015-05-30 13:15:00,5.9,100460.0,286.65,0.15
2015-05-30 13:30:00,5.7,100460.0,286.7,0.15
2015-05-30 13:45:00,4.2,100470.0,286.75,0.15
2015-05-30 14:00:00,4.05,100480.0,286.29999999999995,0.15
2015-05-30 14:15:00,3.7,100480.0,285.65,0.15
2015-05-30 14:30:00,2.95,100485.0,285.79999999999995,0.15
2015-05-30 14:45:00,2.1,100490.0,285.85,0.15
2015-05-30 15:00:00,1.35,100510.0,285.75,0.15
2015-05-30 15:15:00,1.5,100540.0,285.75,0.15
2015-05-30 15:30:00,1.85,100550.0,286.1,0.15
2015-05-30 15:45:00,3.1,100550.0,286.85,0.15
2015-05-30 16:00:00,2.3,100540.0,286.15,0.15
2015-05-30 16:15:00,1.2,100550.0,286.04999999999995,0.15
2015-05-30 16:30:00,0.4,100550.0,286.0,0.15
2015-05-30 16:45:00,0.5,100560.0,286.54999999999995,0.15
2015-05-30 17:00:00,1.45,100550.0,286.95,0.15
2015-05-30 17:15:00,1.3,100540.0,287.35,0.15
2015-05-30 17:30:00,1.65,100545.0,287.25,0.15
2015-05-30 17:45:00,1.7,100560.0,286.45,0.15
2015-05-30 18:00:00,1.95,100550.0,286.2,0.15
2015-05-30 18:15:00,1.9,100540.0,286.25,0.15
2015-05-30 18:30:00,1.9,100550.0,285.75,0.15
2015-05-30 18:45:00,2.2,100550.0,285.35,0.15
2015-05-30 19:00:00,1.8,100545.0,285.15,0.15
2015-05-30 19:15:00,1.8,100540.0,284.95,0.15
2015-05-30 19:30:00,1.9,100545.0,284.75,0.15
2015-05-30 19:45:00,2.0,100540.0,284.45,0.15
2015-05-30 20:00:00,1.9,100555.0,284.04999999999995,0.15
2015-05-30 20:15:00,2.2,100570.0,283.85,0.15
2015-05-30 20:30:00,2.3,100565.0,283.95,0.15
2015-05-30 20:45:00,2.5,100560.0,283.65,0.15
2015-05-30 21:00:00,2.65,100560.0,283.5,0.15
2015-05-30 21:15:00,2.7,100550.0,283.35,0.15
2015-05-30 21:30:00,2.9,100550.0,283.29999999999995,0.15
2015-05-30 21:45:00,3.0,100550.0,283.25,0.15
2015-05-30 22:00:00,3.0,100545.0,283.4,0.15
2015-05-30 22:15:00,2.9,100550.0,283.35,0.15
2015-05-30 22:30:00,2.9,100535.0,283.04999999999995,0.15
2015-05-30 22:45:00,2.5,100530.0,282.75,0.15
2015-05-30 23:00:00,2.45,100515.0,282.85,0.15
2015-05-30 23:15:00,2.1,100520.0,282.65,0.15
2015-05-30 23:30:00,1.7999999999999998,100515.0,282.54999999999995,0.15
2015-05-30 23:45:00,1.9,100510.0,282.45,0.15
2015-05-31 00:00:00,1.9,100490.0,282.5,0.15
2015-05-31 00:15:00,1.7,100490.0,282.25,0.15
2015-05-31 00:30:00,1.95,100470.0,282.15,0.15
2015-05-31 00:45:00,1.7,100460.0,282.15,0.15
2015-05-31 01:00:00,1.45,100435.0,282.2,0.15
2015-05-31 01:15:00,1.3,100420.0,282.25,0.15
2015-05-31 01:30:00,1.6,100420.0,282.04999999999995,0.15
2015-05-31 01:45:00,2.2,100400.0,282.04999999999995,0.15
2015-05-31 02:00:00,1.9,100395.0,282.1,0.15
2015-05-31 02:15:00,1.6,100390.0,282.15,0.15
2015-05-31 02:30:00,1.1,100385.0,282.35,0.15
2015-05-31 02:45:00,1.5,100380.0,282.45,0.15
2015-05-31 03:00:00,1.4,100360.0,282.5,0.15
2015-05-31 03:15:00,1.3,100360.0,282.65,0.15
2015-05-31 03:30:00,1.3,100345.0,282.7,0.15
2015-05-31 03:45:00,1.5,100330.0,282.85,0.15
2015-05-31 04:00:00,1.45,100320.0,283.0,0.15
2015-05-31 04:15:00,1.9,100320.0,282.95,0.15
2015-05-31 04:30:00,2.3,100305.0,283.2,0.15
2015-05-31 04:45:00,2.5,100300.0,283.54999999999995,0.15
2015-05-31 05:00:00,2.0,100305.0,284.04999999999995,0.15
2015-05-31 05:15:00,1.9,100290.0,284.45,0.15
2015-05-31 05:30:00,1.6,100295.0,284.65,0.15
2015-05-31 05:45:00,2.3,100290.0,285.15,0.15
2015-05-31 06:00:00,3.55,100280.0,286.35,0.15
2015-05-31 06:15:00,4.1,100270.0,287.25,0.15
2015-05-31 06:30:00,3.45,100270.0,287.35,0.15
2015-05-31 06:45:00,3.3,100270.0,287.65,0.15
2015-05-31 07:00:00,3.8,100255.0,288.25,0.15
2015-05-31 07:15:00,3.4,100240.0,288.35,0.15
2015-05-31 07:30:00,3.5,100230.0,288.85,0.15
2015-05-31 07:45:00,3.9,100210.0,289.65,0.15
2015-05-31 08:00:00,3.8,100195.0,290.75,0.15
2015-05-31 08:15:00,4.4,100190.0,290.75,0.15
2015-05-31 08:30:00,4.199999999999999,100185.0,290.75,0.15
2015-05-31 08:45:00,3.7,100170.0,291.15,0.15
2015-05-31 09:00:00,4.0,100165.0,291.54999999999995,0.15
2015-05-31 09:15:00,4.8,100150.0,292.35,0.15
2015-05-31 09:30:00,5.5,100135.0,293.4,0.15
2015-05-31 09:45:00,6.6,100110.0,294.35,0.15
2015-05-31 10:00:00,7.4,100105.0,293.45,0.15
2015-05-31 10:15:00,7.5,100100.0,293.35,0.15
2015-05-31 10:30:00,6.8,100085.0,293.35,0.15
2015-05-31 10:45:00,7.2,100070.0,293.25,0.15
2015-05-31 11:00:00,7.0,100060.0,293.75,0.15
2015-05-31 11:15:00,6.9,100060.0,294.04999999999995,0.15
2015-05-31 11:30:00,7.9,100050.0,293.85,0.15
2015-05-31 11:45:00,6.9,100050.0,293.85,0.15
2015-05-31 12:00:00,7.15,100045.0,293.65,0.15
2015-05-31 12:15:00,6.1,100020.0,293.95,0.15
2015-05-31 12:30:00,5.949999999999999,100010.0,293.65,0.15
2015-05-31 12:45:00,5.3,100000.0,293.85,0.15
2015-05-31 13:00:00,6.45,99990.0,293.95,0.15
2015-05-31 13:15:00,5.7,99980.0,293.65,0.15
2015-05-31 13:30:00,5.4,99970.0,293.2,0.15
2015-05-31 13:45:00,5.6,99970.0,293.35,0.15
2015-05-31 14:00:00,6.050000000000001,99975.0,292.85,0.15
2015-05-31 14:15:00,5.6,99990.0,291.95,0.15
2015-05-31 14:30:00,3.45,100005.0,291.35,0.15
2015-05-31 14:45:00,2.5,100010.0,291.04999999999995,0.15
2015-05-31 15:00:00,1.35,100000.0,290.5,0.15
2015-05-31 15:15:00,1.1,100000.0,289.85,0.15
2015-05-31 15:30:00,2.05,99990.0,289.75,0.15
2015-05-31 15:45:00,2.6,99980.0,290.35,0.15
2015-05-31 16:00:00,3.4000000000000004,99970.0,290.45,0.15
2015-05-31 16:15:00,4.0,99960.0,290.85,0.15
2015-05-31 16:30:00,4.8,99965.0,291.1,0.15
2015-05-31 16:45:00,4.4,99950.0,291.15,0.15
2015-05-31 17:00:00,4.95,99940.0,291.45,0.15
2015-05-31 17:15:00,4.1,99930.0,291.45,0.15
2015-05-31 17:30:00,4.8,99935.0,291.45,0.15
2015-05-31 17:45:00,5.4,99930.0,291.45,0.15
2015-05-31 18:00:00,5.85,99930.0,291.35,0.15
2015-05-31 18:15:00,7.2,99930.0,291.45,0.15
2015-05-31 18:30:00,6.050000000000001,99920.0,291.5,0.15
2015-05-31 18:45:00,3.3,99910.0,291.54999999999995,0.15
2015-05-31 19:00:00,4.7,99905.0,291.45,0.15
2015-05-31 19:15:00,4.9,99910.0,291.25,0.15
2015-05-31 19:30:00,6.05,99910.0,291.2,0.15
2015-05-31 19:45:00,6.1,99910.0,291.25,0.15
2015-05-31 20:00:00,5.6,99920.0,291.25,0.15
2015-05-31 20:15:00,6.0,99940.0,291.15,0.15
2015-05-31 20:30:00,5.550000000000001,99940.0,291.2,0.15
2015-05-31 20:45:00,5.0,99930.0,290.85,0.15
2015-05-31 21:00:00,5.1,99920.0,290.65,0.15
2015-05-31 21:15:00,4.1,99930.0,290.54999999999995,0.15
2015-05-31 21:30:00,4.4,99925.0,290.65,0.15
2015-05-31 21:45:00,4.1,99920.0,290.65,0.15
2015-05-31 22:00:00,5.35,99925.0,290.65,0.15
2015-05-31 22:15:00,4.3,99940.0,289.95,0.15
2015-05-31 22:30:00,3.35,99950.0,289.29999999999995,0.15
2015-05-31 22:45:00,3.3,99950.0,289.25,0.15
2015-05-31 23:00:00,3.3,99950.0,289.04999999999995,0.15
2015-05-31 23:15:00,4.6,99960.0,288.85,0.15
2015-05-31 23:30:00,5.75,99980.0,288.75,0.15
2015-05-31 23:45:00,7.0,100030.0,287.95,0.15
2015-06-01 00:00:00,4.2,100045.0,287.54999999999995,0.15
2015-06-01 00:15:00,4.8,100070.0,287.15,0.15
2015-06-01 00:30:00,4.449999999999999,100090.0,286.7,0.15
2015-06-01 00:45:00,4.1,100100.0,286.45,0.15
2015-06-01 01:00:00,4.65,100130.0,286.4,0.15
2015-06-01 01:15:00,3.9,100140.0,286.35,0.15
2015-06-01 01:30:00,2.65,100170.0,286.29999999999995,0.15
2015-06-01 01:45:00,3.1,100190.0,286.35,0.15
2015-06-01 02:00:00,4.75,100205.0,285.95,0.15
2015-06-01 02:15:00,4.9,100240.0,284.95,0.15
2015-06-01 02:30:00,4.35,100260.0,284.54999999999995,0.15
2015-06-01 02:45:00,3.9,100260.0,284.35,0.15
2015-06-01 03:00:00,2.9,100285.0,284.25,0.15
2015-06-01 03:15:00,2.3,100290.0,284.25,0.15
2015-06-01 03:30:00,2.0,100305.0,284.1,0.15
2015-06-01 03:45:00,1.7,100300.0,283.95,0.15
2015-06-01 04:00:00,1.7999999999999998,100320.0,284.1,0.15
2015-06-01 04:15:00,1.7,100350.0,284.15,0.15
2015-06-01 04:30:00,1.5,100375.0,284.29999999999995,0.15
2015-06-01 04:45:00,1.2,100400.0,284.45,0.15
2015-06-01 05:00:00,1.45,100420.0,284.75,0.15
2015-06-01 05:15:00,1.4,100440.0,284.85,0.15
2015-06-01 05:30:00,1.65,100455.0,285.04999999999995,0.15
2015-06-01 05:45:00,1.3,100460.0,285.15,0.15
2015-06-01 06:00:00,1.55,100470.0,285.35,0.15
2015-06-01 06:15:00,1.0,100480.0,285.54999999999995,0.15
2015-06-01 06:30:00,0.8999999999999999,100490.0,285.95,0.15
2015-06-01 06:45:00,1.2,100510.0,286.04999999999995,0.15
2015-06-01 07:00:00,0.75,100485.0,286.15,0.15
2015-06-01 07:15:00,1.0,100490.0,286.15,0.15
2015-06-01 07:30:00,1.75,100515.0,286.9,0.15
2015-06-01 07:45:00,1.2,100510.0,287.54999999999995,0.15
2015-06-01 08:00:00,0.8,100520.0,287.4,0.15
2015-06-01 08:15:00,1.1,100520.0,287.54999999999995,0.15
2015-06-01 08:30:00,1.6,100525.0,287.4,0.15
2015-06-01 08:45:00,1.0,100530.0,287.25,0.15
2015-06-01 09:00:00,0.75,100530.0,288.0,0.15
2015-06-01 09:15:00,1.3,100530.0,288.04999999999995,0.15
2015-06-01 09:30:00,1.15,100540.0,288.04999999999995,0.15
2015-06-01 09:45:00,1.6,100540.0,288.25,0.15
2015-06-01 10:00:00,1.55,100545.0,288.65,0.15
2015-06-01 10:15:00,1.9,100550.0,288.85,0.15
2015-06-01 10:30:00,2.0,100555.0,289.15,0.15
2015-06-01 10:45:00,1.2,100560.0,289.54999999999995,0.15
2015-06-01 11:00:00,2.2,100560.0,289.25,0.15
2015-06-01 11:15:00,2.7,100550.0,289.45,0.15
2015-06-01 11:30:00,1.65,100545.0,289.65,0.15
2015-06-01 11:45:00,1.5,100520.0,290.45,0.15
2015-06-01 12:00:00,1.55,100525.0,290.35,0.15
2015-06-01 12:15:00,1.5,100540.0,290.54999999999995,0.15
2015-06-01 12:30:00,1.7,100545.0,290.29999999999995,0.15
2015-06-01 12:45:00,1.8,100550.0,290.15,0.15
2015-06-01 13:00:00,2.3,100545.0,291.35,0.15
2015-06-01 13:15:00,2.2,100530.0,291.54999999999995,0.15
2015-06-01 13:30:00,2.5,100535.0,291.65,0.15
2015-06-01 13:45:00,1.3,100530.0,291.75,0.15
2015-06-01 14:00:00,1.8,100510.0,291.95,0.15
2015-06-01 14:15:00,1.3,100500.0,292.15,0.15
2015-06-01 14:30:00,1.55,100475.0,292.1,0.15
2015-06-01 14:45:00,1.5,100460.0,291.75,0.15
2015-06-01 15:00:00,2.0,100460.0,291.6,0.15
2015-06-01 15:15:00,1.8,100440.0,292.25,0.15
2015-06-01 15:30:00,2.65,100430.0,292.15,0.15
2015-06-01 15:45:00,2.3,100440.0,291.45,0.15
2015-06-01 16:00:00,2.45,100425.0,291.7,0.15
2015-06-01 16:15:00,2.4,100410.0,291.85,0.15
2015-06-01 16:30:00,2.0,100390.0,291.15,0.15
2015-06-01 16:45:00,2.8,100370.0,290.95,0.15
2015-06-01 17:00:00,2.1,100370.0,291.29999999999995,0.15
2015-06-01 17:15:00,2.3,100360.0,290.54999999999995,0.15
2015-06-01 17:30:00,1.85,100360.0,290.65,0.15
2015-06-01 17:45:00,1.5,100360.0,290.65,0.15
2015-06-01 18:00:00,1.4,100340.0,289.9,0.15
2015-06-01 18:15:00,1.4,100320.0,289.45,0.15
2015-06-01 18:30:00,0.55,100310.0,288.9,0.15
2015-06-01 18:45:00,0.3,100300.0,287.85,0.15
2015-06-01 19:00:00,1.0,100295.0,287.45,0.15
2015-06-01 19:15:00,1.1,100300.0,286.75,0.15
2015-06-01 19:30:00,1.5,100290.0,285.95,0.15
2015-06-01 19:45:00,1.3,100300.0,286.25,0.15
2015-06-01 20:00:00,2.45,100320.0,285.4,0.15
2015-06-01 20:15:00,2.8,100310.0,284.95,0.15
2015-06-01 20:30:00,3.05,100335.0,286.45,0.15
2015-06-01 20:45:00,4.0,100330.0,286.25,0.15
2015-06-01 21:00:00,2.75,100320.0,285.95,0.15
2015-06-01 21:15:00,3.2,100320.0,284.25,0.15
2015-06-01 21:30:00,2.75,100320.0,284.1,0.15
2015-06-01 21:45:00,2.6,100330.0,284.65,0.15
2015-06-01 22:00:00,2.75,100330.0,284.4,0.15
2015-06-01 22:15:00,2.6,100320.0,283.15,0.15
2015-06-01 22:30:00,3.25,100320.0,283.79999999999995,0.15
2015-06-01 22:45:00,2.9,100320.0,283.25,0.15
2015-06-01 23:00:00,2.8,100315.0,282.7,0.15
2015-06-01 23:15:00,3.4,100300.0,283.45,0.15
2015-06-01 23:30:00,3.8,100295.0,283.65,0.15
2015-06-01 23:45:00,4.0,100300.0,284.85,0.15
2015-06-02 00:00:00,3.5,100295.0,284.5,0.15
2015-06-02 00:15:00,3.7,100300.0,282.95,0.15
2015-06-02 00:30:00,3.3,100290.0,282.5,0.15
2015-06-02 00:45:00,3.5,100270.0,282.65,0.15
2015-06-02 01:00:00,3.65,100255.0,283.6,0.15
2015-06-02 01:15:00,3.4,100230.0,284.15,0.15
2015-06-02 01:30:00,3.55,100225.0,284.2,0.15
2015-06-02 01:45:00,3.3,100220.0,284.25,0.15
2015-06-02 02:00:00,2.95,100205.0,284.25,0.15
2015-06-02 02:15:00,3.0,100170.0,284.45,0.15
2015-06-02 02:30:00,2.85,100160.0,284.6,0.15
2015-06-02 02:45:00,2.8,100150.0,284.25,0.15
2015-06-02 03:00:00,3.3,100140.0,284.5,0.15
2015-06-02 03:15:00,3.5,100140.0,285.04999999999995,0.15
2015-06-02 03:30:00,3.15,100130.0,285.35,0.15
2015-06-02 03:45:00,3.2,100120.0,285.54999999999995,0.15
2015-06-02 04:00:00,3.75,100110.0,285.4,0.15
2015-06-02 04:15:00,3.6,100110.0,285.15,0.15
2015-06-02 04:30:00,3.65,100100.0,285.0,0.15
2015-06-02 04:45:00,3.6,100100.0,285.15,0.15
2015-06-02 05:00:00,4.25,100110.0,285.1,0.15
2015-06-02 05:15:00,4.4,100130.0,285.35,0.15
2015-06-02 05:30:00,4.3,100145.0,285.65,0.15
2015-06-02 05:45:00,4.0,100150.0,285.85,0.15
2015-06-02 06:00:00,4.05,100145.0,286.04999999999995,0.15
2015-06-02 06:15:00,3.7,100130.0,286.25,0.15
2015-06-02 06:30:00,3.85,100120.0,286.65,0.15
2015-06-02 06:45:00,4.6,100120.0,286.95,0.15
2015-06-02 07:00:00,4.4,100140.0,287.0,0.15
2015-06-02 07:15:00,4.5,100130.0,286.95,0.15
2015-06-02 07:30:00,4.55,100140.0,287.4,0.15
2015-06-02 07:45:00,4.4,100140.0,287.95,0.15
2015-06-02 08:00:00,4.15,100155.0,288.1,0.15
2015-06-02 08:15:00,4.0,100160.0,288.25,0.15
2015-06-02 08:30:00,4.5,100160.0,288.65,0.15
2015-06-02 08:45:00,5.1,100160.0,288.85,0.15
2015-06-02 09:00:00,5.0,100160.0,289.29999999999995,0.15
2015-06-02 09:15:00,5.0,100150.0,289.85,0.15
2015-06-02 09:30:00,5.1,100150.0,290.29999999999995,0.15
2015-06-02 09:45:00,5.0,100150.0,290.95,0.15
2015-06-02 10:00:00,6.0,100160.0,291.35,0.15
2015-06-02 10:15:00,4.8,100160.0,291.25,0.15
2015-06-02 10:30:00,4.9,100150.0,291.29999999999995,0.15
2015-06-02 10:45:00,4.6,100140.0,291.75,0.15
2015-06-02 11:00:00,4.0,100140.0,292.25,0.15
2015-06-02 11:15:00,3.4,100120.0,293.04999999999995,0.15
2015-06-02 11:30:00,3.8,100120.0,293.65,0.15
2015-06-02 11:45:00,3.9,100110.0,293.85,0.15
2015-06-02 12:00:00,4.65,100100.0,293.95,0.15
2015-06-02 12:15:00,6.1,100110.0,293.95,0.15
2015-06-02 12:30:00,6.5,100105.0,294.6,0.15
2015-06-02 12:45:00,5.6,100110.0,294.65,0.15
2015-06-02 13:00:00,6.199999999999999,100110.0,294.9,0.15
2015-06-02 13:15:00,5.9,100110.0,295.15,0.15
2015-06-02 13:30:00,4.9,100100.0,295.29999999999995,0.15
2015-06-02 13:45:00,2.7,100110.0,295.45,0.15
2015-06-02 14:00:00,2.5,100110.0,295.75,0.15
2015-06-02 14:15:00,2.1,100110.0,295.54999999999995,0.15
2015-06-02 14:30:00,2.15,100115.0,295.35,0.15
2015-06-02 14:45:00,5.0,100110.0,295.95,0.15
2015-06-02 15:00:00,4.35,100120.0,296.35,0.15
2015-06-02 15:15:00,5.7,100120.0,297.04999999999995,0.15
2015-06-02 15:30:00,5.85,100130.0,296.5,0.15
2015-06-02 15:45:00,5.5,100130.0,296.35,0.15
2015-06-02 16:00:00,4.7,100130.0,296.45,0.15
2015-06-02 16:15:00,5.1,100120.0,296.54999999999995,0.15
2015-06-02 16:30:00,5.1,100125.0,296.65,0.15
2015-06-02 16:45:00,4.0,100130.0,296.45,0.15
2015-06-02 17:00:00,4.4,100125.0,296.65,0.15
2015-06-02 17:15:00,4.4,100140.0,296.75,0.15
2015-06-02 17:30:00,5.45,100160.0,296.7,0.15
2015-06-02 17:45:00,5.3,100170.0,296.54999999999995,0.15
2015-06-02 18:00:00,4.7,100205.0,296.2,0.15
2015-06-02 18:15:00,5.0,100230.0,296.15,0.15
2015-06-02 18:30:00,4.55,100245.0,296.0,0.15
2015-06-02 18:45:00,5.1,100250.0,295.85,0.15
2015-06-02 19:00:00,5.1,100260.0,295.7,0.15
2015-06-02 19:15:00,4.4,100270.0,295.54999999999995,0.15
2015-06-02 19:30:00,3.1,100280.0,294.7,0.15
2015-06-02 19:45:00,3.3,100290.0,294.35,0.15
2015-06-02 20:00:00,3.2,100300.0,293.79999999999995,0.15
2015-06-02 20:15:00,3.2,100310.0,293.15,0.15
2015-06-02 20:30:00,3.1,100295.0,293.79999999999995,0.15
2015-06-02 20:45:00,3.1,100290.0,293.85,0.15
2015-06-02 21:00:00,2.9000000000000004,100300.0,292.5,0.15
2015-06-02 21:15:00,2.5,100300.0,291.25,0.15
2015-06-02 21:30:00,2.4000000000000004,100315.0,290.95,0.15
2015-06-02 21:45:00,2.4,100330.0,290.54999999999995,0.15
2015-06-02 22:00:00,2.4,100330.0,291.45,0.15
2015-06-02 22:15:00,2.7,100340.0,291.45,0.15
2015-06-02 22:30:00,2.45,100345.0,291.95,0.15
2015-06-02 22:45:00,1.5,100360.0,292.15,0.15
2015-06-02 23:00:00,1.9,100380.0,290.5,0.15
2015-06-02 23:15:00,1.0,100390.0,290.25,0.15
2015-06-02 23:30:00,0.95,100395.0,289.29999999999995,0.15
2015-06-02 23:45:00,1.4,100400.0,289.25,0.15
2015-06-03 00:00:00,1.35,100405.0,288.7,0.15
2015-06-03 00:15:00,1.3,100410.0,288.35,0.15
2015-06-03 00:30:00,2.1,100410.0,290.4,0.15
2015-06-03 00:45:00,2.7,100420.0,289.45,0.15
2015-06-03 01:00:00,2.8,100420.0,288.15,0.15
2015-06-03 01:15:00,3.5,100420.0,289.15,0.15
2015-06-03 01:30:00,3.45,100435.0,289.65,0.15
2015-06-03 01:45:00,3.1,100450.0,289.75,0.15
2015-06-03 02:00:00,3.6,100460.0,290.04999999999995,0.15
2015-06-03 02:15:00,3.4,100450.0,289.95,0.15
2015-06-03 02:30:00,2.45,100470.0,290.25,0.15
2015-06-03 02:45:00,1.5,100480.0,289.54999999999995,0.15
2015-06-03 03:00:00,1.6,100490.0,289.54999999999995,0.15
2015-06-03 03:15:00,2.1,100500.0,289.95,0.15
2015-06-03 03:30:00,2.4,100515.0,290.29999999999995,0.15
2015-06-03 03:45:00,2.8,100530.0,290.35,0.15
2015-06-03 04:00:00,2.95,100535.0,290.6,0.15
2015-06-03 04:15:00,2.1,100550.0,290.45,0.15
2015-06-03 04:30:00,2.4,100565.0,290.4,0.15
2015-06-03 04:45:00,3.2,100580.0,290.45,0.15
2015-06-03 05:00:00,6.75,100665.0,288.25,0.15
2015-06-03 05:15:00,6.2,100710.0,287.85,0.15
2015-06-03 05:30:00,5.300000000000001,100740.0,287.7,0.15
2015-06-03 05:45:00,5.1,100760.0,287.65,0.15
2015-06-03 06:00:00,4.0,100775.0,287.85,0.15
2015-06-03 06:15:00,3.4,100790.0,288.35,0.15
2015-06-03 06:30:00,3.7,100810.0,288.7,0.15
2015-06-03 06:45:00,4.4,100820.0,288.85,0.15
2015-06-03 07:00:00,4.35,100850.0,289.2,0.15
2015-06-03 07:15:00,4.6,100870.0,289.54999999999995,0.15
2015-06-03 07:30:00,5.3,100890.0,289.54999999999995,0.15
2015-06-03 07:45:00,4.9,100920.0,289.45,0.15
2015-06-03 08:00:00,6.300000000000001,100935.0,289.95,0.15
2015-06-03 08:15:00,5.5,100960.0,290.35,0.15
2015-06-03 08:30:00,4.550000000000001,100965.0,290.2,0.15
2015-06-03 08:45:00,5.7,100990.0,290.15,0.15
2015-06-03 09:00:00,4.449999999999999,101005.0,290.25,0.15
2015-06-03 09:15:00,4.8,101020.0,289.95,0.15
2015-06-03 09:30:00,4.25,101020.0,290.65,0.15
2015-06-03 09:45:00,4.8,101040.0,290.75,0.15
2015-06-03 10:00:00,5.05,101050.0,291.2,0.15
2015-06-03 10:15:00,5.6,101060.0,291.65,0.15
2015-06-03 10:30:00,5.8,101070.0,292.25,0.15
2015-06-03 10:45:00,6.2,101080.0,293.25,0.15
2015-06-03 11:00:00,5.05,101085.0,292.95,0.15
2015-06-03 11:15:00,6.3,101100.0,292.75,0.15
2015-06-03 11:30:00,6.6,101110.0,292.7,0.15
2015-06-03 11:45:00,5.7,101120.0,293.15,0.15
2015-06-03 12:00:00,6.300000000000001,101125.0,293.65,0.15
2015-06-03 12:15:00,6.1,101140.0,293.95,0.15
2015-06-03 12:30:00,6.8,101145.0,294.25,0.15
2015-06-03 12:45:00,7.4,101150.0,293.45,0.15
2015-06-03 13:00:00,7.65,101180.0,294.15,0.15
2015-06-03 13:15:00,7.5,101180.0,294.25,0.15
2015-06-03 13:30:00,6.7,101205.0,293.5,0.15
2015-06-03 13:45:00,6.3,101220.0,294.35,0.15
2015-06-03 14:00:00,6.7,101220.0,293.95,0.15
2015-06-03 14:15:00,6.8,101230.0,293.15,0.15
2015-06-03 14:30:00,5.550000000000001,101225.0,293.29999999999995,0.15
2015-06-03 14:45:00,4.9,101230.0,293.95,0.15
2015-06-03 15:00:00,6.2,101240.0,294.1,0.15
2015-06-03 15:15:00,7.0,101220.0,293.75,0.15
2015-06-03 15:30:00,6.2,101225.0,293.65,0.15
2015-06-03 15:45:00,4.4,101230.0,294.04999999999995,0.15
2015-06-03 16:00:00,5.55,101240.0,294.04999999999995,0.15
2015-06-03 16:15:00,5.9,101240.0,294.04999999999995,0.15
2015-06-03 16:30:00,5.4,101240.0,293.9,0.15
2015-06-03 16:45:00,6.2,101240.0,293.25,0.15
2015-06-03 17:00:00,5.25,101255.0,293.75,0.15
2015-06-03 17:15:00,4.7,101270.0,292.85,0.15
2015-06-03 17:30:00,4.25,101280.0,292.79999999999995,0.15
2015-06-03 17:45:00,3.6,101280.0,292.35,0.15
2015-06-03 18:00:00,3.6,101295.0,292.0,0.15
2015-06-03 18:15:00,3.3,101300.0,291.85,0.15
2015-06-03 18:30:00,3.35,101325.0,290.9,0.15
2015-06-03 18:45:00,3.0,101340.0,290.54999999999995,0.15
2015-06-03 19:00:00,2.75,101365.0,289.9,0.15
2015-06-03 19:15:00,2.6,101370.0,289.45,0.15
2015-06-03 19:30:00,2.5,101385.0,289.0,0.15
2015-06-03 19:45:00,2.6,101400.0,288.75,0.15
2015-06-03 20:00:00,2.2,101430.0,287.6,0.15
2015-06-03 20:15:00,1.6,101440.0,287.04999999999995,0.15
2015-06-03 20:30:00,1.05,101460.0,286.4,0.15
2015-06-03 20:45:00,0.9,101460.0,286.35,0.15
2015-06-03 21:00:00,1.45,101475.0,285.95,0.15
2015-06-03 21:15:00,1.3,101490.0,285.95,0.15
2015-06-03 21:30:00,1.35,101500.0,285.7,0.15
2015-06-03 21:45:00,1.8,101500.0,285.54999999999995,0.15
2015-06-03 22:00:00,1.75,101515.0,285.5,0.15
2015-06-03 22:15:00,2.0,101520.0,286.25,0.15
2015-06-03 22:30:00,1.6,101535.0,286.54999999999995,0.15
2015-06-03 22:45:00,0.7,101550.0,285.85,0.15
2015-06-03 23:00:00,0.55,101560.0,284.9,0.15
2015-06-03 23:15:00,0.5,101560.0,285.04999999999995,0.15
2015-06-03 23:30:00,0.8500000000000001,101565.0,284.4,0.15
2015-06-03 23:45:00,1.0,101570.0,284.35,0.15
2015-06-04 00:00:00,0.25,101570.0,284.79999999999995,0.15
2015-06-04 00:15:00,0.2,101580.0,284.75,0.15
2015-06-04 00:30:00,1.0,101590.0,284.75,0.15
2015-06-04 00:45:00,2.0,101580.0,284.54999999999995,0.15
2015-06-04 01:00:00,1.65,101585.0,285.0,0.15
2015-06-04 01:15:00,0.7,101590.0,284.85,0.15
2015-06-04 01:30:00,1.4,101580.0,284.85,0.15
2015-06-04 01:45:00,1.0,101580.0,284.54999999999995,0.15
2015-06-04 02:00:00,1.75,101580.0,284.1,0.15
2015-06-04 02:15:00,1.5,101580.0,284.75,0.15
2015-06-04 02:30:00,2.3,101580.0,284.65,0.15
2015-06-04 02:45:00,1.9,101580.0,284.25,0.15
2015-06-04 03:00:00,1.7000000000000002,101590.0,284.04999999999995,0.15
2015-06-04 03:15:00,2.2,101600.0,283.54999999999995,0.15
2015-06-04 03:30:00,1.6,101605.0,283.29999999999995,0.15
2015-06-04 03:45:00,1.9,101600.0,281.75,0.15
2015-06-04 04:00:00,1.95,101615.0,281.9,0.15
2015-06-04 04:15:00,1.7,101620.0,283.54999999999995,0.15
2015-06-04 04:30:00,1.9,101630.0,282.6,0.15
2015-06-04 04:45:00,1.5,101630.0,283.54999999999995,0.15
2015-06-04 05:00:00,2.3,101645.0,285.35,0.15
2015-06-04 05:15:00,1.1,101650.0,286.45,0.15
2015-06-04 05:30:00,2.05,101650.0,287.0,0.15
2015-06-04 05:45:00,2.3,101650.0,287.45,0.15
2015-06-04 06:00:00,2.1500000000000004,101650.0,288.1,0.15
2015-06-04 06:15:00,2.0,101650.0,289.04999999999995,0.15
2015-06-04 06:30:00,2.0,101650.0,289.6,0.15
2015-06-04 06:45:00,1.9,101650.0,290.45,0.15
2015-06-04 07:00:00,2.2,101645.0,290.79999999999995,0.15
2015-06-04 07:15:00,2.3,101650.0,291.35,0.15
2015-06-04 07:30:00,2.75,101645.0,291.54999999999995,0.15
2015-06-04 07:45:00,2.8,101640.0,292.04999999999995,0.15
2015-06-04 08:00:00,2.95,101635.0,292.6,0.15
2015-06-04 08:15:00,2.5,101630.0,292.95,0.15
2015-06-04 08:30:00,3.1,101630.0,293.1,0.15
2015-06-04 08:45:00,2.7,101610.0,293.04999999999995,0.15
2015-06-04 09:00:00,2.6500000000000004,101600.0,293.79999999999995,0.15
2015-06-04 09:15:00,3.4,101600.0,294.75,0.15
2015-06-04 09:30:00,2.9000000000000004,101595.0,294.7,0.15
2015-06-04 09:45:00,2.3,101600.0,294.15,0.15
2015-06-04 10:00:00,2.7,101575.0,294.65,0.15
2015-06-04 10:15:00,2.4,101560.0,294.65,0.15
2015-06-04 10:30:00,2.05,101550.0,295.45,0.15
2015-06-04 10:45:00,2.6,101540.0,295.54999999999995,0.15
2015-06-04 11:00:00,2.25,101525.0,295.54999999999995,0.15
2015-06-04 11:15:00,2.8,101510.0,296.45,0.15
2015-06-04 11:30:00,2.5,101500.0,296.35,0.15
2015-06-04 11:45:00,2.8,101490.0,296.15,0.15
2015-06-04 12:00:00,2.5,101470.0,296.79999999999995,0.15
2015-06-04 12:15:00,1.8,101460.0,296.95,0.15
2015-06-04 12:30:00,2.9,101435.0,297.5,0.15
2015-06-04 12:45:00,2.8,101420.0,297.75,0.15
2015-06-04 13:00:00,2.35,101405.0,297.7,0.15
2015-06-04 13:15:00,2.2,101390.0,297.45,0.15
2015-06-04 13:30:00,2.9,101370.0,298.0,0.15
2015-06-04 13:45:00,2.6,101350.0,297.85,0.15
2015-06-04 14:00:00,2.4,101335.0,298.65,0.15
2015-06-04 14:15:00,2.8,101320.0,298.45,0.15
2015-06-04 14:30:00,2.2,101310.0,298.6,0.15
2015-06-04 14:45:00,2.4,101280.0,299.45,0.15
2015-06-04 15:00:00,1.7,101265.0,298.75,0.15
2015-06-04 15:15:00,2.0,101240.0,299.15,0.15
2015-06-04 15:30:00,2.6,101230.0,299.25,0.15
2015-06-04 15:45:00,1.7,101210.0,299.04999999999995,0.15
2015-06-04 16:00:00,1.85,101185.0,299.25,0.15
2015-06-04 16:15:00,1.3,101170.0,299.15,0.15
2015-06-04 16:30:00,2.4,101160.0,299.25,0.15
2015-06-04 16:45:00,2.6,101150.0,299.04999999999995,0.15
2015-06-04 17:00:00,1.5,101140.0,299.4,0.15
2015-06-04 17:15:00,2.5,101130.0,298.95,0.15
2015-06-04 17:30:00,1.9,101115.0,298.95,0.15
2015-06-04 17:45:00,1.6,101100.0,298.85,0.15
2015-06-04 18:00:00,2.0,101100.0,298.35,0.15
2015-06-04 18:15:00,2.3,101100.0,297.35,0.15
2015-06-04 18:30:00,1.85,101085.0,297.6,0.15
2015-06-04 18:45:00,2.0,101080.0,297.15,0.15
2015-06-04 19:00:00,1.9,101065.0,295.9,0.15
2015-06-04 19:15:00,2.0,101060.0,295.25,0.15
2015-06-04 19:30:00,1.8,101060.0,294.29999999999995,0.15
2015-06-04 19:45:00,2.0,101050.0,293.54999999999995,0.15
2015-06-04 20:00:00,2.2,101065.0,293.29999999999995,0.15
2015-06-04 20:15:00,1.7,101070.0,293.25,0.15
2015-06-04 20:30:00,1.6,101080.0,293.15,0.15
2015-06-04 20:45:00,2.2,101070.0,293.15,0.15
2015-06-04 21:00:00,2.4,101075.0,292.79999999999995,0.15
2015-06-04 21:15:00,2.6,101080.0,292.35,0.15
2015-06-04 21:30:00,2.75,101075.0,292.29999999999995,0.15
2015-06-04 21:45:00,2.8,101070.0,291.95,0.15
2015-06-04 22:00:00,2.85,101060.0,291.5,0.15
2015-06-04 22:15:00,2.9,101060.0,290.75,0.15
2015-06-04 22:30:00,2.2,101070.0,290.95,0.15
2015-06-04 22:45:00,1.4,101070.0,290.75,0.15
2015-06-04 23:00:00,1.8,101065.0,291.0,0.15
2015-06-04 23:15:00,1.9,101070.0,290.54999999999995,0.15
2015-06-04 23:30:00,1.6,101065.0,288.15,0.15
2015-06-04 23:45:00,1.6,101060.0,287.15,0.15
2015-06-05 00:00:00,1.75,101050.0,286.7,0.15
2015-06-05 00:15:00,1.8,101040.0,288.45,0.15
2015-06-05 00:30:00,1.8,101030.0,287.95,0.15
2015-06-05 00:45:00,2.5,101020.0,288.45,0.15
2015-06-05 01:00:00,2.5,101005.0,288.6,0.15
2015-06-05 01:15:00,2.2,100990.0,288.35,0.15
2015-06-05 01:30:00,1.95,100985.0,288.35,0.15
2015-06-05 01:45:00,1.9,100970.0,287.85,0.15
2015-06-05 02:00:00,2.25,100955.0,288.35,0.15
2015-06-05 02:15:00,2.4,100950.0,288.45,0.15
2015-06-05 02:30:00,2.6,100940.0,288.65,0.15
2015-06-05 02:45:00,2.3,100940.0,288.54999999999995,0.15
2015-06-05 03:00:00,1.95,100930.0,288.2,0.15
2015-06-05 03:15:00,2.2,100930.0,288.35,0.15
2015-06-05 03:30:00,2.4000000000000004,100925.0,288.25,0.15
2015-06-05 03:45:00,2.6,100920.0,288.25,0.15
2015-06-05 04:00:00,2.25,100900.0,288.45,0.15
2015-06-05 04:15:00,2.6,100900.0,288.45,0.15
2015-06-05 04:30:00,2.4,100895.0,289.2,0.15
2015-06-05 04:45:00,2.3,100890.0,289.65,0.15
2015-06-05 05:00:00,1.7000000000000002,100890.0,290.29999999999995,0.15
2015-06-05 05:15:00,1.8,100890.0,290.95,0.15
2015-06-05 05:30:00,1.7999999999999998,100900.0,291.65,0.15
2015-06-05 05:45:00,2.6,100900.0,292.45,0.15
2015-06-05 06:00:00,3.1,100895.0,293.2,0.15
2015-06-05 06:15:00,3.5,100880.0,293.54999999999995,0.15
2015-06-05 06:30:00,3.6,100880.0,294.29999999999995,0.15
2015-06-05 06:45:00,4.2,100880.0,294.95,0.15
2015-06-05 07:00:00,4.35,100870.0,295.25,0.15
2015-06-05 07:15:00,4.5,100860.0,295.75,0.15
2015-06-05 07:30:00,4.15,100850.0,296.4,0.15
2015-06-05 07:45:00,3.5,100850.0,296.75,0.15
2015-06-05 08:00:00,3.25,100845.0,297.6,0.15
2015-06-05 08:15:00,3.8,100830.0,298.65,0.15
2015-06-05 08:30:00,3.25,100825.0,298.7,0.15
2015-06-05 08:45:00,3.4,100830.0,299.45,0.15
2015-06-05 09:00:00,3.6,100820.0,300.25,0.15
2015-06-05 09:15:00,3.6,100800.0,300.65,0.15
2015-06-05 09:30:00,3.65,100795.0,301.0,0.15
2015-06-05 09:45:00,3.4,100780.0,301.54999999999995,0.15
2015-06-05 10:00:00,4.15,100765.0,302.45,0.15
2015-06-05 10:15:00,4.1,100750.0,302.85,0.15
2015-06-05 10:30:00,3.95,100735.0,302.95,0.15
2015-06-05 10:45:00,4.3,100730.0,303.95,0.15
2015-06-05 11:00:00,3.5,100715.0,304.04999999999995,0.15
2015-06-05 11:15:00,4.7,100690.0,304.35,0.15
2015-06-05 11:30:00,3.6,100680.0,304.9,0.15
2015-06-05 11:45:00,3.7,100660.0,304.95,0.15
2015-06-05 12:00:00,4.0,100650.0,305.1,0.15
2015-06-05 12:15:00,4.5,100630.0,306.15,0.15
2015-06-05 12:30:00,3.85,100625.0,305.7,0.15
2015-06-05 12:45:00,2.7,100600.0,305.85,0.15
2015-06-05 13:00:00,3.1,100585.0,306.25,0.15
2015-06-05 13:15:00,2.8,100570.0,305.85,0.15
2015-06-05 13:30:00,4.05,100555.0,306.29999999999995,0.15
2015-06-05 13:45:00,4.1,100540.0,306.54999999999995,0.15
2015-06-05 14:00:00,4.3,100515.0,306.79999999999995,0.15
2015-06-05 14:15:00,5.3,100500.0,306.85,0.15
2015-06-05 14:30:00,4.199999999999999,100470.0,306.79999999999995,0.15
2015-06-05 14:45:00,5.1,100440.0,307.25,0.15
2015-06-05 15:00:00,5.25,100405.0,307.45,0.15
2015-06-05 15:15:00,4.6,100380.0,308.04999999999995,0.15
2015-06-05 15:30:00,4.85,100355.0,307.65,0.15
2015-06-05 15:45:00,5.3,100350.0,307.75,0.15
2015-06-05 16:00:00,5.15,100355.0,307.45,0.15
2015-06-05 16:15:00,4.5,100360.0,307.35,0.15
2015-06-05 16:30:00,4.300000000000001,100360.0,307.7,0.15
2015-06-05 16:45:00,4.8,100330.0,307.35,0.15
2015-06-05 17:00:00,4.800000000000001,100335.0,307.25,0.15
2015-06-05 17:15:00,4.8,100320.0,306.95,0.15
2015-06-05 17:30:00,4.2,100300.0,306.75,0.15
2015-06-05 17:45:00,3.7,100310.0,306.45,0.15
2015-06-05 18:00:00,3.25,100310.0,306.2,0.15
2015-06-05 18:15:00,3.2,100310.0,305.95,0.15
2015-06-05 18:30:00,2.95,100295.0,304.25,0.15
2015-06-05 18:45:00,2.3,100300.0,302.65,0.15
2015-06-05 19:00:00,1.9,100310.0,302.35,0.15
2015-06-05 19:15:00,1.4,100330.0,301.95,0.15
2015-06-05 19:30:00,1.0499999999999998,100350.0,301.4,0.15
2015-06-05 19:45:00,1.1,100370.0,300.85,0.15
2015-06-05 20:00:00,1.65,100395.0,299.85,0.15
2015-06-05 20:15:00,4.4,100490.0,298.04999999999995,0.15
2015-06-05 20:30:00,6.05,100550.0,299.95,0.15
2015-06-05 20:45:00,6.3,100520.0,299.25,0.15
2015-06-05 21:00:00,4.2,100500.0,298.54999999999995,0.15
2015-06-05 21:15:00,3.9,100590.0,297.75,0.15
2015-06-05 21:30:00,2.4,100600.0,297.65,0.15
2015-06-05 21:45:00,2.7,100580.0,298.04999999999995,0.15
2015-06-05 22:00:00,2.9,100640.0,297.4,0.15
2015-06-05 22:15:00,3.8,100780.0,297.15,0.15
2015-06-05 22:30:00,4.05,100840.0,294.6,0.15
2015-06-05 22:45:00,3.0,100790.0,293.15,0.15
2015-06-05 23:00:00,2.25,100720.0,292.95,0.15
2015-06-05 23:15:00,2.9,100710.0,292.54999999999995,0.15
2015-06-05 23:30:00,1.45,100720.0,292.6,0.15
2015-06-05 23:45:00,3.9,100630.0,292.54999999999995,0.15
2015-06-06 00:00:00,4.25,100625.0,292.5,0.15
2015-06-06 00:15:00,1.6,100610.0,292.54999999999995,0.15
2015-06-06 00:30:00,2.1,100600.0,292.5,0.15
2015-06-06 00:45:00,2.8,100590.0,292.35,0.15
2015-06-06 01:00:00,1.85,100590.0,292.35,0.15
2015-06-06 01:15:00,1.3,100600.0,291.95,0.15
2015-06-06 01:30:00,1.2,100615.0,292.1,0.15
2015-06-06 01:45:00,2.3,100700.0,292.04999999999995,0.15
2015-06-06 02:00:00,1.6,100660.0,292.0,0.15
2015-06-06 02:15:00,0.9,100660.0,291.95,0.15
2015-06-06 02:30:00,1.0,100680.0,291.75,0.15
2015-06-06 02:45:00,1.4,100730.0,291.54999999999995,0.15
2015-06-06 03:00:00,0.8500000000000001,100715.0,291.7,0.15
2015-06-06 03:15:00,0.7,100700.0,291.65,0.15
2015-06-06 03:30:00,0.8500000000000001,100730.0,291.29999999999995,0.15
2015-06-06 03:45:00,1.1,100750.0,291.15,0.15
2015-06-06 04:00:00,0.9,100765.0,291.25,0.15
2015-06-06 04:15:00,1.1,100800.0,291.54999999999995,0.15
2015-06-06 04:30:00,2.2,100825.0,292.15,0.15
2015-06-06 04:45:00,2.4,100840.0,292.45,0.15
2015-06-06 05:00:00,1.5,100870.0,292.65,0.15
2015-06-06 05:15:00,2.5,100890.0,292.75,0.15
2015-06-06 05:30:00,2.4000000000000004,100900.0,292.79999999999995,0.15
2015-06-06 05:45:00,3.8,100920.0,292.45,0.15
2015-06-06 06:00:00,5.4,100965.0,291.2,0.15
2015-06-06 06:15:00,6.0,101000.0,290.95,0.15
2015-06-06 06:30:00,4.25,101025.0,290.85,0.15
2015-06-06 06:45:00,2.9,101040.0,290.95,0.15
2015-06-06 07:00:00,3.8,101040.0,291.0,0.15
2015-06-06 07:15:00,3.3,101050.0,290.95,0.15
2015-06-06 07:30:00,4.6,101070.0,291.04999999999995,0.15
2015-06-06 07:45:00,5.0,101080.0,291.04999999999995,0.15
2015-06-06 08:00:00,4.85,101100.0,290.95,0.15
2015-06-06 08:15:00,4.3,101120.0,291.25,0.15
2015-06-06 08:30:00,4.699999999999999,101150.0,291.0,0.15
2015-06-06 08:45:00,4.1,101180.0,290.85,0.15
2015-06-06 09:00:00,4.699999999999999,101200.0,290.75,0.15
2015-06-06 09:15:00,4.6,101230.0,290.75,0.15
2015-06-06 09:30:00,4.4,101240.0,290.79999999999995,0.15
2015-06-06 09:45:00,4.8,101250.0,290.95,0.15
2015-06-06 10:00:00,4.0,101270.0,291.2,0.15
2015-06-06 10:15:00,3.7,101270.0,291.85,0.15
2015-06-06 10:30:00,4.2,101280.0,291.9,0.15
2015-06-06 10:45:00,3.4,101280.0,292.65,0.15
2015-06-06 11:00:00,4.050000000000001,101285.0,292.75,0.15
2015-06-06 11:15:00,3.6,101300.0,292.85,0.15
2015-06-06 11:30:00,3.9,101300.0,293.45,0.15
2015-06-06 11:45:00,4.4,101300.0,293.04999999999995,0.15
2015-06-06 12:00:00,3.7,101300.0,293.9,0.15
2015-06-06 12:15:00,4.9,101300.0,293.95,0.15
2015-06-06 12:30:00,4.05,101300.0,294.65,0.15
2015-06-06 12:45:00,3.9,101330.0,293.54999999999995,0.15
2015-06-06 13:00:00,3.7,101335.0,294.15,0.15
2015-06-06 13:15:00,3.7,101340.0,294.04999999999995,0.15
2015-06-06 13:30:00,3.1,101340.0,294.79999999999995,0.15
2015-06-06 13:45:00,3.6,101320.0,294.15,0.15
2015-06-06 14:00:00,3.15,101330.0,294.7,0.15
2015-06-06 14:15:00,3.1,101330.0,295.45,0.15
2015-06-06 14:30:00,4.0,101335.0,295.85,0.15
2015-06-06 14:45:00,4.0,101320.0,295.85,0.15
2015-06-06 15:00:00,4.300000000000001,101320.0,296.0,0.15
2015-06-06 15:15:00,3.6,101310.0,295.95,0.15
2015-06-06 15:30:00,4.1,101300.0,295.85,0.15
2015-06-06 15:45:00,4.3,101280.0,296.25,0.15
2015-06-06 16:00:00,4.5,101270.0,295.75,0.15
2015-06-06 16:15:00,4.2,101270.0,295.75,0.15
2015-06-06 16:30:00,4.55,101270.0,295.79999999999995,0.15
2015-06-06 16:45:00,4.9,101270.0,295.65,0.15
2015-06-06 17:00:00,4.25,101270.0,295.6,0.15
2015-06-06 17:15:00,3.2,101280.0,295.45,0.15
2015-06-06 17:30:00,4.15,101275.0,295.25,0.15
2015-06-06 17:45:00,4.3,101280.0,294.95,0.15
2015-06-06 18:00:00,4.449999999999999,101295.0,294.7,0.15
2015-06-06 18:15:00,4.2,101300.0,294.25,0.15
2015-06-06 18:30:00,3.95,101315.0,293.85,0.15
2015-06-06 18:45:00,4.1,101330.0,293.25,0.15
2015-06-06 19:00:00,3.3,101345.0,292.4,0.15
2015-06-06 19:15:00,3.7,101370.0,292.04999999999995,0.15
2015-06-06 19:30:00,3.75,101400.0,290.9,0.15
2015-06-06 19:45:00,3.8,101440.0,290.75,0.15
2015-06-06 20:00:00,3.55,101465.0,290.15,0.15
2015-06-06 20:15:00,2.9,101470.0,289.35,0.15
2015-06-06 20:30:00,3.2,101495.0,289.04999999999995,0.15
2015-06-06 20:45:00,3.5,101500.0,288.35,0.15
2015-06-06 21:00:00,3.6,101515.0,288.6,0.15
2015-06-06 21:15:00,3.2,101520.0,288.04999999999995,0.15
2015-06-06 21:30:00,2.4000000000000004,101530.0,287.5,0.15
2015-06-06 21:45:00,1.0,101560.0,286.85,0.15
2015-06-06 22:00:00,1.5,101560.0,286.45,0.15
2015-06-06 22:15:00,2.2,101570.0,286.04999999999995,0.15
2015-06-06 22:30:00,2.6,101555.0,285.7,0.15
2015-06-06 22:45:00,2.6,101540.0,285.45,0.15
2015-06-06 23:00:00,1.85,101540.0,284.54999999999995,0.15
2015-06-06 23:15:00,2.2,101580.0,284.45,0.15
2015-06-06 23:30:00,1.6,101585.0,284.7,0.15
2015-06-06 23:45:00,2.1,101580.0,284.35,0.15
2015-06-07 00:00:00,1.8,101595.0,284.0,0.15
2015-06-07 00:15:00,0.6,101610.0,284.35,0.15
2015-06-07 00:30:00,1.25,101635.0,283.35,0.15
2015-06-07 00:45:00,1.2,101650.0,283.25,0.15
2015-06-07 01:00:00,0.7,101660.0,282.95,0.15
2015-06-07 01:15:00,0.6,101660.0,282.54999999999995,0.15
2015-06-07 01:30:00,0.55,101670.0,281.95,0.15
2015-06-07 01:45:00,1.8,101660.0,282.65,0.15
2015-06-07 02:00:00,0.85,101650.0,282.35,0.15
2015-06-07 02:15:00,0.5,101650.0,281.85,0.15
2015-06-07 02:30:00,0.45,101650.0,281.7,0.15
2015-06-07 02:45:00,0.7,101660.0,281.15,0.15
2015-06-07 03:00:00,0.55,101675.0,280.5,0.15
2015-06-07 03:15:00,0.8,101680.0,281.25,0.15
2015-06-07 03:30:00,1.15,101690.0,281.65,0.15
2015-06-07 03:45:00,1.3,101700.0,281.35,0.15
2015-06-07 04:00:00,1.75,101715.0,281.15,0.15
2015-06-07 04:15:00,1.7,101730.0,281.25,0.15
2015-06-07 04:30:00,0.8500000000000001,101745.0,281.15,0.15
2015-06-07 04:45:00,0.6,101760.0,281.95,0.15
2015-06-07 05:00:00,0.35,101755.0,282.95,0.15
2015-06-07 05:15:00,0.5,101750.0,283.95,0.15
2015-06-07 05:30:00,1.1,101765.0,284.45,0.15
2015-06-07 05:45:00,1.5,101780.0,285.54999999999995,0.15
2015-06-07 06:00:00,1.6,101775.0,286.1,0.15
2015-06-07 06:15:00,2.1,101770.0,286.35,0.15
2015-06-07 06:30:00,2.1500000000000004,101760.0,287.5,0.15
2015-06-07 06:45:00,2.2,101760.0,288.25,0.15
2015-06-07 07:00:00,2.1,101765.0,289.25,0.15
2015-06-07 07:15:00,2.3,101770.0,289.54999999999995,0.15
2015-06-07 07:30:00,1.95,101765.0,289.85,0.15
2015-06-07 07:45:00,1.6,101760.0,290.65,0.15
2015-06-07 08:00:00,1.85,101770.0,290.85,0.15
2015-06-07 08:15:00,2.2,101770.0,291.65,0.15
2015-06-07 08:30:00,2.25,101760.0,291.95,0.15
2015-06-07 08:45:00,2.1,101760.0,291.85,0.15
2015-06-07 09:00:00,2.3,101755.0,292.25,0.15
2015-06-07 09:15:00,2.0,101750.0,292.45,0.15
2015-06-07 09:30:00,2.75,101745.0,293.35,0.15
2015-06-07 09:45:00,3.6,101730.0,293.25,0.15
2015-06-07 10:00:00,3.75,101730.0,293.45,0.15
2015-06-07 10:15:00,3.7,101730.0,294.15,0.15
2015-06-07 10:30:00,4.050000000000001,101730.0,294.1,0.15
2015-06-07 10:45:00,3.9,101720.0,293.95,0.15
2015-06-07 11:00:00,3.95,101720.0,294.7,0.15
2015-06-07 11:15:00,4.0,101710.0,294.35,0.15
2015-06-07 11:30:00,3.75,101695.0,295.5,0.15
2015-06-07 11:45:00,3.5,101700.0,294.95,0.15
2015-06-07 12:00:00,3.8,101685.0,295.35,0.15
2015-06-07 12:15:00,5.0,101670.0,294.95,0.15
2015-06-07 12:30:00,3.9,101670.0,295.95,0.15
2015-06-07 12:45:00,4.0,101660.0,295.54999999999995,0.15
2015-06-07 13:00:00,4.5,101665.0,295.29999999999995,0.15
2015-06-07 13:15:00,3.9,101660.0,295.15,0.15
2015-06-07 13:30:00,3.4,101635.0,296.29999999999995,0.15
2015-06-07 13:45:00,3.7,101620.0,296.25,0.15
2015-06-07 14:00:00,3.7,101620.0,296.1,0.15
2015-06-07 14:15:00,4.5,101610.0,296.35,0.15
2015-06-07 14:30:00,3.7,101605.0,296.0,0.15
2015-06-07 14:45:00,4.4,101590.0,296.04999999999995,0.15
2015-06-07 15:00:00,4.0,101590.0,296.25,0.15
2015-06-07 15:15:00,4.4,101590.0,296.04999999999995,0.15
2015-06-07 15:30:00,4.199999999999999,101585.0,295.9,0.15
2015-06-07 15:45:00,4.1,101570.0,295.85,0.15
2015-06-07 16:00:00,3.7,101570.0,295.79999999999995,0.15
2015-06-07 16:15:00,5.0,101550.0,295.75,0.15
2015-06-07 16:30:00,5.050000000000001,101550.0,295.65,0.15
2015-06-07 16:45:00,3.8,101550.0,295.65,0.15
2015-06-07 17:00:00,5.6,101540.0,295.5,0.15
2015-06-07 17:15:00,5.6,101530.0,295.35,0.15
2015-06-07 17:30:00,5.4,101535.0,295.04999999999995,0.15
2015-06-07 17:45:00,5.5,101540.0,294.75,0.15
2015-06-07 18:00:00,5.45,101540.0,294.54999999999995,0.15
2015-06-07 18:15:00,4.9,101550.0,294.15,0.15
2015-06-07 18:30:00,5.550000000000001,101550.0,293.75,0.15
2015-06-07 18:45:00,4.6,101550.0,293.35,0.15
2015-06-07 19:00:00,4.550000000000001,101565.0,292.6,0.15
2015-06-07 19:15:00,4.2,101570.0,291.45,0.15
2015-06-07 19:30:00,4.449999999999999,101595.0,290.9,0.15
2015-06-07 19:45:00,4.5,101610.0,290.25,0.15
2015-06-07 20:00:00,4.35,101620.0,289.35,0.15
2015-06-07 20:15:00,4.1,101630.0,289.65,0.15
2015-06-07 20:30:00,4.15,101635.0,289.0,0.15
2015-06-07 20:45:00,3.8,101640.0,288.04999999999995,0.15
2015-06-07 21:00:00,4.1,101650.0,287.6,0.15
2015-06-07 21:15:00,4.1,101660.0,287.25,0.15
2015-06-07 21:30:00,3.95,101660.0,286.75,0.15
2015-06-07 21:45:00,4.2,101670.0,286.95,0.15
2015-06-07 22:00:00,4.0,101675.0,286.1,0.15
2015-06-07 22:15:00,3.6,101690.0,285.45,0.15
2015-06-07 22:30:00,4.0,101700.0,285.9,0.15
2015-06-07 22:45:00,4.0,101710.0,286.95,0.15
2015-06-07 23:00:00,4.2,101710.0,285.04999999999995,0.15
2015-06-07 23:15:00,3.4,101720.0,285.35,0.15
2015-06-07 23:30:00,3.9,101715.0,285.4,0.15
2015-06-07 23:45:00,4.0,101710.0,285.54999999999995,0.15
2015-06-08 00:00:00,3.4000000000000004,101710.0,285.04999999999995,0.15
2015-06-08 00:15:00,3.4,101710.0,284.25,0.15
2015-06-08 00:30:00,3.0,101710.0,284.6,0.15
2015-06-08 00:45:00,3.1,101710.0,284.85,0.15
2015-06-08 01:00:00,2.9,101715.0,284.29999999999995,0.15
2015-06-08 01:15:00,2.5,101720.0,284.75,0.15
2015-06-08 01:30:00,2.5,101700.0,285.0,0.15
2015-06-08 01:45:00,3.0,101700.0,285.15,0.15
2015-06-08 02:00:00,2.8,101700.0,284.79999999999995,0.15
2015-06-08 02:15:00,2.4,101690.0,284.85,0.15
2015-06-08 02:30:00,2.2,101695.0,284.15,0.15
2015-06-08 02:45:00,2.4,101690.0,283.54999999999995,0.15
2015-06-08 03:00:00,2.35,101690.0,283.1,0.15
2015-06-08 03:15:00,2.5,101680.0,282.85,0.15
2015-06-08 03:30:00,2.8,101685.0,282.85,0.15
2015-06-08 03:45:00,2.7,101680.0,282.45,0.15
2015-06-08 04:00:00,2.8,101695.0,282.85,0.15
2015-06-08 04:15:00,2.3,101700.0,283.15,0.15
2015-06-08 04:30:00,2.8,101700.0,283.0,0.15
2015-06-08 04:45:00,3.0,101700.0,283.65,0.15
2015-06-08 05:00:00,3.3,101715.0,284.35,0.15
2015-06-08 05:15:00,3.5,101710.0,284.85,0.15
2015-06-08 05:30:00,3.45,101705.0,285.29999999999995,0.15
2015-06-08 05:45:00,3.8,101700.0,285.65,0.15
2015-06-08 06:00:00,3.3,101700.0,286.25,0.15
2015-06-08 06:15:00,3.9,101700.0,286.45,0.15
2015-06-08 06:30:00,3.4,101690.0,287.1,0.15
2015-06-08 06:45:00,3.8,101690.0,287.65,0.15
2015-06-08 07:00:00,3.65,101695.0,288.15,0.15
2015-06-08 07:15:00,3.7,101700.0,288.35,0.15
2015-06-08 07:30:00,4.05,101680.0,288.54999999999995,0.15
2015-06-08 07:45:00,4.2,101680.0,289.04999999999995,0.15
2015-06-08 08:00:00,5.15,101680.0,289.35,0.15
2015-06-08 08:15:00,5.3,101670.0,289.25,0.15
2015-06-08 08:30:00,5.949999999999999,101670.0,290.29999999999995,0.15
2015-06-08 08:45:00,5.6,101680.0,289.65,0.15
2015-06-08 09:00:00,5.05,101670.0,290.04999999999995,0.15
2015-06-08 09:15:00,4.3,101680.0,291.04999999999995,0.15
2015-06-08 09:30:00,5.15,101690.0,290.6,0.15
2015-06-08 09:45:00,4.5,101680.0,290.75,0.15
2015-06-08 10:00:00,4.75,101685.0,291.04999999999995,0.15
2015-06-08 10:15:00,4.2,101670.0,291.25,0.15
2015-06-08 10:30:00,4.55,101655.0,291.4,0.15
2015-06-08 10:45:00,5.7,101660.0,291.04999999999995,0.15
2015-06-08 11:00:00,5.75,101640.0,291.5,0.15
2015-06-08 11:15:00,4.2,101620.0,292.65,0.15
2015-06-08 11:30:00,3.95,101605.0,292.75,0.15
2015-06-08 11:45:00,4.5,101600.0,292.15,0.15
2015-06-08 12:00:00,5.4,101585.0,293.04999999999995,0.15
2015-06-08 12:15:00,4.8,101580.0,292.54999999999995,0.15
2015-06-08 12:30:00,5.4,101560.0,292.45,0.15
2015-06-08 12:45:00,6.5,101550.0,292.85,0.15
2015-06-08 13:00:00,5.199999999999999,101540.0,292.9,0.15
2015-06-08 13:15:00,7.2,101530.0,292.65,0.15
2015-06-08 13:30:00,6.4,101510.0,293.45,0.15
2015-06-08 13:45:00,5.9,101500.0,293.15,0.15
2015-06-08 14:00:00,5.65,101495.0,293.2,0.15
2015-06-08 14:15:00,5.6,101480.0,293.54999999999995,0.15
2015-06-08 14:30:00,5.35,101465.0,293.29999999999995,0.15
2015-06-08 14:45:00,5.4,101450.0,293.65,0.15
2015-06-08 15:00:00,6.2,101440.0,293.29999999999995,0.15
2015-06-08 15:15:00,5.4,101440.0,292.85,0.15
2015-06-08 15:30:00,7.050000000000001,101430.0,292.45,0.15
2015-06-08 15:45:00,7.1,101430.0,292.04999999999995,0.15
2015-06-08 16:00:00,6.6,101430.0,291.95,0.15
2015-06-08 16:15:00,6.4,101430.0,291.85,0.15
2015-06-08 16:30:00,6.25,101420.0,292.04999999999995,0.15
2015-06-08 16:45:00,5.6,101420.0,292.04999999999995,0.15
2015-06-08 17:00:00,5.75,101415.0,292.15,0.15
2015-06-08 17:15:00,7.2,101410.0,291.85,0.15
2015-06-08 17:30:00,5.65,101415.0,291.54999999999995,0.15
2015-06-08 17:45:00,5.3,101430.0,291.04999999999995,0.15
2015-06-08 18:00:00,5.5,101430.0,290.75,0.15
2015-06-08 18:15:00,5.0,101430.0,290.45,0.15
2015-06-08 18:30:00,5.0,101450.0,290.5,0.15
2015-06-08 18:45:00,5.1,101450.0,290.25,0.15
2015-06-08 19:00:00,5.1,101445.0,290.15,0.15
2015-06-08 19:15:00,5.2,101440.0,289.95,0.15
2015-06-08 19:30:00,4.5,101460.0,289.75,0.15
2015-06-08 19:45:00,4.0,101480.0,289.35,0.15
2015-06-08 20:00:00,3.75,101495.0,289.1,0.15
2015-06-08 20:15:00,3.4,101500.0,288.85,0.15
2015-06-08 20:30:00,3.1500000000000004,101515.0,288.5,0.15
2015-06-08 20:45:00,3.2,101520.0,287.95,0.15
2015-06-08 21:00:00,3.5,101535.0,287.0,0.15
2015-06-08 21:15:00,3.7,101550.0,287.15,0.15
2015-06-08 21:30:00,3.5,101560.0,287.4,0.15
2015-06-08 21:45:00,3.6,101570.0,287.15,0.15
2015-06-08 22:00:00,3.4,101570.0,286.65,0.15
2015-06-08 22:15:00,3.5,101570.0,286.85,0.15
2015-06-08 22:30:00,4.05,101580.0,287.04999999999995,0.15
2015-06-08 22:45:00,5.6,101580.0,286.75,0.15
2015-06-08 23:00:00,5.4,101585.0,286.6,0.15
2015-06-08 23:15:00,5.1,101600.0,286.45,0.15
2015-06-08 23:30:00,5.35,101595.0,286.04999999999995,0.15
2015-06-08 23:45:00,4.5,101610.0,285.75,0.15
2015-06-09 00:00:00,4.85,101600.0,285.54999999999995,0.15
2015-06-09 00:15:00,5.0,101600.0,285.45,0.15
2015-06-09 00:30:00,4.45,101600.0,285.29999999999995,0.15
2015-06-09 00:45:00,4.7,101590.0,285.25,0.15
2015-06-09 01:00:00,4.15,101590.0,284.79999999999995,0.15
2015-06-09 01:15:00,4.1,101580.0,284.65,0.15
2015-06-09 01:30:00,3.65,101580.0,284.25,0.15
2015-06-09 01:45:00,3.8,101580.0,284.25,0.15
2015-06-09 02:00:00,3.6,101585.0,284.1,0.15
2015-06-09 02:15:00,3.9,101580.0,284.04999999999995,0.15
2015-06-09 02:30:00,4.1,101575.0,283.85,0.15
2015-06-09 02:45:00,3.7,101560.0,283.65,0.15
2015-06-09 03:00:00,3.3,101560.0,283.35,0.15
2015-06-09 03:15:00,3.1,101570.0,283.25,0.15
2015-06-09 03:30:00,2.8,101590.0,283.29999999999995,0.15
2015-06-09 03:45:00,2.5,101600.0,283.25,0.15
2015-06-09 04:00:00,2.95,101590.0,282.65,0.15
2015-06-09 04:15:00,3.3,101590.0,283.04999999999995,0.15
2015-06-09 04:30:00,3.35,101605.0,283.35,0.15
2015-06-09 04:45:00,3.6,101600.0,283.35,0.15
2015-06-09 05:00:00,3.1500000000000004,101595.0,283.5,0.15
2015-06-09 05:15:00,3.2,101600.0,283.95,0.15
2015-06-09 05:30:00,2.8,101600.0,284.35,0.15
2015-06-09 05:45:00,3.2,101600.0,285.04999999999995,0.15
2015-06-09 06:00:00,4.25,101610.0,285.2,0.15
2015-06-09 06:15:00,3.3,101620.0,285.35,0.15
2015-06-09 06:30:00,3.25,101635.0,285.6,0.15
2015-06-09 06:45:00,3.9,101640.0,286.15,0.15
2015-06-09 07:00:00,4.25,101645.0,286.45,0.15
2015-06-09 07:15:00,4.4,101650.0,286.54999999999995,0.15
2015-06-09 07:30:00,3.55,101650.0,286.7,0.15
2015-06-09 07:45:00,4.0,101650.0,287.25,0.15
2015-06-09 08:00:00,3.65,101660.0,287.35,0.15
2015-06-09 08:15:00,4.5,101650.0,288.04999999999995,0.15
2015-06-09 08:30:00,4.3,101640.0,288.54999999999995,0.15
2015-06-09 08:45:00,3.9,101650.0,288.45,0.15
2015-06-09 09:00:00,4.2,101640.0,289.5,0.15
2015-06-09 09:15:00,4.3,101650.0,289.45,0.15
2015-06-09 09:30:00,4.1,101625.0,289.79999999999995,0.15
2015-06-09 09:45:00,4.9,101610.0,289.35,0.15
2015-06-09 10:00:00,5.449999999999999,101620.0,290.7,0.15
2015-06-09 10:15:00,5.9,101610.0,290.54999999999995,0.15
2015-06-09 10:30:00,6.1,101605.0,290.4,0.15
2015-06-09 10:45:00,6.4,101610.0,290.25,0.15
2015-06-09 11:00:00,6.35,101590.0,290.95,0.15
2015-06-09 11:15:00,6.7,101580.0,289.75,0.15
2015-06-09 11:30:00,6.1,101575.0,291.45,0.15
2015-06-09 11:45:00,6.5,101570.0,291.45,0.15
2015-06-09 12:00:00,6.550000000000001,101550.0,291.2,0.15
2015-06-09 12:15:00,6.1,101530.0,291.25,0.15
2015-06-09 12:30:00,6.25,101525.0,291.9,0.15
2015-06-09 12:45:00,6.1,101520.0,291.54999999999995,0.15
2015-06-09 13:00:00,4.800000000000001,101515.0,292.1,0.15
2015-06-09 13:15:00,5.3,101510.0,292.15,0.15
2015-06-09 13:30:00,4.75,101505.0,292.65,0.15
2015-06-09 13:45:00,4.9,101500.0,291.95,0.15
2015-06-09 14:00:00,4.55,101490.0,291.85,0.15
2015-06-09 14:15:00,4.8,101500.0,291.65,0.15
2015-06-09 14:30:00,5.2,101490.0,292.5,0.15
2015-06-09 14:45:00,5.3,101490.0,291.54999999999995,0.15
2015-06-09 15:00:00,3.9,101475.0,291.54999999999995,0.15
2015-06-09 15:15:00,4.9,101460.0,291.15,0.15
2015-06-09 15:30:00,4.55,101445.0,292.45,0.15
2015-06-09 15:45:00,5.3,101450.0,291.35,0.15
2015-06-09 16:00:00,4.35,101440.0,291.95,0.15
2015-06-09 16:15:00,4.3,101450.0,291.75,0.15
2015-06-09 16:30:00,6.15,101450.0,291.04999999999995,0.15
2015-06-09 16:45:00,4.4,101450.0,291.04999999999995,0.15
2015-06-09 17:00:00,4.550000000000001,101445.0,291.45,0.15
2015-06-09 17:15:00,5.2,101450.0,291.35,0.15
2015-06-09 17:30:00,5.5,101455.0,291.2,0.15
2015-06-09 17:45:00,5.2,101450.0,291.04999999999995,0.15
2015-06-09 18:00:00,4.800000000000001,101450.0,290.7,0.15
2015-06-09 18:15:00,4.8,101450.0,290.45,0.15
2015-06-09 18:30:00,4.699999999999999,101460.0,290.04999999999995,0.15
2015-06-09 18:45:00,4.5,101470.0,289.75,0.15
2015-06-09 19:00:00,4.2,101465.0,289.29999999999995,0.15
2015-06-09 19:15:00,3.9,101480.0,288.75,0.15
2015-06-09 19:30:00,3.65,101480.0,288.4,0.15
2015-06-09 19:45:00,3.2,101490.0,288.04999999999995,0.15
2015-06-09 20:00:00,2.6,101500.0,287.54999999999995,0.15
2015-06-09 20:15:00,2.4,101520.0,287.25,0.15
2015-06-09 20:30:00,2.7,101525.0,287.15,0.15
2015-06-09 20:45:00,2.4,101530.0,286.85,0.15
2015-06-09 21:00:00,1.75,101540.0,286.79999999999995,0.15
2015-06-09 21:15:00,2.7,101540.0,287.04999999999995,0.15
2015-06-09 21:30:00,3.3,101550.0,286.9,0.15
2015-06-09 21:45:00,3.2,101550.0,286.85,0.15
2015-06-09 22:00:00,3.65,101540.0,286.45,0.15
2015-06-09 22:15:00,3.6,101540.0,286.04999999999995,0.15
2015-06-09 22:30:00,3.55,101535.0,285.85,0.15
2015-06-09 22:45:00,3.5,101530.0,285.65,0.15
2015-06-09 23:00:00,2.9,101520.0,285.54999999999995,0.15
2015-06-09 23:15:00,3.0,101500.0,285.75,0.15
2015-06-09 23:30:00,3.65,101510.0,285.9,0.15
2015-06-09 23:45:00,3.0,101510.0,286.25,0.15
2015-06-10 00:00:00,3.35,101500.0,286.25,0.15
2015-06-10 00:15:00,2.8,101490.0,286.25,0.15
2015-06-10 00:30:00,2.55,101490.0,286.29999999999995,0.15
2015-06-10 00:45:00,2.8,101490.0,286.35,0.15
2015-06-10 01:00:00,2.3,101480.0,286.6,0.15
2015-06-10 01:15:00,2.4,101480.0,286.75,0.15
2015-06-10 01:30:00,2.35,101480.0,286.6,0.15
2015-06-10 01:45:00,2.2,101470.0,286.45,0.15
2015-06-10 02:00:00,1.8,101460.0,286.35,0.15
2015-06-10 02:15:00,2.0,101450.0,285.65,0.15
2015-06-10 02:30:00,1.4500000000000002,101450.0,286.04999999999995,0.15
2015-06-10 02:45:00,1.2,101450.0,285.95,0.15
2015-06-10 03:00:00,0.8500000000000001,101440.0,285.6,0.15
2015-06-10 03:15:00,0.9,101430.0,285.85,0.15
2015-06-10 03:30:00,0.9,101430.0,285.15,0.15
2015-06-10 03:45:00,1.0,101420.0,284.65,0.15
2015-06-10 04:00:00,0.9,101410.0,284.75,0.15
2015-06-10 04:15:00,0.9,101420.0,284.85,0.15
2015-06-10 04:30:00,0.9,101410.0,285.54999999999995,0.15
2015-06-10 04:45:00,1.4,101410.0,285.95,0.15
2015-06-10 05:00:00,1.7000000000000002,101400.0,286.65,0.15
2015-06-10 05:15:00,1.9,101400.0,286.95,0.15
2015-06-10 05:30:00,2.05,101400.0,287.4,0.15
2015-06-10 05:45:00,1.9,101420.0,287.75,0.15
2015-06-10 06:00:00,1.4,101415.0,288.5,0.15
2015-06-10 06:15:00,2.1,101410.0,289.45,0.15
2015-06-10 06:30:00,1.9,101405.0,290.6,0.15
2015-06-10 06:45:00,2.7,101400.0,290.75,0.15
2015-06-10 07:00:00,3.95,101405.0,291.75,0.15
2015-06-10 07:15:00,3.6,101400.0,291.54999999999995,0.15
2015-06-10 07:30:00,4.4,101400.0,292.04999999999995,0.15
2015-06-10 07:45:00,4.8,101390.0,292.65,0.15
2015-06-10 08:00:00,4.95,101380.0,292.79999999999995,0.15
2015-06-10 08:15:00,4.4,101380.0,293.45,0.15
2015-06-10 08:30:00,5.0,101370.0,293.54999999999995,0.15
2015-06-10 08:45:00,5.4,101370.0,293.85,0.15
2015-06-10 09:00:00,6.15,101355.0,294.15,0.15
2015-06-10 09:15:00,6.2,101340.0,294.35,0.15
2015-06-10 09:30:00,5.0,101345.0,294.35,0.15
2015-06-10 09:45:00,4.0,101340.0,294.35,0.15
2015-06-10 10:00:00,3.85,101340.0,295.1,0.15
2015-06-10 10:15:00,5.2,101330.0,295.75,0.15
2015-06-10 10:30:00,3.4000000000000004,101320.0,295.65,0.15
2015-06-10 10:45:00,4.6,101300.0,296.04999999999995,0.15
2015-06-10 11:00:00,3.8,101280.0,296.04999999999995,0.15
2015-06-10 11:15:00,5.5,101260.0,295.75,0.15
2015-06-10 11:30:00,4.3,101250.0,295.79999999999995,0.15
2015-06-10 11:45:00,3.1,101230.0,295.75,0.15
2015-06-10 12:00:00,4.1,101240.0,296.4,0.15
2015-06-10 12:15:00,3.8,101230.0,295.75,0.15
2015-06-10 12:30:00,3.8,101225.0,296.65,0.15
2015-06-10 12:45:00,4.4,101220.0,296.15,0.15
2015-06-10 13:00:00,4.25,101220.0,297.25,0.15
2015-06-10 13:15:00,4.7,101210.0,296.65,0.15
2015-06-10 13:30:00,3.9,101205.0,296.85,0.15
2015-06-10 13:45:00,5.4,101190.0,296.15,0.15
2015-06-10 14:00:00,3.9,101170.0,297.4,0.15
2015-06-10 14:15:00,2.8,101150.0,297.25,0.15
2015-06-10 14:30:00,5.0,101145.0,297.4,0.15
2015-06-10 14:45:00,4.9,101140.0,296.75,0.15
2015-06-10 15:00:00,4.5,101125.0,297.2,0.15
2015-06-10 15:15:00,3.1,101110.0,296.95,0.15
2015-06-10 15:30:00,4.1,101105.0,296.54999999999995,0.15
2015-06-10 15:45:00,3.1,101090.0,296.54999999999995,0.15
2015-06-10 16:00:00,3.25,101075.0,296.35,0.15
2015-06-10 16:15:00,3.1,101070.0,296.95,0.15
2015-06-10 16:30:00,2.55,101065.0,297.0,0.15
2015-06-10 16:45:00,2.2,101070.0,296.45,0.15
2015-06-10 17:00:00,3.15,101055.0,296.4,0.15
2015-06-10 17:15:00,2.8,101050.0,296.25,0.15
2015-06-10 17:30:00,4.1,101040.0,296.2,0.15
2015-06-10 17:45:00,3.7,101040.0,296.45,0.15
2015-06-10 18:00:00,3.1500000000000004,101045.0,296.0,0.15
2015-06-10 18:15:00,4.3,101050.0,295.54999999999995,0.15
2015-06-10 18:30:00,3.8,101055.0,294.95,0.15
2015-06-10 18:45:00,3.6,101060.0,294.45,0.15
2015-06-10 19:00:00,3.6,101060.0,293.85,0.15
2015-06-10 19:15:00,3.4,101070.0,293.25,0.15
2015-06-10 19:30:00,3.05,101075.0,293.04999999999995,0.15
2015-06-10 19:45:00,3.0,101080.0,292.75,0.15
2015-06-10 20:00:00,2.6500000000000004,101095.0,292.5,0.15
2015-06-10 20:15:00,2.2,101110.0,291.75,0.15
2015-06-10 20:30:00,2.75,101125.0,291.29999999999995,0.15
2015-06-10 20:45:00,2.7,101130.0,291.35,0.15
2015-06-10 21:00:00,3.0,101140.0,291.35,0.15
2015-06-10 21:15:00,3.3,101130.0,291.15,0.15
2015-06-10 21:30:00,3.55,101125.0,290.95,0.15
2015-06-10 21:45:00,3.5,101110.0,290.75,0.15
2015-06-10 22:00:00,3.7,101110.0,290.65,0.15
2015-06-10 22:15:00,3.8,101100.0,290.75,0.15
2015-06-10 22:30:00,3.35,101090.0,290.54999999999995,0.15
2015-06-10 22:45:00,3.5,101090.0,290.35,0.15
2015-06-10 23:00:00,3.15,101080.0,290.35,0.15
2015-06-10 23:15:00,2.9,101090.0,290.04999999999995,0.15
2015-06-10 23:30:00,2.45,101080.0,289.85,0.15
2015-06-10 23:45:00,1.9,101080.0,289.85,0.15
2015-06-11 00:00:00,1.25,101085.0,290.2,0.15
2015-06-11 00:15:00,1.0,101090.0,290.35,0.15
2015-06-11 00:30:00,0.7,101090.0,290.35,0.15
2015-06-11 00:45:00,0.9,101080.0,290.25,0.15
2015-06-11 01:00:00,1.15,101065.0,289.25,0.15
2015-06-11 01:15:00,0.4,101060.0,289.04999999999995,0.15
2015-06-11 01:30:00,0.6499999999999999,101055.0,289.1,0.15
2015-06-11 01:45:00,0.4,101040.0,288.75,0.15
2015-06-11 02:00:00,0.95,101035.0,289.04999999999995,0.15
2015-06-11 02:15:00,0.4,101030.0,288.75,0.15
2015-06-11 02:30:00,0.45,101015.0,288.75,0.15
2015-06-11 02:45:00,0.3,101010.0,288.54999999999995,0.15
2015-06-11 03:00:00,0.15,100995.0,288.65,0.15
2015-06-11 03:15:00,0.1,100990.0,288.54999999999995,0.15
2015-06-11 03:30:00,0.5,100990.0,288.4,0.15
2015-06-11 03:45:00,0.7,100990.0,288.45,0.15
2015-06-11 04:00:00,1.1,100985.0,287.9,0.15
2015-06-11 04:15:00,0.5,100970.0,287.65,0.15
2015-06-11 04:30:00,0.55,100965.0,288.6,0.15
2015-06-11 04:45:00,0.7,100960.0,289.04999999999995,0.15
2015-06-11 05:00:00,0.5,100960.0,290.0,0.15
2015-06-11 05:15:00,0.5,100960.0,290.54999999999995,0.15
2015-06-11 05:30:00,0.6,100950.0,290.75,0.15
2015-06-11 05:45:00,1.2,100950.0,291.54999999999995,0.15
2015-06-11 06:00:00,1.6,100950.0,291.45,0.15
2015-06-11 06:15:00,1.5,100950.0,292.25,0.15
2015-06-11 06:30:00,1.8,100935.0,293.15,0.15
2015-06-11 06:45:00,3.4,100940.0,293.54999999999995,0.15
2015-06-11 07:00:00,3.45,100935.0,293.65,0.15
2015-06-11 07:15:00,4.1,100930.0,293.95,0.15
2015-06-11 07:30:00,3.35,100930.0,294.4,0.15
2015-06-11 07:45:00,2.1,100920.0,295.25,0.15
2015-06-11 08:00:00,3.85,100905.0,294.9,0.15
2015-06-11 08:15:00,3.2,100900.0,295.25,0.15
2015-06-11 08:30:00,3.15,100885.0,296.25,0.15
2015-06-11 08:45:00,3.3,100880.0,296.35,0.15
2015-06-11 09:00:00,3.6,100855.0,296.7,0.15
2015-06-11 09:15:00,3.9,100850.0,296.75,0.15
2015-06-11 09:30:00,4.05,100835.0,297.7,0.15
2015-06-11 09:45:00,4.5,100810.0,296.85,0.15
2015-06-11 10:00:00,4.699999999999999,100810.0,296.35,0.15
2015-06-11 10:15:00,3.7,100790.0,296.35,0.15
2015-06-11 10:30:00,4.05,100775.0,296.54999999999995,0.15
2015-06-11 10:45:00,3.9,100760.0,296.54999999999995,0.15
2015-06-11 11:00:00,4.35,100735.0,296.95,0.15
2015-06-11 11:15:00,4.5,100740.0,296.95,0.15
2015-06-11 11:30:00,3.75,100720.0,298.85,0.15
2015-06-11 11:45:00,3.5,100700.0,299.35,0.15
2015-06-11 12:00:00,4.15,100675.0,298.5,0.15
2015-06-11 12:15:00,3.2,100670.0,298.15,0.15
2015-06-11 12:30:00,3.25,100645.0,297.25,0.15
2015-06-11 12:45:00,4.0,100630.0,297.35,0.15
2015-06-11 13:00:00,4.55,100630.0,297.4,0.15
2015-06-11 13:15:00,3.0,100620.0,297.35,0.15
2015-06-11 13:30:00,3.85,100610.0,298.4,0.15
2015-06-11 13:45:00,3.1,100590.0,299.65,0.15
2015-06-11 14:00:00,3.5,100560.0,299.4,0.15
2015-06-11 14:15:00,3.9,100550.0,298.04999999999995,0.15
2015-06-11 14:30:00,4.55,100545.0,297.65,0.15
2015-06-11 14:45:00,2.5,100530.0,297.95,0.15
2015-06-11 15:00:00,3.1,100510.0,297.95,0.15
2015-06-11 15:15:00,4.1,100490.0,299.15,0.15
2015-06-11 15:30:00,3.65,100475.0,298.25,0.15
2015-06-11 15:45:00,3.6,100460.0,298.04999999999995,0.15
2015-06-11 16:00:00,3.15,100435.0,298.65,0.15
2015-06-11 16:15:00,3.4,100420.0,299.15,0.15
2015-06-11 16:30:00,3.35,100415.0,298.79999999999995,0.15
2015-06-11 16:45:00,3.0,100390.0,298.04999999999995,0.15
2015-06-11 17:00:00,3.05,100390.0,298.79999999999995,0.15
2015-06-11 17:15:00,3.5,100380.0,298.35,0.15
2015-06-11 17:30:00,4.35,100370.0,298.04999999999995,0.15
2015-06-11 17:45:00,4.1,100360.0,297.85,0.15
2015-06-11 18:00:00,3.25,100360.0,297.75,0.15
2015-06-11 18:15:00,2.5,100350.0,297.04999999999995,0.15
2015-06-11 18:30:00,2.5,100340.0,296.79999999999995,0.15
2015-06-11 18:45:00,2.8,100340.0,296.54999999999995,0.15
2015-06-11 19:00:00,2.25,100330.0,296.0,0.15
2015-06-11 19:15:00,1.9,100330.0,295.45,0.15
2015-06-11 19:30:00,2.0,100335.0,294.7,0.15
2015-06-11 19:45:00,2.4,100340.0,294.04999999999995,0.15
2015-06-11 20:00:00,2.6,100355.0,293.65,0.15
2015-06-11 20:15:00,2.8,100370.0,293.95,0.15
2015-06-11 20:30:00,2.6500000000000004,100370.0,293.7,0.15
2015-06-11 20:45:00,2.6,100370.0,292.75,0.15
2015-06-11 21:00:00,2.4,100360.0,292.45,0.15
2015-06-11 21:15:00,2.3,100360.0,291.95,0.15
2015-06-11 21:30:00,2.7,100345.0,291.5,0.15
2015-06-11 21:45:00,2.6,100340.0,291.25,0.15
2015-06-11 22:00:00,2.9000000000000004,100360.0,290.25,0.15
2015-06-11 22:15:00,3.8,100350.0,290.75,0.15
2015-06-11 22:30:00,3.8,100345.0,291.04999999999995,0.15
2015-06-11 22:45:00,3.6,100340.0,291.35,0.15
2015-06-11 23:00:00,3.5,100330.0,291.2,0.15
2015-06-11 23:15:00,3.6,100320.0,291.15,0.15
2015-06-11 23:30:00,3.45,100305.0,290.9,0.15
2015-06-11 23:45:00,2.6,100300.0,290.65,0.15
2015-06-12 00:00:00,2.7,100285.0,290.65,0.15
2015-06-12 00:15:00,3.1,100270.0,290.54999999999995,0.15
2015-06-12 00:30:00,2.45,100255.0,290.35,0.15
2015-06-12 00:45:00,1.9,100260.0,289.25,0.15
2015-06-12 01:00:00,1.6,100255.0,289.1,0.15
2015-06-12 01:15:00,1.4,100250.0,288.95,0.15
2015-06-12 01:30:00,1.4,100235.0,287.35,0.15
2015-06-12 01:45:00,1.0,100200.0,288.25,0.15
2015-06-12 02:00:00,1.3,100200.0,288.25,0.15
2015-06-12 02:15:00,1.8,100200.0,284.95,0.15
2015-06-12 02:30:00,1.3,100175.0,286.04999999999995,0.15
2015-06-12 02:45:00,1.7,100170.0,284.04999999999995,0.15
2015-06-12 03:00:00,1.5,100165.0,284.7,0.15
2015-06-12 03:15:00,1.0,100150.0,284.85,0.15
2015-06-12 03:30:00,1.2,100165.0,284.35,0.15
2015-06-12 03:45:00,1.5,100180.0,284.04999999999995,0.15
2015-06-12 04:00:00,1.25,100170.0,286.29999999999995,0.15
2015-06-12 04:15:00,1.4,100190.0,286.15,0.15
2015-06-12 04:30:00,1.45,100180.0,286.15,0.15
2015-06-12 04:45:00,1.5,100170.0,287.54999999999995,0.15
2015-06-12 05:00:00,1.05,100150.0,289.25,0.15
2015-06-12 05:15:00,1.0,100160.0,289.75,0.15
2015-06-12 05:30:00,1.5499999999999998,100160.0,290.4,0.15
2015-06-12 05:45:00,1.6,100180.0,291.15,0.15
2015-06-12 06:00:00,1.65,100180.0,291.35,0.15
2015-06-12 06:15:00,2.6,100180.0,291.95,0.15
2015-06-12 06:30:00,3.0,100175.0,292.45,0.15
2015-06-12 06:45:00,2.8,100150.0,293.25,0.15
2015-06-12 07:00:00,2.85,100140.0,294.25,0.15
2015-06-12 07:15:00,2.8,100140.0,295.45,0.15
2015-06-12 07:30:00,3.1,100130.0,295.75,0.15
2015-06-12 07:45:00,4.5,100110.0,296.45,0.15
2015-06-12 08:00:00,4.2,100090.0,296.7,0.15
2015-06-12 08:15:00,3.9,100090.0,297.65,0.15
2015-06-12 08:30:00,4.1,100085.0,297.75,0.15
2015-06-12 08:45:00,4.1,100090.0,297.85,0.15
2015-06-12 09:00:00,3.7,100060.0,298.45,0.15
2015-06-12 09:15:00,3.3,100060.0,298.54999999999995,0.15
2015-06-12 09:30:00,3.8,100040.0,299.15,0.15
2015-06-12 09:45:00,3.1,100030.0,298.85,0.15
2015-06-12 10:00:00,2.95,100025.0,299.45,0.15
2015-06-12 10:15:00,3.2,100010.0,300.35,0.15
2015-06-12 10:30:00,3.1500000000000004,99985.0,300.35,0.15
2015-06-12 10:45:00,3.0,99990.0,300.15,0.15
2015-06-12 11:00:00,2.6,99980.0,300.35,0.15
2015-06-12 11:15:00,2.5,99970.0,301.25,0.15
2015-06-12 11:30:00,2.15,99955.0,301.1,0.15
2015-06-12 11:45:00,2.4,99930.0,301.45,0.15
2015-06-12 12:00:00,2.25,99920.0,302.2,0.15
2015-06-12 12:15:00,2.5,99900.0,302.25,0.15
2015-06-12 12:30:00,2.05,99890.0,302.29999999999995,0.15
2015-06-12 12:45:00,1.9,99880.0,302.75,0.15
2015-06-12 13:00:00,3.3,99855.0,303.0,0.15
2015-06-12 13:15:00,2.8,99840.0,303.65,0.15
2015-06-12 13:30:00,2.75,99820.0,302.4,0.15
2015-06-12 13:45:00,2.1,99800.0,302.04999999999995,0.15
2015-06-12 14:00:00,2.6,99790.0,301.95,0.15
2015-06-12 14:15:00,2.8,99780.0,301.54999999999995,0.15
2015-06-12 14:30:00,2.35,99780.0,301.0,0.15
2015-06-12 14:45:00,2.2,99790.0,299.75,0.15
2015-06-12 15:00:00,3.85,99810.0,299.29999999999995,0.15
2015-06-12 15:15:00,5.3,99850.0,296.15,0.15
2015-06-12 15:30:00,4.5,99820.0,295.6,0.15
2015-06-12 15:45:00,2.4,99750.0,295.04999999999995,0.15
2015-06-12 16:00:00,2.15,99720.0,295.95,0.15
2015-06-12 16:15:00,1.6,99730.0,297.35,0.15
2015-06-12 16:30:00,1.75,99770.0,297.45,0.15
2015-06-12 16:45:00,4.4,99860.0,296.35,0.15
2015-06-12 17:00:00,4.4,99865.0,295.45,0.15
2015-06-12 17:15:00,3.3,99860.0,295.95,0.15
2015-06-12 17:30:00,4.15,99870.0,296.04999999999995,0.15
2015-06-12 17:45:00,3.9,99830.0,295.85,0.15
2015-06-12 18:00:00,5.050000000000001,99840.0,295.45,0.15
2015-06-12 18:15:00,4.5,99850.0,294.95,0.15
2015-06-12 18:30:00,4.699999999999999,99875.0,294.54999999999995,0.15
2015-06-12 18:45:00,4.3,99870.0,293.95,0.15
2015-06-12 19:00:00,3.65,99850.0,293.95,0.15
2015-06-12 19:15:00,2.5,99860.0,293.45,0.15
2015-06-12 19:30:00,2.1,99860.0,293.4,0.15
2015-06-12 19:45:00,2.0,99880.0,293.35,0.15
2015-06-12 20:00:00,2.1,99890.0,293.29999999999995,0.15
2015-06-12 20:15:00,1.7,99880.0,293.65,0.15
2015-06-12 20:30:00,1.25,99870.0,293.15,0.15
2015-06-12 20:45:00,3.0,99830.0,292.95,0.15
2015-06-12 21:00:00,2.0,99815.0,292.95,0.15
2015-06-12 21:15:00,1.0,99790.0,292.75,0.15
2015-06-12 21:30:00,0.8,99785.0,291.85,0.15
2015-06-12 21:45:00,1.5,99780.0,291.75,0.15
2015-06-12 22:00:00,2.35,99765.0,291.79999999999995,0.15
2015-06-12 22:15:00,2.3,99750.0,291.35,0.15
2015-06-12 22:30:00,2.75,99745.0,290.9,0.15
2015-06-12 22:45:00,3.4,99760.0,290.04999999999995,0.15
2015-06-12 23:00:00,3.2,99750.0,291.25,0.15
2015-06-12 23:15:00,3.1,99750.0,291.15,0.15
2015-06-12 23:30:00,2.55,99755.0,291.0,0.15
2015-06-12 23:45:00,1.8,99740.0,291.65,0.15
2015-06-13 00:00:00,2.1,99725.0,291.7,0.15
2015-06-13 00:15:00,2.6,99710.0,291.65,0.15
2015-06-13 00:30:00,2.45,99715.0,291.45,0.15
2015-06-13 00:45:00,2.3,99730.0,291.25,0.15
2015-06-13 01:00:00,1.95,99730.0,290.75,0.15
2015-06-13 01:15:00,1.9,99740.0,290.95,0.15
2015-06-13 01:30:00,1.7999999999999998,99740.0,291.1,0.15
2015-06-13 01:45:00,1.6,99740.0,291.04999999999995,0.15
2015-06-13 02:00:00,1.6,99740.0,290.7,0.15
2015-06-13 02:15:00,1.7,99740.0,290.85,0.15
2015-06-13 02:30:00,1.9,99725.0,291.1,0.15
2015-06-13 02:45:00,1.9,99700.0,291.04999999999995,0.15
2015-06-13 03:00:00,1.7,99685.0,291.04999999999995,0.15
2015-06-13 03:15:00,1.8,99680.0,290.95,0.15
2015-06-13 03:30:00,1.15,99695.0,290.25,0.15
2015-06-13 03:45:00,0.7,99710.0,289.85,0.15
2015-06-13 04:00:00,1.05,99725.0,289.79999999999995,0.15
2015-06-13 04:15:00,1.3,99730.0,290.35,0.15
2015-06-13 04:30:00,1.3,99740.0,290.6,0.15
2015-06-13 04:45:00,1.3,99760.0,290.65,0.15
2015-06-13 05:00:00,1.05,99770.0,291.45,0.15
2015-06-13 05:15:00,0.9,99790.0,292.04999999999995,0.15
2015-06-13 05:30:00,1.0,99790.0,292.2,0.15
2015-06-13 05:45:00,0.6,99790.0,292.65,0.15
2015-06-13 06:00:00,1.2,99790.0,292.54999999999995,0.15
2015-06-13 06:15:00,1.0,99820.0,292.65,0.15
2015-06-13 06:30:00,0.95,99835.0,292.79999999999995,0.15
2015-06-13 06:45:00,1.0,99850.0,293.04999999999995,0.15
2015-06-13 07:00:00,1.8,99880.0,293.25,0.15
2015-06-13 07:15:00,2.6,99900.0,293.04999999999995,0.15
2015-06-13 07:30:00,4.199999999999999,99920.0,292.9,0.15
2015-06-13 07:45:00,5.5,99920.0,292.65,0.15
2015-06-13 08:00:00,4.5,99945.0,292.1,0.15
2015-06-13 08:15:00,4.4,99950.0,291.25,0.15
2015-06-13 08:30:00,3.65,99975.0,291.1,0.15
2015-06-13 08:45:00,2.3,99990.0,290.54999999999995,0.15
2015-06-13 09:00:00,2.0,99955.0,290.7,0.15
2015-06-13 09:15:00,2.0,99970.0,290.95,0.15
2015-06-13 09:30:00,1.2000000000000002,99975.0,291.54999999999995,0.15
2015-06-13 09:45:00,1.5,99990.0,291.95,0.15
2015-06-13 10:00:00,2.2,100010.0,292.0,0.15
2015-06-13 10:15:00,3.4,100020.0,292.25,0.15
2015-06-13 10:30:00,2.7,100015.0,292.2,0.15
2015-06-13 10:45:00,2.5,100020.0,292.45,0.15
2015-06-13 11:00:00,2.1,100010.0,292.9,0.15
2015-06-13 11:15:00,2.7,100020.0,292.45,0.15
2015-06-13 11:30:00,1.95,100015.0,293.4,0.15
2015-06-13 11:45:00,1.7,100010.0,293.95,0.15
2015-06-13 12:00:00,2.15,99985.0,294.7,0.15
2015-06-13 12:15:00,1.7,99980.0,296.04999999999995,0.15
2015-06-13 12:30:00,2.35,99965.0,296.1,0.15
2015-06-13 12:45:00,2.4,99960.0,297.15,0.15
2015-06-13 13:00:00,3.05,99945.0,297.29999999999995,0.15
2015-06-13 13:15:00,4.4,99940.0,298.25,0.15
2015-06-13 13:30:00,5.199999999999999,99935.0,298.95,0.15
2015-06-13 13:45:00,3.9,99930.0,298.35,0.15
2015-06-13 14:00:00,4.449999999999999,99910.0,298.7,0.15
2015-06-13 14:15:00,3.9,99910.0,299.15,0.15
2015-06-13 14:30:00,3.9,99905.0,297.85,0.15
2015-06-13 14:45:00,3.7,99900.0,298.65,0.15
2015-06-13 15:00:00,4.1,99880.0,297.85,0.15
2015-06-13 15:15:00,5.2,99870.0,298.04999999999995,0.15
2015-06-13 15:30:00,4.6,99855.0,298.6,0.15
2015-06-13 15:45:00,5.1,99840.0,299.04999999999995,0.15
2015-06-13 16:00:00,4.65,99835.0,299.04999999999995,0.15
2015-06-13 16:15:00,5.3,99830.0,297.95,0.15
2015-06-13 16:30:00,4.8,99830.0,298.29999999999995,0.15
2015-06-13 16:45:00,5.7,99840.0,297.85,0.15
2015-06-13 17:00:00,4.9,99825.0,298.1,0.15
2015-06-13 17:15:00,4.7,99820.0,297.95,0.15
2015-06-13 17:30:00,5.050000000000001,99820.0,297.7,0.15
2015-06-13 17:45:00,4.8,99830.0,297.54999999999995,0.15
2015-06-13 18:00:00,4.550000000000001,99845.0,297.35,0.15
2015-06-13 18:15:00,4.2,99850.0,296.85,0.15
2015-06-13 18:30:00,4.25,99850.0,296.25,0.15
2015-06-13 18:45:00,3.5,99850.0,295.95,0.15
2015-06-13 19:00:00,3.15,99855.0,295.5,0.15
2015-06-13 19:15:00,2.8,99870.0,295.04999999999995,0.15
2015-06-13 19:30:00,2.85,99885.0,294.6,0.15
2015-06-13 19:45:00,2.3,99910.0,293.85,0.15
2015-06-13 20:00:00,2.3,99925.0,292.4,0.15
2015-06-13 20:15:00,2.2,99940.0,292.45,0.15
2015-06-13 20:30:00,2.05,99955.0,291.25,0.15
2015-06-13 20:45:00,2.1,99970.0,290.95,0.15
2015-06-13 21:00:00,2.45,99985.0,290.65,0.15
2015-06-13 21:15:00,1.9,100000.0,290.54999999999995,0.15
2015-06-13 21:30:00,1.75,100015.0,289.54999999999995,0.15
2015-06-13 21:45:00,1.2,100020.0,289.65,0.15
2015-06-13 22:00:00,1.4500000000000002,100030.0,289.35,0.15
2015-06-13 22:15:00,1.4,100040.0,289.04999999999995,0.15
2015-06-13 22:30:00,1.15,100050.0,288.75,0.15
2015-06-13 22:45:00,0.9,100040.0,288.54999999999995,0.15
2015-06-13 23:00:00,0.9,100035.0,288.15,0.15
2015-06-13 23:15:00,2.1,100030.0,287.95,0.15
2015-06-13 23:30:00,1.55,100030.0,286.65,0.15
2015-06-13 23:45:00,1.3,100050.0,287.35,0.15
2015-06-14 00:00:00,1.55,100040.0,287.1,0.15
2015-06-14 00:15:00,1.5,100040.0,286.25,0.15
2015-06-14 00:30:00,1.45,100035.0,286.4,0.15
2015-06-14 00:45:00,1.3,100030.0,286.04999999999995,0.15
2015-06-14 01:00:00,1.1,100040.0,286.25,0.15
2015-06-14 01:15:00,0.8,100040.0,286.25,0.15
2015-06-14 01:30:00,1.2000000000000002,100025.0,286.2,0.15
2015-06-14 01:45:00,0.8,100020.0,286.04999999999995,0.15
2015-06-14 02:00:00,1.3,100015.0,285.5,0.15
2015-06-14 02:15:00,1.5,100010.0,285.15,0.15
2015-06-14 02:30:00,1.6,100020.0,285.4,0.15
2015-06-14 02:45:00,1.1,100030.0,284.45,0.15
2015-06-14 03:00:00,1.3,100020.0,284.95,0.15
2015-06-14 03:15:00,0.3,100030.0,284.04999999999995,0.15
2015-06-14 03:30:00,1.15,100030.0,284.54999999999995,0.15
2015-06-14 03:45:00,1.7,100030.0,284.45,0.15
2015-06-14 04:00:00,1.1,100035.0,283.85,0.15
2015-06-14 04:15:00,0.7,100030.0,284.54999999999995,0.15
2015-06-14 04:30:00,1.0,100035.0,285.75,0.15
2015-06-14 04:45:00,1.1,100030.0,286.95,0.15
2015-06-14 05:00:00,0.85,100030.0,287.65,0.15
2015-06-14 05:15:00,0.4,100020.0,288.15,0.15
2015-06-14 05:30:00,1.05,100030.0,289.0,0.15
2015-06-14 05:45:00,1.7,100040.0,289.75,0.15
2015-06-14 06:00:00,1.95,100055.0,290.35,0.15
2015-06-14 06:15:00,1.6,100060.0,290.65,0.15
2015-06-14 06:30:00,2.0,100055.0,291.04999999999995,0.15
2015-06-14 06:45:00,2.1,100050.0,291.04999999999995,0.15
2015-06-14 07:00:00,1.85,100050.0,291.54999999999995,0.15
2015-06-14 07:15:00,1.8,100040.0,291.95,0.15
2015-06-14 07:30:00,1.9,100045.0,291.95,0.15
2015-06-14 07:45:00,1.2,100040.0,292.45,0.15
2015-06-14 08:00:00,2.3,100030.0,292.45,0.15
2015-06-14 08:15:00,2.0,100030.0,292.85,0.15
2015-06-14 08:30:00,2.25,100030.0,293.25,0.15
2015-06-14 08:45:00,1.7,100030.0,293.25,0.15
2015-06-14 09:00:00,1.85,100020.0,293.7,0.15
2015-06-14 09:15:00,2.0,100020.0,294.25,0.15
2015-06-14 09:30:00,2.1,100025.0,294.79999999999995,0.15
2015-06-14 09:45:00,2.0,100010.0,295.65,0.15
2015-06-14 10:00:00,2.45,100005.0,295.5,0.15
2015-06-14 10:15:00,2.4,100000.0,296.04999999999995,0.15
2015-06-14 10:30:00,2.8,99995.0,296.35,0.15
2015-06-14 10:45:00,2.1,99990.0,296.04999999999995,0.15
2015-06-14 11:00:00,2.7,99980.0,296.1,0.15
2015-06-14 11:15:00,2.5,99980.0,297.15,0.15
2015-06-14 11:30:00,3.15,99965.0,296.65,0.15
2015-06-14 11:45:00,3.2,99950.0,297.45,0.15
2015-06-14 12:00:00,2.75,99940.0,297.15,0.15
2015-06-14 12:15:00,2.7,99930.0,297.45,0.15
2015-06-14 12:30:00,3.55,99920.0,298.04999999999995,0.15
2015-06-14 12:45:00,2.5,99900.0,297.45,0.15
2015-06-14 13:00:00,3.0,99890.0,298.15,0.15
2015-06-14 13:15:00,2.0,99890.0,298.04999999999995,0.15
2015-06-14 13:30:00,3.4,99885.0,298.29999999999995,0.15
2015-06-14 13:45:00,4.0,99880.0,298.95,0.15
2015-06-14 14:00:00,2.85,99870.0,298.5,0.15
2015-06-14 14:15:00,3.4,99870.0,297.85,0.15
2015-06-14 14:30:00,2.9000000000000004,99855.0,298.5,0.15
2015-06-14 14:45:00,2.8,99850.0,298.75,0.15
2015-06-14 15:00:00,3.4,99845.0,298.45,0.15
2015-06-14 15:15:00,3.8,99830.0,297.75,0.15
2015-06-14 15:30:00,3.1500000000000004,99825.0,298.2,0.15
2015-06-14 15:45:00,2.8,99830.0,298.54999999999995,0.15
2015-06-14 16:00:00,3.15,99835.0,298.04999999999995,0.15
2015-06-14 16:15:00,4.3,99840.0,297.85,0.15
2015-06-14 16:30:00,4.25,99825.0,297.7,0.15
2015-06-14 16:45:00,4.8,99820.0,297.65,0.15
2015-06-14 17:00:00,4.800000000000001,99815.0,297.29999999999995,0.15
2015-06-14 17:15:00,4.6,99820.0,296.95,0.15
2015-06-14 17:30:00,4.5,99830.0,296.9,0.15
2015-06-14 17:45:00,4.7,99840.0,296.25,0.15
2015-06-14 18:00:00,4.2,99855.0,295.95,0.15
2015-06-14 18:15:00,4.2,99860.0,295.54999999999995,0.15
2015-06-14 18:30:00,3.65,99865.0,294.79999999999995,0.15
2015-06-14 18:45:00,3.5,99880.0,294.15,0.15
2015-06-14 19:00:00,3.45,99880.0,293.54999999999995,0.15
2015-06-14 19:15:00,3.3,99900.0,293.65,0.15
2015-06-14 19:30:00,3.5,99925.0,293.29999999999995,0.15
2015-06-14 19:45:00,2.8,99940.0,293.04999999999995,0.15
2015-06-14 20:00:00,3.0,99960.0,292.79999999999995,0.15
2015-06-14 20:15:00,3.0,99980.0,292.54999999999995,0.15
2015-06-14 20:30:00,3.1,99980.0,292.15,0.15
2015-06-14 20:45:00,2.6,99990.0,291.85,0.15
2015-06-14 21:00:00,2.8,100000.0,292.04999999999995,0.15
2015-06-14 21:15:00,2.3,100010.0,291.85,0.15
2015-06-14 21:30:00,1.95,100030.0,291.79999999999995,0.15
2015-06-14 21:45:00,1.0,100040.0,291.75,0.15
2015-06-14 22:00:00,1.55,100055.0,291.29999999999995,0.15
2015-06-14 22:15:00,2.6,100070.0,289.95,0.15
2015-06-14 22:30:00,3.65,100085.0,289.2,0.15
2015-06-14 22:45:00,3.9,100100.0,289.75,0.15
2015-06-14 23:00:00,3.55,100105.0,290.04999999999995,0.15
2015-06-14 23:15:00,3.1,100110.0,289.95,0.15
2015-06-14 23:30:00,3.0,100120.0,289.0,0.15
2015-06-14 23:45:00,2.5,100150.0,288.25,0.15
2015-06-15 00:00:00,2.6,100150.0,288.65,0.15
2015-06-15 00:15:00,2.8,100160.0,288.54999999999995,0.15
2015-06-15 00:30:00,2.35,100165.0,288.2,0.15
2015-06-15 00:45:00,3.2,100180.0,287.85,0.15
2015-06-15 01:00:00,3.05,100195.0,287.5,0.15
2015-06-15 01:15:00,2.8,100210.0,287.25,0.15
2015-06-15 01:30:00,2.85,100225.0,287.15,0.15
2015-06-15 01:45:00,2.5,100240.0,286.95,0.15
2015-06-15 02:00:00,2.6,100255.0,286.65,0.15
2015-06-15 02:15:00,3.2,100270.0,286.95,0.15
2015-06-15 02:30:00,2.7,100270.0,287.1,0.15
2015-06-15 02:45:00,3.2,100270.0,287.35,0.15
2015-06-15 03:00:00,3.5,100290.0,287.4,0.15
2015-06-15 03:15:00,3.3,100290.0,287.65,0.15
2015-06-15 03:30:00,3.85,100300.0,287.6,0.15
2015-06-15 03:45:00,4.3,100310.0,287.65,0.15
2015-06-15 04:00:00,4.9,100315.0,287.75,0.15
2015-06-15 04:15:00,4.3,100340.0,287.85,0.15
2015-06-15 04:30:00,3.9,100360.0,288.1,0.15
2015-06-15 04:45:00,4.5,100370.0,288.35,0.15
2015-06-15 05:00:00,4.55,100395.0,288.5,0.15
2015-06-15 05:15:00,4.1,100410.0,288.65,0.15
2015-06-15 05:30:00,3.1,100430.0,288.75,0.15
2015-06-15 05:45:00,3.7,100450.0,288.75,0.15
2015-06-15 06:00:00,4.25,100465.0,288.65,0.15
2015-06-15 06:15:00,4.5,100480.0,288.65,0.15
2015-06-15 06:30:00,4.05,100495.0,288.85,0.15
2015-06-15 06:45:00,3.7,100520.0,288.95,0.15
2015-06-15 07:00:00,4.65,100545.0,288.54999999999995,0.15
2015-06-15 07:15:00,4.6,100570.0,288.45,0.15
2015-06-15 07:30:00,4.65,100575.0,288.45,0.15
2015-06-15 07:45:00,4.4,100590.0,288.45,0.15
2015-06-15 08:00:00,4.7,100595.0,288.9,0.15
2015-06-15 08:15:00,4.2,100620.0,288.35,0.15
2015-06-15 08:30:00,3.8,100640.0,288.15,0.15
2015-06-15 08:45:00,3.7,100660.0,288.35,0.15
2015-06-15 09:00:00,3.35,100675.0,288.35,0.15
2015-06-15 09:15:00,3.1,100690.0,288.54999999999995,0.15
2015-06-15 09:30:00,3.0,100700.0,288.79999999999995,0.15
2015-06-15 09:45:00,3.3,100710.0,289.45,0.15
2015-06-15 10:00:00,2.5,100725.0,289.65,0.15
2015-06-15 10:15:00,2.8,100740.0,289.75,0.15
2015-06-15 10:30:00,2.55,100740.0,290.04999999999995,0.15
2015-06-15 10:45:00,2.7,100740.0,290.45,0.15
2015-06-15 11:00:00,2.95,100755.0,290.54999999999995,0.15
2015-06-15 11:15:00,3.6,100760.0,290.95,0.15
2015-06-15 11:30:00,3.35,100760.0,291.29999999999995,0.15
2015-06-15 11:45:00,3.9,100770.0,291.35,0.15
2015-06-15 12:00:00,3.7,100760.0,291.45,0.15
2015-06-15 12:15:00,2.9,100750.0,292.95,0.15
2015-06-15 12:30:00,3.2,100745.0,292.1,0.15
2015-06-15 12:45:00,3.0,100740.0,292.25,0.15
2015-06-15 13:00:00,2.9000000000000004,100740.0,293.1,0.15
2015-06-15 13:15:00,2.9,100730.0,292.75,0.15
2015-06-15 13:30:00,3.3,100730.0,292.9,0.15
2015-06-15 13:45:00,3.3,100720.0,293.35,0.15
2015-06-15 14:00:00,3.15,100720.0,292.9,0.15
2015-06-15 14:15:00,4.3,100720.0,293.25,0.15
2015-06-15 14:30:00,3.5,100720.0,293.2,0.15
2015-06-15 14:45:00,3.7,100720.0,293.25,0.15
2015-06-15 15:00:00,3.7,100720.0,293.29999999999995,0.15
2015-06-15 15:15:00,3.2,100720.0,293.45,0.15
2015-06-15 15:30:00,4.1,100710.0,293.4,0.15
2015-06-15 15:45:00,4.3,100710.0,293.45,0.15
2015-06-15 16:00:00,3.75,100710.0,293.7,0.15
2015-06-15 16:15:00,5.2,100710.0,293.95,0.15
2015-06-15 16:30:00,4.35,100715.0,293.79999999999995,0.15
2015-06-15 16:45:00,4.2,100710.0,293.85,0.15
2015-06-15 17:00:00,4.5,100720.0,293.65,0.15
2015-06-15 17:15:00,3.8,100730.0,293.54999999999995,0.15
2015-06-15 17:30:00,4.45,100730.0,293.4,0.15
2015-06-15 17:45:00,4.5,100730.0,293.15,0.15
2015-06-15 18:00:00,4.35,100745.0,292.7,0.15
2015-06-15 18:15:00,4.0,100750.0,292.35,0.15
2015-06-15 18:30:00,4.1,100765.0,291.79999999999995,0.15
2015-06-15 18:45:00,3.0,100770.0,291.45,0.15
2015-06-15 19:00:00,2.95,100785.0,291.15,0.15
2015-06-15 19:15:00,3.0,100810.0,290.95,0.15
2015-06-15 19:30:00,2.3,100825.0,290.25,0.15
2015-06-15 19:45:00,2.6,100850.0,289.25,0.15
2015-06-15 20:00:00,2.8,100880.0,288.04999999999995,0.15
2015-06-15 20:15:00,2.1,100900.0,287.45,0.15
2015-06-15 20:30:00,1.7999999999999998,100910.0,286.95,0.15
2015-06-15 20:45:00,1.0,100910.0,286.54999999999995,0.15
2015-06-15 21:00:00,0.9,100920.0,286.2,0.15
2015-06-15 21:15:00,1.3,100940.0,286.25,0.15
2015-06-15 21:30:00,2.35,100945.0,286.1,0.15
2015-06-15 21:45:00,2.8,100960.0,285.85,0.15
2015-06-15 22:00:00,3.25,100970.0,285.25,0.15
2015-06-15 22:15:00,2.9,100970.0,285.95,0.15
2015-06-15 22:30:00,2.65,100970.0,286.25,0.15
2015-06-15 22:45:00,2.9,100980.0,286.65,0.15
2015-06-15 23:00:00,1.7,100985.0,286.79999999999995,0.15
2015-06-15 23:15:00,2.3,101000.0,286.45,0.15
2015-06-15 23:30:00,2.3,101000.0,286.2,0.15
2015-06-15 23:45:00,2.4,101000.0,286.25,0.15
2015-06-16 00:00:00,1.95,101025.0,284.4,0.15
2015-06-16 00:15:00,1.6,101040.0,284.15,0.15
2015-06-16 00:30:00,2.0,101040.0,284.1,0.15
2015-06-16 00:45:00,2.0,101050.0,283.65,0.15
2015-06-16 01:00:00,2.25,101050.0,282.95,0.15
2015-06-16 01:15:00,2.6,101060.0,282.54999999999995,0.15
2015-06-16 01:30:00,2.2,101065.0,282.79999999999995,0.15
2015-06-16 01:45:00,2.0,101080.0,282.85,0.15
2015-06-16 02:00:00,1.95,101085.0,282.45,0.15
2015-06-16 02:15:00,2.4,101100.0,282.75,0.15
2015-06-16 02:30:00,2.65,101100.0,282.65,0.15
2015-06-16 02:45:00,2.2,101100.0,282.75,0.15
2015-06-16 03:00:00,1.6,101090.0,282.5,0.15
2015-06-16 03:15:00,1.4,101100.0,281.75,0.15
2015-06-16 03:30:00,1.75,101105.0,281.25,0.15
2015-06-16 03:45:00,2.4,101110.0,281.04999999999995,0.15
2015-06-16 04:00:00,2.25,101115.0,281.6,0.15
2015-06-16 04:15:00,1.9,101130.0,282.45,0.15
2015-06-16 04:30:00,2.55,101130.0,282.6,0.15
2015-06-16 04:45:00,2.4,101130.0,283.15,0.15
2015-06-16 05:00:00,2.55,101140.0,283.5,0.15
2015-06-16 05:15:00,3.0,101130.0,284.35,0.15
2015-06-16 05:30:00,2.8,101135.0,284.7,0.15
2015-06-16 05:45:00,2.5,101130.0,285.35,0.15
2015-06-16 06:00:00,1.6,101125.0,286.4,0.15
2015-06-16 06:15:00,1.4,101130.0,286.25,0.15
2015-06-16 06:30:00,0.9,101130.0,287.25,0.15
2015-06-16 06:45:00,1.2,101130.0,287.54999999999995,0.15
2015-06-16 07:00:00,2.0,101140.0,288.15,0.15
2015-06-16 07:15:00,2.0,101140.0,288.15,0.15
2015-06-16 07:30:00,1.4,101130.0,288.6,0.15
2015-06-16 07:45:00,2.2,101130.0,289.85,0.15
2015-06-16 08:00:00,3.1500000000000004,101130.0,289.75,0.15
2015-06-16 08:15:00,3.2,101130.0,289.65,0.15
2015-06-16 08:30:00,3.4000000000000004,101135.0,290.45,0.15
2015-06-16 08:45:00,3.5,101150.0,290.35,0.15
2015-06-16 09:00:00,4.1,101150.0,290.75,0.15
2015-06-16 09:15:00,4.9,101140.0,290.75,0.15
2015-06-16 09:30:00,5.4,101145.0,290.54999999999995,0.15
2015-06-16 09:45:00,5.3,101150.0,290.65,0.15
2015-06-16 10:00:00,5.2,101150.0,290.54999999999995,0.15
2015-06-16 10:15:00,5.6,101160.0,290.75,0.15
2015-06-16 10:30:00,4.949999999999999,101165.0,290.29999999999995,0.15
2015-06-16 10:45:00,5.9,101170.0,290.04999999999995,0.15
2015-06-16 11:00:00,5.35,101170.0,290.65,0.15
2015-06-16 11:15:00,5.0,101180.0,290.65,0.15
2015-06-16 11:30:00,5.15,101185.0,290.45,0.15
2015-06-16 11:45:00,5.7,101190.0,290.25,0.15
2015-06-16 12:00:00,4.9,101200.0,289.7,0.15
2015-06-16 12:15:00,5.6,101210.0,289.95,0.15
2015-06-16 12:30:00,5.75,101220.0,289.79999999999995,0.15
2015-06-16 12:45:00,5.0,101220.0,289.75,0.15
2015-06-16 13:00:00,4.949999999999999,101215.0,289.4,0.15
2015-06-16 13:15:00,4.0,101210.0,289.85,0.15
2015-06-16 13:30:00,4.25,101195.0,290.29999999999995,0.15
2015-06-16 13:45:00,3.6,101190.0,291.25,0.15
2015-06-16 14:00:00,4.15,101160.0,291.2,0.15
2015-06-16 14:15:00,4.4,101150.0,291.35,0.15
2015-06-16 14:30:00,4.35,101145.0,290.54999999999995,0.15
2015-06-16 14:45:00,3.7,101130.0,291.15,0.15
2015-06-16 15:00:00,3.6,101130.0,291.45,0.15
2015-06-16 15:15:00,4.2,101130.0,291.75,0.15
2015-06-16 15:30:00,3.35,101130.0,291.6,0.15
2015-06-16 15:45:00,4.4,101120.0,291.85,0.15
2015-06-16 16:00:00,4.35,101120.0,291.25,0.15
2015-06-16 16:15:00,4.8,101130.0,291.04999999999995,0.15
2015-06-16 16:30:00,5.45,101140.0,290.29999999999995,0.15
2015-06-16 16:45:00,6.0,101140.0,290.15,0.15
2015-06-16 17:00:00,5.35,101140.0,291.1,0.15
2015-06-16 17:15:00,5.4,101140.0,290.85,0.15
2015-06-16 17:30:00,4.949999999999999,101165.0,290.7,0.15
2015-06-16 17:45:00,5.2,101170.0,290.65,0.15
2015-06-16 18:00:00,4.8,101195.0,290.4,0.15
2015-06-16 18:15:00,4.3,101210.0,289.85,0.15
2015-06-16 18:30:00,5.0,101210.0,289.2,0.15
2015-06-16 18:45:00,4.6,101210.0,288.95,0.15
2015-06-16 19:00:00,4.4,101225.0,288.5,0.15
2015-06-16 19:15:00,3.9,101240.0,288.15,0.15
2015-06-16 19:30:00,3.65,101265.0,287.35,0.15
2015-06-16 19:45:00,3.1,101280.0,286.65,0.15
2015-06-16 20:00:00,3.1,101295.0,286.79999999999995,0.15
2015-06-16 20:15:00,2.7,101310.0,286.15,0.15
2015-06-16 20:30:00,2.3,101315.0,286.25,0.15
2015-06-16 20:45:00,1.8,101320.0,286.25,0.15
2015-06-16 21:00:00,2.1,101310.0,285.85,0.15
2015-06-16 21:15:00,2.5,101320.0,285.25,0.15
2015-06-16 21:30:00,2.6,101335.0,285.29999999999995,0.15
2015-06-16 21:45:00,3.0,101350.0,285.15,0.15
2015-06-16 22:00:00,3.3,101365.0,284.45,0.15
2015-06-16 22:15:00,3.3,101380.0,283.75,0.15
2015-06-16 22:30:00,2.9,101380.0,283.1,0.15
2015-06-16 22:45:00,1.9,101370.0,283.04999999999995,0.15
2015-06-16 23:00:00,0.8999999999999999,101370.0,282.2,0.15
2015-06-16 23:15:00,0.3,101370.0,281.95,0.15
2015-06-16 23:30:00,0.6499999999999999,101385.0,281.7,0.15
2015-06-16 23:45:00,0.9,101400.0,281.65,0.15
2015-06-17 00:00:00,0.6,101400.0,281.4,0.15
2015-06-17 00:15:00,0.6,101400.0,280.95,0.15
2015-06-17 00:30:00,1.05,101410.0,281.15,0.15
2015-06-17 00:45:00,1.6,101400.0,281.04999999999995,0.15
2015-06-17 01:00:00,1.85,101390.0,280.2,0.15
2015-06-17 01:15:00,1.8,101390.0,280.75,0.15
2015-06-17 01:30:00,1.7,101395.0,279.85,0.15
2015-06-17 01:45:00,1.7,101400.0,279.95,0.15
2015-06-17 02:00:00,1.45,101400.0,280.0,0.15
2015-06-17 02:15:00,1.5,101400.0,279.95,0.15
2015-06-17 02:30:00,1.8,101405.0,279.15,0.15
2015-06-17 02:45:00,2.1,101410.0,279.15,0.15
2015-06-17 03:00:00,1.9,101415.0,279.25,0.15
2015-06-17 03:15:00,1.7,101410.0,279.35,0.15
2015-06-17 03:30:00,2.1,101410.0,278.65,0.15
2015-06-17 03:45:00,2.0,101420.0,279.15,0.15
2015-06-17 04:00:00,1.7000000000000002,101415.0,277.7,0.15
2015-06-17 04:15:00,2.1,101420.0,278.25,0.15
2015-06-17 04:30:00,1.65,101425.0,279.7,0.15
2015-06-17 04:45:00,0.8,101440.0,281.45,0.15
2015-06-17 05:00:00,1.6,101435.0,281.95,0.15
2015-06-17 05:15:00,1.7,101440.0,282.65,0.15
2015-06-17 05:30:00,1.4,101445.0,283.5,0.15
2015-06-17 05:45:00,1.8,101440.0,284.25,0.15
2015-06-17 06:00:00,1.95,101420.0,284.95,0.15
2015-06-17 06:15:00,1.9,101430.0,285.85,0.15
2015-06-17 06:30:00,1.4,101420.0,286.65,0.15
2015-06-17 06:45:00,1.6,101430.0,287.25,0.15
2015-06-17 07:00:00,1.2999999999999998,101430.0,288.04999999999995,0.15
2015-06-17 07:15:00,1.2,101420.0,288.45,0.15
2015-06-17 07:30:00,2.1500000000000004,101405.0,288.85,0.15
2015-06-17 07:45:00,2.1,101390.0,289.54999999999995,0.15
2015-06-17 08:00:00,1.95,101380.0,289.7,0.15
2015-06-17 08:15:00,2.6,101350.0,289.85,0.15
2015-06-17 08:30:00,1.7,101360.0,290.75,0.15
2015-06-17 08:45:00,2.4,101350.0,291.35,0.15
2015-06-17 09:00:00,2.05,101330.0,291.54999999999995,0.15
2015-06-17 09:15:00,1.8,101290.0,291.54999999999995,0.15
2015-06-17 09:30:00,2.65,101285.0,292.1,0.15
2015-06-17 09:45:00,1.9,101280.0,292.75,0.15
2015-06-17 10:00:00,2.6,101280.0,292.9,0.15
2015-06-17 10:15:00,1.9,101280.0,293.45,0.15
2015-06-17 10:30:00,2.55,101275.0,292.6,0.15
2015-06-17 10:45:00,2.3,101260.0,293.35,0.15
2015-06-17 11:00:00,2.25,101255.0,293.15,0.15
2015-06-17 11:15:00,2.3,101240.0,294.65,0.15
2015-06-17 11:30:00,2.3,101225.0,293.65,0.15
2015-06-17 11:45:00,3.5,101210.0,294.35,0.15
2015-06-17 12:00:00,2.65,101190.0,294.15,0.15
2015-06-17 12:15:00,1.9,101160.0,294.54999999999995,0.15
2015-06-17 12:30:00,2.7,101140.0,294.79999999999995,0.15
2015-06-17 12:45:00,2.7,101110.0,293.85,0.15
2015-06-17 13:00:00,2.5,101075.0,294.7,0.15
2015-06-17 13:15:00,2.9,101090.0,295.15,0.15
2015-06-17 13:30:00,2.35,101045.0,295.35,0.15
2015-06-17 13:45:00,3.0,101040.0,295.04999999999995,0.15
2015-06-17 14:00:00,3.1,101030.0,295.35,0.15
2015-06-17 14:15:00,3.6,101010.0,296.15,0.15
2015-06-17 14:30:00,2.2,100995.0,297.2,0.15
2015-06-17 14:45:00,3.2,100970.0,296.25,0.15
2015-06-17 15:00:00,3.35,100940.0,296.35,0.15
2015-06-17 15:15:00,2.6,100920.0,297.85,0.15
2015-06-17 15:30:00,3.1500000000000004,100895.0,296.6,0.15
2015-06-17 15:45:00,3.5,100880.0,296.04999999999995,0.15
2015-06-17 16:00:00,3.3,100855.0,296.25,0.15
2015-06-17 16:15:00,3.7,100840.0,296.54999999999995,0.15
2015-06-17 16:30:00,3.6,100835.0,296.2,0.15
2015-06-17 16:45:00,3.7,100820.0,296.04999999999995,0.15
2015-06-17 17:00:00,4.05,100820.0,296.04999999999995,0.15
2015-06-17 17:15:00,5.3,100820.0,296.15,0.15
2015-06-17 17:30:00,4.4,100805.0,296.0,0.15
2015-06-17 17:45:00,3.0,100780.0,295.65,0.15
2015-06-17 18:00:00,3.45,100775.0,295.79999999999995,0.15
2015-06-17 18:15:00,3.4,100760.0,296.04999999999995,0.15
2015-06-17 18:30:00,3.65,100745.0,295.5,0.15
2015-06-17 18:45:00,3.1,100740.0,295.15,0.15
2015-06-17 19:00:00,3.3,100730.0,295.0,0.15
2015-06-17 19:15:00,3.0,100730.0,294.65,0.15
2015-06-17 19:30:00,2.7,100735.0,294.29999999999995,0.15
2015-06-17 19:45:00,2.4,100740.0,294.35,0.15
2015-06-17 20:00:00,2.5,100730.0,294.2,0.15
2015-06-17 20:15:00,3.0,100720.0,294.25,0.15
2015-06-17 20:30:00,2.45,100710.0,294.1,0.15
2015-06-17 20:45:00,2.2,100710.0,294.04999999999995,0.15
2015-06-17 21:00:00,2.35,100695.0,293.75,0.15
2015-06-17 21:15:00,2.7,100670.0,293.54999999999995,0.15
2015-06-17 21:30:00,3.0,100665.0,293.4,0.15
2015-06-17 21:45:00,3.2,100660.0,293.54999999999995,0.15
2015-06-17 22:00:00,3.0,100640.0,293.5,0.15
2015-06-17 22:15:00,3.1,100620.0,293.45,0.15
2015-06-17 22:30:00,2.85,100610.0,293.29999999999995,0.15
2015-06-17 22:45:00,2.6,100600.0,293.25,0.15
2015-06-17 23:00:00,2.85,100580.0,293.2,0.15
2015-06-17 23:15:00,2.8,100560.0,293.15,0.15
2015-06-17 23:30:00,3.3,100545.0,293.29999999999995,0.15
2015-06-17 23:45:00,3.4,100530.0,293.45,0.15
2015-06-18 00:00:00,3.35,100515.0,293.35,0.15
2015-06-18 00:15:00,2.9,100500.0,293.25,0.15
2015-06-18 00:30:00,3.7,100485.0,293.1,0.15
2015-06-18 00:45:00,2.9,100470.0,293.15,0.15
2015-06-18 01:00:00,4.05,100475.0,291.75,0.15
2015-06-18 01:15:00,2.7,100480.0,290.45,0.15
2015-06-18 01:30:00,2.2,100465.0,290.2,0.15
2015-06-18 01:45:00,1.7,100460.0,290.35,0.15
2015-06-18 02:00:00,2.3,100440.0,290.4,0.15
2015-06-18 02:15:00,3.5,100440.0,290.54999999999995,0.15
2015-06-18 02:30:00,4.0,100435.0,290.65,0.15
2015-06-18 02:45:00,4.3,100420.0,290.45,0.15
2015-06-18 03:00:00,3.6,100410.0,290.4,0.15
2015-06-18 03:15:00,3.7,100390.0,290.25,0.15
2015-06-18 03:30:00,3.8,100380.0,290.25,0.15
2015-06-18 03:45:00,4.9,100380.0,290.15,0.15
2015-06-18 04:00:00,4.7,100370.0,290.1,0.15
2015-06-18 04:15:00,4.3,100370.0,290.04999999999995,0.15
2015-06-18 04:30:00,4.3,100370.0,290.04999999999995,0.15
2015-06-18 04:45:00,3.4,100370.0,290.04999999999995,0.15
2015-06-18 05:00:00,3.65,100370.0,290.1,0.15
2015-06-18 05:15:00,3.9,100380.0,290.04999999999995,0.15
2015-06-18 05:30:00,4.7,100395.0,290.0,0.15
2015-06-18 05:45:00,3.8,100400.0,290.04999999999995,0.15
2015-06-18 06:00:00,3.85,100405.0,290.15,0.15
2015-06-18 06:15:00,4.0,100420.0,290.25,0.15
2015-06-18 06:30:00,3.75,100415.0,290.1,0.15
2015-06-18 06:45:00,3.3,100420.0,290.15,0.15
2015-06-18 07:00:00,3.45,100440.0,290.45,0.15
2015-06-18 07:15:00,3.4,100440.0,290.45,0.15
2015-06-18 07:30:00,3.45,100450.0,290.65,0.15
2015-06-18 07:45:00,3.4,100450.0,290.85,0.15
2015-06-18 08:00:00,4.7,100465.0,291.0,0.15
2015-06-18 08:15:00,4.0,100450.0,291.25,0.15
2015-06-18 08:30:00,4.6,100460.0,292.04999999999995,0.15
2015-06-18 08:45:00,4.4,100470.0,291.75,0.15
2015-06-18 09:00:00,4.9,100455.0,292.25,0.15
2015-06-18 09:15:00,4.9,100460.0,291.85,0.15
2015-06-18 09:30:00,4.65,100455.0,292.5,0.15
2015-06-18 09:45:00,5.9,100450.0,292.45,0.15
2015-06-18 10:00:00,4.9,100455.0,293.35,0.15
2015-06-18 10:15:00,5.9,100450.0,292.75,0.15
2015-06-18 10:30:00,6.05,100465.0,293.0,0.15
2015-06-18 10:45:00,6.6,100460.0,292.85,0.15
2015-06-18 11:00:00,5.5,100455.0,293.95,0.15
2015-06-18 11:15:00,6.4,100450.0,292.65,0.15
2015-06-18 11:30:00,6.95,100455.0,293.5,0.15
2015-06-18 11:45:00,7.3,100450.0,293.75,0.15
2015-06-18 12:00:00,6.85,100450.0,293.9,0.15
2015-06-18 12:15:00,7.9,100440.0,294.45,0.15
2015-06-18 12:30:00,6.75,100425.0,294.9,0.15
2015-06-18 12:45:00,6.6,100420.0,294.54999999999995,0.15
2015-06-18 13:00:00,7.0,100420.0,294.4,0.15
2015-06-18 13:15:00,6.2,100420.0,293.35,0.15
2015-06-18 13:30:00,8.0,100415.0,293.79999999999995,0.15
2015-06-18 13:45:00,7.6,100420.0,295.25,0.15
2015-06-18 14:00:00,6.55,100410.0,294.65,0.15
2015-06-18 14:15:00,6.6,100410.0,293.54999999999995,0.15
2015-06-18 14:30:00,6.65,100410.0,293.45,0.15
2015-06-18 14:45:00,6.6,100410.0,294.54999999999995,0.15
2015-06-18 15:00:00,6.75,100410.0,293.75,0.15
2015-06-18 15:15:00,6.8,100410.0,293.35,0.15
2015-06-18 15:30:00,6.9,100420.0,293.0,0.15
2015-06-18 15:45:00,7.0,100420.0,292.45,0.15
2015-06-18 16:00:00,6.95,100430.0,292.2,0.15
2015-06-18 16:15:00,7.0,100440.0,291.85,0.15
2015-06-18 16:30:00,7.9,100445.0,291.7,0.15
2015-06-18 16:45:00,7.6,100460.0,291.25,0.15
2015-06-18 17:00:00,7.4,100455.0,291.0,0.15
2015-06-18 17:15:00,7.2,100480.0,290.85,0.15
2015-06-18 17:30:00,7.1,100490.0,290.35,0.15
2015-06-18 17:45:00,7.1,100500.0,290.04999999999995,0.15
2015-06-18 18:00:00,6.75,100515.0,289.54999999999995,0.15
2015-06-18 18:15:00,6.7,100520.0,289.25,0.15
2015-06-18 18:30:00,6.15,100535.0,289.29999999999995,0.15
2015-06-18 18:45:00,5.9,100550.0,288.85,0.15
2015-06-18 19:00:00,4.9,100550.0,288.54999999999995,0.15
2015-06-18 19:15:00,5.2,100560.0,287.95,0.15
2015-06-18 19:30:00,5.1,100570.0,287.7,0.15
2015-06-18 19:45:00,5.7,100590.0,287.35,0.15
2015-06-18 20:00:00,5.55,100595.0,287.0,0.15
2015-06-18 20:15:00,4.6,100610.0,286.75,0.15
2015-06-18 20:30:00,5.300000000000001,100610.0,286.5,0.15
2015-06-18 20:45:00,5.0,100620.0,286.25,0.15
2015-06-18 21:00:00,4.15,100625.0,286.1,0.15
2015-06-18 21:15:00,4.9,100630.0,285.95,0.15
2015-06-18 21:30:00,4.3,100645.0,286.54999999999995,0.15
2015-06-18 21:45:00,4.4,100640.0,286.54999999999995,0.15
2015-06-18 22:00:00,4.0,100635.0,285.85,0.15
2015-06-18 22:15:00,4.2,100640.0,286.25,0.15
2015-06-18 22:30:00,3.8,100635.0,285.4,0.15
2015-06-18 22:45:00,3.3,100630.0,285.35,0.15
2015-06-18 23:00:00,3.35,100630.0,285.65,0.15
2015-06-18 23:15:00,3.1,100630.0,285.65,0.15
2015-06-18 23:30:00,3.95,100630.0,285.6,0.15
2015-06-18 23:45:00,3.5,100620.0,285.54999999999995,0.15
2015-06-19 00:00:00,3.55,100620.0,285.7,0.15
2015-06-19 00:15:00,3.1,100620.0,285.75,0.15
2015-06-19 00:30:00,3.5,100620.0,285.95,0.15
2015-06-19 00:45:00,4.8,100610.0,285.85,0.15
2015-06-19 01:00:00,4.0,100610.0,285.35,0.15
2015-06-19 01:15:00,4.1,100610.0,285.45,0.15
2015-06-19 01:30:00,3.95,100615.0,285.65,0.15
2015-06-19 01:45:00,4.4,100620.0,285.75,0.15
2015-06-19 02:00:00,4.8,100615.0,285.65,0.15
2015-06-19 02:15:00,4.0,100620.0,285.45,0.15
2015-06-19 02:30:00,3.95,100620.0,285.5,0.15
2015-06-19 02:45:00,3.0,100610.0,285.45,0.15
2015-06-19 03:00:00,3.4000000000000004,100620.0,285.6,0.15
2015-06-19 03:15:00,4.4,100620.0,285.45,0.15
2015-06-19 03:30:00,3.9,100620.0,285.4,0.15
2015-06-19 03:45:00,3.0,100620.0,284.54999999999995,0.15
2015-06-19 04:00:00,2.85,100630.0,284.4,0.15
2015-06-19 04:15:00,2.7,100640.0,284.35,0.15
2015-06-19 04:30:00,2.8,100660.0,284.35,0.15
2015-06-19 04:45:00,2.3,100660.0,284.65,0.15
2015-06-19 05:00:00,2.75,100660.0,284.75,0.15
2015-06-19 05:15:00,2.6,100670.0,285.04999999999995,0.15
2015-06-19 05:30:00,3.15,100680.0,285.2,0.15
2015-06-19 05:45:00,3.0,100680.0,285.04999999999995,0.15
2015-06-19 06:00:00,2.45,100685.0,285.15,0.15
2015-06-19 06:15:00,2.8,100690.0,285.25,0.15
2015-06-19 06:30:00,3.0,100700.0,285.4,0.15
2015-06-19 06:45:00,3.0,100700.0,285.15,0.15
2015-06-19 07:00:00,3.2,100700.0,285.0,0.15
2015-06-19 07:15:00,2.2,100700.0,284.65,0.15
2015-06-19 07:30:00,1.95,100700.0,284.9,0.15
2015-06-19 07:45:00,2.2,100690.0,285.25,0.15
2015-06-19 08:00:00,2.65,100695.0,285.5,0.15
2015-06-19 08:15:00,2.8,100690.0,285.95,0.15
2015-06-19 08:30:00,3.6,100690.0,286.0,0.15
2015-06-19 08:45:00,3.8,100690.0,286.04999999999995,0.15
2015-06-19 09:00:00,3.05,100690.0,286.4,0.15
2015-06-19 09:15:00,4.1,100690.0,287.54999999999995,0.15
2015-06-19 09:30:00,3.65,100685.0,288.0,0.15
2015-06-19 09:45:00,4.2,100690.0,287.35,0.15
2015-06-19 10:00:00,3.45,100700.0,287.54999999999995,0.15
2015-06-19 10:15:00,3.8,100690.0,287.65,0.15
2015-06-19 10:30:00,3.6,100690.0,287.85,0.15
2015-06-19 10:45:00,3.8,100680.0,288.65,0.15
2015-06-19 11:00:00,4.3,100670.0,289.54999999999995,0.15
2015-06-19 11:15:00,4.9,100660.0,289.35,0.15
2015-06-19 11:30:00,4.5,100645.0,289.79999999999995,0.15
2015-06-19 11:45:00,4.7,100640.0,289.45,0.15
2015-06-19 12:00:00,5.45,100630.0,289.6,0.15
2015-06-19 12:15:00,3.8,100630.0,288.85,0.15
2015-06-19 12:30:00,4.300000000000001,100630.0,287.9,0.15
2015-06-19 12:45:00,5.1,100630.0,287.75,0.15
2015-06-19 13:00:00,3.8,100630.0,287.95,0.15
2015-06-19 13:15:00,2.2,100630.0,287.65,0.15
2015-06-19 13:30:00,3.85,100660.0,287.2,0.15
2015-06-19 13:45:00,2.8,100660.0,287.75,0.15
2015-06-19 14:00:00,3.75,100655.0,287.7,0.15
2015-06-19 14:15:00,5.4,100680.0,286.95,0.15
2015-06-19 14:30:00,5.65,100705.0,285.35,0.15
2015-06-19 14:45:00,5.6,100710.0,285.25,0.15
2015-06-19 15:00:00,5.199999999999999,100705.0,285.6,0.15
2015-06-19 15:15:00,4.0,100690.0,285.75,0.15
2015-06-19 15:30:00,2.75,100695.0,285.79999999999995,0.15
2015-06-19 15:45:00,2.5,100700.0,286.15,0.15
2015-06-19 16:00:00,2.85,100705.0,286.45,0.15
2015-06-19 16:15:00,4.8,100710.0,286.15,0.15
2015-06-19 16:30:00,4.05,100705.0,285.9,0.15
2015-06-19 16:45:00,4.0,100700.0,286.15,0.15
2015-06-19 17:00:00,3.6,100705.0,285.75,0.15
2015-06-19 17:15:00,3.4,100720.0,285.15,0.15
2015-06-19 17:30:00,1.7,100705.0,284.95,0.15
2015-06-19 17:45:00,0.7,100710.0,284.95,0.15
2015-06-19 18:00:00,1.25,100730.0,285.04999999999995,0.15
2015-06-19 18:15:00,1.0,100740.0,285.15,0.15
2015-06-19 18:30:00,1.4,100745.0,285.1,0.15
2015-06-19 18:45:00,2.3,100750.0,285.15,0.15
2015-06-19 19:00:00,1.95,100735.0,285.0,0.15
2015-06-19 19:15:00,0.8,100730.0,284.95,0.15
2015-06-19 19:30:00,1.25,100735.0,285.04999999999995,0.15
2015-06-19 19:45:00,1.1,100750.0,285.15,0.15
2015-06-19 20:00:00,1.2,100770.0,285.1,0.15
2015-06-19 20:15:00,2.8,100770.0,285.25,0.15
2015-06-19 20:30:00,2.55,100775.0,285.0,0.15
2015-06-19 20:45:00,2.4,100780.0,284.85,0.15
2015-06-19 21:00:00,1.65,100775.0,284.85,0.15
2015-06-19 21:15:00,0.7,100760.0,284.75,0.15
2015-06-19 21:30:00,1.2000000000000002,100760.0,284.65,0.15
2015-06-19 21:45:00,1.5,100760.0,284.75,0.15
2015-06-19 22:00:00,1.05,100750.0,284.79999999999995,0.15
2015-06-19 22:15:00,0.6,100750.0,284.65,0.15
2015-06-19 22:30:00,1.75,100750.0,284.75,0.15
2015-06-19 22:45:00,1.9,100740.0,284.65,0.15
2015-06-19 23:00:00,1.55,100745.0,284.79999999999995,0.15
2015-06-19 23:15:00,4.0,100760.0,284.75,0.15
2015-06-19 23:30:00,2.6500000000000004,100760.0,284.5,0.15
2015-06-19 23:45:00,2.7,100750.0,284.35,0.15
2015-06-20 00:00:00,2.1,100750.0,284.35,0.15
2015-06-20 00:15:00,1.6,100750.0,284.25,0.15
2015-06-20 00:30:00,1.05,100750.0,284.25,0.15
2015-06-20 00:45:00,0.9,100750.0,284.35,0.15
2015-06-20 01:00:00,0.5,100735.0,284.2,0.15
2015-06-20 01:15:00,1.0,100730.0,284.15,0.15
2015-06-20 01:30:00,1.8,100730.0,284.2,0.15
2015-06-20 01:45:00,3.1,100720.0,284.54999999999995,0.15
2015-06-20 02:00:00,2.95,100725.0,284.65,0.15
2015-06-20 02:15:00,1.9,100720.0,284.65,0.15
2015-06-20 02:30:00,2.0,100730.0,284.54999999999995,0.15
2015-06-20 02:45:00,3.5,100730.0,284.35,0.15
2015-06-20 03:00:00,3.55,100730.0,284.25,0.15
2015-06-20 03:15:00,2.9,100730.0,283.95,0.15
2015-06-20 03:30:00,2.8,100740.0,283.9,0.15
2015-06-20 03:45:00,3.4,100740.0,283.75,0.15
2015-06-20 04:00:00,3.75,100735.0,283.75,0.15
2015-06-20 04:15:00,3.2,100730.0,283.85,0.15
2015-06-20 04:30:00,3.1500000000000004,100745.0,284.0,0.15
2015-06-20 04:45:00,3.2,100750.0,284.15,0.15
2015-06-20 05:00:00,2.8,100765.0,284.15,0.15
2015-06-20 05:15:00,2.5,100770.0,284.35,0.15
2015-06-20 05:30:00,2.5,100785.0,284.5,0.15
2015-06-20 05:45:00,2.3,100790.0,284.75,0.15
2015-06-20 06:00:00,2.8,100810.0,284.95,0.15
2015-06-20 06:15:00,3.2,100820.0,284.95,0.15
2015-06-20 06:30:00,3.05,100825.0,284.5,0.15
2015-06-20 06:45:00,2.3,100840.0,284.25,0.15
2015-06-20 07:00:00,2.25,100855.0,284.25,0.15
2015-06-20 07:15:00,1.8,100860.0,284.45,0.15
2015-06-20 07:30:00,1.75,100865.0,285.2,0.15
2015-06-20 07:45:00,1.9,100870.0,286.15,0.15
2015-06-20 08:00:00,2.35,100870.0,286.35,0.15
2015-06-20 08:15:00,2.5,100870.0,286.15,0.15
2015-06-20 08:30:00,2.35,100880.0,286.7,0.15
2015-06-20 08:45:00,1.9,100890.0,286.45,0.15
2015-06-20 09:00:00,2.7,100900.0,286.45,0.15
2015-06-20 09:15:00,2.9,100910.0,286.75,0.15
2015-06-20 09:30:00,2.3,100905.0,286.7,0.15
2015-06-20 09:45:00,2.3,100910.0,286.65,0.15
2015-06-20 10:00:00,1.7000000000000002,100915.0,286.95,0.15
2015-06-20 10:15:00,1.5,100910.0,287.04999999999995,0.15
2015-06-20 10:30:00,2.3,100915.0,287.5,0.15
2015-06-20 10:45:00,3.0,100930.0,287.85,0.15
2015-06-20 11:00:00,3.4,100930.0,288.25,0.15
2015-06-20 11:15:00,3.2,100920.0,287.75,0.15
2015-06-20 11:30:00,2.95,100915.0,288.1,0.15
2015-06-20 11:45:00,3.2,100920.0,288.15,0.15
2015-06-20 12:00:00,3.35,100915.0,288.45,0.15
2015-06-20 12:15:00,4.6,100910.0,287.95,0.15
2015-06-20 12:30:00,3.35,100920.0,287.9,0.15
2015-06-20 12:45:00,2.7,100920.0,288.25,0.15
2015-06-20 13:00:00,2.65,100915.0,288.45,0.15
2015-06-20 13:15:00,3.2,100910.0,288.95,0.15
2015-06-20 13:30:00,2.95,100910.0,288.9,0.15
2015-06-20 13:45:00,3.6,100910.0,288.95,0.15
2015-06-20 14:00:00,3.35,100910.0,288.9,0.15
2015-06-20 14:15:00,2.6,100910.0,288.95,0.15
2015-06-20 14:30:00,3.05,100910.0,289.2,0.15
2015-06-20 14:45:00,2.8,100910.0,288.75,0.15
2015-06-20 15:00:00,3.05,100920.0,288.54999999999995,0.15
2015-06-20 15:15:00,2.8,100920.0,288.35,0.15
2015-06-20 15:30:00,2.2,100905.0,288.5,0.15
2015-06-20 15:45:00,2.6,100890.0,288.75,0.15
2015-06-20 16:00:00,1.75,100885.0,288.9,0.15
2015-06-20 16:15:00,1.6,100870.0,289.04999999999995,0.15
2015-06-20 16:30:00,2.0,100865.0,289.04999999999995,0.15
2015-06-20 16:45:00,2.0,100880.0,288.95,0.15
2015-06-20 17:00:00,1.7999999999999998,100880.0,288.95,0.15
2015-06-20 17:15:00,2.1,100890.0,288.65,0.15
2015-06-20 17:30:00,1.95,100890.0,288.6,0.15
2015-06-20 17:45:00,1.5,100890.0,288.65,0.15
2015-06-20 18:00:00,1.2999999999999998,100875.0,288.54999999999995,0.15
2015-06-20 18:15:00,1.7,100870.0,288.45,0.15
2015-06-20 18:30:00,1.4,100870.0,288.35,0.15
2015-06-20 18:45:00,1.4,100860.0,288.25,0.15
2015-06-20 19:00:00,1.3,100860.0,287.9,0.15
2015-06-20 19:15:00,1.1,100860.0,287.15,0.15
2015-06-20 19:30:00,1.05,100860.0,286.95,0.15
2015-06-20 19:45:00,1.0,100870.0,286.75,0.15
2015-06-20 20:00:00,1.25,100880.0,286.54999999999995,0.15
2015-06-20 20:15:00,1.7,100880.0,286.45,0.15
2015-06-20 20:30:00,1.35,100875.0,286.35,0.15
2015-06-20 20:45:00,1.5,100870.0,286.54999999999995,0.15
2015-06-20 21:00:00,1.5,100865.0,285.95,0.15
2015-06-20 21:15:00,1.5,100860.0,286.54999999999995,0.15
2015-06-20 21:30:00,1.6,100860.0,286.0,0.15
2015-06-20 21:45:00,1.5,100860.0,285.95,0.15
2015-06-20 22:00:00,1.4,100855.0,285.79999999999995,0.15
2015-06-20 22:15:00,1.5,100850.0,285.95,0.15
2015-06-20 22:30:00,1.65,100840.0,285.79999999999995,0.15
2015-06-20 22:45:00,1.5,100830.0,285.75,0.15
2015-06-20 23:00:00,1.8,100825.0,285.79999999999995,0.15
2015-06-20 23:15:00,1.7,100820.0,285.75,0.15
2015-06-20 23:30:00,2.1500000000000004,100795.0,285.7,0.15
2015-06-20 23:45:00,1.7,100790.0,285.75,0.15
2015-06-21 00:00:00,1.6,100785.0,285.65,0.15
2015-06-21 00:15:00,1.9,100760.0,285.45,0.15
2015-06-21 00:30:00,1.95,100740.0,285.54999999999995,0.15
2015-06-21 00:45:00,2.1,100720.0,285.54999999999995,0.15
2015-06-21 01:00:00,2.1500000000000004,100715.0,285.5,0.15
2015-06-21 01:15:00,2.6,100690.0,285.35,0.15
2015-06-21 01:30:00,2.45,100685.0,285.15,0.15
2015-06-21 01:45:00,2.0,100680.0,285.04999999999995,0.15
2015-06-21 02:00:00,1.65,100675.0,285.15,0.15
2015-06-21 02:15:00,1.5,100660.0,285.15,0.15
2015-06-21 02:30:00,1.85,100645.0,285.2,0.15
2015-06-21 02:45:00,1.8,100650.0,285.25,0.15
2015-06-21 03:00:00,1.75,100630.0,285.4,0.15
2015-06-21 03:15:00,1.7,100620.0,285.54999999999995,0.15
2015-06-21 03:30:00,2.1,100600.0,285.65,0.15
2015-06-21 03:45:00,2.5,100590.0,285.75,0.15
2015-06-21 04:00:00,2.2,100600.0,285.7,0.15
2015-06-21 04:15:00,2.2,100600.0,285.75,0.15
2015-06-21 04:30:00,2.25,100590.0,285.9,0.15
2015-06-21 04:45:00,2.2,100580.0,285.75,0.15
2015-06-21 05:00:00,2.35,100570.0,286.15,0.15
2015-06-21 05:15:00,2.6,100560.0,286.35,0.15
2015-06-21 05:30:00,2.1,100570.0,286.29999999999995,0.15
2015-06-21 05:45:00,1.9,100560.0,286.35,0.15
2015-06-21 06:00:00,1.75,100575.0,286.4,0.15
2015-06-21 06:15:00,1.8,100580.0,286.54999999999995,0.15
2015-06-21 06:30:00,2.1,100575.0,286.7,0.15
2015-06-21 06:45:00,2.2,100570.0,287.04999999999995,0.15
2015-06-21 07:00:00,2.45,100570.0,287.35,0.15
2015-06-21 07:15:00,2.6,100560.0,287.75,0.15
2015-06-21 07:30:00,2.5,100555.0,288.2,0.15
2015-06-21 07:45:00,2.2,100540.0,288.95,0.15
2015-06-21 08:00:00,2.3,100525.0,289.54999999999995,0.15
2015-06-21 08:15:00,2.6,100510.0,289.85,0.15
2015-06-21 08:30:00,2.7,100490.0,290.29999999999995,0.15
2015-06-21 08:45:00,2.9,100480.0,290.75,0.15
2015-06-21 09:00:00,2.6500000000000004,100465.0,291.25,0.15
2015-06-21 09:15:00,1.5,100440.0,291.35,0.15
2015-06-21 09:30:00,3.3,100435.0,291.5,0.15
2015-06-21 09:45:00,2.5,100420.0,291.75,0.15
2015-06-21 10:00:00,2.45,100395.0,292.29999999999995,0.15
2015-06-21 10:15:00,4.1,100380.0,293.15,0.15
2015-06-21 10:30:00,4.25,100365.0,292.9,0.15
2015-06-21 10:45:00,3.8,100370.0,292.75,0.15
2015-06-21 11:00:00,3.75,100370.0,292.65,0.15
2015-06-21 11:15:00,2.5,100350.0,293.04999999999995,0.15
2015-06-21 11:30:00,2.45,100335.0,292.79999999999995,0.15
2015-06-21 11:45:00,2.3,100330.0,292.85,0.15
2015-06-21 12:00:00,2.55,100320.0,292.7,0.15
2015-06-21 12:15:00,2.2,100320.0,292.25,0.15
2015-06-21 12:30:00,3.15,100305.0,292.25,0.15
2015-06-21 12:45:00,2.7,100310.0,291.95,0.15
2015-06-21 13:00:00,2.65,100290.0,292.9,0.15
2015-06-21 13:15:00,2.9,100270.0,293.65,0.15
2015-06-21 13:30:00,2.45,100250.0,293.25,0.15
2015-06-21 13:45:00,2.3,100240.0,293.15,0.15
2015-06-21 14:00:00,3.0,100220.0,293.54999999999995,0.15
2015-06-21 14:15:00,3.0,100200.0,293.65,0.15
2015-06-21 14:30:00,4.35,100215.0,291.9,0.15
2015-06-21 14:45:00,0.9,100190.0,290.75,0.15
2015-06-21 15:00:00,1.5,100185.0,291.6,0.15
2015-06-21 15:15:00,2.5,100160.0,291.95,0.15
2015-06-21 15:30:00,2.4000000000000004,100140.0,292.15,0.15
2015-06-21 15:45:00,1.4,100130.0,292.65,0.15
2015-06-21 16:00:00,4.8,100130.0,294.0,0.15
2015-06-21 16:15:00,6.2,100130.0,294.25,0.15
2015-06-21 16:30:00,5.45,100130.0,295.0,0.15
2015-06-21 16:45:00,5.7,100130.0,294.85,0.15
2015-06-21 17:00:00,4.9,100140.0,294.29999999999995,0.15
2015-06-21 17:15:00,4.2,100140.0,294.15,0.15
2015-06-21 17:30:00,5.6,100135.0,294.25,0.15
2015-06-21 17:45:00,6.2,100150.0,293.95,0.15
2015-06-21 18:00:00,5.2,100145.0,293.7,0.15
2015-06-21 18:15:00,5.3,100150.0,293.54999999999995,0.15
2015-06-21 18:30:00,4.8,100155.0,293.2,0.15
2015-06-21 18:45:00,5.1,100170.0,292.95,0.15
2015-06-21 19:00:00,4.800000000000001,100175.0,292.5,0.15
2015-06-21 19:15:00,4.4,100190.0,292.25,0.15
2015-06-21 19:30:00,3.55,100205.0,291.65,0.15
2015-06-21 19:45:00,3.5,100210.0,291.04999999999995,0.15
2015-06-21 20:00:00,3.3,100235.0,290.5,0.15
2015-06-21 20:15:00,2.5,100250.0,290.04999999999995,0.15
2015-06-21 20:30:00,2.45,100245.0,289.75,0.15
2015-06-21 20:45:00,3.1,100240.0,289.25,0.15
2015-06-21 21:00:00,3.1,100240.0,289.65,0.15
2015-06-21 21:15:00,3.1,100240.0,289.95,0.15
2015-06-21 21:30:00,3.8,100245.0,290.15,0.15
2015-06-21 21:45:00,3.5,100240.0,289.85,0.15
2015-06-21 22:00:00,3.25,100255.0,290.2,0.15
2015-06-21 22:15:00,2.0,100250.0,290.04999999999995,0.15
2015-06-21 22:30:00,2.15,100240.0,289.75,0.15
2015-06-21 22:45:00,2.8,100230.0,289.15,0.15
2015-06-21 23:00:00,1.9,100235.0,288.65,0.15
2015-06-21 23:15:00,1.7,100230.0,288.15,0.15
2015-06-21 23:30:00,1.9,100225.0,288.25,0.15
2015-06-21 23:45:00,1.7,100230.0,288.25,0.15
2015-06-22 00:00:00,1.45,100220.0,287.65,0.15
2015-06-22 00:15:00,1.6,100210.0,287.65,0.15
2015-06-22 00:30:00,1.7,100185.0,286.95,0.15
2015-06-22 00:45:00,2.5,100170.0,285.95,0.15
2015-06-22 01:00:00,2.3,100160.0,286.04999999999995,0.15
2015-06-22 01:15:00,2.0,100170.0,286.15,0.15
2015-06-22 01:30:00,1.9,100150.0,286.45,0.15
2015-06-22 01:45:00,1.6,100130.0,286.15,0.15
2015-06-22 02:00:00,1.95,100115.0,286.0,0.15
2015-06-22 02:15:00,2.4,100110.0,286.15,0.15
2015-06-22 02:30:00,1.65,100105.0,285.95,0.15
2015-06-22 02:45:00,1.4,100080.0,285.85,0.15
2015-06-22 03:00:00,1.35,100065.0,285.65,0.15
2015-06-22 03:15:00,1.7,100060.0,285.75,0.15
2015-06-22 03:30:00,1.4,100055.0,285.7,0.15
2015-06-22 03:45:00,1.5,100050.0,285.85,0.15
2015-06-22 04:00:00,2.2,100050.0,285.79999999999995,0.15
2015-06-22 04:15:00,2.4,100040.0,285.65,0.15
2015-06-22 04:30:00,2.1,100015.0,286.04999999999995,0.15
2015-06-22 04:45:00,2.0,100020.0,286.04999999999995,0.15
2015-06-22 05:00:00,2.1500000000000004,100020.0,286.25,0.15
2015-06-22 05:15:00,2.5,100020.0,286.45,0.15
2015-06-22 05:30:00,2.35,100000.0,286.54999999999995,0.15
2015-06-22 05:45:00,1.9,99980.0,286.54999999999995,0.15
2015-06-22 06:00:00,2.0,99995.0,286.7,0.15
2015-06-22 06:15:00,2.3,100000.0,286.75,0.15
2015-06-22 06:30:00,2.45,100000.0,286.65,0.15
2015-06-22 06:45:00,2.6,99990.0,286.75,0.15
2015-06-22 07:00:00,2.75,99985.0,286.75,0.15
2015-06-22 07:15:00,2.6,99970.0,286.95,0.15
2015-06-22 07:30:00,2.6500000000000004,99965.0,286.9,0.15
2015-06-22 07:45:00,2.9,99960.0,286.95,0.15
2015-06-22 08:00:00,2.55,99945.0,287.0,0.15
2015-06-22 08:15:00,2.6,99940.0,286.95,0.15
2015-06-22 08:30:00,3.4000000000000004,99930.0,287.2,0.15
2015-06-22 08:45:00,3.6,99920.0,287.25,0.15
2015-06-22 09:00:00,3.7,99900.0,287.6,0.15
2015-06-22 09:15:00,3.3,99880.0,287.65,0.15
2015-06-22 09:30:00,3.5,99865.0,287.7,0.15
2015-06-22 09:45:00,3.3,99860.0,287.85,0.15
2015-06-22 10:00:00,3.5,99840.0,287.9,0.15
2015-06-22 10:15:00,3.1,99810.0,287.65,0.15
2015-06-22 10:30:00,3.75,99815.0,287.75,0.15
2015-06-22 10:45:00,6.1,99830.0,287.45,0.15
2015-06-22 11:00:00,4.85,99830.0,287.2,0.15
2015-06-22 11:15:00,4.7,99820.0,287.04999999999995,0.15
2015-06-22 11:30:00,5.2,99820.0,286.85,0.15
2015-06-22 11:45:00,4.0,99820.0,286.95,0.15
2015-06-22 12:00:00,4.75,99840.0,286.9,0.15
2015-06-22 12:15:00,3.3,99830.0,286.75,0.15
2015-06-22 12:30:00,3.5,99815.0,286.7,0.15
2015-06-22 12:45:00,4.0,99810.0,286.85,0.15
2015-06-22 13:00:00,3.35,99795.0,287.0,0.15
2015-06-22 13:15:00,3.4,99780.0,286.95,0.15
2015-06-22 13:30:00,3.2,99775.0,286.85,0.15
2015-06-22 13:45:00,2.7,99760.0,286.65,0.15
2015-06-22 14:00:00,3.3,99745.0,286.79999999999995,0.15
2015-06-22 14:15:00,2.9,99720.0,286.75,0.15
2015-06-22 14:30:00,1.95,99710.0,286.75,0.15
2015-06-22 14:45:00,2.2,99690.0,286.95,0.15
2015-06-22 15:00:00,2.1500000000000004,99675.0,286.75,0.15
2015-06-22 15:15:00,2.1,99650.0,286.54999999999995,0.15
2015-06-22 15:30:00,1.95,99635.0,286.65,0.15
2015-06-22 15:45:00,1.8,99620.0,286.65,0.15
2015-06-22 16:00:00,1.6,99610.0,286.4,0.15
2015-06-22 16:15:00,2.8,99600.0,286.45,0.15
2015-06-22 16:30:00,3.1,99585.0,286.15,0.15
2015-06-22 16:45:00,2.1,99560.0,285.95,0.15
2015-06-22 17:00:00,1.75,99530.0,286.0,0.15
2015-06-22 17:15:00,1.9,99510.0,285.95,0.15
2015-06-22 17:30:00,1.95,99490.0,285.65,0.15
2015-06-22 17:45:00,2.1,99480.0,285.54999999999995,0.15
2015-06-22 18:00:00,1.7,99460.0,285.79999999999995,0.15
2015-06-22 18:15:00,1.5,99430.0,286.25,0.15
2015-06-22 18:30:00,2.4,99430.0,286.2,0.15
2015-06-22 18:45:00,1.8,99410.0,285.95,0.15
2015-06-22 19:00:00,1.3,99405.0,285.9,0.15
2015-06-22 19:15:00,1.1,99390.0,285.75,0.15
2015-06-22 19:30:00,1.15,99405.0,285.65,0.15
2015-06-22 19:45:00,1.9,99420.0,285.65,0.15
2015-06-22 20:00:00,4.6,99470.0,284.95,0.15
2015-06-22 20:15:00,5.6,99460.0,284.15,0.15
2015-06-22 20:30:00,3.95,99475.0,283.95,0.15
2015-06-22 20:45:00,2.6,99460.0,283.95,0.15
2015-06-22 21:00:00,1.5,99465.0,283.79999999999995,0.15
2015-06-22 21:15:00,1.1,99490.0,283.65,0.15
2015-06-22 21:30:00,1.5,99505.0,283.5,0.15
2015-06-22 21:45:00,1.6,99520.0,282.95,0.15
2015-06-22 22:00:00,2.45,99545.0,283.15,0.15
2015-06-22 22:15:00,2.6,99550.0,283.45,0.15
2015-06-22 22:30:00,2.8,99570.0,283.15,0.15
2015-06-22 22:45:00,3.9,99570.0,283.35,0.15
2015-06-22 23:00:00,3.45,99580.0,283.5,0.15
2015-06-22 23:15:00,3.3,99590.0,283.45,0.15
2015-06-22 23:30:00,3.1,99595.0,283.4,0.15
2015-06-22 23:45:00,2.6,99620.0,283.54999999999995,0.15
2015-06-23 00:00:00,3.05,99645.0,283.5,0.15
2015-06-23 00:15:00,3.1,99660.0,283.65,0.15
2015-06-23 00:30:00,3.1500000000000004,99670.0,283.75,0.15
2015-06-23 00:45:00,2.8,99680.0,283.85,0.15
2015-06-23 01:00:00,2.7,99700.0,283.79999999999995,0.15
2015-06-23 01:15:00,2.5,99720.0,283.85,0.15
2015-06-23 01:30:00,3.0,99735.0,283.9,0.15
2015-06-23 01:45:00,3.0,99740.0,283.95,0.15
2015-06-23 02:00:00,3.35,99750.0,283.95,0.15
2015-06-23 02:15:00,2.5,99750.0,283.95,0.15
2015-06-23 02:30:00,1.65,99775.0,283.9,0.15
2015-06-23 02:45:00,1.7,99790.0,283.85,0.15
2015-06-23 03:00:00,2.35,99800.0,283.9,0.15
2015-06-23 03:15:00,1.8,99810.0,283.95,0.15
2015-06-23 03:30:00,1.95,99820.0,283.85,0.15
2015-06-23 03:45:00,2.2,99820.0,283.85,0.15
2015-06-23 04:00:00,2.2,99825.0,284.0,0.15
2015-06-23 04:15:00,2.3,99830.0,283.95,0.15
2015-06-23 04:30:00,1.85,99835.0,284.1,0.15
2015-06-23 04:45:00,1.8,99850.0,284.25,0.15
2015-06-23 05:00:00,1.5,99855.0,284.45,0.15
2015-06-23 05:15:00,1.5,99860.0,284.54999999999995,0.15
2015-06-23 05:30:00,2.05,99875.0,284.79999999999995,0.15
2015-06-23 05:45:00,2.2,99880.0,284.85,0.15
2015-06-23 06:00:00,2.45,99895.0,284.95,0.15
2015-06-23 06:15:00,2.8,99910.0,285.25,0.15
2015-06-23 06:30:00,2.75,99925.0,285.35,0.15
2015-06-23 06:45:00,2.7,99930.0,285.54999999999995,0.15
2015-06-23 07:00:00,3.75,99945.0,285.54999999999995,0.15
2015-06-23 07:15:00,3.6,99950.0,285.85,0.15
2015-06-23 07:30:00,3.85,99965.0,285.95,0.15
2015-06-23 07:45:00,3.9,99970.0,286.85,0.15
2015-06-23 08:00:00,3.6,99975.0,286.0,0.15
2015-06-23 08:15:00,3.5,99990.0,286.45,0.15
2015-06-23 08:30:00,3.55,100000.0,286.75,0.15
2015-06-23 08:45:00,3.6,100010.0,288.15,0.15
2015-06-23 09:00:00,5.45,100015.0,286.54999999999995,0.15
2015-06-23 09:15:00,3.6,100030.0,286.25,0.15
2015-06-23 09:30:00,3.35,100040.0,287.45,0.15
2015-06-23 09:45:00,4.2,100060.0,285.04999999999995,0.15
2015-06-23 10:00:00,3.35,100055.0,286.79999999999995,0.15
2015-06-23 10:15:00,3.7,100050.0,288.25,0.15
2015-06-23 10:30:00,3.45,100050.0,288.1,0.15
2015-06-23 10:45:00,5.2,100050.0,287.75,0.15
2015-06-23 11:00:00,4.15,100065.0,287.85,0.15
2015-06-23 11:15:00,2.6,100070.0,289.54999999999995,0.15
2015-06-23 11:30:00,4.8,100075.0,288.9,0.15
2015-06-23 11:45:00,7.3,100140.0,285.35,0.15
2015-06-23 12:00:00,5.0,100165.0,285.6,0.15
2015-06-23 12:15:00,5.1,100190.0,285.85,0.15
2015-06-23 12:30:00,6.2,100220.0,286.2,0.15
2015-06-23 12:45:00,4.7,100230.0,286.54999999999995,0.15
2015-06-23 13:00:00,4.15,100245.0,286.45,0.15
2015-06-23 13:15:00,3.5,100260.0,286.45,0.15
2015-06-23 13:30:00,4.6,100280.0,286.79999999999995,0.15
2015-06-23 13:45:00,3.2,100300.0,286.65,0.15
2015-06-23 14:00:00,2.25,100305.0,286.5,0.15
2015-06-23 14:15:00,2.4,100320.0,286.65,0.15
2015-06-23 14:30:00,2.5,100335.0,286.7,0.15
2015-06-23 14:45:00,2.8,100340.0,286.65,0.15
2015-06-23 15:00:00,2.35,100340.0,286.75,0.15
2015-06-23 15:15:00,2.3,100350.0,287.04999999999995,0.15
2015-06-23 15:30:00,2.3,100355.0,287.29999999999995,0.15
2015-06-23 15:45:00,1.9,100340.0,287.54999999999995,0.15
2015-06-23 16:00:00,2.2,100345.0,287.29999999999995,0.15
2015-06-23 16:15:00,2.3,100370.0,287.35,0.15
2015-06-23 16:30:00,2.75,100385.0,287.35,0.15
2015-06-23 16:45:00,2.9,100400.0,287.45,0.15
2015-06-23 17:00:00,3.2,100410.0,287.29999999999995,0.15
2015-06-23 17:15:00,3.3,100430.0,287.15,0.15
2015-06-23 17:30:00,3.1,100445.0,287.15,0.15
2015-06-23 17:45:00,2.7,100460.0,287.15,0.15
2015-06-23 18:00:00,2.45,100480.0,287.1,0.15
2015-06-23 18:15:00,2.5,100500.0,287.15,0.15
2015-06-23 18:30:00,3.95,100525.0,287.0,0.15
2015-06-23 18:45:00,3.5,100540.0,286.85,0.15
2015-06-23 19:00:00,4.4,100565.0,286.75,0.15
2015-06-23 19:15:00,5.2,100580.0,286.65,0.15
2015-06-23 19:30:00,5.1,100600.0,286.54999999999995,0.15
2015-06-23 19:45:00,4.0,100620.0,286.35,0.15
2015-06-23 20:00:00,4.75,100650.0,286.25,0.15
2015-06-23 20:15:00,4.7,100670.0,286.54999999999995,0.15
2015-06-23 20:30:00,4.25,100690.0,286.35,0.15
2015-06-23 20:45:00,3.5,100700.0,286.35,0.15
2015-06-23 21:00:00,4.300000000000001,100715.0,286.2,0.15
2015-06-23 21:15:00,5.0,100730.0,286.15,0.15
2015-06-23 21:30:00,3.75,100740.0,286.1,0.15
2015-06-23 21:45:00,3.3,100750.0,286.45,0.15
2015-06-23 22:00:00,2.75,100750.0,286.45,0.15
2015-06-23 22:15:00,3.1,100760.0,286.35,0.15
2015-06-23 22:30:00,4.1,100775.0,286.0,0.15
2015-06-23 22:45:00,3.9,100790.0,285.45,0.15
2015-06-23 23:00:00,2.55,100795.0,285.29999999999995,0.15
2015-06-23 23:15:00,1.8,100800.0,285.35,0.15
2015-06-23 23:30:00,2.6,100800.0,285.6,0.15
2015-06-23 23:45:00,2.3,100810.0,285.54999999999995,0.15
2015-06-24 00:00:00,2.9,100820.0,285.54999999999995,0.15
2015-06-24 00:15:00,3.0,100820.0,285.65,0.15
2015-06-24 00:30:00,2.75,100825.0,285.54999999999995,0.15
2015-06-24 00:45:00,2.8,100840.0,285.65,0.15
2015-06-24 01:00:00,3.3,100840.0,285.65,0.15
2015-06-24 01:15:00,2.7,100840.0,285.35,0.15
2015-06-24 01:30:00,2.55,100845.0,285.54999999999995,0.15
2015-06-24 01:45:00,2.8,100850.0,285.65,0.15
2015-06-24 02:00:00,2.9,100850.0,285.6,0.15
2015-06-24 02:15:00,2.4,100860.0,285.65,0.15
2015-06-24 02:30:00,2.1,100875.0,285.65,0.15
2015-06-24 02:45:00,1.8,100880.0,285.65,0.15
2015-06-24 03:00:00,2.1,100900.0,285.45,0.15
2015-06-24 03:15:00,2.3,100910.0,285.45,0.15
2015-06-24 03:30:00,2.1500000000000004,100920.0,285.54999999999995,0.15
2015-06-24 03:45:00,2.3,100930.0,285.45,0.15
2015-06-24 04:00:00,2.25,100935.0,285.45,0.15
2015-06-24 04:15:00,2.0,100950.0,285.65,0.15
2015-06-24 04:30:00,1.95,100960.0,285.6,0.15
2015-06-24 04:45:00,2.1,100960.0,285.85,0.15
2015-06-24 05:00:00,2.15,100980.0,285.75,0.15
2015-06-24 05:15:00,2.4,100990.0,285.85,0.15
2015-06-24 05:30:00,2.4,101000.0,285.95,0.15
2015-06-24 05:45:00,2.2,101000.0,286.04999999999995,0.15
2015-06-24 06:00:00,2.45,101015.0,286.15,0.15
2015-06-24 06:15:00,2.0,101040.0,286.25,0.15
2015-06-24 06:30:00,2.6500000000000004,101055.0,286.29999999999995,0.15
2015-06-24 06:45:00,3.2,101070.0,286.35,0.15
2015-06-24 07:00:00,3.2,101080.0,286.25,0.15
2015-06-24 07:15:00,3.3,101090.0,286.35,0.15
2015-06-24 07:30:00,2.6,101110.0,286.45,0.15
2015-06-24 07:45:00,2.8,101120.0,286.75,0.15
2015-06-24 08:00:00,2.8,101125.0,286.75,0.15
2015-06-24 08:15:00,2.6,101130.0,286.85,0.15
2015-06-24 08:30:00,2.5,101135.0,286.95,0.15
2015-06-24 08:45:00,2.8,101140.0,287.15,0.15
2015-06-24 09:00:00,2.5,101145.0,287.0,0.15
2015-06-24 09:15:00,2.5,101140.0,287.15,0.15
2015-06-24 09:30:00,3.05,101130.0,287.6,0.15
2015-06-24 09:45:00,3.1,101130.0,287.65,0.15
2015-06-24 10:00:00,2.35,101145.0,287.4,0.15
2015-06-24 10:15:00,1.7,101150.0,287.75,0.15
2015-06-24 10:30:00,2.2,101150.0,287.6,0.15
2015-06-24 10:45:00,2.5,101150.0,287.75,0.15
2015-06-24 11:00:00,2.1,101150.0,288.15,0.15
2015-06-24 11:15:00,1.9,101140.0,288.45,0.15
2015-06-24 11:30:00,1.75,101135.0,288.2,0.15
2015-06-24 11:45:00,1.9,101130.0,288.75,0.15
2015-06-24 12:00:00,1.65,101140.0,288.79999999999995,0.15
2015-06-24 12:15:00,2.3,101130.0,289.35,0.15
2015-06-24 12:30:00,1.65,101125.0,289.6,0.15
2015-06-24 12:45:00,2.2,101120.0,290.04999999999995,0.15
2015-06-24 13:00:00,2.05,101120.0,290.25,0.15
2015-06-24 13:15:00,1.9,101120.0,290.15,0.15
2015-06-24 13:30:00,1.65,101110.0,290.35,0.15
2015-06-24 13:45:00,1.5,101110.0,290.45,0.15
2015-06-24 14:00:00,1.6,101100.0,291.04999999999995,0.15
2015-06-24 14:15:00,1.6,101080.0,291.45,0.15
2015-06-24 14:30:00,2.05,101085.0,292.4,0.15
2015-06-24 14:45:00,1.6,101070.0,291.75,0.15
2015-06-24 15:00:00,1.85,101065.0,292.45,0.15
2015-06-24 15:15:00,1.4,101050.0,291.54999999999995,0.15
2015-06-24 15:30:00,1.9,101045.0,292.25,0.15
2015-06-24 15:45:00,1.9,101040.0,292.54999999999995,0.15
2015-06-24 16:00:00,1.2000000000000002,101030.0,292.85,0.15
2015-06-24 16:15:00,1.6,101030.0,293.25,0.15
2015-06-24 16:30:00,1.85,101030.0,293.5,0.15
2015-06-24 16:45:00,1.4,101030.0,293.15,0.15
2015-06-24 17:00:00,1.75,101045.0,293.65,0.15
2015-06-24 17:15:00,0.6,101040.0,293.45,0.15
2015-06-24 17:30:00,0.7,101050.0,292.75,0.15
2015-06-24 17:45:00,0.3,101040.0,292.54999999999995,0.15
2015-06-24 18:00:00,0.8,101050.0,292.2,0.15
2015-06-24 18:15:00,1.9,101050.0,292.45,0.15
2015-06-24 18:30:00,2.25,101055.0,292.4,0.15
2015-06-24 18:45:00,2.2,101050.0,291.85,0.15
2015-06-24 19:00:00,2.05,101055.0,291.2,0.15
2015-06-24 19:15:00,2.1,101070.0,290.54999999999995,0.15
2015-06-24 19:30:00,2.3,101070.0,290.04999999999995,0.15
2015-06-24 19:45:00,2.6,101070.0,289.65,0.15
2015-06-24 20:00:00,2.4,101080.0,289.15,0.15
2015-06-24 20:15:00,1.7,101090.0,288.35,0.15
2015-06-24 20:30:00,1.7000000000000002,101090.0,288.5,0.15
2015-06-24 20:45:00,1.6,101090.0,288.04999999999995,0.15
2015-06-24 21:00:00,1.95,101095.0,288.2,0.15
2015-06-24 21:15:00,2.2,101100.0,288.15,0.15
2015-06-24 21:30:00,1.6,101105.0,286.95,0.15
2015-06-24 21:45:00,2.3,101110.0,287.35,0.15
2015-06-24 22:00:00,1.55,101105.0,286.35,0.15
2015-06-24 22:15:00,1.4,101110.0,285.15,0.15
2015-06-24 22:30:00,1.55,101100.0,284.95,0.15
2015-06-24 22:45:00,2.1,101110.0,284.35,0.15
2015-06-24 23:00:00,2.2,101105.0,284.9,0.15
2015-06-24 23:15:00,1.9,101110.0,284.85,0.15
2015-06-24 23:30:00,1.75,101110.0,284.29999999999995,0.15
2015-06-24 23:45:00,1.1,101110.0,284.35,0.15
2015-06-25 00:00:00,1.0,101105.0,284.29999999999995,0.15
2015-06-25 00:15:00,1.1,101110.0,283.65,0.15
2015-06-25 00:30:00,1.65,101110.0,283.79999999999995,0.15
2015-06-25 00:45:00,1.6,101100.0,283.75,0.15
2015-06-25 01:00:00,1.55,101110.0,283.65,0.15
2015-06-25 01:15:00,1.2,101100.0,283.85,0.15
2015-06-25 01:30:00,1.25,101100.0,284.1,0.15
2015-06-25 01:45:00,1.6,101090.0,284.25,0.15
2015-06-25 02:00:00,1.7999999999999998,101065.0,285.15,0.15
2015-06-25 02:15:00,1.7,101060.0,285.54999999999995,0.15
2015-06-25 02:30:00,1.05,101070.0,285.54999999999995,0.15
2015-06-25 02:45:00,0.8,101070.0,284.95,0.15
2015-06-25 03:00:00,1.1,101070.0,285.04999999999995,0.15
2015-06-25 03:15:00,1.1,101070.0,284.95,0.15
2015-06-25 03:30:00,1.65,101060.0,285.5,0.15
2015-06-25 03:45:00,1.6,101050.0,286.04999999999995,0.15
2015-06-25 04:00:00,1.5499999999999998,101060.0,286.1,0.15
2015-06-25 04:15:00,1.5,101060.0,285.45,0.15
2015-06-25 04:30:00,1.4,101060.0,285.9,0.15
2015-06-25 04:45:00,1.2,101060.0,286.15,0.15
2015-06-25 05:00:00,1.4,101075.0,286.29999999999995,0.15
2015-06-25 05:15:00,1.6,101070.0,287.04999999999995,0.15
2015-06-25 05:30:00,1.7000000000000002,101080.0,288.15,0.15
2015-06-25 05:45:00,1.9,101080.0,288.45,0.15
2015-06-25 06:00:00,2.05,101085.0,289.29999999999995,0.15
2015-06-25 06:15:00,2.0,101100.0,289.75,0.15
2015-06-25 06:30:00,1.8,101090.0,289.65,0.15
2015-06-25 06:45:00,1.5,101100.0,290.35,0.15
2015-06-25 07:00:00,1.7,101100.0,290.65,0.15
2015-06-25 07:15:00,1.3,101110.0,291.15,0.15
2015-06-25 07:30:00,0.8500000000000001,101110.0,291.6,0.15
2015-06-25 07:45:00,1.1,101110.0,292.35,0.15
2015-06-25 08:00:00,1.15,101115.0,293.2,0.15
2015-06-25 08:15:00,1.4,101120.0,293.65,0.15
2015-06-25 08:30:00,1.25,101115.0,294.4,0.15
2015-06-25 08:45:00,1.8,101110.0,294.54999999999995,0.15
2015-06-25 09:00:00,1.4,101105.0,295.7,0.15
2015-06-25 09:15:00,1.5,101100.0,296.04999999999995,0.15
2015-06-25 09:30:00,2.2,101100.0,295.6,0.15
2015-06-25 09:45:00,1.7,101100.0,296.35,0.15
2015-06-25 10:00:00,1.7,101100.0,296.15,0.15
2015-06-25 10:15:00,2.0,101090.0,296.85,0.15
2015-06-25 10:30:00,2.5,101090.0,295.95,0.15
2015-06-25 10:45:00,1.9,101080.0,297.25,0.15
2015-06-25 11:00:00,1.2,101075.0,297.65,0.15
2015-06-25 11:15:00,1.8,101060.0,296.95,0.15
2015-06-25 11:30:00,1.5,101060.0,296.5,0.15
2015-06-25 11:45:00,2.2,101050.0,297.25,0.15
2015-06-25 12:00:00,2.3,101040.0,297.45,0.15
2015-06-25 12:15:00,2.6,101040.0,297.95,0.15
2015-06-25 12:30:00,2.5,101035.0,298.45,0.15
2015-06-25 12:45:00,3.8,101030.0,298.95,0.15
2015-06-25 13:00:00,2.7,101020.0,298.65,0.15
2015-06-25 13:15:00,3.3,101020.0,298.85,0.15
2015-06-25 13:30:00,2.25,101010.0,298.7,0.15
2015-06-25 13:45:00,2.9,101010.0,298.85,0.15
2015-06-25 14:00:00,2.75,101005.0,298.6,0.15
2015-06-25 14:15:00,3.7,101000.0,298.95,0.15
2015-06-25 14:30:00,2.8,101000.0,298.5,0.15
2015-06-25 14:45:00,2.1,100990.0,299.54999999999995,0.15
2015-06-25 15:00:00,2.15,100990.0,298.95,0.15
2015-06-25 15:15:00,2.2,100980.0,298.85,0.15
2015-06-25 15:30:00,1.65,100970.0,298.54999999999995,0.15
2015-06-25 15:45:00,1.5,100970.0,299.15,0.15
2015-06-25 16:00:00,3.25,100965.0,298.75,0.15
2015-06-25 16:15:00,3.2,100970.0,299.04999999999995,0.15
2015-06-25 16:30:00,2.35,100960.0,299.1,0.15
2015-06-25 16:45:00,3.3,100950.0,299.04999999999995,0.15
2015-06-25 17:00:00,3.45,100940.0,298.54999999999995,0.15
2015-06-25 17:15:00,3.3,100960.0,298.35,0.15
2015-06-25 17:30:00,2.85,100955.0,298.04999999999995,0.15
2015-06-25 17:45:00,3.9,100960.0,297.85,0.15
2015-06-25 18:00:00,2.95,100965.0,297.29999999999995,0.15
2015-06-25 18:15:00,3.8,100970.0,296.95,0.15
2015-06-25 18:30:00,3.7,100975.0,296.54999999999995,0.15
2015-06-25 18:45:00,3.3,100990.0,295.75,0.15
2015-06-25 19:00:00,2.5,100990.0,295.75,0.15
2015-06-25 19:15:00,2.4,100990.0,295.25,0.15
2015-06-25 19:30:00,2.4,101005.0,294.45,0.15
2015-06-25 19:45:00,1.9,101010.0,293.75,0.15
2015-06-25 20:00:00,1.65,101020.0,292.95,0.15
2015-06-25 20:15:00,1.5,101030.0,292.25,0.15
2015-06-25 20:30:00,1.05,101030.0,291.79999999999995,0.15
2015-06-25 20:45:00,1.2,101020.0,291.35,0.15
2015-06-25 21:00:00,0.75,101030.0,290.75,0.15
2015-06-25 21:15:00,1.0,101030.0,290.75,0.15
2015-06-25 21:30:00,1.4,101030.0,290.35,0.15
2015-06-25 21:45:00,1.5,101040.0,290.15,0.15
2015-06-25 22:00:00,1.75,101035.0,289.5,0.15
2015-06-25 22:15:00,2.0,101030.0,289.54999999999995,0.15
2015-06-25 22:30:00,1.8,101030.0,289.9,0.15
2015-06-25 22:45:00,1.6,101030.0,289.04999999999995,0.15
2015-06-25 23:00:00,2.15,101015.0,288.95,0.15
2015-06-25 23:15:00,2.2,101000.0,289.25,0.15
2015-06-25 23:30:00,1.2999999999999998,101000.0,289.4,0.15
2015-06-25 23:45:00,1.6,100990.0,289.65,0.15
2015-06-26 00:00:00,1.5499999999999998,101000.0,289.54999999999995,0.15
2015-06-26 00:15:00,1.6,100990.0,289.54999999999995,0.15
2015-06-26 00:30:00,2.1,100980.0,289.04999999999995,0.15
2015-06-26 00:45:00,2.3,100970.0,289.95,0.15
2015-06-26 01:00:00,1.4500000000000002,100960.0,289.15,0.15
2015-06-26 01:15:00,1.6,100960.0,288.95,0.15
2015-06-26 01:30:00,1.65,100955.0,288.75,0.15
2015-06-26 01:45:00,1.4,100940.0,288.15,0.15
2015-06-26 02:00:00,1.55,100935.0,287.35,0.15
2015-06-26 02:15:00,1.7,100930.0,286.95,0.15
2015-06-26 02:30:00,1.9,100925.0,287.0,0.15
2015-06-26 02:45:00,1.5,100920.0,286.65,0.15
2015-06-26 03:00:00,1.85,100915.0,286.15,0.15
2015-06-26 03:15:00,2.0,100910.0,285.95,0.15
2015-06-26 03:30:00,1.95,100900.0,286.2,0.15
2015-06-26 03:45:00,1.6,100900.0,285.75,0.15
2015-06-26 04:00:00,2.35,100910.0,287.6,0.15
2015-06-26 04:15:00,2.1,100900.0,287.45,0.15
2015-06-26 04:30:00,1.7000000000000002,100905.0,287.25,0.15
2015-06-26 04:45:00,1.2,100910.0,288.25,0.15
2015-06-26 05:00:00,1.6,100905.0,289.54999999999995,0.15
2015-06-26 05:15:00,1.9,100900.0,289.95,0.15
2015-06-26 05:30:00,2.2,100905.0,290.35,0.15
2015-06-26 05:45:00,2.2,100910.0,290.75,0.15
2015-06-26 06:00:00,1.75,100910.0,291.1,0.15
2015-06-26 06:15:00,1.7,100910.0,291.35,0.15
2015-06-26 06:30:00,1.9,100900.0,291.85,0.15
2015-06-26 06:45:00,2.1,100900.0,292.45,0.15
2015-06-26 07:00:00,2.0,100900.0,293.04999999999995,0.15
2015-06-26 07:15:00,2.2,100900.0,293.95,0.15
2015-06-26 07:30:00,2.1,100885.0,294.54999999999995,0.15
2015-06-26 07:45:00,2.3,100870.0,295.85,0.15
2015-06-26 08:00:00,1.8,100855.0,296.4,0.15
2015-06-26 08:15:00,1.9,100840.0,296.75,0.15
2015-06-26 08:30:00,2.05,100825.0,297.54999999999995,0.15
2015-06-26 08:45:00,2.1,100810.0,298.35,0.15
2015-06-26 09:00:00,2.6500000000000004,100795.0,298.7,0.15
2015-06-26 09:15:00,2.8,100780.0,299.15,0.15
2015-06-26 09:30:00,2.8,100760.0,300.4,0.15
2015-06-26 09:45:00,3.3,100760.0,299.95,0.15
2015-06-26 10:00:00,4.550000000000001,100755.0,300.79999999999995,0.15
2015-06-26 10:15:00,4.4,100760.0,300.04999999999995,0.15
2015-06-26 10:30:00,4.65,100755.0,299.54999999999995,0.15
2015-06-26 10:45:00,4.2,100760.0,300.65,0.15
2015-06-26 11:00:00,4.449999999999999,100765.0,300.04999999999995,0.15
2015-06-26 11:15:00,4.3,100770.0,300.15,0.15
2015-06-26 11:30:00,4.7,100780.0,299.75,0.15
2015-06-26 11:45:00,5.2,100780.0,299.75,0.15
2015-06-26 12:00:00,4.75,100760.0,300.6,0.15
2015-06-26 12:15:00,3.4,100740.0,300.35,0.15
2015-06-26 12:30:00,5.2,100740.0,300.15,0.15
2015-06-26 12:45:00,5.3,100750.0,299.75,0.15
2015-06-26 13:00:00,4.6,100745.0,300.0,0.15
2015-06-26 13:15:00,4.7,100740.0,300.04999999999995,0.15
2015-06-26 13:30:00,4.75,100740.0,300.29999999999995,0.15
2015-06-26 13:45:00,3.7,100730.0,300.04999999999995,0.15
2015-06-26 14:00:00,3.8,100725.0,299.9,0.15
2015-06-26 14:15:00,3.3,100710.0,299.65,0.15
2015-06-26 14:30:00,3.6,100705.0,299.35,0.15
2015-06-26 14:45:00,3.1,100690.0,299.25,0.15
2015-06-26 15:00:00,3.05,100685.0,299.25,0.15
2015-06-26 15:15:00,2.3,100680.0,299.35,0.15
2015-06-26 15:30:00,2.6,100670.0,299.29999999999995,0.15
2015-06-26 15:45:00,1.6,100660.0,299.15,0.15
2015-06-26 16:00:00,1.9,100650.0,299.35,0.15
2015-06-26 16:15:00,1.7,100640.0,299.75,0.15
2015-06-26 16:30:00,1.35,100635.0,299.75,0.15
2015-06-26 16:45:00,1.0,100620.0,300.54999999999995,0.15
2015-06-26 17:00:00,1.75,100615.0,300.1,0.15
2015-06-26 17:15:00,2.3,100600.0,299.65,0.15
2015-06-26 17:30:00,1.7000000000000002,100585.0,299.25,0.15
2015-06-26 17:45:00,1.4,100580.0,298.75,0.15
2015-06-26 18:00:00,1.65,100575.0,298.15,0.15
2015-06-26 18:15:00,1.0,100560.0,298.25,0.15
2015-06-26 18:30:00,1.0,100560.0,297.75,0.15
2015-06-26 18:45:00,1.2,100550.0,297.35,0.15
2015-06-26 19:00:00,0.7,100550.0,296.65,0.15
2015-06-26 19:15:00,1.3,100540.0,296.65,0.15
2015-06-26 19:30:00,2.95,100540.0,296.7,0.15
2015-06-26 19:45:00,1.8,100560.0,295.75,0.15
2015-06-26 20:00:00,1.8,100565.0,295.65,0.15
2015-06-26 20:15:00,1.2,100580.0,295.54999999999995,0.15
2015-06-26 20:30:00,1.65,100565.0,295.5,0.15
2015-06-26 20:45:00,2.4,100550.0,295.54999999999995,0.15
2015-06-26 21:00:00,2.3,100555.0,294.85,0.15
2015-06-26 21:15:00,2.4,100540.0,294.95,0.15
2015-06-26 21:30:00,2.4,100530.0,295.04999999999995,0.15
2015-06-26 21:45:00,2.8,100510.0,295.35,0.15
2015-06-26 22:00:00,3.2,100490.0,294.95,0.15
2015-06-26 22:15:00,3.4,100450.0,294.85,0.15
2015-06-26 22:30:00,3.15,100430.0,295.15,0.15
2015-06-26 22:45:00,2.3,100450.0,293.85,0.15
2015-06-26 23:00:00,1.8,100440.0,294.5,0.15
2015-06-26 23:15:00,2.6,100460.0,293.15,0.15
2015-06-26 23:30:00,3.9,100430.0,293.35,0.15
2015-06-26 23:45:00,2.0,100450.0,293.65,0.15
2015-06-27 00:00:00,3.7,100565.0,292.5,0.15
2015-06-27 00:15:00,1.5,100530.0,292.15,0.15
2015-06-27 00:30:00,2.35,100485.0,291.4,0.15
2015-06-27 00:45:00,3.0,100440.0,291.65,0.15
2015-06-27 01:00:00,3.85,100395.0,291.6,0.15
2015-06-27 01:15:00,4.1,100370.0,291.95,0.15
2015-06-27 01:30:00,2.1,100355.0,291.79999999999995,0.15
2015-06-27 01:45:00,2.8,100350.0,291.25,0.15
2015-06-27 02:00:00,2.65,100360.0,291.45,0.15
2015-06-27 02:15:00,1.8,100340.0,291.35,0.15
2015-06-27 02:30:00,2.2,100360.0,291.29999999999995,0.15
2015-06-27 02:45:00,2.3,100350.0,291.04999999999995,0.15
2015-06-27 03:00:00,2.55,100345.0,291.0,0.15
2015-06-27 03:15:00,2.7,100320.0,291.15,0.15
2015-06-27 03:30:00,2.15,100320.0,291.04999999999995,0.15
2015-06-27 03:45:00,1.7,100330.0,290.65,0.15
2015-06-27 04:00:00,2.7,100340.0,290.75,0.15
2015-06-27 04:15:00,2.5,100360.0,290.85,0.15
2015-06-27 04:30:00,3.1,100350.0,290.85,0.15
2015-06-27 04:45:00,2.9,100350.0,290.95,0.15
2015-06-27 05:00:00,2.7,100365.0,290.85,0.15
2015-06-27 05:15:00,2.2,100370.0,290.95,0.15
2015-06-27 05:30:00,2.1500000000000004,100375.0,291.29999999999995,0.15
2015-06-27 05:45:00,1.6,100370.0,291.35,0.15
2015-06-27 06:00:00,1.95,100380.0,291.65,0.15
2015-06-27 06:15:00,1.9,100380.0,292.25,0.15
2015-06-27 06:30:00,1.5,100390.0,292.1,0.15
2015-06-27 06:45:00,1.5,100390.0,292.35,0.15
2015-06-27 07:00:00,2.75,100410.0,292.6,0.15
2015-06-27 07:15:00,2.3,100410.0,293.15,0.15
2015-06-27 07:30:00,2.45,100425.0,293.25,0.15
2015-06-27 07:45:00,2.4,100430.0,293.65,0.15
2015-06-27 08:00:00,3.4,100430.0,293.85,0.15
2015-06-27 08:15:00,3.6,100430.0,294.04999999999995,0.15
2015-06-27 08:30:00,3.7,100435.0,294.29999999999995,0.15
2015-06-27 08:45:00,4.3,100450.0,294.15,0.15
2015-06-27 09:00:00,3.8,100460.0,294.7,0.15
2015-06-27 09:15:00,3.6,100470.0,294.25,0.15
2015-06-27 09:30:00,3.8,100470.0,294.29999999999995,0.15
2015-06-27 09:45:00,3.6,100480.0,294.25,0.15
2015-06-27 10:00:00,4.65,100500.0,293.95,0.15
2015-06-27 10:15:00,4.9,100510.0,294.15,0.15
2015-06-27 10:30:00,5.2,100520.0,295.35,0.15
2015-06-27 10:45:00,5.0,100530.0,295.65,0.15
2015-06-27 11:00:00,5.75,100535.0,295.4,0.15
2015-06-27 11:15:00,5.9,100570.0,294.85,0.15
2015-06-27 11:30:00,5.15,100565.0,295.04999999999995,0.15
2015-06-27 11:45:00,4.7,100560.0,296.04999999999995,0.15
2015-06-27 12:00:00,5.5,100555.0,295.79999999999995,0.15
2015-06-27 12:15:00,5.6,100540.0,295.85,0.15
2015-06-27 12:30:00,5.45,100535.0,296.4,0.15
2015-06-27 12:45:00,5.7,100560.0,295.65,0.15
2015-06-27 13:00:00,7.0,100565.0,296.65,0.15
2015-06-27 13:15:00,5.5,100570.0,296.45,0.15
2015-06-27 13:30:00,5.75,100565.0,296.7,0.15
2015-06-27 13:45:00,6.3,100570.0,296.04999999999995,0.15
2015-06-27 14:00:00,6.6,100585.0,297.0,0.15
2015-06-27 14:15:00,6.1,100590.0,297.15,0.15
2015-06-27 14:30:00,6.0,100595.0,296.6,0.15
2015-06-27 14:45:00,6.0,100600.0,297.25,0.15
2015-06-27 15:00:00,6.35,100615.0,296.29999999999995,0.15
2015-06-27 15:15:00,5.7,100620.0,296.15,0.15
2015-06-27 15:30:00,5.9,100635.0,296.04999999999995,0.15
2015-06-27 15:45:00,5.8,100650.0,297.04999999999995,0.15
2015-06-27 16:00:00,8.15,100660.0,297.25,0.15
2015-06-27 16:15:00,6.0,100680.0,296.75,0.15
2015-06-27 16:30:00,7.1,100690.0,296.6,0.15
2015-06-27 16:45:00,6.5,100700.0,296.45,0.15
2015-06-27 17:00:00,7.4,100715.0,296.35,0.15
2015-06-27 17:15:00,6.5,100720.0,296.04999999999995,0.15
2015-06-27 17:30:00,7.05,100730.0,295.85,0.15
2015-06-27 17:45:00,6.3,100730.0,295.54999999999995,0.15
2015-06-27 18:00:00,6.5,100755.0,295.29999999999995,0.15
2015-06-27 18:15:00,5.4,100760.0,294.85,0.15
2015-06-27 18:30:00,5.65,100775.0,294.54999999999995,0.15
2015-06-27 18:45:00,5.1,100800.0,294.04999999999995,0.15
2015-06-27 19:00:00,5.35,100820.0,293.9,0.15
2015-06-27 19:15:00,5.4,100840.0,293.45,0.15
2015-06-27 19:30:00,3.7,100865.0,293.15,0.15
2015-06-27 19:45:00,3.4,100880.0,292.45,0.15
2015-06-27 20:00:00,4.25,100910.0,291.5,0.15
2015-06-27 20:15:00,3.8,100930.0,291.35,0.15
2015-06-27 20:30:00,3.25,100950.0,290.79999999999995,0.15
2015-06-27 20:45:00,3.1,100950.0,290.45,0.15
2015-06-27 21:00:00,2.5,100950.0,290.25,0.15
2015-06-27 21:15:00,2.0,100960.0,289.95,0.15
2015-06-27 21:30:00,2.0,100985.0,288.9,0.15
2015-06-27 21:45:00,2.0,100990.0,288.15,0.15
2015-06-27 22:00:00,2.0,101000.0,287.7,0.15
2015-06-27 22:15:00,1.3,101010.0,287.54999999999995,0.15
2015-06-27 22:30:00,0.7,101020.0,286.65,0.15
2015-06-27 22:45:00,1.1,101020.0,286.75,0.15
2015-06-27 23:00:00,1.5499999999999998,101025.0,284.35,0.15
2015-06-27 23:15:00,1.2,101030.0,285.85,0.15
2015-06-27 23:30:00,0.65,101035.0,285.9,0.15
2015-06-27 23:45:00,0.8,101050.0,286.04999999999995,0.15
2015-06-28 00:00:00,0.7,101055.0,285.65,0.15
2015-06-28 00:15:00,1.6,101050.0,285.85,0.15
2015-06-28 00:30:00,1.5,101055.0,284.85,0.15
2015-06-28 00:45:00,1.8,101040.0,284.95,0.15
2015-06-28 01:00:00,1.7,101030.0,284.45,0.15
2015-06-28 01:15:00,2.0,101020.0,284.04999999999995,0.15
2015-06-28 01:30:00,1.25,101025.0,284.35,0.15
2015-06-28 01:45:00,1.5,101020.0,283.95,0.15
2015-06-28 02:00:00,1.05,101035.0,284.04999999999995,0.15
2015-06-28 02:15:00,1.8,101040.0,283.85,0.15
2015-06-28 02:30:00,1.85,101040.0,284.1,0.15
2015-06-28 02:45:00,1.5,101040.0,283.75,0.15
2015-06-28 03:00:00,1.65,101040.0,283.6,0.15
2015-06-28 03:15:00,1.8,101040.0,283.85,0.15
2015-06-28 03:30:00,2.0,101055.0,284.15,0.15
2015-06-28 03:45:00,2.4,101060.0,283.54999999999995,0.15
2015-06-28 04:00:00,1.9,101080.0,283.35,0.15
2015-06-28 04:15:00,1.1,101090.0,284.04999999999995,0.15
2015-06-28 04:30:00,1.25,101100.0,283.75,0.15
2015-06-28 04:45:00,1.3,101100.0,284.45,0.15
2015-06-28 05:00:00,1.25,101100.0,285.65,0.15
2015-06-28 05:15:00,1.2,101100.0,286.75,0.15
2015-06-28 05:30:00,1.05,101110.0,287.9,0.15
2015-06-28 05:45:00,1.5,101110.0,288.45,0.15
2015-06-28 06:00:00,1.55,101105.0,289.1,0.15
2015-06-28 06:15:00,1.3,101100.0,289.45,0.15
2015-06-28 06:30:00,1.15,101105.0,289.7,0.15
2015-06-28 06:45:00,1.3,101110.0,290.45,0.15
2015-06-28 07:00:00,1.1,101110.0,291.04999999999995,0.15
2015-06-28 07:15:00,1.6,101090.0,291.54999999999995,0.15
2015-06-28 07:30:00,1.15,101100.0,292.25,0.15
2015-06-28 07:45:00,1.0,101090.0,292.75,0.15
2015-06-28 08:00:00,1.2999999999999998,101085.0,293.45,0.15
2015-06-28 08:15:00,1.2,101080.0,293.54999999999995,0.15
2015-06-28 08:30:00,1.15,101075.0,294.04999999999995,0.15
2015-06-28 08:45:00,1.6,101070.0,294.15,0.15
2015-06-28 09:00:00,1.4500000000000002,101060.0,295.04999999999995,0.15
2015-06-28 09:15:00,2.2,101050.0,295.15,0.15
2015-06-28 09:30:00,1.35,101045.0,295.9,0.15
2015-06-28 09:45:00,1.4,101040.0,296.25,0.15
2015-06-28 10:00:00,1.5,101035.0,296.04999999999995,0.15
2015-06-28 10:15:00,1.1,101010.0,295.95,0.15
2015-06-28 10:30:00,2.35,101010.0,295.75,0.15
2015-06-28 10:45:00,1.7,101010.0,296.15,0.15
2015-06-28 11:00:00,2.25,100995.0,296.9,0.15
2015-06-28 11:15:00,2.5,100990.0,296.45,0.15
2015-06-28 11:30:00,2.1,100975.0,297.0,0.15
2015-06-28 11:45:00,1.2,100970.0,296.95,0.15
2015-06-28 12:00:00,2.35,100950.0,297.0,0.15
2015-06-28 12:15:00,2.0,100940.0,297.25,0.15
2015-06-28 12:30:00,1.3,100940.0,297.15,0.15
2015-06-28 12:45:00,1.2,100940.0,297.54999999999995,0.15
2015-06-28 13:00:00,1.3,100940.0,297.35,0.15
2015-06-28 13:15:00,1.9,100910.0,297.65,0.15
2015-06-28 13:30:00,2.05,100905.0,297.45,0.15
2015-06-28 13:45:00,1.4,100910.0,297.04999999999995,0.15
2015-06-28 14:00:00,2.05,100905.0,297.45,0.15
2015-06-28 14:15:00,1.1,100920.0,297.54999999999995,0.15
2015-06-28 14:30:00,1.35,100910.0,297.5,0.15
2015-06-28 14:45:00,2.4,100900.0,297.15,0.15
2015-06-28 15:00:00,2.2,100895.0,297.2,0.15
2015-06-28 15:15:00,2.2,100880.0,297.15,0.15
2015-06-28 15:30:00,2.3,100865.0,297.29999999999995,0.15
2015-06-28 15:45:00,2.2,100890.0,297.25,0.15
2015-06-28 16:00:00,2.9000000000000004,100885.0,297.4,0.15
2015-06-28 16:15:00,3.0,100870.0,297.54999999999995,0.15
2015-06-28 16:30:00,3.05,100855.0,297.15,0.15
2015-06-28 16:45:00,2.9,100850.0,297.65,0.15
2015-06-28 17:00:00,2.85,100850.0,297.15,0.15
2015-06-28 17:15:00,3.0,100850.0,296.85,0.15
2015-06-28 17:30:00,2.55,100860.0,296.95,0.15
2015-06-28 17:45:00,2.7,100840.0,296.65,0.15
2015-06-28 18:00:00,2.55,100840.0,296.4,0.15
2015-06-28 18:15:00,2.4,100840.0,295.85,0.15
2015-06-28 18:30:00,2.4,100810.0,295.5,0.15
2015-06-28 18:45:00,2.5,100790.0,295.35,0.15
2015-06-28 19:00:00,2.35,100790.0,295.15,0.15
2015-06-28 19:15:00,2.1,100800.0,295.15,0.15
2015-06-28 19:30:00,2.25,100800.0,294.75,0.15
2015-06-28 19:45:00,2.8,100810.0,294.65,0.15
2015-06-28 20:00:00,2.65,100855.0,294.6,0.15
2015-06-28 20:15:00,2.8,100840.0,294.45,0.15
2015-06-28 20:30:00,2.6,100840.0,294.35,0.15
2015-06-28 20:45:00,2.4,100830.0,294.15,0.15
2015-06-28 21:00:00,2.7,100810.0,294.0,0.15
2015-06-28 21:15:00,2.9,100800.0,293.95,0.15
2015-06-28 21:30:00,2.7,100785.0,294.0,0.15
2015-06-28 21:45:00,3.1,100780.0,293.65,0.15
2015-06-28 22:00:00,2.8,100800.0,293.54999999999995,0.15
2015-06-28 22:15:00,1.7,100810.0,293.65,0.15
2015-06-28 22:30:00,1.3,100840.0,293.0,0.15
2015-06-28 22:45:00,2.1,100850.0,292.65,0.15
2015-06-28 23:00:00,3.0,100825.0,292.9,0.15
2015-06-28 23:15:00,2.9,100790.0,293.35,0.15
2015-06-28 23:30:00,2.9000000000000004,100785.0,293.15,0.15
2015-06-28 23:45:00,3.2,100790.0,293.04999999999995,0.15
2015-06-29 00:00:00,2.4,100785.0,293.2,0.15
2015-06-29 00:15:00,1.6,100790.0,292.85,0.15
2015-06-29 00:30:00,2.1,100790.0,293.04999999999995,0.15
2015-06-29 00:45:00,2.2,100780.0,292.75,0.15
2015-06-29 01:00:00,2.05,100770.0,292.79999999999995,0.15
2015-06-29 01:15:00,1.7,100760.0,292.75,0.15
2015-06-29 01:30:00,1.7,100770.0,292.7,0.15
2015-06-29 01:45:00,1.7,100760.0,292.54999999999995,0.15
2015-06-29 02:00:00,1.2999999999999998,100745.0,292.35,0.15
2015-06-29 02:15:00,1.3,100740.0,291.65,0.15
2015-06-29 02:30:00,1.6,100750.0,291.65,0.15
2015-06-29 02:45:00,1.4,100760.0,291.65,0.15
2015-06-29 03:00:00,1.55,100770.0,291.0,0.15
2015-06-29 03:15:00,1.4,100780.0,291.15,0.15
2015-06-29 03:30:00,1.7,100785.0,290.85,0.15
2015-06-29 03:45:00,1.2,100790.0,290.45,0.15
2015-06-29 04:00:00,1.4,100790.0,290.1,0.15
2015-06-29 04:15:00,2.0,100790.0,290.25,0.15
2015-06-29 04:30:00,1.9,100790.0,291.85,0.15
2015-06-29 04:45:00,1.1,100790.0,291.95,0.15
2015-06-29 05:00:00,0.7,100810.0,292.45,0.15
2015-06-29 05:15:00,0.7,100810.0,292.85,0.15
2015-06-29 05:30:00,1.05,100815.0,293.4,0.15
2015-06-29 05:45:00,1.0,100820.0,294.35,0.15
2015-06-29 06:00:00,1.25,100830.0,295.2,0.15
2015-06-29 06:15:00,1.7,100830.0,295.35,0.15
2015-06-29 06:30:00,1.65,100845.0,295.5,0.15
2015-06-29 06:45:00,2.1,100860.0,295.54999999999995,0.15
2015-06-29 07:00:00,1.9,100865.0,295.75,0.15
2015-06-29 07:15:00,2.7,100880.0,296.54999999999995,0.15
2015-06-29 07:30:00,3.05,100890.0,295.6,0.15
2015-06-29 07:45:00,2.6,100890.0,295.45,0.15
2015-06-29 08:00:00,3.25,100905.0,295.7,0.15
2015-06-29 08:15:00,3.3,100910.0,296.04999999999995,0.15
2015-06-29 08:30:00,3.4,100925.0,296.0,0.15
2015-06-29 08:45:00,3.2,100940.0,296.35,0.15
2015-06-29 09:00:00,3.25,100945.0,296.5,0.15
2015-06-29 09:15:00,2.6,100950.0,297.75,0.15
2015-06-29 09:30:00,3.0,100950.0,297.15,0.15
2015-06-29 09:45:00,3.6,100950.0,296.85,0.15
2015-06-29 10:00:00,3.55,100940.0,297.4,0.15
2015-06-29 10:15:00,3.7,100940.0,297.65,0.15
2015-06-29 10:30:00,3.5,100940.0,297.54999999999995,0.15
2015-06-29 10:45:00,3.1,100940.0,297.65,0.15
2015-06-29 11:00:00,3.35,100960.0,298.6,0.15
2015-06-29 11:15:00,3.5,100970.0,298.35,0.15
2015-06-29 11:30:00,3.25,100960.0,298.95,0.15
2015-06-29 11:45:00,3.5,100960.0,299.15,0.15
2015-06-29 12:00:00,3.9,100955.0,298.4,0.15
2015-06-29 12:15:00,3.9,100930.0,299.54999999999995,0.15
2015-06-29 12:30:00,4.25,100935.0,299.35,0.15
2015-06-29 12:45:00,4.2,100930.0,299.04999999999995,0.15
2015-06-29 13:00:00,4.0,100930.0,299.4,0.15
2015-06-29 13:15:00,3.7,100920.0,299.95,0.15
2015-06-29 13:30:00,3.9,100915.0,299.2,0.15
2015-06-29 13:45:00,3.9,100920.0,299.75,0.15
2015-06-29 14:00:00,4.4,100925.0,299.4,0.15
2015-06-29 14:15:00,3.6,100930.0,299.95,0.15
2015-06-29 14:30:00,4.25,100920.0,299.35,0.15
2015-06-29 14:45:00,4.5,100920.0,299.25,0.15
2015-06-29 15:00:00,3.6,100920.0,299.35,0.15
2015-06-29 15:15:00,3.4,100920.0,299.04999999999995,0.15
2015-06-29 15:30:00,3.8,100920.0,299.54999999999995,0.15
2015-06-29 15:45:00,3.1,100920.0,299.45,0.15
2015-06-29 16:00:00,3.65,100920.0,299.6,0.15
2015-06-29 16:15:00,3.5,100920.0,299.25,0.15
2015-06-29 16:30:00,4.4,100925.0,299.29999999999995,0.15
2015-06-29 16:45:00,4.4,100940.0,298.95,0.15
2015-06-29 17:00:00,3.8,100945.0,298.6,0.15
2015-06-29 17:15:00,4.1,100950.0,298.25,0.15
2015-06-29 17:30:00,3.85,100955.0,298.0,0.15
2015-06-29 17:45:00,3.7,100950.0,297.85,0.15
2015-06-29 18:00:00,3.6,100975.0,297.29999999999995,0.15
2015-06-29 18:15:00,3.3,100980.0,296.75,0.15
2015-06-29 18:30:00,3.45,100995.0,296.29999999999995,0.15
2015-06-29 18:45:00,3.0,101000.0,296.15,0.15
2015-06-29 19:00:00,2.7,101010.0,295.9,0.15
2015-06-29 19:15:00,2.6,101020.0,295.35,0.15
2015-06-29 19:30:00,2.35,101025.0,294.65,0.15
2015-06-29 19:45:00,2.1,101040.0,294.85,0.15
2015-06-29 20:00:00,2.6,101055.0,294.45,0.15
2015-06-29 20:15:00,1.7,101060.0,293.95,0.15
2015-06-29 20:30:00,0.95,101060.0,293.5,0.15
2015-06-29 20:45:00,0.9,101060.0,293.54999999999995,0.15
2015-06-29 21:00:00,1.0,101060.0,293.04999999999995,0.15
2015-06-29 21:15:00,0.7,101070.0,292.35,0.15
2015-06-29 21:30:00,0.6,101070.0,291.6,0.15
2015-06-29 21:45:00,1.2,101060.0,291.25,0.15
2015-06-29 22:00:00,1.55,101055.0,290.35,0.15
2015-06-29 22:15:00,1.4,101050.0,290.15,0.15
2015-06-29 22:30:00,1.35,101055.0,290.35,0.15
2015-06-29 22:45:00,1.8,101050.0,290.25,0.15
2015-06-29 23:00:00,1.9,101050.0,288.95,0.15
2015-06-29 23:15:00,1.8,101040.0,289.15,0.15
2015-06-29 23:30:00,1.7,101055.0,288.6,0.15
2015-06-29 23:45:00,1.6,101060.0,288.54999999999995,0.15
2015-06-30 00:00:00,1.9,101055.0,288.5,0.15
2015-06-30 00:15:00,1.9,101040.0,288.15,0.15
2015-06-30 00:30:00,1.1,101040.0,287.15,0.15
2015-06-30 00:45:00,1.4,101040.0,287.75,0.15
2015-06-30 01:00:00,1.5,101030.0,287.54999999999995,0.15
2015-06-30 01:15:00,1.4,101030.0,287.15,0.15
2015-06-30 01:30:00,2.2,101020.0,286.65,0.15
2015-06-30 01:45:00,2.1,101030.0,286.25,0.15
2015-06-30 02:00:00,2.0,101025.0,287.0,0.15
2015-06-30 02:15:00,1.5,101030.0,287.15,0.15
2015-06-30 02:30:00,1.6,101025.0,286.95,0.15
2015-06-30 02:45:00,1.9,101010.0,286.75,0.15
2015-06-30 03:00:00,1.6,101020.0,286.35,0.15
2015-06-30 03:15:00,2.1,101020.0,285.85,0.15
2015-06-30 03:30:00,2.55,101020.0,285.65,0.15
2015-06-30 03:45:00,3.0,101030.0,285.45,0.15
2015-06-30 04:00:00,2.6,101030.0,285.75,0.15
2015-06-30 04:15:00,2.5,101050.0,285.65,0.15
2015-06-30 04:30:00,1.8,101065.0,286.15,0.15
2015-06-30 04:45:00,1.5,101080.0,287.04999999999995,0.15
2015-06-30 05:00:00,1.5499999999999998,101075.0,288.79999999999995,0.15
2015-06-30 05:15:00,1.6,101080.0,289.15,0.15
2015-06-30 05:30:00,1.55,101080.0,289.75,0.15
2015-06-30 05:45:00,0.8,101090.0,290.65,0.15
2015-06-30 06:00:00,0.75,101100.0,290.9,0.15
2015-06-30 06:15:00,1.1,101090.0,291.35,0.15
2015-06-30 06:30:00,1.05,101105.0,292.29999999999995,0.15
2015-06-30 06:45:00,0.9,101110.0,292.85,0.15
2015-06-30 07:00:00,1.0,101095.0,293.79999999999995,0.15
2015-06-30 07:15:00,0.7,101100.0,294.35,0.15
2015-06-30 07:30:00,0.75,101095.0,295.6,0.15
2015-06-30 07:45:00,1.0,101100.0,295.45,0.15
2015-06-30 08:00:00,1.0,101095.0,296.35,0.15
2015-06-30 08:15:00,0.8,101090.0,296.65,0.15
2015-06-30 08:30:00,1.15,101070.0,297.5,0.15
2015-06-30 08:45:00,1.1,101060.0,297.65,0.15
2015-06-30 09:00:00,1.2,101050.0,297.5,0.15
2015-06-30 09:15:00,1.1,101040.0,298.45,0.15
2015-06-30 09:30:00,1.1,101040.0,298.54999999999995,0.15
2015-06-30 09:45:00,1.5,101030.0,298.54999999999995,0.15
2015-06-30 10:00:00,1.4,101025.0,298.9,0.15
2015-06-30 10:15:00,1.4,101020.0,299.85,0.15
2015-06-30 10:30:00,1.35,101010.0,299.7,0.15
2015-06-30 10:45:00,1.1,101000.0,300.15,0.15
2015-06-30 11:00:00,1.5,101000.0,300.25,0.15
2015-06-30 11:15:00,2.0,100990.0,300.75,0.15
2015-06-30 11:30:00,1.6,100975.0,300.5,0.15
2015-06-30 11:45:00,1.5,100960.0,300.65,0.15
2015-06-30 12:00:00,1.9,100950.0,301.2,0.15
2015-06-30 12:15:00,1.6,100940.0,301.54999999999995,0.15
2015-06-30 12:30:00,1.8,100925.0,301.45,0.15
2015-06-30 12:45:00,2.8,100910.0,301.35,0.15
2015-06-30 13:00:00,1.45,100900.0,301.79999999999995,0.15
2015-06-30 13:15:00,1.4,100890.0,302.04999999999995,0.15
2015-06-30 13:30:00,2.2,100890.0,302.65,0.15
2015-06-30 13:45:00,2.3,100880.0,302.25,0.15
2015-06-30 14:00:00,2.35,100865.0,302.65,0.15
2015-06-30 14:15:00,2.0,100850.0,303.04999999999995,0.15
2015-06-30 14:30:00,1.65,100835.0,303.15,0.15
2015-06-30 14:45:00,1.9,100810.0,303.25,0.15
2015-06-30 15:00:00,1.5,100795.0,303.1,0.15
2015-06-30 15:15:00,2.0,100780.0,302.75,0.15
2015-06-30 15:30:00,2.15,100775.0,303.2,0.15
2015-06-30 15:45:00,1.2,100770.0,302.85,0.15
2015-06-30 16:00:00,1.65,100760.0,303.35,0.15
2015-06-30 16:15:00,2.5,100750.0,303.45,0.15
2015-06-30 16:30:00,1.85,100740.0,303.0,0.15
2015-06-30 16:45:00,1.8,100730.0,302.85,0.15
2015-06-30 17:00:00,1.6,100725.0,302.9,0.15
2015-06-30 17:15:00,1.4,100730.0,302.75,0.15
2015-06-30 17:30:00,1.15,100720.0,303.0,0.15
2015-06-30 17:45:00,1.6,100720.0,302.75,0.15
2015-06-30 18:00:00,1.15,100720.0,302.6,0.15
2015-06-30 18:15:00,1.0,100720.0,302.25,0.15
2015-06-30 18:30:00,0.8500000000000001,100720.0,301.54999999999995,0.15
2015-06-30 18:45:00,0.8,100720.0,300.35,0.15
2015-06-30 19:00:00,1.0,100710.0,299.4,0.15
2015-06-30 19:15:00,1.4,100720.0,298.54999999999995,0.15
2015-06-30 19:30:00,2.1,100725.0,298.0,0.15
2015-06-30 19:45:00,3.2,100740.0,298.25,0.15
2015-06-30 20:00:00,2.6500000000000004,100745.0,298.04999999999995,0.15
2015-06-30 20:15:00,2.5,100760.0,297.45,0.15
2015-06-30 20:30:00,2.8,100760.0,296.85,0.15
2015-06-30 20:45:00,3.2,100750.0,296.54999999999995,0.15
2015-06-30 21:00:00,2.35,100760.0,296.4,0.15
2015-06-30 21:15:00,2.2,100760.0,296.15,0.15
2015-06-30 21:30:00,2.75,100755.0,295.9,0.15
2015-06-30 21:45:00,2.7,100750.0,296.25,0.15
2015-06-30 22:00:00,2.1500000000000004,100745.0,295.85,0.15
2015-06-30 22:15:00,1.6,100740.0,295.85,0.15
2015-06-30 22:30:00,1.7,100750.0,295.5,0.15
2015-06-30 22:45:00,2.8,100750.0,294.95,0.15
2015-06-30 23:00:00,2.95,100760.0,294.75,0.15
2015-06-30 23:15:00,2.2,100770.0,294.45,0.15
2015-06-30 23:30:00,1.65,100760.0,293.9,0.15
2015-06-30 23:45:00,1.2,100760.0,293.85,0.15
2015-07-01 00:00:00,1.0,100755.0,293.65,0.15
2015-07-01 00:15:00,1.4,100750.0,293.45,0.15
2015-07-01 00:30:00,1.4,100760.0,292.45,0.15
2015-07-01 00:45:00,2.0,100750.0,290.45,0.15
2015-07-01 01:00:00,2.25,100745.0,293.25,0.15
2015-07-01 01:15:00,1.7,100750.0,291.15,0.15
2015-07-01 01:30:00,1.75,100750.0,289.65,0.15
2015-07-01 01:45:00,1.6,100750.0,288.35,0.15
2015-07-01 02:00:00,1.75,100740.0,291.85,0.15
2015-07-01 02:15:00,2.1,100740.0,288.15,0.15
2015-07-01 02:30:00,1.8,100745.0,287.75,0.15
2015-07-01 02:45:00,2.0,100740.0,288.65,0.15
2015-07-01 03:00:00,2.7,100750.0,289.95,0.15
2015-07-01 03:15:00,1.6,100760.0,290.85,0.15
2015-07-01 03:30:00,1.5,100765.0,291.65,0.15
2015-07-01 03:45:00,1.6,100770.0,290.35,0.15
2015-07-01 04:00:00,1.7,100770.0,291.9,0.15
2015-07-01 04:15:00,1.9,100770.0,292.35,0.15
2015-07-01 04:30:00,1.55,100760.0,291.85,0.15
2015-07-01 04:45:00,2.0,100760.0,292.75,0.15
2015-07-01 05:00:00,2.05,100755.0,293.5,0.15
2015-07-01 05:15:00,2.0,100750.0,294.25,0.15
2015-07-01 05:30:00,1.95,100755.0,294.85,0.15
2015-07-01 05:45:00,1.9,100760.0,295.54999999999995,0.15
2015-07-01 06:00:00,1.85,100755.0,296.25,0.15
2015-07-01 06:15:00,1.9,100750.0,296.75,0.15
2015-07-01 06:30:00,2.4,100755.0,297.1,0.15
2015-07-01 06:45:00,2.9,100760.0,297.75,0.15
2015-07-01 07:00:00,3.3,100765.0,298.2,0.15
2015-07-01 07:15:00,4.5,100750.0,298.45,0.15
2015-07-01 07:30:00,4.300000000000001,100750.0,299.04999999999995,0.15
2015-07-01 07:45:00,4.3,100750.0,299.75,0.15
2015-07-01 08:00:00,4.15,100750.0,300.15,0.15
2015-07-01 08:15:00,4.5,100740.0,300.85,0.15
2015-07-01 08:30:00,4.3,100735.0,301.15,0.15
2015-07-01 08:45:00,4.5,100740.0,301.75,0.15
2015-07-01 09:00:00,4.7,100735.0,302.35,0.15
2015-07-01 09:15:00,4.5,100720.0,302.65,0.15
2015-07-01 09:30:00,5.0,100715.0,303.35,0.15
2015-07-01 09:45:00,5.5,100700.0,304.04999999999995,0.15
2015-07-01 10:00:00,6.45,100690.0,304.15,0.15
2015-07-01 10:15:00,6.1,100690.0,304.04999999999995,0.15
2015-07-01 10:30:00,6.25,100690.0,304.15,0.15
2015-07-01 10:45:00,6.1,100680.0,304.54999999999995,0.15
2015-07-01 11:00:00,5.85,100665.0,304.79999999999995,0.15
2015-07-01 11:15:00,5.8,100660.0,304.45,0.15
2015-07-01 11:30:00,6.15,100645.0,305.95,0.15
2015-07-01 11:45:00,5.9,100630.0,305.65,0.15
2015-07-01 12:00:00,5.6,100625.0,305.45,0.15
2015-07-01 12:15:00,5.0,100600.0,305.95,0.15
2015-07-01 12:30:00,5.3,100595.0,306.0,0.15
2015-07-01 12:45:00,5.8,100570.0,306.25,0.15
2015-07-01 13:00:00,5.55,100560.0,306.5,0.15
2015-07-01 13:15:00,6.1,100560.0,306.54999999999995,0.15
2015-07-01 13:30:00,5.55,100550.0,306.85,0.15
2015-07-01 13:45:00,5.5,100560.0,306.75,0.15
2015-07-01 14:00:00,5.300000000000001,100555.0,306.7,0.15
2015-07-01 14:15:00,5.2,100550.0,307.15,0.15
2015-07-01 14:30:00,5.6,100545.0,306.79999999999995,0.15
2015-07-01 14:45:00,5.5,100540.0,307.04999999999995,0.15
2015-07-01 15:00:00,4.85,100535.0,306.95,0.15
2015-07-01 15:15:00,5.4,100530.0,306.75,0.15
2015-07-01 15:30:00,5.5,100525.0,306.9,0.15
2015-07-01 15:45:00,4.5,100520.0,306.75,0.15
2015-07-01 16:00:00,4.8,100515.0,306.85,0.15
2015-07-01 16:15:00,4.8,100500.0,306.85,0.15
2015-07-01 16:30:00,4.75,100505.0,306.7,0.15
2015-07-01 16:45:00,4.3,100500.0,306.54999999999995,0.15
2015-07-01 17:00:00,5.05,100490.0,306.45,0.15
2015-07-01 17:15:00,4.9,100490.0,306.15,0.15
2015-07-01 17:30:00,4.9,100495.0,305.95,0.15
2015-07-01 17:45:00,4.3,100500.0,305.75,0.15
2015-07-01 18:00:00,3.7,100505.0,305.54999999999995,0.15
2015-07-01 18:15:00,3.5,100510.0,305.15,0.15
2015-07-01 18:30:00,3.75,100505.0,304.7,0.15
2015-07-01 18:45:00,3.6,100510.0,304.04999999999995,0.15
2015-07-01 19:00:00,3.25,100510.0,303.65,0.15
2015-07-01 19:15:00,3.1,100510.0,303.15,0.15
2015-07-01 19:30:00,2.55,100520.0,302.79999999999995,0.15
2015-07-01 19:45:00,2.7,100540.0,302.25,0.15
2015-07-01 20:00:00,2.65,100555.0,302.04999999999995,0.15
2015-07-01 20:15:00,2.8,100560.0,301.75,0.15
2015-07-01 20:30:00,2.7,100560.0,301.5,0.15
2015-07-01 20:45:00,2.6,100570.0,301.35,0.15
2015-07-01 21:00:00,2.75,100570.0,300.9,0.15
2015-07-01 21:15:00,2.4,100580.0,300.65,0.15
2015-07-01 21:30:00,2.5,100580.0,300.5,0.15
2015-07-01 21:45:00,2.3,100590.0,300.15,0.15
2015-07-01 22:00:00,2.35,100595.0,299.95,0.15
2015-07-01 22:15:00,2.6,100600.0,299.75,0.15
2015-07-01 22:30:00,2.3,100610.0,299.6,0.15
2015-07-01 22:45:00,2.2,100610.0,299.04999999999995,0.15
2015-07-01 23:00:00,2.2,100610.0,299.0,0.15
2015-07-01 23:15:00,2.4,100610.0,298.85,0.15
2015-07-01 23:30:00,2.05,100625.0,298.54999999999995,0.15
2015-07-01 23:45:00,2.2,100630.0,298.25,0.15
2015-07-02 00:00:00,2.05,100630.0,298.0,0.15
2015-07-02 00:15:00,2.7,100630.0,298.04999999999995,0.15
2015-07-02 00:30:00,1.8,100630.0,298.0,0.15
2015-07-02 00:45:00,1.6,100630.0,297.85,0.15
2015-07-02 01:00:00,2.1,100630.0,297.85,0.15
2015-07-02 01:15:00,2.3,100620.0,297.85,0.15
2015-07-02 01:30:00,2.2,100615.0,297.54999999999995,0.15
2015-07-02 01:45:00,1.8,100620.0,297.35,0.15
2015-07-02 02:00:00,2.0,100625.0,296.9,0.15
2015-07-02 02:15:00,2.3,100610.0,296.85,0.15
2015-07-02 02:30:00,2.8,100610.0,296.9,0.15
2015-07-02 02:45:00,2.5,100620.0,296.75,0.15
2015-07-02 03:00:00,2.6,100630.0,296.95,0.15
2015-07-02 03:15:00,2.0,100630.0,297.04999999999995,0.15
2015-07-02 03:30:00,2.55,100635.0,297.04999999999995,0.15
2015-07-02 03:45:00,3.0,100640.0,297.04999999999995,0.15
2015-07-02 04:00:00,3.35,100640.0,297.15,0.15
2015-07-02 04:15:00,3.2,100650.0,297.25,0.15
2015-07-02 04:30:00,2.7,100650.0,297.4,0.15
2015-07-02 04:45:00,2.0,100650.0,297.65,0.15
2015-07-02 05:00:00,2.7,100650.0,297.95,0.15
2015-07-02 05:15:00,3.0,100650.0,298.35,0.15
2015-07-02 05:30:00,3.0,100655.0,298.9,0.15
2015-07-02 05:45:00,2.5,100680.0,299.65,0.15
2015-07-02 06:00:00,3.9,100690.0,300.15,0.15
2015-07-02 06:15:00,5.7,100690.0,300.45,0.15
2015-07-02 06:30:00,5.1,100700.0,300.75,0.15
2015-07-02 06:45:00,4.4,100710.0,300.95,0.15
2015-07-02 07:00:00,5.449999999999999,100705.0,301.4,0.15
2015-07-02 07:15:00,5.0,100690.0,301.75,0.15
2015-07-02 07:30:00,4.8,100695.0,302.25,0.15
2015-07-02 07:45:00,4.3,100690.0,302.45,0.15
2015-07-02 08:00:00,4.5,100700.0,303.25,0.15
2015-07-02 08:15:00,4.9,100690.0,303.45,0.15
2015-07-02 08:30:00,4.7,100685.0,304.1,0.15
2015-07-02 08:45:00,4.9,100680.0,304.35,0.15
2015-07-02 09:00:00,4.85,100685.0,304.95,0.15
2015-07-02 09:15:00,5.4,100670.0,304.95,0.15
2015-07-02 09:30:00,5.300000000000001,100690.0,305.7,0.15
2015-07-02 09:45:00,5.3,100680.0,306.54999999999995,0.15
2015-07-02 10:00:00,4.75,100680.0,306.54999999999995,0.15
2015-07-02 10:15:00,4.9,100670.0,306.54999999999995,0.15
2015-07-02 10:30:00,5.2,100655.0,307.04999999999995,0.15
2015-07-02 10:45:00,5.2,100660.0,307.35,0.15
2015-07-02 11:00:00,5.55,100665.0,308.2,0.15
2015-07-02 11:15:00,5.1,100670.0,308.54999999999995,0.15
2015-07-02 11:30:00,5.35,100665.0,308.35,0.15
2015-07-02 11:45:00,5.0,100660.0,308.45,0.15
2015-07-02 12:00:00,4.35,100650.0,308.45,0.15
2015-07-02 12:15:00,4.4,100640.0,309.04999999999995,0.15
2015-07-02 12:30:00,5.15,100620.0,309.0,0.15
2015-07-02 12:45:00,5.0,100620.0,309.54999999999995,0.15
2015-07-02 13:00:00,5.3,100630.0,309.45,0.15
2015-07-02 13:15:00,5.7,100620.0,309.45,0.15
2015-07-02 13:30:00,5.95,100615.0,310.1,0.15
2015-07-02 13:45:00,5.4,100600.0,309.65,0.15
2015-07-02 14:00:00,5.800000000000001,100600.0,309.65,0.15
2015-07-02 14:15:00,5.5,100600.0,309.75,0.15
2015-07-02 14:30:00,6.25,100595.0,309.85,0.15
2015-07-02 14:45:00,5.8,100610.0,310.15,0.15
2015-07-02 15:00:00,5.550000000000001,100610.0,309.9,0.15
2015-07-02 15:15:00,5.5,100600.0,309.95,0.15
2015-07-02 15:30:00,6.35,100595.0,309.85,0.15
2015-07-02 15:45:00,5.7,100600.0,309.75,0.15
2015-07-02 16:00:00,6.05,100595.0,309.7,0.15
2015-07-02 16:15:00,5.8,100590.0,309.65,0.15
2015-07-02 16:30:00,6.0,100585.0,309.25,0.15
2015-07-02 16:45:00,6.0,100590.0,308.75,0.15
2015-07-02 17:00:00,4.9,100595.0,308.35,0.15
2015-07-02 17:15:00,4.0,100590.0,307.85,0.15
2015-07-02 17:30:00,3.6,100600.0,307.65,0.15
2015-07-02 17:45:00,3.4,100620.0,307.65,0.15
2015-07-02 18:00:00,3.45,100620.0,307.04999999999995,0.15
2015-07-02 18:15:00,3.5,100620.0,306.54999999999995,0.15
2015-07-02 18:30:00,3.35,100610.0,306.4,0.15
2015-07-02 18:45:00,3.1,100630.0,306.15,0.15
2015-07-02 19:00:00,3.2,100635.0,305.9,0.15
2015-07-02 19:15:00,3.3,100650.0,305.65,0.15
2015-07-02 19:30:00,3.4,100655.0,305.29999999999995,0.15
2015-07-02 19:45:00,3.4,100660.0,304.85,0.15
2015-07-02 20:00:00,3.3,100670.0,304.4,0.15
2015-07-02 20:15:00,2.8,100670.0,304.04999999999995,0.15
2015-07-02 20:30:00,3.55,100700.0,302.7,0.15
2015-07-02 20:45:00,3.5,100730.0,302.25,0.15
2015-07-02 21:00:00,4.0,100775.0,301.25,0.15
2015-07-02 21:15:00,3.2,100820.0,300.85,0.15
2015-07-02 21:30:00,2.9000000000000004,100845.0,300.4,0.15
2015-07-02 21:45:00,3.6,100880.0,300.45,0.15
2015-07-02 22:00:00,2.9,100890.0,300.5,0.15
2015-07-02 22:15:00,3.6,100920.0,300.45,0.15
2015-07-02 22:30:00,4.05,100905.0,299.6,0.15
2015-07-02 22:45:00,4.3,100910.0,299.45,0.15
2015-07-02 23:00:00,4.199999999999999,100935.0,298.7,0.15
2015-07-02 23:15:00,4.5,100960.0,297.95,0.15
2015-07-02 23:30:00,4.35,100980.0,297.85,0.15
2015-07-02 23:45:00,3.5,100990.0,297.15,0.15
2015-07-03 00:00:00,2.75,101015.0,296.65,0.15
2015-07-03 00:15:00,4.1,101040.0,296.35,0.15
2015-07-03 00:30:00,3.5,101055.0,296.79999999999995,0.15
2015-07-03 00:45:00,3.3,101060.0,296.54999999999995,0.15
2015-07-03 01:00:00,2.5,101065.0,296.0,0.15
2015-07-03 01:15:00,3.5,101050.0,295.95,0.15
2015-07-03 01:30:00,3.3,101065.0,295.95,0.15
2015-07-03 01:45:00,2.5,101070.0,295.25,0.15
2015-07-03 02:00:00,2.85,101080.0,296.2,0.15
2015-07-03 02:15:00,2.7,101080.0,295.54999999999995,0.15
2015-07-03 02:30:00,2.5,101100.0,295.04999999999995,0.15
2015-07-03 02:45:00,3.0,101120.0,295.15,0.15
2015-07-03 03:00:00,2.7,101140.0,294.95,0.15
2015-07-03 03:15:00,2.9,101160.0,294.75,0.15
2015-07-03 03:30:00,3.4,101175.0,294.5,0.15
2015-07-03 03:45:00,3.4,101190.0,294.25,0.15
2015-07-03 04:00:00,3.75,101200.0,294.4,0.15
2015-07-03 04:15:00,4.4,101210.0,294.35,0.15
2015-07-03 04:30:00,4.0,101225.0,294.35,0.15
2015-07-03 04:45:00,3.3,101220.0,294.45,0.15
2015-07-03 05:00:00,3.05,101230.0,294.75,0.15
2015-07-03 05:15:00,3.0,101240.0,295.04999999999995,0.15
2015-07-03 05:30:00,2.15,101240.0,295.2,0.15
2015-07-03 05:45:00,1.9,101240.0,295.65,0.15
2015-07-03 06:00:00,2.05,101245.0,295.95,0.15
2015-07-03 06:15:00,2.2,101250.0,296.15,0.15
2015-07-03 06:30:00,2.6,101245.0,296.54999999999995,0.15
2015-07-03 06:45:00,2.0,101250.0,296.85,0.15
2015-07-03 07:00:00,1.7000000000000002,101255.0,297.54999999999995,0.15
2015-07-03 07:15:00,1.4,101250.0,298.25,0.15
2015-07-03 07:30:00,1.2,101240.0,298.54999999999995,0.15
2015-07-03 07:45:00,1.6,101250.0,299.35,0.15
2015-07-03 08:00:00,1.05,101250.0,299.35,0.15
2015-07-03 08:15:00,1.0,101260.0,299.95,0.15
2015-07-03 08:30:00,1.2999999999999998,101250.0,300.75,0.15
2015-07-03 08:45:00,1.2,101240.0,300.85,0.15
2015-07-03 09:00:00,1.2,101235.0,300.5,0.15
2015-07-03 09:15:00,0.9,101240.0,301.75,0.15
2015-07-03 09:30:00,1.2000000000000002,101235.0,301.5,0.15
2015-07-03 09:45:00,1.4,101230.0,301.45,0.15
2015-07-03 10:00:00,1.1,101215.0,301.95,0.15
2015-07-03 10:15:00,1.5,101200.0,302.25,0.15
2015-07-03 10:30:00,1.5499999999999998,101200.0,302.7,0.15
2015-07-03 10:45:00,1.5,101190.0,303.15,0.15
2015-07-03 11:00:00,1.95,101195.0,303.4,0.15
2015-07-03 11:15:00,1.1,101180.0,303.65,0.15
2015-07-03 11:30:00,1.85,101165.0,304.04999999999995,0.15
2015-07-03 11:45:00,2.0,101170.0,304.54999999999995,0.15
2015-07-03 12:00:00,1.4,101155.0,304.29999999999995,0.15
2015-07-03 12:15:00,1.5,101150.0,304.65,0.15
2015-07-03 12:30:00,1.15,101140.0,305.6,0.15
2015-07-03 12:45:00,1.5,101130.0,305.54999999999995,0.15
2015-07-03 13:00:00,1.9,101105.0,305.6,0.15
2015-07-03 13:15:00,1.3,101100.0,305.54999999999995,0.15
2015-07-03 13:30:00,1.85,101100.0,306.5,0.15
2015-07-03 13:45:00,1.7,101090.0,306.25,0.15
2015-07-03 14:00:00,1.6,101075.0,306.4,0.15
2015-07-03 14:15:00,1.2,101060.0,306.85,0.15
2015-07-03 14:30:00,1.45,101045.0,306.79999999999995,0.15
2015-07-03 14:45:00,1.2,101040.0,307.35,0.15
2015-07-03 15:00:00,1.45,101020.0,307.1,0.15
2015-07-03 15:15:00,2.1,101000.0,307.15,0.15
2015-07-03 15:30:00,1.9,100995.0,307.25,0.15
2015-07-03 15:45:00,1.8,100990.0,307.15,0.15
2015-07-03 16:00:00,1.45,100960.0,307.2,0.15
2015-07-03 16:15:00,2.0,100950.0,307.35,0.15
2015-07-03 16:30:00,2.1,100950.0,307.35,0.15
2015-07-03 16:45:00,1.8,100950.0,307.35,0.15
2015-07-03 17:00:00,2.3,100950.0,307.04999999999995,0.15
2015-07-03 17:15:00,1.4,100950.0,306.75,0.15
2015-07-03 17:30:00,2.4000000000000004,100950.0,306.85,0.15
2015-07-03 17:45:00,2.5,100950.0,306.54999999999995,0.15
2015-07-03 18:00:00,2.2,100950.0,306.29999999999995,0.15
2015-07-03 18:15:00,2.6,100950.0,305.75,0.15
2015-07-03 18:30:00,2.35,100940.0,305.4,0.15
2015-07-03 18:45:00,2.1,100950.0,304.54999999999995,0.15
2015-07-03 19:00:00,3.45,100950.0,303.7,0.15
2015-07-03 19:15:00,2.6,100950.0,303.25,0.15
2015-07-03 19:30:00,2.6,100950.0,302.75,0.15
2015-07-03 19:45:00,3.4,100960.0,302.35,0.15
2015-07-03 20:00:00,2.95,100960.0,301.95,0.15
2015-07-03 20:15:00,2.6,100960.0,301.45,0.15
2015-07-03 20:30:00,2.35,100945.0,301.4,0.15
2015-07-03 20:45:00,2.4,100940.0,300.95,0.15
2015-07-03 21:00:00,1.85,100920.0,300.6,0.15
2015-07-03 21:15:00,2.0,100920.0,300.85,0.15
2015-07-03 21:30:00,2.05,100910.0,300.9,0.15
2015-07-03 21:45:00,1.7,100900.0,300.95,0.15
2015-07-03 22:00:00,1.45,100900.0,300.75,0.15
2015-07-03 22:15:00,1.3,100900.0,300.65,0.15
2015-07-03 22:30:00,1.55,100900.0,300.45,0.15
2015-07-03 22:45:00,2.0,100890.0,300.35,0.15
2015-07-03 23:00:00,1.4,100890.0,300.04999999999995,0.15
2015-07-03 23:15:00,1.0,100880.0,299.45,0.15
2015-07-03 23:30:00,1.15,100865.0,297.7,0.15
2015-07-03 23:45:00,1.5,100850.0,296.75,0.15
2015-07-04 00:00:00,1.3,100840.0,297.95,0.15
2015-07-04 00:15:00,1.0,100830.0,298.45,0.15
2015-07-04 00:30:00,1.4,100825.0,297.29999999999995,0.15
2015-07-04 00:45:00,1.5,100810.0,296.85,0.15
2015-07-04 01:00:00,1.95,100795.0,296.1,0.15
2015-07-04 01:15:00,1.8,100780.0,295.45,0.15
2015-07-04 01:30:00,1.65,100765.0,296.65,0.15
2015-07-04 01:45:00,1.9,100750.0,295.95,0.15
2015-07-04 02:00:00,1.65,100740.0,295.0,0.15
2015-07-04 02:15:00,1.5,100740.0,295.04999999999995,0.15
2015-07-04 02:30:00,1.85,100730.0,295.79999999999995,0.15
2015-07-04 02:45:00,2.7,100730.0,296.54999999999995,0.15
2015-07-04 03:00:00,1.9,100715.0,296.35,0.15
2015-07-04 03:15:00,1.6,100710.0,296.35,0.15
2015-07-04 03:30:00,1.45,100695.0,296.29999999999995,0.15
2015-07-04 03:45:00,1.7,100690.0,295.95,0.15
2015-07-04 04:00:00,1.8,100685.0,296.54999999999995,0.15
2015-07-04 04:15:00,2.1,100670.0,298.04999999999995,0.15
2015-07-04 04:30:00,2.15,100665.0,298.4,0.15
2015-07-04 04:45:00,1.9,100650.0,298.75,0.15
2015-07-04 05:00:00,1.25,100655.0,298.95,0.15
2015-07-04 05:15:00,1.5,100650.0,298.45,0.15
2015-07-04 05:30:00,1.85,100660.0,298.79999999999995,0.15
2015-07-04 05:45:00,2.1,100660.0,299.15,0.15
2015-07-04 06:00:00,2.4000000000000004,100645.0,300.29999999999995,0.15
2015-07-04 06:15:00,2.4,100640.0,301.35,0.15
2015-07-04 06:30:00,3.3,100640.0,302.1,0.15
2015-07-04 06:45:00,3.1,100650.0,302.54999999999995,0.15
2015-07-04 07:00:00,3.3,100665.0,302.75,0.15
2015-07-04 07:15:00,3.7,100670.0,303.15,0.15
2015-07-04 07:30:00,3.8,100670.0,302.95,0.15
2015-07-04 07:45:00,2.6,100680.0,303.15,0.15
2015-07-04 08:00:00,2.65,100675.0,303.85,0.15
2015-07-04 08:15:00,3.1,100680.0,304.35,0.15
2015-07-04 08:30:00,3.25,100675.0,304.7,0.15
2015-07-04 08:45:00,3.0,100680.0,305.65,0.15
2015-07-04 09:00:00,3.2,100685.0,305.9,0.15
2015-07-04 09:15:00,3.3,100690.0,306.45,0.15
2015-07-04 09:30:00,3.1,100685.0,306.79999999999995,0.15
2015-07-04 09:45:00,2.9,100680.0,306.75,0.15
2015-07-04 10:00:00,2.3,100685.0,307.54999999999995,0.15
2015-07-04 10:15:00,2.1,100680.0,307.65,0.15
2015-07-04 10:30:00,1.7000000000000002,100685.0,307.75,0.15
2015-07-04 10:45:00,1.6,100680.0,308.04999999999995,0.15
2015-07-04 11:00:00,1.65,100680.0,308.65,0.15
2015-07-04 11:15:00,1.4,100680.0,308.25,0.15
2015-07-04 11:30:00,2.8,100670.0,309.2,0.15
2015-07-04 11:45:00,2.7,100660.0,310.04999999999995,0.15
2015-07-04 12:00:00,2.85,100655.0,310.1,0.15
2015-07-04 12:15:00,2.5,100660.0,310.04999999999995,0.15
2015-07-04 12:30:00,4.300000000000001,100665.0,310.54999999999995,0.15
2015-07-04 12:45:00,3.4,100670.0,310.85,0.15
2015-07-04 13:00:00,4.300000000000001,100670.0,310.65,0.15
2015-07-04 13:15:00,4.4,100680.0,310.45,0.15
2015-07-04 13:30:00,4.4,100685.0,310.7,0.15
2015-07-04 13:45:00,4.1,100690.0,310.04999999999995,0.15
2015-07-04 14:00:00,4.6,100695.0,310.7,0.15
2015-07-04 14:15:00,4.2,100700.0,310.65,0.15
2015-07-04 14:30:00,3.95,100695.0,310.9,0.15
2015-07-04 14:45:00,4.7,100690.0,310.35,0.15
2015-07-04 15:00:00,3.0,100695.0,310.15,0.15
2015-07-04 15:15:00,3.1,100700.0,309.85,0.15
2015-07-04 15:30:00,3.5,100685.0,309.1,0.15
2015-07-04 15:45:00,3.5,100670.0,308.95,0.15
2015-07-04 16:00:00,2.6,100650.0,308.9,0.15
2015-07-04 16:15:00,3.2,100640.0,309.85,0.15
2015-07-04 16:30:00,2.95,100650.0,309.75,0.15
2015-07-04 16:45:00,2.7,100660.0,309.65,0.15
2015-07-04 17:00:00,2.9,100665.0,309.4,0.15
2015-07-04 17:15:00,2.9,100680.0,308.54999999999995,0.15
2015-07-04 17:30:00,2.8,100680.0,307.4,0.15
2015-07-04 17:45:00,3.0,100680.0,306.45,0.15
2015-07-04 18:00:00,2.85,100670.0,306.15,0.15
2015-07-04 18:15:00,3.1,100660.0,306.25,0.15
2015-07-04 18:30:00,2.5,100655.0,305.9,0.15
2015-07-04 18:45:00,2.1,100650.0,305.45,0.15
2015-07-04 19:00:00,1.6,100645.0,304.45,0.15
2015-07-04 19:15:00,1.7,100640.0,303.35,0.15
2015-07-04 19:30:00,1.0,100640.0,302.25,0.15
2015-07-04 19:45:00,1.3,100650.0,302.45,0.15
2015-07-04 20:00:00,1.7999999999999998,100660.0,301.45,0.15
2015-07-04 20:15:00,1.5,100670.0,299.45,0.15
2015-07-04 20:30:00,1.35,100675.0,300.25,0.15
2015-07-04 20:45:00,0.3,100680.0,300.15,0.15
2015-07-04 21:00:00,1.5499999999999998,100685.0,300.15,0.15
2015-07-04 21:15:00,3.1,100700.0,300.95,0.15
2015-07-04 21:30:00,3.35,100700.0,300.25,0.15
2015-07-04 21:45:00,3.7,100710.0,300.65,0.15
2015-07-04 22:00:00,3.35,100710.0,300.29999999999995,0.15
2015-07-04 22:15:00,2.8,100700.0,299.85,0.15
2015-07-04 22:30:00,2.85,100730.0,299.65,0.15
2015-07-04 22:45:00,3.5,100750.0,300.25,0.15
2015-07-04 23:00:00,3.2,100735.0,300.0,0.15
2015-07-04 23:15:00,3.7,100740.0,299.45,0.15
2015-07-04 23:30:00,4.0,100755.0,298.75,0.15
2015-07-04 23:45:00,3.8,100770.0,299.04999999999995,0.15
2015-07-05 00:00:00,4.4,100770.0,298.95,0.15
2015-07-05 00:15:00,4.6,100770.0,298.65,0.15
2015-07-05 00:30:00,4.3,100780.0,298.25,0.15
2015-07-05 00:45:00,3.6,100790.0,297.95,0.15
2015-07-05 01:00:00,3.3,100790.0,296.9,0.15
2015-07-05 01:15:00,4.0,100790.0,296.45,0.15
2015-07-05 01:30:00,3.25,100770.0,295.9,0.15
2015-07-05 01:45:00,3.3,100770.0,295.35,0.15
2015-07-05 02:00:00,2.8,100760.0,295.6,0.15
2015-07-05 02:15:00,2.7,100740.0,295.15,0.15
2015-07-05 02:30:00,2.45,100755.0,295.4,0.15
2015-07-05 02:45:00,2.0,100740.0,296.04999999999995,0.15
2015-07-05 03:00:00,2.0,100740.0,295.54999999999995,0.15
2015-07-05 03:15:00,1.4,100700.0,295.65,0.15
2015-07-05 03:30:00,2.15,100720.0,295.0,0.15
2015-07-05 03:45:00,2.7,100720.0,294.25,0.15
2015-07-05 04:00:00,2.7,100725.0,294.2,0.15
2015-07-05 04:15:00,2.5,100710.0,294.35,0.15
2015-07-05 04:30:00,2.85,100705.0,294.85,0.15
2015-07-05 04:45:00,2.7,100690.0,295.04999999999995,0.15
2015-07-05 05:00:00,2.0,100670.0,295.4,0.15
2015-07-05 05:15:00,1.3,100650.0,295.35,0.15
2015-07-05 05:30:00,0.5,100650.0,295.85,0.15
2015-07-05 05:45:00,0.4,100640.0,296.15,0.15
2015-07-05 06:00:00,0.85,100640.0,296.6,0.15
2015-07-05 06:15:00,1.3,100620.0,296.65,0.15
2015-07-05 06:30:00,1.1,100620.0,297.25,0.15
2015-07-05 06:45:00,0.8,100610.0,297.15,0.15
2015-07-05 07:00:00,1.2000000000000002,100595.0,298.0,0.15
2015-07-05 07:15:00,1.8,100610.0,298.25,0.15
2015-07-05 07:30:00,4.7,100645.0,295.75,0.15
2015-07-05 07:45:00,4.1,100540.0,294.45,0.15
2015-07-05 08:00:00,3.5,100515.0,294.95,0.15
2015-07-05 08:15:00,2.3,100470.0,295.85,0.15
2015-07-05 08:30:00,2.55,100460.0,296.15,0.15
2015-07-05 08:45:00,2.1,100500.0,295.95,0.15
2015-07-05 09:00:00,1.65,100460.0,296.0,0.15
2015-07-05 09:15:00,1.0,100420.0,296.25,0.15
2015-07-05 09:30:00,0.85,100400.0,298.35,0.15
2015-07-05 09:45:00,1.1,100400.0,298.65,0.15
2015-07-05 10:00:00,1.45,100395.0,298.9,0.15
2015-07-05 10:15:00,2.2,100380.0,298.54999999999995,0.15
2015-07-05 10:30:00,2.6,100360.0,299.4,0.15
2015-07-05 10:45:00,2.2,100320.0,300.04999999999995,0.15
2015-07-05 11:00:00,1.9,100290.0,300.95,0.15
2015-07-05 11:15:00,1.2,100270.0,302.15,0.15
2015-07-05 11:30:00,1.2000000000000002,100225.0,304.0,0.15
2015-07-05 11:45:00,2.8,100210.0,304.25,0.15
2015-07-05 12:00:00,3.1,100200.0,305.7,0.15
2015-07-05 12:15:00,3.2,100170.0,305.25,0.15
2015-07-05 12:30:00,3.75,100125.0,305.29999999999995,0.15
2015-07-05 12:45:00,3.5,100090.0,306.35,0.15
2015-07-05 13:00:00,2.4,100080.0,307.35,0.15
2015-07-05 13:15:00,1.1,100040.0,307.54999999999995,0.15
2015-07-05 13:30:00,1.1,100030.0,307.7,0.15
2015-07-05 13:45:00,0.8,100010.0,308.25,0.15
2015-07-05 14:00:00,2.95,99985.0,308.95,0.15
2015-07-05 14:15:00,4.7,99970.0,307.45,0.15
2015-07-05 14:30:00,4.300000000000001,99945.0,307.75,0.15
2015-07-05 14:45:00,4.2,99910.0,307.95,0.15
2015-07-05 15:00:00,5.05,99910.0,307.79999999999995,0.15
2015-07-05 15:15:00,8.7,99950.0,306.95,0.15
2015-07-05 15:30:00,8.2,100045.0,303.9,0.15
2015-07-05 15:45:00,10.4,100050.0,303.25,0.15
2015-07-05 16:00:00,10.65,100160.0,299.75,0.15
2015-07-05 16:15:00,4.7,100250.0,297.25,0.15
2015-07-05 16:30:00,8.5,100285.0,296.75,0.15
2015-07-05 16:45:00,7.5,100320.0,295.45,0.15
2015-07-05 17:00:00,7.5,100325.0,295.35,0.15
2015-07-05 17:15:00,5.8,100350.0,294.95,0.15
2015-07-05 17:30:00,4.85,100400.0,295.2,0.15
2015-07-05 17:45:00,4.0,100360.0,295.04999999999995,0.15
2015-07-05 18:00:00,3.3,100400.0,294.75,0.15
2015-07-05 18:15:00,3.3,100410.0,294.75,0.15
2015-07-05 18:30:00,3.7,100385.0,294.29999999999995,0.15
2015-07-05 18:45:00,4.5,100490.0,293.75,0.15
2015-07-05 19:00:00,4.35,100380.0,292.9,0.15
2015-07-05 19:15:00,3.8,100430.0,292.65,0.15
2015-07-05 19:30:00,3.3,100495.0,292.45,0.15
2015-07-05 19:45:00,2.6,100550.0,292.15,0.15
2015-07-05 20:00:00,1.85,100540.0,291.9,0.15
2015-07-05 20:15:00,3.7,100520.0,291.85,0.15
2015-07-05 20:30:00,2.7,100595.0,291.79999999999995,0.15
2015-07-05 20:45:00,1.6,100580.0,291.54999999999995,0.15
2015-07-05 21:00:00,1.95,100605.0,291.29999999999995,0.15
2015-07-05 21:15:00,2.0,100630.0,290.95,0.15
2015-07-05 21:30:00,1.95,100640.0,290.9,0.15
2015-07-05 21:45:00,2.0,100650.0,290.75,0.15
2015-07-05 22:00:00,2.05,100650.0,290.65,0.15
2015-07-05 22:15:00,2.0,100680.0,290.54999999999995,0.15
2015-07-05 22:30:00,2.1500000000000004,100700.0,290.7,0.15
2015-07-05 22:45:00,2.4,100710.0,290.45,0.15
2015-07-05 23:00:00,1.5,100730.0,290.35,0.15
2015-07-05 23:15:00,2.1,100750.0,290.35,0.15
2015-07-05 23:30:00,1.65,100770.0,290.15,0.15
2015-07-05 23:45:00,0.9,100800.0,290.45,0.15
2015-07-06 00:00:00,0.75,100810.0,290.54999999999995,0.15
2015-07-06 00:15:00,1.1,100830.0,290.35,0.15
2015-07-06 00:30:00,1.0,100845.0,290.54999999999995,0.15
2015-07-06 00:45:00,1.5,100840.0,290.25,0.15
2015-07-06 01:00:00,2.0,100855.0,290.2,0.15
2015-07-06 01:15:00,2.4,100870.0,290.25,0.15
2015-07-06 01:30:00,2.05,100885.0,290.4,0.15
2015-07-06 01:45:00,2.5,100900.0,290.25,0.15
2015-07-06 02:00:00,2.05,100920.0,290.2,0.15
2015-07-06 02:15:00,1.7,100940.0,290.15,0.15
2015-07-06 02:30:00,1.35,100945.0,289.85,0.15
2015-07-06 02:45:00,1.8,100960.0,289.85,0.15
2015-07-06 03:00:00,2.9,100970.0,289.29999999999995,0.15
2015-07-06 03:15:00,2.6,100960.0,288.75,0.15
2015-07-06 03:30:00,2.25,100965.0,288.45,0.15
2015-07-06 03:45:00,2.0,100970.0,288.25,0.15
2015-07-06 04:00:00,1.6,100985.0,288.29999999999995,0.15
2015-07-06 04:15:00,1.4,101000.0,288.54999999999995,0.15
2015-07-06 04:30:00,1.65,101015.0,288.9,0.15
2015-07-06 04:45:00,1.4,101030.0,289.45,0.15
2015-07-06 05:00:00,1.5,101040.0,289.29999999999995,0.15
2015-07-06 05:15:00,1.5,101040.0,290.15,0.15
2015-07-06 05:30:00,1.5499999999999998,101040.0,290.5,0.15
2015-07-06 05:45:00,1.8,101050.0,290.85,0.15
2015-07-06 06:00:00,2.0,101060.0,290.95,0.15
2015-07-06 06:15:00,2.4,101080.0,291.15,0.15
2015-07-06 06:30:00,3.0,101080.0,291.15,0.15
2015-07-06 06:45:00,2.9,101090.0,291.54999999999995,0.15
2015-07-06 07:00:00,3.0,101090.0,291.79999999999995,0.15
2015-07-06 07:15:00,2.4,101090.0,292.04999999999995,0.15
2015-07-06 07:30:00,2.9000000000000004,101095.0,292.6,0.15
2015-07-06 07:45:00,3.4,101100.0,293.04999999999995,0.15
2015-07-06 08:00:00,2.8,101100.0,293.2,0.15
2015-07-06 08:15:00,2.4,101110.0,293.85,0.15
2015-07-06 08:30:00,2.95,101105.0,294.04999999999995,0.15
2015-07-06 08:45:00,3.4,101110.0,294.75,0.15
2015-07-06 09:00:00,4.0,101100.0,294.6,0.15
2015-07-06 09:15:00,3.2,101090.0,294.95,0.15
2015-07-06 09:30:00,3.2,101085.0,295.2,0.15
2015-07-06 09:45:00,3.0,101080.0,296.35,0.15
2015-07-06 10:00:00,3.25,101070.0,296.1,0.15
2015-07-06 10:15:00,3.4,101060.0,296.65,0.15
2015-07-06 10:30:00,4.050000000000001,101045.0,296.54999999999995,0.15
2015-07-06 10:45:00,4.3,101030.0,297.25,0.15
2015-07-06 11:00:00,3.9,101030.0,297.7,0.15
2015-07-06 11:15:00,5.0,101010.0,298.04999999999995,0.15
2015-07-06 11:30:00,4.4,101005.0,297.95,0.15
2015-07-06 11:45:00,3.4,100990.0,298.54999999999995,0.15
2015-07-06 12:00:00,3.7,100980.0,298.35,0.15
2015-07-06 12:15:00,4.3,100980.0,298.25,0.15
2015-07-06 12:30:00,2.9,100980.0,298.85,0.15
2015-07-06 12:45:00,2.7,100970.0,298.15,0.15
2015-07-06 13:00:00,3.5,100955.0,298.65,0.15
2015-07-06 13:15:00,2.2,100940.0,299.25,0.15
2015-07-06 13:30:00,2.25,100930.0,299.1,0.15
2015-07-06 13:45:00,2.8,100910.0,299.65,0.15
2015-07-06 14:00:00,2.6,100895.0,298.65,0.15
2015-07-06 14:15:00,2.5,100880.0,299.25,0.15
2015-07-06 14:30:00,2.6,100860.0,299.5,0.15
2015-07-06 14:45:00,2.4,100840.0,299.95,0.15
2015-07-06 15:00:00,2.6,100840.0,300.2,0.15
2015-07-06 15:15:00,3.3,100820.0,299.25,0.15
2015-07-06 15:30:00,2.35,100815.0,299.65,0.15
2015-07-06 15:45:00,2.0,100810.0,300.35,0.15
2015-07-06 16:00:00,2.75,100785.0,300.04999999999995,0.15
2015-07-06 16:15:00,1.4,100760.0,299.95,0.15
2015-07-06 16:30:00,1.35,100745.0,300.25,0.15
2015-07-06 16:45:00,1.3,100740.0,299.75,0.15
2015-07-06 17:00:00,1.55,100735.0,300.04999999999995,0.15
2015-07-06 17:15:00,1.0,100720.0,299.75,0.15
2015-07-06 17:30:00,1.15,100710.0,299.79999999999995,0.15
2015-07-06 17:45:00,1.1,100700.0,299.25,0.15
2015-07-06 18:00:00,1.9,100690.0,299.2,0.15
2015-07-06 18:15:00,2.3,100690.0,298.65,0.15
2015-07-06 18:30:00,2.4,100690.0,298.15,0.15
2015-07-06 18:45:00,2.5,100690.0,298.04999999999995,0.15
2015-07-06 19:00:00,2.35,100685.0,297.5,0.15
2015-07-06 19:15:00,2.3,100680.0,296.15,0.15
2015-07-06 19:30:00,1.95,100675.0,294.95,0.15
2015-07-06 19:45:00,1.6,100680.0,294.04999999999995,0.15
2015-07-06 20:00:00,1.8,100680.0,293.5,0.15
2015-07-06 20:15:00,1.7,100670.0,293.45,0.15
2015-07-06 20:30:00,1.9,100660.0,293.29999999999995,0.15
2015-07-06 20:45:00,1.7,100650.0,292.35,0.15
2015-07-06 21:00:00,2.15,100635.0,292.45,0.15
2015-07-06 21:15:00,1.7,100640.0,292.95,0.15
2015-07-06 21:30:00,1.9,100625.0,291.9,0.15
2015-07-06 21:45:00,1.9,100630.0,289.85,0.15
2015-07-06 22:00:00,1.9,100615.0,290.7,0.15
2015-07-06 22:15:00,1.9,100610.0,290.04999999999995,0.15
2015-07-06 22:30:00,2.1,100595.0,288.95,0.15
2015-07-06 22:45:00,1.7,100590.0,289.35,0.15
2015-07-06 23:00:00,1.55,100570.0,288.95,0.15
2015-07-06 23:15:00,2.2,100550.0,287.75,0.15
2015-07-06 23:30:00,2.8,100530.0,288.6,0.15
2015-07-06 23:45:00,2.3,100520.0,289.04999999999995,0.15
2015-07-07 00:00:00,2.3,100505.0,287.9,0.15
2015-07-07 00:15:00,1.8,100490.0,287.54999999999995,0.15
2015-07-07 00:30:00,2.0,100480.0,287.4,0.15
2015-07-07 00:45:00,2.0,100470.0,286.95,0.15
2015-07-07 01:00:00,2.25,100445.0,287.95,0.15
2015-07-07 01:15:00,2.1,100440.0,288.75,0.15
2015-07-07 01:30:00,2.1,100440.0,287.7,0.15
2015-07-07 01:45:00,2.3,100430.0,287.04999999999995,0.15
2015-07-07 02:00:00,2.5,100415.0,287.29999999999995,0.15
2015-07-07 02:15:00,2.3,100400.0,286.95,0.15
2015-07-07 02:30:00,1.95,100385.0,287.15,0.15
2015-07-07 02:45:00,2.0,100370.0,286.54999999999995,0.15
2015-07-07 03:00:00,2.25,100365.0,287.1,0.15
2015-07-07 03:15:00,1.8,100350.0,287.15,0.15
2015-07-07 03:30:00,2.05,100340.0,287.2,0.15
2015-07-07 03:45:00,1.5,100320.0,287.35,0.15
2015-07-07 04:00:00,1.9,100300.0,288.29999999999995,0.15
2015-07-07 04:15:00,1.7,100290.0,289.75,0.15
2015-07-07 04:30:00,2.45,100280.0,290.79999999999995,0.15
2015-07-07 04:45:00,2.3,100270.0,291.04999999999995,0.15
2015-07-07 05:00:00,1.7999999999999998,100245.0,291.65,0.15
2015-07-07 05:15:00,1.7,100220.0,292.25,0.15
2015-07-07 05:30:00,1.85,100205.0,292.95,0.15
2015-07-07 05:45:00,2.1,100190.0,293.95,0.15
2015-07-07 06:00:00,2.1500000000000004,100175.0,294.4,0.15
2015-07-07 06:15:00,2.7,100170.0,295.15,0.15
2015-07-07 06:30:00,3.4,100160.0,295.79999999999995,0.15
2015-07-07 06:45:00,3.0,100160.0,296.35,0.15
2015-07-07 07:00:00,2.7,100145.0,297.04999999999995,0.15
2015-07-07 07:15:00,3.0,100110.0,297.65,0.15
2015-07-07 07:30:00,2.85,100105.0,298.15,0.15
2015-07-07 07:45:00,2.7,100080.0,298.95,0.15
2015-07-07 08:00:00,2.6500000000000004,100050.0,299.7,0.15
2015-07-07 08:15:00,2.2,100020.0,300.15,0.15
2015-07-07 08:30:00,2.6,99995.0,301.0,0.15
2015-07-07 08:45:00,3.2,99970.0,301.85,0.15
2015-07-07 09:00:00,3.0,99955.0,302.2,0.15
2015-07-07 09:15:00,3.4,99940.0,303.54999999999995,0.15
2015-07-07 09:30:00,3.7,99915.0,303.29999999999995,0.15
2015-07-07 09:45:00,3.5,99910.0,303.35,0.15
2015-07-07 10:00:00,3.4,99885.0,304.1,0.15
2015-07-07 10:15:00,3.1,99860.0,304.04999999999995,0.15
2015-07-07 10:30:00,3.85,99845.0,305.15,0.15
2015-07-07 10:45:00,3.1,99840.0,304.75,0.15
2015-07-07 11:00:00,3.35,99820.0,304.7,0.15
2015-07-07 11:15:00,3.9,99780.0,305.45,0.15
2015-07-07 11:30:00,3.45,99760.0,304.4,0.15
2015-07-07 11:45:00,3.6,99740.0,304.54999999999995,0.15
2015-07-07 12:00:00,3.35,99715.0,304.75,0.15
2015-07-07 12:15:00,3.0,99700.0,304.15,0.15
2015-07-07 12:30:00,2.6,99650.0,304.35,0.15
2015-07-07 12:45:00,2.5,99650.0,304.95,0.15
2015-07-07 13:00:00,2.9000000000000004,99630.0,304.85,0.15
2015-07-07 13:15:00,3.6,99620.0,304.85,0.15
2015-07-07 13:30:00,3.75,99620.0,304.65,0.15
2015-07-07 13:45:00,3.2,99610.0,303.95,0.15
2015-07-07 14:00:00,6.35,99680.0,300.15,0.15
2015-07-07 14:15:00,5.0,99750.0,296.25,0.15
2015-07-07 14:30:00,3.3,99745.0,296.15,0.15
2015-07-07 14:45:00,2.8,99760.0,295.75,0.15
2015-07-07 15:00:00,1.95,99760.0,296.0,0.15
2015-07-07 15:15:00,1.4,99780.0,296.04999999999995,0.15
2015-07-07 15:30:00,2.05,99720.0,295.54999999999995,0.15
2015-07-07 15:45:00,2.2,99670.0,295.75,0.15
2015-07-07 16:00:00,5.45,99715.0,295.45,0.15
2015-07-07 16:15:00,5.7,99690.0,295.25,0.15
2015-07-07 16:30:00,4.4,99685.0,294.95,0.15
2015-07-07 16:45:00,3.9,99680.0,294.95,0.15
2015-07-07 17:00:00,4.2,99685.0,295.04999999999995,0.15
2015-07-07 17:15:00,4.6,99690.0,295.15,0.15
2015-07-07 17:30:00,4.25,99660.0,294.85,0.15
2015-07-07 17:45:00,3.7,99640.0,294.95,0.15
2015-07-07 18:00:00,3.1500000000000004,99650.0,295.15,0.15
2015-07-07 18:15:00,3.3,99640.0,295.25,0.15
2015-07-07 18:30:00,3.15,99620.0,295.29999999999995,0.15
2015-07-07 18:45:00,2.0,99600.0,295.35,0.15
2015-07-07 19:00:00,2.0,99590.0,295.0,0.15
2015-07-07 19:15:00,2.8,99580.0,294.54999999999995,0.15
2015-07-07 19:30:00,2.95,99595.0,295.1,0.15
2015-07-07 19:45:00,5.6,99600.0,295.65,0.15
2015-07-07 20:00:00,4.85,99620.0,295.5,0.15
2015-07-07 20:15:00,4.2,99640.0,295.35,0.15
2015-07-07 20:30:00,4.949999999999999,99655.0,295.2,0.15
2015-07-07 20:45:00,4.4,99660.0,295.15,0.15
2015-07-07 21:00:00,4.3,99645.0,294.45,0.15
2015-07-07 21:15:00,2.9,99640.0,293.75,0.15
2015-07-07 21:30:00,3.1500000000000004,99640.0,293.54999999999995,0.15
2015-07-07 21:45:00,2.8,99650.0,294.04999999999995,0.15
2015-07-07 22:00:00,2.7,99650.0,294.0,0.15
2015-07-07 22:15:00,3.3,99680.0,294.04999999999995,0.15
2015-07-07 22:30:00,7.85,99760.0,291.6,0.15
2015-07-07 22:45:00,5.3,99790.0,291.15,0.15
2015-07-07 23:00:00,5.6,99795.0,290.7,0.15
2015-07-07 23:15:00,4.4,99760.0,290.25,0.15
2015-07-07 23:30:00,4.6,99770.0,289.75,0.15
2015-07-07 23:45:00,4.9,99780.0,289.35,0.15
2015-07-08 00:00:00,4.25,99785.0,289.4,0.15
2015-07-08 00:15:00,4.7,99800.0,289.45,0.15
2015-07-08 00:30:00,4.6,99795.0,289.15,0.15
2015-07-08 00:45:00,4.8,99800.0,288.85,0.15
2015-07-08 01:00:00,5.65,99815.0,288.9,0.15
2015-07-08 01:15:00,4.3,99820.0,288.54999999999995,0.15
2015-07-08 01:30:00,4.449999999999999,99835.0,288.7,0.15
2015-07-08 01:45:00,5.2,99850.0,288.75,0.15
2015-07-08 02:00:00,5.15,99850.0,288.85,0.15
2015-07-08 02:15:00,5.4,99860.0,288.65,0.15
2015-07-08 02:30:00,5.0,99870.0,288.6,0.15
2015-07-08 02:45:00,5.1,99880.0,288.45,0.15
2015-07-08 03:00:00,5.35,99900.0,288.35,0.15
2015-07-08 03:15:00,5.6,99910.0,288.35,0.15
2015-07-08 03:30:00,4.8,99915.0,288.2,0.15
2015-07-08 03:45:00,5.3,99920.0,288.15,0.15
2015-07-08 04:00:00,4.45,99930.0,288.15,0.15
2015-07-08 04:15:00,3.7,99930.0,288.15,0.15
2015-07-08 04:30:00,3.95,99925.0,288.15,0.15
2015-07-08 04:45:00,4.7,99920.0,288.15,0.15
2015-07-08 05:00:00,5.15,99935.0,288.2,0.15
2015-07-08 05:15:00,5.6,99950.0,288.25,0.15
2015-07-08 05:30:00,4.75,99950.0,288.35,0.15
2015-07-08 05:45:00,5.1,99940.0,288.65,0.15
2015-07-08 06:00:00,5.5,99945.0,288.79999999999995,0.15
2015-07-08 06:15:00,4.8,99950.0,288.85,0.15
2015-07-08 06:30:00,4.6,99955.0,289.54999999999995,0.15
2015-07-08 06:45:00,4.3,99960.0,290.54999999999995,0.15
2015-07-08 07:00:00,4.5,99960.0,290.75,0.15
2015-07-08 07:15:00,4.3,99950.0,291.54999999999995,0.15
2015-07-08 07:30:00,5.550000000000001,99960.0,291.65,0.15
2015-07-08 07:45:00,5.5,99960.0,290.85,0.15
2015-07-08 08:00:00,6.5,99960.0,291.79999999999995,0.15
2015-07-08 08:15:00,6.2,99970.0,291.45,0.15
2015-07-08 08:30:00,7.2,99980.0,291.4,0.15
2015-07-08 08:45:00,6.8,99970.0,291.65,0.15
2015-07-08 09:00:00,7.1,99975.0,291.95,0.15
2015-07-08 09:15:00,7.0,99980.0,292.65,0.15
2015-07-08 09:30:00,7.55,99985.0,292.85,0.15
2015-07-08 09:45:00,7.4,99990.0,292.95,0.15
2015-07-08 10:00:00,7.0,99985.0,292.65,0.15
2015-07-08 10:15:00,9.0,100000.0,292.25,0.15
2015-07-08 10:30:00,7.800000000000001,100000.0,292.35,0.15
2015-07-08 10:45:00,5.0,99990.0,291.85,0.15
2015-07-08 11:00:00,7.2,100010.0,292.35,0.15
2015-07-08 11:15:00,7.2,100010.0,292.54999999999995,0.15
2015-07-08 11:30:00,6.55,100005.0,293.29999999999995,0.15
2015-07-08 11:45:00,6.3,100020.0,292.95,0.15
2015-07-08 12:00:00,6.55,100030.0,292.6,0.15
2015-07-08 12:15:00,7.4,100050.0,292.85,0.15
2015-07-08 12:30:00,7.9,100050.0,292.9,0.15
2015-07-08 12:45:00,9.9,100060.0,292.75,0.15
2015-07-08 13:00:00,8.2,100060.0,292.7,0.15
2015-07-08 13:15:00,7.4,100060.0,293.04999999999995,0.15
2015-07-08 13:30:00,8.399999999999999,100070.0,293.4,0.15
2015-07-08 13:45:00,8.9,100070.0,293.04999999999995,0.15
2015-07-08 14:00:00,8.45,100065.0,293.2,0.15
2015-07-08 14:15:00,7.3,100070.0,292.85,0.15
2015-07-08 14:30:00,7.9,100065.0,292.54999999999995,0.15
2015-07-08 14:45:00,8.7,100110.0,291.04999999999995,0.15
2015-07-08 15:00:00,5.699999999999999,100090.0,292.0,0.15
2015-07-08 15:15:00,4.4,100080.0,292.04999999999995,0.15
2015-07-08 15:30:00,4.8,100060.0,292.54999999999995,0.15
2015-07-08 15:45:00,6.5,100050.0,292.54999999999995,0.15
2015-07-08 16:00:00,7.6,100030.0,292.4,0.15
2015-07-08 16:15:00,7.2,100010.0,292.85,0.15
2015-07-08 16:30:00,7.5,100025.0,292.5,0.15
2015-07-08 16:45:00,7.6,100030.0,292.95,0.15
2015-07-08 17:00:00,8.8,100040.0,292.6,0.15
2015-07-08 17:15:00,6.7,100060.0,292.25,0.15
2015-07-08 17:30:00,6.75,100065.0,292.2,0.15
2015-07-08 17:45:00,5.9,100060.0,292.15,0.15
2015-07-08 18:00:00,5.85,100080.0,292.04999999999995,0.15
2015-07-08 18:15:00,7.2,100070.0,291.95,0.15
2015-07-08 18:30:00,7.1,100085.0,291.75,0.15
2015-07-08 18:45:00,5.8,100100.0,291.65,0.15
2015-07-08 19:00:00,6.0,100100.0,291.29999999999995,0.15
2015-07-08 19:15:00,6.1,100110.0,291.25,0.15
2015-07-08 19:30:00,5.25,100130.0,291.04999999999995,0.15
2015-07-08 19:45:00,5.0,100160.0,290.85,0.15
2015-07-08 20:00:00,5.3,100185.0,290.79999999999995,0.15
2015-07-08 20:15:00,4.7,100210.0,290.54999999999995,0.15
2015-07-08 20:30:00,3.95,100215.0,290.2,0.15
2015-07-08 20:45:00,3.4,100210.0,290.15,0.15
2015-07-08 21:00:00,3.4,100210.0,290.04999999999995,0.15
2015-07-08 21:15:00,3.5,100210.0,289.75,0.15
2015-07-08 21:30:00,3.65,100220.0,289.79999999999995,0.15
2015-07-08 21:45:00,3.7,100230.0,290.15,0.15
2015-07-08 22:00:00,3.9,100240.0,290.15,0.15
2015-07-08 22:15:00,3.6,100240.0,290.25,0.15
2015-07-08 22:30:00,3.6,100240.0,290.15,0.15
2015-07-08 22:45:00,4.2,100240.0,290.15,0.15
2015-07-08 23:00:00,4.1,100225.0,290.2,0.15
2015-07-08 23:15:00,4.2,100220.0,290.25,0.15
2015-07-08 23:30:00,4.3,100230.0,290.35,0.15
2015-07-08 23:45:00,4.2,100230.0,290.25,0.15
2015-07-09 00:00:00,3.75,100245.0,290.25,0.15
2015-07-09 00:15:00,4.1,100240.0,290.25,0.15
2015-07-09 00:30:00,4.4,100230.0,290.15,0.15
2015-07-09 00:45:00,5.1,100230.0,290.15,0.15
2015-07-09 01:00:00,5.0,100240.0,289.95,0.15
2015-07-09 01:15:00,5.7,100240.0,289.95,0.15
2015-07-09 01:30:00,6.050000000000001,100255.0,289.5,0.15
2015-07-09 01:45:00,6.8,100310.0,288.25,0.15
2015-07-09 02:00:00,8.0,100335.0,287.6,0.15
2015-07-09 02:15:00,7.1,100370.0,287.45,0.15
2015-07-09 02:30:00,7.4,100410.0,287.5,0.15
2015-07-09 02:45:00,7.9,100430.0,287.25,0.15
2015-07-09 03:00:00,6.75,100445.0,287.1,0.15
2015-07-09 03:15:00,6.5,100460.0,287.25,0.15
2015-07-09 03:30:00,6.8,100490.0,287.1,0.15
2015-07-09 03:45:00,7.3,100520.0,286.95,0.15
2015-07-09 04:00:00,5.699999999999999,100540.0,287.1,0.15
2015-07-09 04:15:00,5.6,100560.0,286.75,0.15
2015-07-09 04:30:00,5.15,100580.0,286.7,0.15
2015-07-09 04:45:00,5.4,100610.0,287.04999999999995,0.15
2015-07-09 05:00:00,4.5,100615.0,286.9,0.15
2015-07-09 05:15:00,4.9,100630.0,286.75,0.15
2015-07-09 05:30:00,4.35,100645.0,287.29999999999995,0.15
2015-07-09 05:45:00,4.9,100660.0,287.54999999999995,0.15
2015-07-09 06:00:00,4.75,100660.0,288.54999999999995,0.15
2015-07-09 06:15:00,4.3,100670.0,288.25,0.15
2015-07-09 06:30:00,4.4,100685.0,288.9,0.15
2015-07-09 06:45:00,3.7,100690.0,289.25,0.15
2015-07-09 07:00:00,4.4,100705.0,288.79999999999995,0.15
2015-07-09 07:15:00,4.8,100720.0,288.65,0.15
2015-07-09 07:30:00,4.3,100745.0,288.85,0.15
2015-07-09 07:45:00,3.9,100770.0,288.45,0.15
2015-07-09 08:00:00,3.75,100770.0,288.65,0.15
2015-07-09 08:15:00,3.6,100780.0,288.95,0.15
2015-07-09 08:30:00,3.75,100790.0,288.9,0.15
2015-07-09 08:45:00,3.6,100790.0,290.35,0.15
2015-07-09 09:00:00,3.1,100790.0,289.9,0.15
2015-07-09 09:15:00,3.8,100790.0,290.35,0.15
2015-07-09 09:30:00,3.4000000000000004,100810.0,288.9,0.15
2015-07-09 09:45:00,3.4,100840.0,287.85,0.15
2015-07-09 10:00:00,3.15,100860.0,287.2,0.15
2015-07-09 10:15:00,2.7,100850.0,288.75,0.15
2015-07-09 10:30:00,2.5,100860.0,289.54999999999995,0.15
2015-07-09 10:45:00,5.3,100880.0,287.85,0.15
2015-07-09 11:00:00,3.45,100890.0,288.1,0.15
2015-07-09 11:15:00,3.0,100900.0,289.25,0.15
2015-07-09 11:30:00,4.25,100900.0,290.2,0.15
2015-07-09 11:45:00,4.8,100900.0,290.35,0.15
2015-07-09 12:00:00,3.8,100895.0,290.5,0.15
2015-07-09 12:15:00,4.5,100900.0,290.04999999999995,0.15
2015-07-09 12:30:00,4.449999999999999,100930.0,289.9,0.15
2015-07-09 12:45:00,3.5,100940.0,290.75,0.15
2015-07-09 13:00:00,4.3,100945.0,290.9,0.15
2015-07-09 13:15:00,3.6,100950.0,291.54999999999995,0.15
2015-07-09 13:30:00,3.85,100955.0,291.85,0.15
2015-07-09 13:45:00,4.7,100960.0,292.04999999999995,0.15
2015-07-09 14:00:00,4.050000000000001,100955.0,291.95,0.15
2015-07-09 14:15:00,5.5,100970.0,291.65,0.15
2015-07-09 14:30:00,5.1,100960.0,292.6,0.15
2015-07-09 14:45:00,5.6,100950.0,292.15,0.15
2015-07-09 15:00:00,6.2,100970.0,292.1,0.15
2015-07-09 15:15:00,6.1,100980.0,292.35,0.15
2015-07-09 15:30:00,6.0,100980.0,293.1,0.15
2015-07-09 15:45:00,6.1,100980.0,293.54999999999995,0.15
2015-07-09 16:00:00,6.7,100985.0,292.79999999999995,0.15
2015-07-09 16:15:00,7.3,101000.0,292.54999999999995,0.15
2015-07-09 16:30:00,6.25,101020.0,291.85,0.15
2015-07-09 16:45:00,5.6,101030.0,292.04999999999995,0.15
2015-07-09 17:00:00,5.449999999999999,101035.0,291.85,0.15
2015-07-09 17:15:00,5.8,101050.0,292.15,0.15
2015-07-09 17:30:00,5.95,101075.0,291.7,0.15
2015-07-09 17:45:00,5.8,101090.0,291.75,0.15
2015-07-09 18:00:00,5.300000000000001,101095.0,291.4,0.15
2015-07-09 18:15:00,4.8,101110.0,291.25,0.15
2015-07-09 18:30:00,4.55,101125.0,290.79999999999995,0.15
2015-07-09 18:45:00,5.6,101120.0,290.25,0.15
2015-07-09 19:00:00,5.0,101150.0,289.79999999999995,0.15
2015-07-09 19:15:00,4.4,101160.0,288.75,0.15
2015-07-09 19:30:00,4.35,101180.0,288.35,0.15
2015-07-09 19:45:00,3.1,101200.0,288.04999999999995,0.15
2015-07-09 20:00:00,3.7,101215.0,287.54999999999995,0.15
2015-07-09 20:15:00,3.3,101230.0,287.15,0.15
2015-07-09 20:30:00,2.5,101230.0,286.4,0.15
2015-07-09 20:45:00,1.9,101240.0,285.85,0.15
2015-07-09 21:00:00,2.05,101255.0,286.0,0.15
2015-07-09 21:15:00,1.9,101260.0,285.04999999999995,0.15
2015-07-09 21:30:00,2.0,101280.0,285.0,0.15
2015-07-09 21:45:00,2.1,101290.0,284.85,0.15
2015-07-09 22:00:00,1.6,101295.0,285.5,0.15
2015-07-09 22:15:00,1.0,101300.0,283.85,0.15
2015-07-09 22:30:00,1.1,101310.0,283.79999999999995,0.15
2015-07-09 22:45:00,0.8,101320.0,283.54999999999995,0.15
2015-07-09 23:00:00,0.6499999999999999,101320.0,283.54999999999995,0.15
2015-07-09 23:15:00,0.9,101310.0,283.54999999999995,0.15
2015-07-09 23:30:00,0.95,101305.0,283.5,0.15
2015-07-09 23:45:00,1.6,101310.0,282.75,0.15
2015-07-10 00:00:00,1.15,101315.0,282.5,0.15
2015-07-10 00:15:00,1.1,101320.0,281.35,0.15
2015-07-10 00:30:00,1.7,101315.0,280.7,0.15
2015-07-10 00:45:00,0.9,101310.0,282.04999999999995,0.15
2015-07-10 01:00:00,1.2,101305.0,282.15,0.15
2015-07-10 01:15:00,1.9,101300.0,282.04999999999995,0.15
2015-07-10 01:30:00,1.85,101310.0,281.54999999999995,0.15
2015-07-10 01:45:00,1.8,101310.0,281.25,0.15
2015-07-10 02:00:00,1.65,101305.0,281.1,0.15
2015-07-10 02:15:00,1.9,101280.0,281.65,0.15
2015-07-10 02:30:00,2.2,101270.0,281.04999999999995,0.15
2015-07-10 02:45:00,1.9,101280.0,280.65,0.15
2015-07-10 03:00:00,2.05,101310.0,280.1,0.15
2015-07-10 03:15:00,1.3,101340.0,280.54999999999995,0.15
2015-07-10 03:30:00,1.7999999999999998,101340.0,280.04999999999995,0.15
2015-07-10 03:45:00,2.4,101340.0,280.75,0.15
2015-07-10 04:00:00,2.3,101340.0,280.75,0.15
2015-07-10 04:15:00,1.9,101350.0,281.35,0.15
2015-07-10 04:30:00,2.0,101340.0,280.45,0.15
2015-07-10 04:45:00,1.9,101340.0,280.35,0.15
2015-07-10 05:00:00,2.1500000000000004,101335.0,281.04999999999995,0.15
2015-07-10 05:15:00,1.7,101340.0,282.45,0.15
2015-07-10 05:30:00,1.6,101340.0,283.25,0.15
2015-07-10 05:45:00,1.3,101340.0,284.15,0.15
2015-07-10 06:00:00,1.15,101340.0,284.79999999999995,0.15
2015-07-10 06:15:00,1.1,101330.0,285.65,0.15
2015-07-10 06:30:00,0.55,101335.0,286.45,0.15
2015-07-10 06:45:00,1.1,101330.0,287.35,0.15
2015-07-10 07:00:00,1.15,101330.0,287.75,0.15
2015-07-10 07:15:00,0.9,101330.0,288.25,0.15
2015-07-10 07:30:00,1.2,101320.0,288.79999999999995,0.15
2015-07-10 07:45:00,0.9,101320.0,288.95,0.15
2015-07-10 08:00:00,1.2000000000000002,101315.0,289.5,0.15
2015-07-10 08:15:00,1.1,101300.0,289.54999999999995,0.15
2015-07-10 08:30:00,1.05,101300.0,290.04999999999995,0.15
2015-07-10 08:45:00,1.4,101310.0,290.54999999999995,0.15
2015-07-10 09:00:00,1.6,101290.0,290.85,0.15
2015-07-10 09:15:00,1.1,101280.0,291.45,0.15
2015-07-10 09:30:00,1.4500000000000002,101270.0,291.29999999999995,0.15
2015-07-10 09:45:00,1.6,101260.0,291.85,0.15
2015-07-10 10:00:00,1.45,101260.0,292.45,0.15
2015-07-10 10:15:00,2.1,101240.0,292.45,0.15
2015-07-10 10:30:00,1.75,101225.0,292.6,0.15
2015-07-10 10:45:00,1.3,101220.0,293.04999999999995,0.15
2015-07-10 11:00:00,2.0,101210.0,293.7,0.15
2015-07-10 11:15:00,2.1,101200.0,293.45,0.15
2015-07-10 11:30:00,1.7,101190.0,294.25,0.15
2015-07-10 11:45:00,1.2,101170.0,294.75,0.15
2015-07-10 12:00:00,2.15,101155.0,294.9,0.15
2015-07-10 12:15:00,1.8,101140.0,294.65,0.15
2015-07-10 12:30:00,1.75,101120.0,295.35,0.15
2015-07-10 12:45:00,1.8,101110.0,295.25,0.15
2015-07-10 13:00:00,1.25,101090.0,295.6,0.15
2015-07-10 13:15:00,2.4,101080.0,295.15,0.15
2015-07-10 13:30:00,1.7,101060.0,296.04999999999995,0.15
2015-07-10 13:45:00,2.0,101040.0,295.75,0.15
2015-07-10 14:00:00,1.4,101025.0,296.04999999999995,0.15
2015-07-10 14:15:00,1.7,101010.0,296.35,0.15
2015-07-10 14:30:00,1.75,100990.0,296.54999999999995,0.15
2015-07-10 14:45:00,2.4,100970.0,296.35,0.15
2015-07-10 15:00:00,1.75,100960.0,296.5,0.15
2015-07-10 15:15:00,0.8,100930.0,296.95,0.15
2015-07-10 15:30:00,1.85,100920.0,296.4,0.15
2015-07-10 15:45:00,1.8,100900.0,296.65,0.15
2015-07-10 16:00:00,1.8,100885.0,297.0,0.15
2015-07-10 16:15:00,2.1,100850.0,296.65,0.15
2015-07-10 16:30:00,1.15,100845.0,296.75,0.15
2015-07-10 16:45:00,1.0,100830.0,297.04999999999995,0.15
2015-07-10 17:00:00,1.7,100830.0,297.2,0.15
2015-07-10 17:15:00,2.2,100830.0,297.15,0.15
2015-07-10 17:30:00,1.8,100815.0,296.9,0.15
2015-07-10 17:45:00,1.4,100800.0,296.65,0.15
2015-07-10 18:00:00,1.7999999999999998,100795.0,296.65,0.15
2015-07-10 18:15:00,1.8,100780.0,296.35,0.15
2015-07-10 18:30:00,1.75,100785.0,296.35,0.15
2015-07-10 18:45:00,1.4,100780.0,295.95,0.15
2015-07-10 19:00:00,1.5,100775.0,294.45,0.15
2015-07-10 19:15:00,1.6,100760.0,293.04999999999995,0.15
2015-07-10 19:30:00,1.55,100745.0,292.29999999999995,0.15
2015-07-10 19:45:00,1.6,100750.0,291.65,0.15
2015-07-10 20:00:00,1.7999999999999998,100755.0,290.85,0.15
2015-07-10 20:15:00,2.0,100740.0,290.25,0.15
2015-07-10 20:30:00,2.4000000000000004,100735.0,290.25,0.15
2015-07-10 20:45:00,2.6,100730.0,289.85,0.15
2015-07-10 21:00:00,2.4,100730.0,291.79999999999995,0.15
2015-07-10 21:15:00,2.7,100720.0,291.54999999999995,0.15
2015-07-10 21:30:00,2.3,100720.0,288.15,0.15
2015-07-10 21:45:00,2.0,100710.0,287.15,0.15
2015-07-10 22:00:00,2.2,100700.0,287.35,0.15
2015-07-10 22:15:00,2.4,100690.0,287.95,0.15
2015-07-10 22:30:00,2.45,100655.0,288.65,0.15
2015-07-10 22:45:00,2.0,100640.0,289.75,0.15
2015-07-10 23:00:00,2.5,100620.0,289.7,0.15
2015-07-10 23:15:00,2.8,100610.0,289.75,0.15
2015-07-10 23:30:00,2.55,100615.0,289.75,0.15
2015-07-10 23:45:00,3.0,100620.0,289.35,0.15
2015-07-11 00:00:00,3.0,100585.0,289.25,0.15
2015-07-11 00:15:00,2.9,100600.0,289.15,0.15
2015-07-11 00:30:00,2.9,100580.0,289.1,0.15
2015-07-11 00:45:00,2.8,100570.0,289.15,0.15
2015-07-11 01:00:00,2.6500000000000004,100575.0,288.75,0.15
2015-07-11 01:15:00,2.9,100570.0,288.65,0.15
2015-07-11 01:30:00,3.0,100560.0,288.35,0.15
2015-07-11 01:45:00,2.2,100580.0,286.45,0.15
2015-07-11 02:00:00,3.1500000000000004,100545.0,286.79999999999995,0.15
2015-07-11 02:15:00,2.9,100540.0,284.35,0.15
2015-07-11 02:30:00,3.0,100545.0,285.9,0.15
2015-07-11 02:45:00,2.9,100510.0,287.54999999999995,0.15
2015-07-11 03:00:00,2.2,100490.0,287.45,0.15
2015-07-11 03:15:00,2.8,100450.0,288.15,0.15
2015-07-11 03:30:00,2.35,100430.0,288.6,0.15
2015-07-11 03:45:00,1.5,100430.0,289.04999999999995,0.15
2015-07-11 04:00:00,1.75,100430.0,288.95,0.15
2015-07-11 04:15:00,1.5,100430.0,288.85,0.15
2015-07-11 04:30:00,2.55,100415.0,288.79999999999995,0.15
2015-07-11 04:45:00,2.8,100400.0,289.35,0.15
2015-07-11 05:00:00,1.85,100410.0,289.2,0.15
2015-07-11 05:15:00,1.5,100400.0,288.75,0.15
2015-07-11 05:30:00,1.4,100405.0,289.6,0.15
2015-07-11 05:45:00,1.7,100390.0,290.65,0.15
2015-07-11 06:00:00,2.85,100375.0,291.15,0.15
2015-07-11 06:15:00,3.1,100380.0,291.95,0.15
2015-07-11 06:30:00,2.9,100390.0,292.15,0.15
2015-07-11 06:45:00,2.6,100390.0,292.45,0.15
2015-07-11 07:00:00,3.5,100375.0,292.85,0.15
2015-07-11 07:15:00,4.0,100390.0,293.35,0.15
2015-07-11 07:30:00,4.65,100360.0,293.25,0.15
2015-07-11 07:45:00,3.8,100370.0,294.45,0.15
2015-07-11 08:00:00,4.15,100365.0,293.75,0.15
2015-07-11 08:15:00,3.3,100370.0,294.15,0.15
2015-07-11 08:30:00,2.95,100370.0,294.85,0.15
2015-07-11 08:45:00,3.6,100360.0,295.54999999999995,0.15
2015-07-11 09:00:00,4.1,100365.0,296.25,0.15
2015-07-11 09:15:00,3.7,100360.0,297.54999999999995,0.15
2015-07-11 09:30:00,3.5,100350.0,297.5,0.15
2015-07-11 09:45:00,2.7,100360.0,298.15,0.15
2015-07-11 10:00:00,2.35,100350.0,298.35,0.15
2015-07-11 10:15:00,1.5,100340.0,299.45,0.15
2015-07-11 10:30:00,1.9,100335.0,299.25,0.15
2015-07-11 10:45:00,1.6,100330.0,300.04999999999995,0.15
2015-07-11 11:00:00,2.4000000000000004,100325.0,300.6,0.15
2015-07-11 11:15:00,1.2,100320.0,300.65,0.15
2015-07-11 11:30:00,1.7000000000000002,100320.0,300.79999999999995,0.15
2015-07-11 11:45:00,1.9,100330.0,300.85,0.15
2015-07-11 12:00:00,2.9,100330.0,301.75,0.15
2015-07-11 12:15:00,2.4,100330.0,302.45,0.15
2015-07-11 12:30:00,3.05,100340.0,302.29999999999995,0.15
2015-07-11 12:45:00,5.3,100340.0,303.25,0.15
2015-07-11 13:00:00,4.3,100335.0,303.75,0.15
2015-07-11 13:15:00,4.7,100330.0,303.65,0.15
2015-07-11 13:30:00,4.5,100340.0,303.4,0.15
2015-07-11 13:45:00,4.6,100360.0,303.75,0.15
2015-07-11 14:00:00,4.7,100360.0,303.45,0.15
2015-07-11 14:15:00,3.7,100360.0,303.65,0.15
2015-07-11 14:30:00,4.9,100355.0,303.9,0.15
2015-07-11 14:45:00,5.1,100370.0,303.75,0.15
2015-07-11 15:00:00,5.15,100365.0,304.2,0.15
2015-07-11 15:15:00,5.3,100360.0,303.95,0.15
2015-07-11 15:30:00,4.1,100365.0,303.75,0.15
2015-07-11 15:45:00,4.0,100360.0,303.54999999999995,0.15
2015-07-11 16:00:00,3.65,100365.0,303.5,0.15
2015-07-11 16:15:00,5.1,100360.0,303.54999999999995,0.15
2015-07-11 16:30:00,5.1,100360.0,303.25,0.15
2015-07-11 16:45:00,5.0,100370.0,302.54999999999995,0.15
2015-07-11 17:00:00,4.7,100360.0,303.04999999999995,0.15
2015-07-11 17:15:00,5.2,100370.0,302.45,0.15
2015-07-11 17:30:00,4.45,100375.0,302.25,0.15
2015-07-11 17:45:00,3.0,100370.0,302.25,0.15
2015-07-11 18:00:00,2.75,100380.0,301.95,0.15
2015-07-11 18:15:00,2.8,100390.0,301.15,0.15
2015-07-11 18:30:00,4.55,100410.0,301.1,0.15
2015-07-11 18:45:00,6.9,100430.0,300.15,0.15
2015-07-11 19:00:00,5.5,100460.0,299.45,0.15
2015-07-11 19:15:00,5.7,100480.0,299.04999999999995,0.15
2015-07-11 19:30:00,4.95,100500.0,298.29999999999995,0.15
2015-07-11 19:45:00,5.3,100520.0,298.15,0.15
2015-07-11 20:00:00,6.05,100540.0,297.35,0.15
2015-07-11 20:15:00,5.4,100560.0,296.75,0.15
2015-07-11 20:30:00,4.1,100575.0,295.95,0.15
2015-07-11 20:45:00,4.5,100590.0,295.54999999999995,0.15
2015-07-11 21:00:00,3.45,100590.0,295.6,0.15
2015-07-11 21:15:00,3.6,100600.0,294.54999999999995,0.15
2015-07-11 21:30:00,3.8,100600.0,294.1,0.15
2015-07-11 21:45:00,2.0,100610.0,293.85,0.15
2015-07-11 22:00:00,2.35,100615.0,293.4,0.15
2015-07-11 22:15:00,2.2,100630.0,292.65,0.15
2015-07-11 22:30:00,2.65,100640.0,292.65,0.15
2015-07-11 22:45:00,2.9,100640.0,291.75,0.15
2015-07-11 23:00:00,1.85,100635.0,291.75,0.15
2015-07-11 23:15:00,1.5,100640.0,290.95,0.15
2015-07-11 23:30:00,1.2,100650.0,290.95,0.15
2015-07-11 23:45:00,1.4,100650.0,290.95,0.15
2015-07-12 00:00:00,0.8,100655.0,289.6,0.15
2015-07-12 00:15:00,1.3,100640.0,289.85,0.15
2015-07-12 00:30:00,0.85,100635.0,289.25,0.15
2015-07-12 00:45:00,0.4,100630.0,289.04999999999995,0.15
2015-07-12 01:00:00,1.2000000000000002,100625.0,288.7,0.15
2015-07-12 01:15:00,0.8,100640.0,288.85,0.15
2015-07-12 01:30:00,0.75,100645.0,288.15,0.15
2015-07-12 01:45:00,0.9,100640.0,288.65,0.15
2015-07-12 02:00:00,1.1,100645.0,288.5,0.15
2015-07-12 02:15:00,2.4,100650.0,288.15,0.15
2015-07-12 02:30:00,2.2,100655.0,288.25,0.15
2015-07-12 02:45:00,1.4,100660.0,287.95,0.15
2015-07-12 03:00:00,1.0,100655.0,288.2,0.15
2015-07-12 03:15:00,1.3,100650.0,288.85,0.15
2015-07-12 03:30:00,1.25,100655.0,287.85,0.15
2015-07-12 03:45:00,0.7,100650.0,287.65,0.15
2015-07-12 04:00:00,0.55,100660.0,287.7,0.15
2015-07-12 04:15:00,1.0,100650.0,287.75,0.15
2015-07-12 04:30:00,1.35,100660.0,287.65,0.15
2015-07-12 04:45:00,0.9,100650.0,288.15,0.15
2015-07-12 05:00:00,0.55,100645.0,289.15,0.15
2015-07-12 05:15:00,0.5,100650.0,290.04999999999995,0.15
2015-07-12 05:30:00,1.2,100665.0,290.65,0.15
2015-07-12 05:45:00,2.2,100680.0,290.95,0.15
2015-07-12 06:00:00,2.3,100680.0,291.6,0.15
2015-07-12 06:15:00,3.0,100690.0,291.85,0.15
2015-07-12 06:30:00,2.75,100690.0,292.1,0.15
2015-07-12 06:45:00,3.1,100700.0,291.95,0.15
2015-07-12 07:00:00,2.7,100700.0,291.5,0.15
2015-07-12 07:15:00,2.3,100710.0,292.65,0.15
2015-07-12 07:30:00,3.2,100690.0,292.5,0.15
2015-07-12 07:45:00,2.2,100670.0,292.65,0.15
2015-07-12 08:00:00,2.5,100695.0,292.9,0.15
2015-07-12 08:15:00,2.6,100700.0,292.75,0.15
2015-07-12 08:30:00,2.45,100705.0,293.4,0.15
2015-07-12 08:45:00,2.6,100700.0,293.35,0.15
2015-07-12 09:00:00,2.45,100690.0,293.5,0.15
2015-07-12 09:15:00,3.2,100690.0,293.45,0.15
2015-07-12 09:30:00,2.95,100700.0,293.75,0.15
2015-07-12 09:45:00,3.4,100700.0,294.15,0.15
2015-07-12 10:00:00,4.15,100705.0,294.04999999999995,0.15
2015-07-12 10:15:00,3.2,100700.0,294.15,0.15
2015-07-12 10:30:00,4.05,100695.0,293.79999999999995,0.15
2015-07-12 10:45:00,4.1,100710.0,293.04999999999995,0.15
2015-07-12 11:00:00,3.85,100725.0,293.0,0.15
2015-07-12 11:15:00,4.0,100730.0,292.15,0.15
2015-07-12 11:30:00,4.3,100740.0,292.04999999999995,0.15
2015-07-12 11:45:00,3.9,100730.0,292.15,0.15
2015-07-12 12:00:00,3.15,100720.0,292.1,0.15
2015-07-12 12:15:00,2.4,100730.0,292.04999999999995,0.15
2015-07-12 12:30:00,3.1,100740.0,292.0,0.15
2015-07-12 12:45:00,2.0,100720.0,291.95,0.15
2015-07-12 13:00:00,2.4,100710.0,292.15,0.15
2015-07-12 13:15:00,1.7,100700.0,292.54999999999995,0.15
2015-07-12 13:30:00,2.15,100705.0,292.95,0.15
2015-07-12 13:45:00,2.3,100710.0,293.15,0.15
2015-07-12 14:00:00,2.5,100700.0,293.75,0.15
2015-07-12 14:15:00,3.4,100710.0,293.65,0.15
2015-07-12 14:30:00,4.0,100735.0,293.9,0.15
2015-07-12 14:45:00,4.5,100740.0,293.65,0.15
2015-07-12 15:00:00,4.2,100750.0,293.6,0.15
2015-07-12 15:15:00,4.9,100750.0,292.95,0.15
2015-07-12 15:30:00,5.2,100750.0,292.2,0.15
2015-07-12 15:45:00,4.7,100760.0,291.15,0.15
2015-07-12 16:00:00,2.85,100755.0,291.2,0.15
2015-07-12 16:15:00,2.1,100750.0,291.25,0.15
2015-07-12 16:30:00,2.65,100745.0,291.2,0.15
2015-07-12 16:45:00,2.7,100730.0,291.65,0.15
2015-07-12 17:00:00,3.35,100715.0,293.04999999999995,0.15
2015-07-12 17:15:00,4.1,100700.0,292.35,0.15
2015-07-12 17:30:00,3.55,100690.0,292.0,0.15
2015-07-12 17:45:00,2.8,100690.0,292.04999999999995,0.15
2015-07-12 18:00:00,2.55,100685.0,292.0,0.15
2015-07-12 18:15:00,4.2,100680.0,292.04999999999995,0.15
2015-07-12 18:30:00,4.25,100685.0,292.04999999999995,0.15
2015-07-12 18:45:00,4.1,100690.0,291.95,0.15
2015-07-12 19:00:00,3.6,100680.0,291.75,0.15
2015-07-12 19:15:00,4.6,100680.0,291.54999999999995,0.15
2015-07-12 19:30:00,3.55,100680.0,291.45,0.15
2015-07-12 19:45:00,3.9,100700.0,291.35,0.15
2015-07-12 20:00:00,4.35,100730.0,291.4,0.15
2015-07-12 20:15:00,4.0,100750.0,291.25,0.15
2015-07-12 20:30:00,3.65,100750.0,291.1,0.15
2015-07-12 20:45:00,3.3,100750.0,290.95,0.15
2015-07-12 21:00:00,2.85,100735.0,290.75,0.15
2015-07-12 21:15:00,2.9,100730.0,290.54999999999995,0.15
2015-07-12 21:30:00,2.5,100720.0,290.5,0.15
2015-07-12 21:45:00,1.8,100720.0,290.54999999999995,0.15
2015-07-12 22:00:00,2.3,100710.0,290.85,0.15
2015-07-12 22:15:00,2.7,100700.0,291.04999999999995,0.15
2015-07-12 22:30:00,2.85,100700.0,291.0,0.15
2015-07-12 22:45:00,2.7,100700.0,290.85,0.15
2015-07-12 23:00:00,2.5,100700.0,291.0,0.15
2015-07-12 23:15:00,3.5,100700.0,291.04999999999995,0.15
2015-07-12 23:30:00,3.5,100685.0,291.04999999999995,0.15
2015-07-12 23:45:00,3.3,100680.0,290.85,0.15
2015-07-13 00:00:00,2.05,100660.0,290.5,0.15
2015-07-13 00:15:00,1.8,100660.0,290.65,0.15
2015-07-13 00:30:00,1.85,100640.0,290.5,0.15
2015-07-13 00:45:00,2.6,100620.0,290.35,0.15
2015-07-13 01:00:00,2.5,100610.0,290.4,0.15
2015-07-13 01:15:00,2.7,100620.0,290.25,0.15
2015-07-13 01:30:00,2.9,100620.0,290.25,0.15
2015-07-13 01:45:00,2.4,100620.0,289.95,0.15
2015-07-13 02:00:00,2.45,100605.0,289.9,0.15
2015-07-13 02:15:00,2.6,100600.0,290.25,0.15
2015-07-13 02:30:00,2.55,100600.0,290.25,0.15
2015-07-13 02:45:00,2.9,100600.0,290.35,0.15
2015-07-13 03:00:00,2.6,100610.0,290.35,0.15
2015-07-13 03:15:00,2.2,100620.0,290.45,0.15
2015-07-13 03:30:00,2.5,100620.0,290.45,0.15
2015-07-13 03:45:00,2.9,100600.0,290.45,0.15
2015-07-13 04:00:00,3.2,100600.0,290.5,0.15
2015-07-13 04:15:00,2.9,100590.0,290.45,0.15
2015-07-13 04:30:00,2.4000000000000004,100585.0,290.45,0.15
2015-07-13 04:45:00,2.3,100580.0,290.54999999999995,0.15
2015-07-13 05:00:00,2.35,100580.0,290.45,0.15
2015-07-13 05:15:00,2.3,100560.0,290.45,0.15
2015-07-13 05:30:00,2.5,100565.0,290.45,0.15
2015-07-13 05:45:00,2.9,100570.0,290.45,0.15
2015-07-13 06:00:00,2.85,100575.0,290.15,0.15
2015-07-13 06:15:00,3.0,100580.0,289.75,0.15
2015-07-13 06:30:00,2.55,100595.0,289.45,0.15
2015-07-13 06:45:00,1.8,100600.0,289.35,0.15
2015-07-13 07:00:00,1.4500000000000002,100610.0,289.54999999999995,0.15
2015-07-13 07:15:00,1.4,100610.0,289.65,0.15
2015-07-13 07:30:00,1.95,100615.0,289.85,0.15
2015-07-13 07:45:00,2.0,100600.0,289.95,0.15
2015-07-13 08:00:00,1.4500000000000002,100610.0,290.04999999999995,0.15
2015-07-13 08:15:00,1.7,100610.0,290.25,0.15
2015-07-13 08:30:00,1.4,100620.0,290.2,0.15
2015-07-13 08:45:00,1.4,100610.0,290.04999999999995,0.15
2015-07-13 09:00:00,2.0,100615.0,290.29999999999995,0.15
2015-07-13 09:15:00,2.4,100600.0,290.35,0.15
2015-07-13 09:30:00,1.9,100585.0,290.29999999999995,0.15
2015-07-13 09:45:00,1.4,100580.0,290.45,0.15
2015-07-13 10:00:00,1.65,100580.0,290.7,0.15
2015-07-13 10:15:00,2.0,100560.0,290.75,0.15
2015-07-13 10:30:00,1.65,100560.0,290.7,0.15
2015-07-13 10:45:00,2.0,100540.0,290.75,0.15
2015-07-13 11:00:00,2.05,100545.0,291.1,0.15
2015-07-13 11:15:00,2.0,100540.0,291.15,0.15
2015-07-13 11:30:00,1.9,100540.0,291.35,0.15
2015-07-13 11:45:00,1.6,100550.0,291.45,0.15
2015-07-13 12:00:00,2.0,100545.0,291.4,0.15
2015-07-13 12:15:00,1.9,100530.0,291.45,0.15
2015-07-13 12:30:00,2.0,100540.0,291.6,0.15
2015-07-13 12:45:00,2.4,100530.0,291.75,0.15
2015-07-13 13:00:00,3.0,100530.0,291.85,0.15
2015-07-13 13:15:00,3.5,100520.0,292.15,0.15
2015-07-13 13:30:00,3.8,100530.0,292.45,0.15
2015-07-13 13:45:00,4.0,100530.0,292.35,0.15
2015-07-13 14:00:00,3.05,100515.0,292.6,0.15
2015-07-13 14:15:00,2.4,100500.0,292.85,0.15
2015-07-13 14:30:00,2.95,100495.0,293.1,0.15
2015-07-13 14:45:00,2.9,100490.0,293.04999999999995,0.15
2015-07-13 15:00:00,4.6,100510.0,292.4,0.15
2015-07-13 15:15:00,4.5,100510.0,291.75,0.15
2015-07-13 15:30:00,3.65,100500.0,291.85,0.15
2015-07-13 15:45:00,2.4,100510.0,291.85,0.15
2015-07-13 16:00:00,3.9,100490.0,291.75,0.15
2015-07-13 16:15:00,4.5,100490.0,291.75,0.15
2015-07-13 16:30:00,2.95,100480.0,291.75,0.15
2015-07-13 16:45:00,2.6,100470.0,291.65,0.15
2015-07-13 17:00:00,2.75,100460.0,291.65,0.15
2015-07-13 17:15:00,2.3,100450.0,291.65,0.15
2015-07-13 17:30:00,1.65,100465.0,291.75,0.15
2015-07-13 17:45:00,1.4,100470.0,291.85,0.15
2015-07-13 18:00:00,1.75,100480.0,291.79999999999995,0.15
2015-07-13 18:15:00,2.9,100480.0,291.85,0.15
2015-07-13 18:30:00,3.85,100470.0,292.0,0.15
2015-07-13 18:45:00,2.6,100470.0,292.04999999999995,0.15
2015-07-13 19:00:00,3.25,100475.0,291.95,0.15
2015-07-13 19:15:00,3.7,100480.0,291.95,0.15
2015-07-13 19:30:00,3.85,100495.0,291.9,0.15
2015-07-13 19:45:00,3.7,100500.0,291.85,0.15
2015-07-13 20:00:00,3.65,100515.0,291.9,0.15
2015-07-13 20:15:00,3.2,100510.0,291.85,0.15
2015-07-13 20:30:00,2.55,100525.0,291.85,0.15
2015-07-13 20:45:00,2.4,100530.0,291.85,0.15
2015-07-13 21:00:00,3.1,100540.0,291.79999999999995,0.15
2015-07-13 21:15:00,2.9,100540.0,291.85,0.15
2015-07-13 21:30:00,4.0,100515.0,292.0,0.15
2015-07-13 21:45:00,4.4,100510.0,291.95,0.15
2015-07-13 22:00:00,2.45,100510.0,291.9,0.15
2015-07-13 22:15:00,2.1,100500.0,291.95,0.15
2015-07-13 22:30:00,3.55,100505.0,291.65,0.15
2015-07-13 22:45:00,2.3,100490.0,291.54999999999995,0.15
2015-07-13 23:00:00,3.0,100485.0,291.35,0.15
2015-07-13 23:15:00,2.9,100480.0,291.04999999999995,0.15
2015-07-13 23:30:00,3.1,100470.0,291.04999999999995,0.15
2015-07-13 23:45:00,2.6,100470.0,290.95,0.15
2015-07-14 00:00:00,2.4,100455.0,291.15,0.15
2015-07-14 00:15:00,3.3,100440.0,291.35,0.15
2015-07-14 00:30:00,3.65,100435.0,291.54999999999995,0.15
2015-07-14 00:45:00,4.7,100430.0,291.75,0.15
2015-07-14 01:00:00,4.05,100420.0,291.65,0.15
2015-07-14 01:15:00,3.3,100410.0,291.65,0.15
2015-07-14 01:30:00,3.45,100395.0,291.7,0.15
2015-07-14 01:45:00,3.5,100390.0,291.65,0.15
2015-07-14 02:00:00,3.8,100390.0,291.5,0.15
2015-07-14 02:15:00,4.4,100390.0,291.45,0.15
2015-07-14 02:30:00,3.8,100380.0,291.54999999999995,0.15
2015-07-14 02:45:00,3.7,100380.0,291.65,0.15
2015-07-14 03:00:00,3.9,100385.0,291.75,0.15
2015-07-14 03:15:00,3.0,100380.0,291.95,0.15
2015-07-14 03:30:00,4.1,100380.0,291.79999999999995,0.15
2015-07-14 03:45:00,5.3,100380.0,291.75,0.15
2015-07-14 04:00:00,3.0,100375.0,291.65,0.15
2015-07-14 04:15:00,2.6,100380.0,291.65,0.15
2015-07-14 04:30:00,3.15,100375.0,291.85,0.15
2015-07-14 04:45:00,3.4,100380.0,291.75,0.15
2015-07-14 05:00:00,4.550000000000001,100385.0,291.95,0.15
2015-07-14 05:15:00,4.6,100380.0,292.04999999999995,0.15
2015-07-14 05:30:00,4.5,100390.0,292.04999999999995,0.15
2015-07-14 05:45:00,4.8,100390.0,291.95,0.15
2015-07-14 06:00:00,4.75,100385.0,292.29999999999995,0.15
2015-07-14 06:15:00,5.1,100390.0,292.45,0.15
2015-07-14 06:30:00,4.65,100405.0,292.65,0.15
2015-07-14 06:45:00,4.3,100410.0,292.65,0.15
2015-07-14 07:00:00,4.3,100405.0,292.75,0.15
2015-07-14 07:15:00,4.7,100430.0,292.95,0.15
2015-07-14 07:30:00,4.6,100435.0,293.2,0.15
2015-07-14 07:45:00,5.6,100440.0,293.45,0.15
2015-07-14 08:00:00,4.85,100440.0,293.5,0.15
2015-07-14 08:15:00,5.3,100450.0,293.75,0.15
2015-07-14 08:30:00,5.4,100440.0,294.15,0.15
2015-07-14 08:45:00,5.5,100460.0,294.04999999999995,0.15
2015-07-14 09:00:00,5.3,100460.0,294.29999999999995,0.15
2015-07-14 09:15:00,4.5,100460.0,294.45,0.15
2015-07-14 09:30:00,5.25,100475.0,294.4,0.15
2015-07-14 09:45:00,4.7,100480.0,294.45,0.15
2015-07-14 10:00:00,4.85,100495.0,294.29999999999995,0.15
2015-07-14 10:15:00,4.8,100490.0,294.95,0.15
2015-07-14 10:30:00,4.6,100515.0,294.7,0.15
2015-07-14 10:45:00,3.8,100510.0,294.25,0.15
2015-07-14 11:00:00,5.3,100515.0,294.54999999999995,0.15
2015-07-14 11:15:00,5.5,100510.0,294.65,0.15
2015-07-14 11:30:00,5.6,100525.0,294.75,0.15
2015-07-14 11:45:00,5.4,100550.0,294.45,0.15
2015-07-14 12:00:00,4.8,100550.0,294.75,0.15
2015-07-14 12:15:00,6.7,100560.0,295.35,0.15
2015-07-14 12:30:00,5.1,100560.0,295.25,0.15
2015-07-14 12:45:00,4.6,100560.0,295.85,0.15
2015-07-14 13:00:00,5.15,100565.0,295.54999999999995,0.15
2015-07-14 13:15:00,6.4,100580.0,294.54999999999995,0.15
2015-07-14 13:30:00,5.6,100590.0,294.4,0.15
2015-07-14 13:45:00,4.5,100580.0,294.65,0.15
2015-07-14 14:00:00,3.25,100580.0,295.04999999999995,0.15
2015-07-14 14:15:00,5.3,100580.0,295.15,0.15
2015-07-14 14:30:00,4.55,100595.0,295.35,0.15
2015-07-14 14:45:00,6.0,100600.0,295.75,0.15
2015-07-14 15:00:00,4.85,100590.0,295.6,0.15
2015-07-14 15:15:00,4.4,100590.0,295.54999999999995,0.15
2015-07-14 15:30:00,4.95,100595.0,295.75,0.15
2015-07-14 15:45:00,5.3,100590.0,295.85,0.15
2015-07-14 16:00:00,5.65,100615.0,295.54999999999995,0.15
2015-07-14 16:15:00,4.7,100620.0,295.54999999999995,0.15
2015-07-14 16:30:00,4.75,100610.0,295.75,0.15
2015-07-14 16:45:00,4.4,100610.0,295.85,0.15
2015-07-14 17:00:00,4.75,100625.0,295.29999999999995,0.15
2015-07-14 17:15:00,3.7,100620.0,295.25,0.15
2015-07-14 17:30:00,4.35,100630.0,295.1,0.15
2015-07-14 17:45:00,4.3,100630.0,294.95,0.15
2015-07-14 18:00:00,3.85,100635.0,294.85,0.15
2015-07-14 18:15:00,4.2,100650.0,294.75,0.15
2015-07-14 18:30:00,2.6,100650.0,294.79999999999995,0.15
2015-07-14 18:45:00,4.1,100660.0,294.65,0.15
2015-07-14 19:00:00,3.65,100665.0,294.4,0.15
2015-07-14 19:15:00,3.8,100680.0,293.95,0.15
2015-07-14 19:30:00,4.05,100695.0,293.75,0.15
2015-07-14 19:45:00,3.2,100720.0,293.54999999999995,0.15
2015-07-14 20:00:00,3.6,100740.0,293.65,0.15
2015-07-14 20:15:00,3.1,100760.0,293.35,0.15
2015-07-14 20:30:00,3.15,100775.0,293.04999999999995,0.15
2015-07-14 20:45:00,2.6,100780.0,292.95,0.15
2015-07-14 21:00:00,2.65,100790.0,293.04999999999995,0.15
2015-07-14 21:15:00,2.6,100790.0,292.85,0.15
2015-07-14 21:30:00,3.45,100800.0,292.54999999999995,0.15
2015-07-14 21:45:00,3.0,100820.0,292.25,0.15
2015-07-14 22:00:00,2.7,100830.0,291.35,0.15
2015-07-14 22:15:00,2.1,100820.0,291.04999999999995,0.15
2015-07-14 22:30:00,1.4,100820.0,291.1,0.15
2015-07-14 22:45:00,1.5,100820.0,291.15,0.15
2015-07-14 23:00:00,1.45,100820.0,291.04999999999995,0.15
2015-07-14 23:15:00,1.6,100830.0,291.04999999999995,0.15
2015-07-14 23:30:00,1.5,100825.0,291.04999999999995,0.15
2015-07-14 23:45:00,1.1,100820.0,291.04999999999995,0.15
2015-07-15 00:00:00,1.55,100830.0,291.0,0.15
2015-07-15 00:15:00,1.7,100830.0,291.04999999999995,0.15
2015-07-15 00:30:00,1.85,100830.0,291.04999999999995,0.15
2015-07-15 00:45:00,1.8,100830.0,291.15,0.15
2015-07-15 01:00:00,2.0,100840.0,291.1,0.15
2015-07-15 01:15:00,1.7,100840.0,291.04999999999995,0.15
2015-07-15 01:30:00,1.7,100835.0,291.04999999999995,0.15
2015-07-15 01:45:00,1.6,100840.0,290.95,0.15
2015-07-15 02:00:00,1.45,100840.0,291.15,0.15
2015-07-15 02:15:00,1.8,100840.0,291.04999999999995,0.15
2015-07-15 02:30:00,1.5499999999999998,100840.0,291.0,0.15
2015-07-15 02:45:00,1.4,100840.0,290.95,0.15
2015-07-15 03:00:00,1.25,100840.0,290.9,0.15
2015-07-15 03:15:00,1.1,100840.0,290.85,0.15
2015-07-15 03:30:00,1.2000000000000002,100840.0,290.79999999999995,0.15
2015-07-15 03:45:00,1.4,100840.0,290.54999999999995,0.15
2015-07-15 04:00:00,1.5,100840.0,290.5,0.15
2015-07-15 04:15:00,1.0,100830.0,290.65,0.15
2015-07-15 04:30:00,1.1,100835.0,290.85,0.15
2015-07-15 04:45:00,1.2,100850.0,290.95,0.15
2015-07-15 05:00:00,0.95,100845.0,291.1,0.15
2015-07-15 05:15:00,0.7,100840.0,291.25,0.15
2015-07-15 05:30:00,0.9,100855.0,291.4,0.15
2015-07-15 05:45:00,1.0,100860.0,291.35,0.15
2015-07-15 06:00:00,1.25,100860.0,291.4,0.15
2015-07-15 06:15:00,1.0,100850.0,291.85,0.15
2015-07-15 06:30:00,1.05,100850.0,292.04999999999995,0.15
2015-07-15 06:45:00,1.5,100850.0,292.25,0.15
2015-07-15 07:00:00,1.35,100860.0,292.35,0.15
2015-07-15 07:15:00,1.3,100860.0,292.65,0.15
2015-07-15 07:30:00,1.15,100845.0,292.7,0.15
2015-07-15 07:45:00,1.0,100840.0,293.25,0.15
2015-07-15 08:00:00,1.45,100860.0,293.35,0.15
2015-07-15 08:15:00,1.5,100850.0,293.54999999999995,0.15
2015-07-15 08:30:00,1.2,100835.0,293.95,0.15
2015-07-15 08:45:00,1.3,100830.0,294.35,0.15
2015-07-15 09:00:00,2.65,100815.0,294.6,0.15
2015-07-15 09:15:00,1.7,100820.0,295.15,0.15
2015-07-15 09:30:00,2.7,100815.0,294.85,0.15
2015-07-15 09:45:00,2.3,100830.0,295.45,0.15
2015-07-15 10:00:00,1.45,100815.0,295.79999999999995,0.15
2015-07-15 10:15:00,2.5,100810.0,296.35,0.15
2015-07-15 10:30:00,2.35,100795.0,296.65,0.15
2015-07-15 10:45:00,2.6,100770.0,297.25,0.15
2015-07-15 11:00:00,1.95,100765.0,297.5,0.15
2015-07-15 11:15:00,2.9,100740.0,297.54999999999995,0.15
2015-07-15 11:30:00,2.6,100735.0,298.1,0.15
2015-07-15 11:45:00,1.6,100710.0,297.95,0.15
2015-07-15 12:00:00,1.5,100695.0,298.2,0.15
2015-07-15 12:15:00,2.8,100690.0,298.35,0.15
2015-07-15 12:30:00,2.25,100675.0,299.35,0.15
2015-07-15 12:45:00,2.5,100670.0,298.95,0.15
2015-07-15 13:00:00,2.4000000000000004,100665.0,299.75,0.15
2015-07-15 13:15:00,1.8,100670.0,299.25,0.15
2015-07-15 13:30:00,1.9,100660.0,299.15,0.15
2015-07-15 13:45:00,1.8,100650.0,299.54999999999995,0.15
2015-07-15 14:00:00,2.1,100645.0,299.4,0.15
2015-07-15 14:15:00,2.0,100640.0,299.54999999999995,0.15
2015-07-15 14:30:00,2.45,100640.0,299.4,0.15
2015-07-15 14:45:00,2.7,100630.0,299.25,0.15
2015-07-15 15:00:00,2.55,100630.0,298.85,0.15
2015-07-15 15:15:00,3.0,100630.0,298.85,0.15
2015-07-15 15:30:00,3.7,100620.0,298.95,0.15
2015-07-15 15:45:00,3.3,100630.0,298.25,0.15
2015-07-15 16:00:00,1.95,100630.0,297.95,0.15
2015-07-15 16:15:00,3.1,100630.0,297.75,0.15
2015-07-15 16:30:00,3.25,100650.0,295.9,0.15
2015-07-15 16:45:00,2.0,100640.0,295.85,0.15
2015-07-15 17:00:00,2.45,100640.0,295.75,0.15
2015-07-15 17:15:00,2.9,100640.0,295.85,0.15
2015-07-15 17:30:00,2.55,100630.0,296.5,0.15
2015-07-15 17:45:00,2.3,100640.0,296.35,0.15
2015-07-15 18:00:00,2.4,100630.0,296.29999999999995,0.15
2015-07-15 18:15:00,2.3,100630.0,296.15,0.15
2015-07-15 18:30:00,2.25,100630.0,296.0,0.15
2015-07-15 18:45:00,2.6,100640.0,295.75,0.15
2015-07-15 19:00:00,2.45,100645.0,295.54999999999995,0.15
2015-07-15 19:15:00,1.8,100640.0,295.45,0.15
2015-07-15 19:30:00,2.0,100655.0,295.4,0.15
2015-07-15 19:45:00,1.8,100660.0,296.04999999999995,0.15
2015-07-15 20:00:00,1.75,100675.0,295.35,0.15
2015-07-15 20:15:00,1.8,100680.0,295.65,0.15
2015-07-15 20:30:00,1.75,100680.0,295.29999999999995,0.15
2015-07-15 20:45:00,1.5,100690.0,294.65,0.15
2015-07-15 21:00:00,1.35,100690.0,294.1,0.15
2015-07-15 21:15:00,1.6,100690.0,293.65,0.15
2015-07-15 21:30:00,1.6,100710.0,293.2,0.15
2015-07-15 21:45:00,1.4,100700.0,293.04999999999995,0.15
2015-07-15 22:00:00,1.2999999999999998,100710.0,292.54999999999995,0.15
2015-07-15 22:15:00,0.5,100700.0,292.45,0.15
2015-07-15 22:30:00,0.5,100705.0,292.7,0.15
2015-07-15 22:45:00,0.7,100710.0,292.85,0.15
2015-07-15 23:00:00,1.0499999999999998,100710.0,293.25,0.15
2015-07-15 23:15:00,2.2,100710.0,293.54999999999995,0.15
2015-07-15 23:30:00,2.55,100710.0,293.6,0.15
2015-07-15 23:45:00,2.6,100710.0,293.85,0.15
2015-07-16 00:00:00,3.05,100705.0,293.9,0.15
2015-07-16 00:15:00,2.6,100700.0,294.15,0.15
2015-07-16 00:30:00,1.9,100710.0,293.6,0.15
2015-07-16 00:45:00,1.5,100710.0,293.04999999999995,0.15
2015-07-16 01:00:00,1.65,100710.0,292.79999999999995,0.15
2015-07-16 01:15:00,1.8,100720.0,292.95,0.15
2015-07-16 01:30:00,1.7999999999999998,100715.0,292.95,0.15
2015-07-16 01:45:00,1.6,100710.0,292.85,0.15
2015-07-16 02:00:00,1.65,100715.0,292.75,0.15
2015-07-16 02:15:00,1.8,100710.0,292.75,0.15
2015-07-16 02:30:00,1.7000000000000002,100710.0,292.45,0.15
2015-07-16 02:45:00,1.4,100710.0,292.35,0.15
2015-07-16 03:00:00,1.4500000000000002,100715.0,292.25,0.15
2015-07-16 03:15:00,1.3,100720.0,292.15,0.15
2015-07-16 03:30:00,1.6,100720.0,292.04999999999995,0.15
2015-07-16 03:45:00,1.9,100720.0,291.85,0.15
2015-07-16 04:00:00,2.0,100725.0,291.85,0.15
2015-07-16 04:15:00,1.9,100740.0,291.85,0.15
2015-07-16 04:30:00,1.75,100745.0,292.1,0.15
2015-07-16 04:45:00,1.8,100750.0,292.45,0.15
2015-07-16 05:00:00,1.9,100750.0,292.45,0.15
2015-07-16 05:15:00,2.2,100750.0,292.35,0.15
2015-07-16 05:30:00,2.35,100750.0,292.7,0.15
2015-07-16 05:45:00,2.1,100760.0,292.95,0.15
2015-07-16 06:00:00,1.6,100760.0,293.45,0.15
2015-07-16 06:15:00,1.4,100760.0,293.95,0.15
2015-07-16 06:30:00,0.9,100765.0,294.54999999999995,0.15
2015-07-16 06:45:00,0.8,100770.0,294.75,0.15
2015-07-16 07:00:00,1.2000000000000002,100770.0,294.9,0.15
2015-07-16 07:15:00,0.9,100770.0,294.65,0.15
2015-07-16 07:30:00,1.9,100785.0,295.2,0.15
2015-07-16 07:45:00,2.0,100780.0,295.54999999999995,0.15
2015-07-16 08:00:00,1.6,100780.0,295.45,0.15
2015-07-16 08:15:00,1.7,100790.0,295.45,0.15
2015-07-16 08:30:00,0.95,100790.0,295.95,0.15
2015-07-16 08:45:00,1.4,100780.0,296.35,0.15
2015-07-16 09:00:00,1.55,100780.0,296.65,0.15
2015-07-16 09:15:00,1.8,100770.0,297.15,0.15
2015-07-16 09:30:00,1.45,100760.0,296.85,0.15
2015-07-16 09:45:00,1.7,100760.0,298.15,0.15
2015-07-16 10:00:00,1.15,100745.0,298.2,0.15
2015-07-16 10:15:00,0.9,100740.0,297.95,0.15
2015-07-16 10:30:00,1.7,100735.0,298.4,0.15
2015-07-16 10:45:00,1.7,100720.0,298.25,0.15
2015-07-16 11:00:00,1.75,100705.0,298.85,0.15
2015-07-16 11:15:00,1.2,100690.0,299.25,0.15
2015-07-16 11:30:00,2.45,100670.0,299.85,0.15
2015-07-16 11:45:00,1.7,100640.0,300.65,0.15
2015-07-16 12:00:00,1.45,100625.0,300.29999999999995,0.15
2015-07-16 12:15:00,1.3,100610.0,300.54999999999995,0.15
2015-07-16 12:30:00,2.2,100600.0,300.9,0.15
2015-07-16 12:45:00,2.7,100580.0,301.45,0.15
2015-07-16 13:00:00,1.7000000000000002,100575.0,301.0,0.15
2015-07-16 13:15:00,1.6,100570.0,301.45,0.15
2015-07-16 13:30:00,1.2,100550.0,302.15,0.15
2015-07-16 13:45:00,1.9,100530.0,302.54999999999995,0.15
2015-07-16 14:00:00,1.65,100520.0,302.5,0.15
2015-07-16 14:15:00,2.0,100500.0,302.95,0.15
2015-07-16 14:30:00,2.85,100495.0,303.35,0.15
2015-07-16 14:45:00,1.9,100480.0,302.35,0.15
2015-07-16 15:00:00,2.3,100470.0,301.7,0.15
2015-07-16 15:15:00,2.4,100460.0,301.95,0.15
2015-07-16 15:30:00,1.65,100435.0,302.6,0.15
2015-07-16 15:45:00,2.4,100420.0,303.04999999999995,0.15
2015-07-16 16:00:00,2.3,100385.0,302.6,0.15
2015-07-16 16:15:00,2.3,100370.0,302.75,0.15
2015-07-16 16:30:00,2.55,100360.0,302.85,0.15
2015-07-16 16:45:00,2.6,100340.0,302.54999999999995,0.15
2015-07-16 17:00:00,2.3,100335.0,302.75,0.15
2015-07-16 17:15:00,3.2,100320.0,302.54999999999995,0.15
2015-07-16 17:30:00,2.6,100305.0,302.54999999999995,0.15
2015-07-16 17:45:00,3.1,100300.0,302.35,0.15
2015-07-16 18:00:00,2.6500000000000004,100295.0,302.04999999999995,0.15
2015-07-16 18:15:00,3.0,100280.0,301.75,0.15
2015-07-16 18:30:00,2.6,100270.0,301.25,0.15
2015-07-16 18:45:00,2.5,100270.0,300.65,0.15
2015-07-16 19:00:00,2.3,100270.0,300.04999999999995,0.15
2015-07-16 19:15:00,2.0,100270.0,299.25,0.15
2015-07-16 19:30:00,1.6,100270.0,298.29999999999995,0.15
2015-07-16 19:45:00,1.6,100280.0,298.04999999999995,0.15
2015-07-16 20:00:00,1.9,100300.0,296.45,0.15
2015-07-16 20:15:00,1.7,100310.0,296.85,0.15
2015-07-16 20:30:00,1.7000000000000002,100310.0,296.45,0.15
2015-07-16 20:45:00,1.4,100300.0,296.25,0.15
2015-07-16 21:00:00,1.15,100295.0,295.85,0.15
2015-07-16 21:15:00,1.0,100280.0,295.15,0.15
2015-07-16 21:30:00,1.6,100230.0,294.85,0.15
2015-07-16 21:45:00,1.8,100210.0,295.75,0.15
2015-07-16 22:00:00,1.7,100235.0,295.35,0.15
2015-07-16 22:15:00,1.2,100260.0,295.45,0.15
2015-07-16 22:30:00,1.05,100280.0,295.5,0.15
2015-07-16 22:45:00,1.7,100270.0,295.54999999999995,0.15
2015-07-16 23:00:00,2.75,100235.0,296.45,0.15
2015-07-16 23:15:00,3.4,100190.0,296.95,0.15
2015-07-16 23:30:00,2.85,100180.0,297.2,0.15
2015-07-16 23:45:00,2.7,100190.0,297.25,0.15
2015-07-17 00:00:00,1.7000000000000002,100215.0,297.1,0.15
2015-07-17 00:15:00,1.9,100230.0,297.04999999999995,0.15
2015-07-17 00:30:00,2.95,100150.0,297.4,0.15
2015-07-17 00:45:00,2.0,100170.0,297.35,0.15
2015-07-17 01:00:00,2.6,100215.0,297.0,0.15
2015-07-17 01:15:00,2.6,100170.0,296.95,0.15
2015-07-17 01:30:00,3.95,100110.0,297.5,0.15
2015-07-17 01:45:00,5.4,100080.0,297.75,0.15
2015-07-17 02:00:00,4.65,100070.0,298.1,0.15
2015-07-17 02:15:00,4.8,100080.0,297.85,0.15
2015-07-17 02:30:00,4.7,100060.0,297.6,0.15
2015-07-17 02:45:00,4.6,100080.0,297.54999999999995,0.15
2015-07-17 03:00:00,5.0,100100.0,297.9,0.15
2015-07-17 03:15:00,4.9,100100.0,296.45,0.15
2015-07-17 03:30:00,4.5,100080.0,297.4,0.15
2015-07-17 03:45:00,4.4,100050.0,297.75,0.15
2015-07-17 04:00:00,3.8,100035.0,297.85,0.15
2015-07-17 04:15:00,3.8,100020.0,298.04999999999995,0.15
2015-07-17 04:30:00,3.55,99990.0,298.35,0.15
2015-07-17 04:45:00,4.6,99980.0,298.65,0.15
2015-07-17 05:00:00,4.35,99970.0,298.75,0.15
2015-07-17 05:15:00,2.3,99990.0,298.35,0.15
2015-07-17 05:30:00,1.55,100055.0,297.15,0.15
2015-07-17 05:45:00,1.6,100100.0,296.75,0.15
2015-07-17 06:00:00,1.65,100110.0,297.04999999999995,0.15
2015-07-17 06:15:00,2.4,100110.0,297.75,0.15
2015-07-17 06:30:00,1.25,100125.0,298.79999999999995,0.15
2015-07-17 06:45:00,2.4,100160.0,299.04999999999995,0.15
2015-07-17 07:00:00,2.25,100175.0,299.04999999999995,0.15
2015-07-17 07:15:00,2.0,100180.0,300.25,0.15
2015-07-17 07:30:00,3.35,100185.0,301.15,0.15
2015-07-17 07:45:00,4.0,100190.0,301.65,0.15
2015-07-17 08:00:00,5.35,100200.0,302.2,0.15
2015-07-17 08:15:00,6.6,100200.0,302.54999999999995,0.15
2015-07-17 08:30:00,5.699999999999999,100200.0,303.15,0.15
2015-07-17 08:45:00,4.9,100210.0,303.65,0.15
2015-07-17 09:00:00,5.0,100210.0,304.5,0.15
2015-07-17 09:15:00,4.5,100200.0,304.85,0.15
2015-07-17 09:30:00,5.0,100205.0,304.7,0.15
2015-07-17 09:45:00,4.9,100200.0,304.95,0.15
2015-07-17 10:00:00,5.95,100215.0,305.45,0.15
2015-07-17 10:15:00,4.9,100210.0,306.45,0.15
2015-07-17 10:30:00,5.0,100210.0,306.15,0.15
2015-07-17 10:45:00,5.1,100200.0,306.54999999999995,0.15
2015-07-17 11:00:00,5.550000000000001,100205.0,307.0,0.15
2015-07-17 11:15:00,5.7,100190.0,307.95,0.15
2015-07-17 11:30:00,5.65,100195.0,308.15,0.15
2015-07-17 11:45:00,5.0,100190.0,307.54999999999995,0.15
2015-07-17 12:00:00,5.65,100185.0,308.25,0.15
2015-07-17 12:15:00,5.8,100180.0,308.85,0.15
2015-07-17 12:30:00,5.4,100175.0,308.4,0.15
2015-07-17 12:45:00,5.7,100170.0,308.54999999999995,0.15
2015-07-17 13:00:00,5.5,100160.0,308.65,0.15
2015-07-17 13:15:00,5.9,100150.0,309.35,0.15
2015-07-17 13:30:00,5.449999999999999,100145.0,308.85,0.15
2015-07-17 13:45:00,5.5,100130.0,309.15,0.15
2015-07-17 14:00:00,5.449999999999999,100120.0,309.04999999999995,0.15
2015-07-17 14:15:00,4.6,100110.0,309.45,0.15
2015-07-17 14:30:00,5.2,100095.0,309.35,0.15
2015-07-17 14:45:00,4.5,100080.0,309.15,0.15
2015-07-17 15:00:00,4.8,100070.0,309.1,0.15
2015-07-17 15:15:00,4.7,100050.0,309.54999999999995,0.15
2015-07-17 15:30:00,4.25,100045.0,309.2,0.15
2015-07-17 15:45:00,4.4,100040.0,309.15,0.15
2015-07-17 16:00:00,5.1,100025.0,308.4,0.15
2015-07-17 16:15:00,6.0,100000.0,308.65,0.15
2015-07-17 16:30:00,6.449999999999999,100005.0,308.45,0.15
2015-07-17 16:45:00,7.2,99990.0,308.04999999999995,0.15
2015-07-17 17:00:00,6.25,99985.0,307.75,0.15
2015-07-17 17:15:00,5.6,99990.0,307.65,0.15
2015-07-17 17:30:00,4.75,99980.0,307.4,0.15
2015-07-17 17:45:00,6.0,99990.0,306.75,0.15
2015-07-17 18:00:00,5.65,100000.0,305.65,0.15
2015-07-17 18:15:00,5.2,100020.0,304.65,0.15
2015-07-17 18:30:00,5.300000000000001,100035.0,303.95,0.15
2015-07-17 18:45:00,5.0,100060.0,303.25,0.15
2015-07-17 19:00:00,4.9,100080.0,302.54999999999995,0.15
2015-07-17 19:15:00,4.7,100100.0,301.75,0.15
2015-07-17 19:30:00,4.0,100115.0,301.15,0.15
2015-07-17 19:45:00,3.0,100150.0,300.45,0.15
2015-07-17 20:00:00,2.5,100165.0,299.75,0.15
2015-07-17 20:15:00,2.8,100190.0,299.25,0.15
2015-07-17 20:30:00,2.25,100195.0,298.25,0.15
2015-07-17 20:45:00,1.4,100210.0,297.54999999999995,0.15
2015-07-17 21:00:00,1.0,100215.0,297.45,0.15
2015-07-17 21:15:00,0.3,100210.0,297.04999999999995,0.15
2015-07-17 21:30:00,1.1,100205.0,297.25,0.15
2015-07-17 21:45:00,0.7,100200.0,296.15,0.15
2015-07-17 22:00:00,0.55,100215.0,295.29999999999995,0.15
2015-07-17 22:15:00,0.7,100230.0,295.65,0.15
2015-07-17 22:30:00,1.2,100250.0,294.6,0.15
2015-07-17 22:45:00,2.2,100250.0,295.35,0.15
2015-07-17 23:00:00,1.7,100255.0,294.85,0.15
2015-07-17 23:15:00,1.9,100250.0,294.25,0.15
2015-07-17 23:30:00,2.35,100260.0,294.29999999999995,0.15
2015-07-17 23:45:00,2.2,100270.0,294.75,0.15
2015-07-18 00:00:00,1.55,100275.0,294.5,0.15
2015-07-18 00:15:00,0.7,100290.0,294.04999999999995,0.15
2015-07-18 00:30:00,1.35,100320.0,292.5,0.15
2015-07-18 00:45:00,1.5,100320.0,293.15,0.15
2015-07-18 01:00:00,1.7999999999999998,100345.0,293.25,0.15
2015-07-18 01:15:00,2.8,100350.0,293.35,0.15
2015-07-18 01:30:00,3.65,100370.0,293.15,0.15
2015-07-18 01:45:00,4.1,100400.0,293.75,0.15
2015-07-18 02:00:00,4.9,100420.0,293.85,0.15
2015-07-18 02:15:00,4.8,100450.0,293.65,0.15
2015-07-18 02:30:00,4.55,100475.0,293.45,0.15
2015-07-18 02:45:00,2.7,100490.0,293.35,0.15
2015-07-18 03:00:00,1.75,100490.0,293.29999999999995,0.15
2015-07-18 03:15:00,2.1,100500.0,293.54999999999995,0.15
2015-07-18 03:30:00,1.6,100500.0,294.04999999999995,0.15
2015-07-18 03:45:00,1.2,100500.0,294.15,0.15
2015-07-18 04:00:00,1.4,100505.0,293.9,0.15
2015-07-18 04:15:00,1.7,100510.0,293.95,0.15
2015-07-18 04:30:00,2.05,100525.0,294.0,0.15
2015-07-18 04:45:00,1.9,100540.0,294.25,0.15
2015-07-18 05:00:00,1.65,100525.0,294.54999999999995,0.15
2015-07-18 05:15:00,1.9,100520.0,294.54999999999995,0.15
2015-07-18 05:30:00,2.45,100530.0,294.75,0.15
2015-07-18 05:45:00,3.2,100520.0,294.54999999999995,0.15
2015-07-18 06:00:00,4.3,100505.0,294.9,0.15
2015-07-18 06:15:00,3.7,100500.0,295.25,0.15
2015-07-18 06:30:00,3.3,100505.0,294.79999999999995,0.15
2015-07-18 06:45:00,4.2,100520.0,294.65,0.15
2015-07-18 07:00:00,3.7,100530.0,294.45,0.15
2015-07-18 07:15:00,3.9,100530.0,294.75,0.15
2015-07-18 07:30:00,3.7,100520.0,295.35,0.15
2015-07-18 07:45:00,3.1,100540.0,295.85,0.15
2015-07-18 08:00:00,3.05,100565.0,295.35,0.15
2015-07-18 08:15:00,3.1,100580.0,296.04999999999995,0.15
2015-07-18 08:30:00,3.35,100590.0,296.0,0.15
2015-07-18 08:45:00,2.2,100600.0,297.04999999999995,0.15
2015-07-18 09:00:00,4.1,100600.0,297.95,0.15
2015-07-18 09:15:00,3.8,100610.0,298.15,0.15
2015-07-18 09:30:00,4.4,100620.0,297.85,0.15
2015-07-18 09:45:00,4.3,100620.0,298.04999999999995,0.15
2015-07-18 10:00:00,4.55,100615.0,298.5,0.15
2015-07-18 10:15:00,4.4,100620.0,299.75,0.15
2015-07-18 10:30:00,5.699999999999999,100620.0,299.75,0.15
2015-07-18 10:45:00,5.2,100610.0,299.45,0.15
2015-07-18 11:00:00,5.15,100595.0,299.15,0.15
2015-07-18 11:15:00,4.2,100600.0,299.35,0.15
2015-07-18 11:30:00,4.5,100585.0,299.2,0.15
2015-07-18 11:45:00,5.4,100570.0,299.15,0.15
2015-07-18 12:00:00,4.85,100570.0,299.5,0.15
2015-07-18 12:15:00,4.3,100570.0,299.85,0.15
2015-07-18 12:30:00,5.0,100545.0,300.15,0.15
2015-07-18 12:45:00,5.5,100530.0,301.15,0.15
2015-07-18 13:00:00,5.2,100515.0,300.79999999999995,0.15
2015-07-18 13:15:00,5.1,100500.0,300.65,0.15
2015-07-18 13:30:00,4.9,100490.0,300.85,0.15
2015-07-18 13:45:00,5.1,100480.0,301.04999999999995,0.15
2015-07-18 14:00:00,5.0,100475.0,300.95,0.15
2015-07-18 14:15:00,4.6,100470.0,300.95,0.15
2015-07-18 14:30:00,4.6,100450.0,301.45,0.15
2015-07-18 14:45:00,5.0,100440.0,302.04999999999995,0.15
2015-07-18 15:00:00,4.6,100435.0,300.85,0.15
2015-07-18 15:15:00,4.6,100410.0,301.54999999999995,0.15
2015-07-18 15:30:00,4.0,100410.0,300.79999999999995,0.15
2015-07-18 15:45:00,4.9,100400.0,300.35,0.15
2015-07-18 16:00:00,4.35,100390.0,300.6,0.15
2015-07-18 16:15:00,5.1,100380.0,300.04999999999995,0.15
2015-07-18 16:30:00,4.25,100365.0,300.04999999999995,0.15
2015-07-18 16:45:00,4.2,100370.0,299.25,0.15
2015-07-18 17:00:00,4.25,100360.0,299.2,0.15
2015-07-18 17:15:00,4.5,100360.0,299.54999999999995,0.15
2015-07-18 17:30:00,3.9,100370.0,299.5,0.15
2015-07-18 17:45:00,3.8,100390.0,298.65,0.15
2015-07-18 18:00:00,4.0,100385.0,297.95,0.15
2015-07-18 18:15:00,3.2,100380.0,297.04999999999995,0.15
2015-07-18 18:30:00,2.9,100390.0,297.1,0.15
2015-07-18 18:45:00,2.3,100380.0,296.75,0.15
2015-07-18 19:00:00,3.25,100395.0,295.65,0.15
2015-07-18 19:15:00,3.4,100400.0,295.54999999999995,0.15
2015-07-18 19:30:00,2.7,100410.0,295.04999999999995,0.15
2015-07-18 19:45:00,2.3,100410.0,293.85,0.15
2015-07-18 20:00:00,2.45,100430.0,294.29999999999995,0.15
2015-07-18 20:15:00,1.9,100430.0,293.54999999999995,0.15
2015-07-18 20:30:00,2.0,100420.0,293.35,0.15
2015-07-18 20:45:00,2.1,100410.0,292.54999999999995,0.15
2015-07-18 21:00:00,1.95,100410.0,291.85,0.15
2015-07-18 21:15:00,2.2,100400.0,292.35,0.15
2015-07-18 21:30:00,1.55,100385.0,292.75,0.15
2015-07-18 21:45:00,1.7,100370.0,292.75,0.15
2015-07-18 22:00:00,1.65,100350.0,292.54999999999995,0.15
2015-07-18 22:15:00,1.6,100340.0,292.85,0.15
2015-07-18 22:30:00,2.1,100320.0,292.9,0.15
2015-07-18 22:45:00,1.7,100320.0,292.75,0.15
2015-07-18 23:00:00,1.7999999999999998,100305.0,293.0,0.15
2015-07-18 23:15:00,2.0,100280.0,293.15,0.15
2015-07-18 23:30:00,1.8,100265.0,293.15,0.15
2015-07-18 23:45:00,1.3,100230.0,292.95,0.15
2015-07-19 00:00:00,1.75,100195.0,292.95,0.15
2015-07-19 00:15:00,1.8,100140.0,293.15,0.15
2015-07-19 00:30:00,1.95,100130.0,293.2,0.15
2015-07-19 00:45:00,2.0,100120.0,293.15,0.15
2015-07-19 01:00:00,1.65,100100.0,292.85,0.15
2015-07-19 01:15:00,1.2,100040.0,292.75,0.15
2015-07-19 01:30:00,1.6,100010.0,292.25,0.15
2015-07-19 01:45:00,1.0,99990.0,291.65,0.15
2015-07-19 02:00:00,0.5,99980.0,291.0,0.15
2015-07-19 02:15:00,3.3,100050.0,290.45,0.15
2015-07-19 02:30:00,5.15,100125.0,290.25,0.15
2015-07-19 02:45:00,4.1,100070.0,289.54999999999995,0.15
2015-07-19 03:00:00,4.25,100090.0,289.45,0.15
2015-07-19 03:15:00,5.4,100020.0,289.25,0.15
2015-07-19 03:30:00,4.4,99975.0,289.2,0.15
2015-07-19 03:45:00,3.2,99920.0,289.15,0.15
2015-07-19 04:00:00,2.3,99885.0,289.29999999999995,0.15
2015-07-19 04:15:00,1.3,99900.0,289.45,0.15
2015-07-19 04:30:00,1.6,99875.0,289.45,0.15
2015-07-19 04:45:00,3.2,99980.0,289.54999999999995,0.15
2015-07-19 05:00:00,2.8,100005.0,289.25,0.15
2015-07-19 05:15:00,0.8,99930.0,289.35,0.15
2015-07-19 05:30:00,2.1,99870.0,289.29999999999995,0.15
2015-07-19 05:45:00,2.9,99820.0,289.25,0.15
2015-07-19 06:00:00,2.6,99825.0,289.5,0.15
2015-07-19 06:15:00,2.5,99790.0,289.54999999999995,0.15
2015-07-19 06:30:00,2.45,99815.0,289.75,0.15
2015-07-19 06:45:00,1.6,99810.0,289.95,0.15
2015-07-19 07:00:00,1.0,99805.0,290.35,0.15
2015-07-19 07:15:00,1.9,99810.0,290.45,0.15
2015-07-19 07:30:00,2.55,99815.0,291.29999999999995,0.15
2015-07-19 07:45:00,2.2,99830.0,291.45,0.15
2015-07-19 08:00:00,1.3,99825.0,291.79999999999995,0.15
2015-07-19 08:15:00,1.5,99830.0,292.04999999999995,0.15
2015-07-19 08:30:00,1.3,99825.0,292.15,0.15
2015-07-19 08:45:00,0.6,99820.0,292.65,0.15
2015-07-19 09:00:00,1.25,99830.0,292.54999999999995,0.15
2015-07-19 09:15:00,1.4,99830.0,292.54999999999995,0.15
2015-07-19 09:30:00,1.05,99835.0,293.0,0.15
2015-07-19 09:45:00,0.8,99830.0,293.15,0.15
2015-07-19 10:00:00,0.8,99820.0,293.6,0.15
2015-07-19 10:15:00,0.8,99820.0,294.35,0.15
2015-07-19 10:30:00,1.1,99840.0,294.5,0.15
2015-07-19 10:45:00,1.9,99850.0,294.35,0.15
2015-07-19 11:00:00,2.0,99870.0,294.2,0.15
2015-07-19 11:15:00,1.6,99890.0,294.15,0.15
2015-07-19 11:30:00,1.9,99890.0,294.1,0.15
2015-07-19 11:45:00,2.2,99900.0,293.75,0.15
2015-07-19 12:00:00,2.7,99900.0,293.25,0.15
2015-07-19 12:15:00,2.4,99900.0,293.15,0.15
2015-07-19 12:30:00,2.35,99895.0,293.29999999999995,0.15
2015-07-19 12:45:00,3.0,99890.0,294.04999999999995,0.15
2015-07-19 13:00:00,3.2,99880.0,295.35,0.15
2015-07-19 13:15:00,3.9,99890.0,295.04999999999995,0.15
2015-07-19 13:30:00,3.9,99895.0,293.95,0.15
2015-07-19 13:45:00,3.9,99920.0,292.95,0.15
2015-07-19 14:00:00,3.75,99930.0,292.85,0.15
2015-07-19 14:15:00,3.6,99940.0,293.35,0.15
2015-07-19 14:30:00,4.45,99940.0,293.85,0.15
2015-07-19 14:45:00,5.5,99950.0,294.35,0.15
2015-07-19 15:00:00,4.65,99950.0,294.6,0.15
2015-07-19 15:15:00,4.9,99950.0,295.35,0.15
2015-07-19 15:30:00,5.25,99965.0,295.29999999999995,0.15
2015-07-19 15:45:00,6.0,99960.0,295.35,0.15
2015-07-19 16:00:00,4.800000000000001,99965.0,295.0,0.15
2015-07-19 16:15:00,3.5,99970.0,294.85,0.15
2015-07-19 16:30:00,3.85,99980.0,294.7,0.15
2015-07-19 16:45:00,3.8,100000.0,294.45,0.15
2015-07-19 17:00:00,3.4,100005.0,294.7,0.15
2015-07-19 17:15:00,3.0,100000.0,295.35,0.15
2015-07-19 17:30:00,3.1,100005.0,295.54999999999995,0.15
2015-07-19 17:45:00,3.4,100020.0,294.85,0.15
2015-07-19 18:00:00,3.35,100020.0,295.04999999999995,0.15
2015-07-19 18:15:00,4.1,100020.0,294.85,0.15
2015-07-19 18:30:00,3.65,100020.0,294.5,0.15
2015-07-19 18:45:00,3.1,100010.0,294.04999999999995,0.15
2015-07-19 19:00:00,3.15,100030.0,293.9,0.15
2015-07-19 19:15:00,2.7,100030.0,293.54999999999995,0.15
2015-07-19 19:30:00,2.05,100040.0,293.0,0.15
2015-07-19 19:45:00,2.1,100050.0,292.85,0.15
2015-07-19 20:00:00,1.25,100080.0,292.6,0.15
2015-07-19 20:15:00,1.8,100100.0,292.45,0.15
2015-07-19 20:30:00,1.85,100100.0,292.15,0.15
2015-07-19 20:45:00,2.2,100110.0,291.85,0.15
2015-07-19 21:00:00,2.0,100105.0,291.15,0.15
2015-07-19 21:15:00,1.7,100120.0,290.75,0.15
2015-07-19 21:30:00,2.0,100125.0,291.1,0.15
2015-07-19 21:45:00,2.1,100140.0,291.15,0.15
2015-07-19 22:00:00,2.05,100155.0,291.4,0.15
2015-07-19 22:15:00,1.8,100160.0,291.35,0.15
2015-07-19 22:30:00,1.9,100175.0,290.29999999999995,0.15
2015-07-19 22:45:00,1.5,100180.0,290.04999999999995,0.15
2015-07-19 23:00:00,0.55,100180.0,290.65,0.15
2015-07-19 23:15:00,0.7,100190.0,290.65,0.15
2015-07-19 23:30:00,0.95,100195.0,290.65,0.15
2015-07-19 23:45:00,0.8,100190.0,290.65,0.15
2015-07-20 00:00:00,0.8,100195.0,290.4,0.15
2015-07-20 00:15:00,0.8,100190.0,290.54999999999995,0.15
2015-07-20 00:30:00,1.15,100190.0,290.45,0.15
2015-07-20 00:45:00,1.0,100180.0,290.35,0.15
2015-07-20 01:00:00,1.2,100180.0,289.85,0.15
2015-07-20 01:15:00,1.2,100200.0,289.45,0.15
2015-07-20 01:30:00,1.4,100200.0,290.1,0.15
2015-07-20 01:45:00,1.4,100200.0,289.65,0.15
2015-07-20 02:00:00,0.95,100200.0,289.95,0.15
2015-07-20 02:15:00,0.4,100200.0,290.15,0.15
2015-07-20 02:30:00,1.3,100200.0,290.04999999999995,0.15
2015-07-20 02:45:00,1.4,100190.0,289.65,0.15
2015-07-20 03:00:00,1.35,100190.0,289.35,0.15
2015-07-20 03:15:00,1.2,100190.0,288.45,0.15
2015-07-20 03:30:00,1.5,100190.0,289.0,0.15
2015-07-20 03:45:00,1.8,100190.0,288.75,0.15
2015-07-20 04:00:00,1.65,100200.0,289.5,0.15
2015-07-20 04:15:00,1.3,100200.0,289.45,0.15
2015-07-20 04:30:00,1.25,100210.0,289.85,0.15
2015-07-20 04:45:00,1.4,100220.0,290.15,0.15
2015-07-20 05:00:00,1.4,100220.0,290.35,0.15
2015-07-20 05:15:00,1.4,100230.0,290.45,0.15
2015-07-20 05:30:00,1.35,100235.0,290.6,0.15
2015-07-20 05:45:00,1.6,100240.0,290.85,0.15
2015-07-20 06:00:00,1.7,100240.0,290.79999999999995,0.15
2015-07-20 06:15:00,1.8,100250.0,291.15,0.15
2015-07-20 06:30:00,1.8,100245.0,291.75,0.15
2015-07-20 06:45:00,1.7,100250.0,292.15,0.15
2015-07-20 07:00:00,1.95,100250.0,292.25,0.15
2015-07-20 07:15:00,2.4,100250.0,292.45,0.15
2015-07-20 07:30:00,2.3,100250.0,292.6,0.15
2015-07-20 07:45:00,2.0,100260.0,292.65,0.15
2015-07-20 08:00:00,1.55,100265.0,292.79999999999995,0.15
2015-07-20 08:15:00,1.6,100270.0,293.04999999999995,0.15
2015-07-20 08:30:00,1.9,100270.0,293.35,0.15
2015-07-20 08:45:00,1.9,100260.0,293.45,0.15
2015-07-20 09:00:00,1.65,100265.0,293.75,0.15
2015-07-20 09:15:00,2.2,100260.0,294.65,0.15
2015-07-20 09:30:00,2.25,100245.0,294.75,0.15
2015-07-20 09:45:00,2.3,100240.0,295.04999999999995,0.15
2015-07-20 10:00:00,1.95,100240.0,295.2,0.15
2015-07-20 10:15:00,1.2,100230.0,295.04999999999995,0.15
2015-07-20 10:30:00,1.5,100225.0,295.5,0.15
2015-07-20 10:45:00,2.1,100230.0,295.54999999999995,0.15
2015-07-20 11:00:00,1.6,100220.0,295.75,0.15
2015-07-20 11:15:00,1.9,100220.0,295.45,0.15
2015-07-20 11:30:00,1.65,100215.0,295.6,0.15
2015-07-20 11:45:00,1.6,100210.0,296.25,0.15
2015-07-20 12:00:00,1.5,100205.0,295.95,0.15
2015-07-20 12:15:00,1.0,100200.0,296.15,0.15
2015-07-20 12:30:00,1.2999999999999998,100190.0,296.45,0.15
2015-07-20 12:45:00,1.8,100190.0,296.35,0.15
2015-07-20 13:00:00,2.05,100195.0,296.29999999999995,0.15
2015-07-20 13:15:00,2.3,100190.0,296.15,0.15
2015-07-20 13:30:00,2.2,100195.0,295.6,0.15
2015-07-20 13:45:00,2.6,100200.0,295.45,0.15
2015-07-20 14:00:00,2.25,100190.0,295.45,0.15
2015-07-20 14:15:00,2.5,100180.0,295.95,0.15
2015-07-20 14:30:00,2.05,100175.0,296.1,0.15
2015-07-20 14:45:00,2.1,100160.0,296.25,0.15
2015-07-20 15:00:00,1.7999999999999998,100155.0,296.4,0.15
2015-07-20 15:15:00,1.7,100150.0,296.54999999999995,0.15
2015-07-20 15:30:00,2.0,100135.0,297.2,0.15
2015-07-20 15:45:00,2.1,100130.0,297.54999999999995,0.15
2015-07-20 16:00:00,2.05,100115.0,297.6,0.15
2015-07-20 16:15:00,1.3,100110.0,297.65,0.15
2015-07-20 16:30:00,0.75,100095.0,297.7,0.15
2015-07-20 16:45:00,1.4,100100.0,296.95,0.15
2015-07-20 17:00:00,1.55,100105.0,296.9,0.15
2015-07-20 17:15:00,3.4,100120.0,296.35,0.15
2015-07-20 17:30:00,2.1500000000000004,100130.0,295.65,0.15
2015-07-20 17:45:00,1.4,100120.0,295.65,0.15
2015-07-20 18:00:00,0.95,100130.0,295.7,0.15
2015-07-20 18:15:00,1.2,100130.0,295.65,0.15
2015-07-20 18:30:00,1.15,100135.0,295.54999999999995,0.15
2015-07-20 18:45:00,1.2,100130.0,295.54999999999995,0.15
2015-07-20 19:00:00,0.95,100140.0,295.5,0.15
2015-07-20 19:15:00,1.0,100150.0,295.45,0.15
2015-07-20 19:30:00,1.5499999999999998,100160.0,295.35,0.15
2015-07-20 19:45:00,1.8,100170.0,294.95,0.15
2015-07-20 20:00:00,1.4,100185.0,294.95,0.15
2015-07-20 20:15:00,1.0,100190.0,295.04999999999995,0.15
2015-07-20 20:30:00,1.0,100205.0,295.0,0.15
2015-07-20 20:45:00,1.1,100200.0,294.85,0.15
2015-07-20 21:00:00,1.45,100210.0,294.7,0.15
2015-07-20 21:15:00,1.1,100210.0,294.85,0.15
2015-07-20 21:30:00,1.05,100225.0,295.2,0.15
2015-07-20 21:45:00,1.8,100230.0,295.54999999999995,0.15
2015-07-20 22:00:00,2.05,100230.0,295.65,0.15
2015-07-20 22:15:00,2.3,100240.0,295.54999999999995,0.15
2015-07-20 22:30:00,2.25,100230.0,295.65,0.15
2015-07-20 22:45:00,2.6,100230.0,295.65,0.15
2015-07-20 23:00:00,2.7,100230.0,295.54999999999995,0.15
2015-07-20 23:15:00,1.9,100230.0,295.85,0.15
2015-07-20 23:30:00,1.7000000000000002,100230.0,295.29999999999995,0.15
2015-07-20 23:45:00,1.9,100220.0,294.65,0.15
2015-07-21 00:00:00,1.7,100220.0,294.5,0.15
2015-07-21 00:15:00,1.8,100220.0,294.45,0.15
2015-07-21 00:30:00,2.45,100220.0,294.25,0.15
2015-07-21 00:45:00,2.5,100210.0,294.75,0.15
2015-07-21 01:00:00,2.7,100195.0,294.95,0.15
2015-07-21 01:15:00,3.0,100190.0,294.54999999999995,0.15
2015-07-21 01:30:00,2.9,100175.0,294.04999999999995,0.15
2015-07-21 01:45:00,2.9,100170.0,294.15,0.15
2015-07-21 02:00:00,2.75,100165.0,294.15,0.15
2015-07-21 02:15:00,2.8,100160.0,294.15,0.15
2015-07-21 02:30:00,2.6,100165.0,294.04999999999995,0.15
2015-07-21 02:45:00,2.8,100160.0,293.85,0.15
2015-07-21 03:00:00,2.6,100170.0,293.2,0.15
2015-07-21 03:15:00,2.2,100170.0,293.54999999999995,0.15
2015-07-21 03:30:00,2.3,100180.0,293.6,0.15
2015-07-21 03:45:00,2.9,100170.0,294.25,0.15
2015-07-21 04:00:00,3.1,100185.0,294.35,0.15
2015-07-21 04:15:00,3.2,100190.0,294.75,0.15
2015-07-21 04:30:00,3.4,100200.0,294.6,0.15
2015-07-21 04:45:00,3.6,100220.0,294.85,0.15
2015-07-21 05:00:00,3.7,100235.0,295.15,0.15
2015-07-21 05:15:00,3.5,100230.0,295.15,0.15
2015-07-21 05:30:00,3.1,100245.0,295.4,0.15
2015-07-21 05:45:00,3.2,100250.0,295.35,0.15
2015-07-21 06:00:00,3.3,100260.0,295.4,0.15
2015-07-21 06:15:00,3.0,100270.0,295.35,0.15
2015-07-21 06:30:00,2.9000000000000004,100270.0,295.4,0.15
2015-07-21 06:45:00,2.5,100290.0,295.45,0.15
2015-07-21 07:00:00,3.05,100290.0,295.5,0.15
2015-07-21 07:15:00,2.7,100300.0,295.45,0.15
2015-07-21 07:30:00,2.95,100300.0,295.7,0.15
2015-07-21 07:45:00,2.4,100310.0,295.85,0.15
2015-07-21 08:00:00,2.65,100315.0,295.79999999999995,0.15
2015-07-21 08:15:00,2.8,100320.0,296.15,0.15
2015-07-21 08:30:00,2.5,100325.0,296.5,0.15
2015-07-21 08:45:00,2.5,100310.0,297.15,0.15
2015-07-21 09:00:00,2.45,100325.0,297.85,0.15
2015-07-21 09:15:00,2.7,100310.0,298.45,0.15
2015-07-21 09:30:00,4.0,100330.0,298.35,0.15
2015-07-21 09:45:00,3.3,100330.0,299.35,0.15
2015-07-21 10:00:00,4.2,100325.0,299.1,0.15
2015-07-21 10:15:00,3.4,100320.0,299.65,0.15
2015-07-21 10:30:00,3.4,100320.0,299.85,0.15
2015-07-21 10:45:00,3.3,100310.0,299.65,0.15
2015-07-21 11:00:00,2.55,100315.0,299.1,0.15
2015-07-21 11:15:00,2.8,100320.0,299.54999999999995,0.15
2015-07-21 11:30:00,2.7,100310.0,299.5,0.15
2015-07-21 11:45:00,2.3,100310.0,300.15,0.15
2015-07-21 12:00:00,2.1,100305.0,300.15,0.15
2015-07-21 12:15:00,2.3,100310.0,299.54999999999995,0.15
2015-07-21 12:30:00,2.3,100295.0,299.75,0.15
2015-07-21 12:45:00,2.7,100290.0,299.45,0.15
2015-07-21 13:00:00,3.4000000000000004,100290.0,299.35,0.15
2015-07-21 13:15:00,3.7,100300.0,299.65,0.15
2015-07-21 13:30:00,3.85,100290.0,299.15,0.15
2015-07-21 13:45:00,3.2,100290.0,299.04999999999995,0.15
2015-07-21 14:00:00,4.3,100270.0,299.6,0.15
2015-07-21 14:15:00,4.1,100270.0,299.45,0.15
2015-07-21 14:30:00,3.1,100270.0,299.5,0.15
2015-07-21 14:45:00,3.0,100260.0,299.95,0.15
2015-07-21 15:00:00,2.85,100270.0,299.54999999999995,0.15
2015-07-21 15:15:00,2.8,100260.0,300.15,0.15
2015-07-21 15:30:00,2.95,100250.0,300.04999999999995,0.15
2015-07-21 15:45:00,2.7,100250.0,299.65,0.15
2015-07-21 16:00:00,2.85,100245.0,299.75,0.15
2015-07-21 16:15:00,2.7,100230.0,299.75,0.15
2015-07-21 16:30:00,2.0,100215.0,300.0,0.15
2015-07-21 16:45:00,1.9,100210.0,299.95,0.15
2015-07-21 17:00:00,0.8,100205.0,300.04999999999995,0.15
2015-07-21 17:15:00,1.4,100200.0,299.54999999999995,0.15
2015-07-21 17:30:00,2.1500000000000004,100195.0,299.85,0.15
2015-07-21 17:45:00,1.5,100210.0,299.65,0.15
2015-07-21 18:00:00,1.6,100210.0,299.2,0.15
2015-07-21 18:15:00,1.9,100210.0,298.85,0.15
2015-07-21 18:30:00,1.65,100205.0,298.5,0.15
2015-07-21 18:45:00,2.0,100210.0,298.15,0.15
2015-07-21 19:00:00,1.4,100210.0,297.5,0.15
2015-07-21 19:15:00,1.6,100220.0,296.85,0.15
2015-07-21 19:30:00,0.85,100245.0,296.25,0.15
2015-07-21 19:45:00,0.5,100260.0,295.65,0.15
2015-07-21 20:00:00,1.25,100280.0,295.45,0.15
2015-07-21 20:15:00,1.2,100290.0,295.25,0.15
2015-07-21 20:30:00,1.25,100300.0,295.04999999999995,0.15
2015-07-21 20:45:00,1.8,100310.0,294.65,0.15
2015-07-21 21:00:00,1.7999999999999998,100310.0,294.79999999999995,0.15
2015-07-21 21:15:00,1.5,100320.0,294.75,0.15
2015-07-21 21:30:00,1.6,100310.0,294.79999999999995,0.15
2015-07-21 21:45:00,1.9,100310.0,294.35,0.15
2015-07-21 22:00:00,1.9,100310.0,293.85,0.15
2015-07-21 22:15:00,1.4,100310.0,293.95,0.15
2015-07-21 22:30:00,1.95,100305.0,293.1,0.15
2015-07-21 22:45:00,1.7,100300.0,293.15,0.15
2015-07-21 23:00:00,1.55,100295.0,293.2,0.15
2015-07-21 23:15:00,0.9,100290.0,293.15,0.15
2015-07-21 23:30:00,1.4500000000000002,100280.0,293.1,0.15
2015-07-21 23:45:00,1.7,100270.0,293.15,0.15
2015-07-22 00:00:00,1.3,100260.0,293.2,0.15
2015-07-22 00:15:00,1.4,100250.0,293.15,0.15
2015-07-22 00:30:00,1.2000000000000002,100255.0,293.04999999999995,0.15
2015-07-22 00:45:00,0.9,100260.0,292.95,0.15
2015-07-22 01:00:00,1.2000000000000002,100270.0,292.95,0.15
2015-07-22 01:15:00,1.0,100270.0,292.75,0.15
2015-07-22 01:30:00,1.1,100265.0,292.7,0.15
2015-07-22 01:45:00,1.2,100250.0,292.35,0.15
2015-07-22 02:00:00,2.1,100240.0,292.65,0.15
2015-07-22 02:15:00,2.1,100250.0,292.45,0.15
2015-07-22 02:30:00,2.0,100250.0,292.45,0.15
2015-07-22 02:45:00,1.8,100250.0,291.54999999999995,0.15
2015-07-22 03:00:00,1.7,100255.0,291.79999999999995,0.15
2015-07-22 03:15:00,0.9,100260.0,292.25,0.15
2015-07-22 03:30:00,1.5499999999999998,100250.0,292.35,0.15
2015-07-22 03:45:00,1.4,100260.0,292.45,0.15
2015-07-22 04:00:00,0.95,100270.0,292.7,0.15
2015-07-22 04:15:00,2.1,100310.0,292.95,0.15
2015-07-22 04:30:00,1.1,100320.0,293.25,0.15
2015-07-22 04:45:00,1.7,100320.0,293.45,0.15
2015-07-22 05:00:00,1.3,100315.0,293.54999999999995,0.15
2015-07-22 05:15:00,0.9,100300.0,293.85,0.15
2015-07-22 05:30:00,0.8500000000000001,100295.0,294.2,0.15
2015-07-22 05:45:00,0.5,100300.0,294.54999999999995,0.15
2015-07-22 06:00:00,2.1,100315.0,294.65,0.15
2015-07-22 06:15:00,2.7,100330.0,294.65,0.15
2015-07-22 06:30:00,3.4,100345.0,294.54999999999995,0.15
2015-07-22 06:45:00,3.2,100350.0,294.65,0.15
2015-07-22 07:00:00,3.0,100365.0,295.0,0.15
2015-07-22 07:15:00,3.0,100370.0,295.45,0.15
2015-07-22 07:30:00,3.25,100380.0,295.5,0.15
2015-07-22 07:45:00,3.6,100380.0,295.35,0.15
2015-07-22 08:00:00,3.1,100380.0,295.35,0.15
2015-07-22 08:15:00,2.9,100370.0,296.04999999999995,0.15
2015-07-22 08:30:00,3.2,100390.0,295.79999999999995,0.15
2015-07-22 08:45:00,2.4,100400.0,295.95,0.15
2015-07-22 09:00:00,1.75,100400.0,296.04999999999995,0.15
2015-07-22 09:15:00,1.9,100390.0,296.45,0.15
2015-07-22 09:30:00,1.55,100385.0,296.54999999999995,0.15
2015-07-22 09:45:00,1.4,100380.0,296.54999999999995,0.15
2015-07-22 10:00:00,1.8,100370.0,297.04999999999995,0.15
2015-07-22 10:15:00,2.3,100370.0,297.75,0.15
2015-07-22 10:30:00,2.3,100365.0,297.65,0.15
2015-07-22 10:45:00,2.7,100360.0,297.75,0.15
2015-07-22 11:00:00,1.5499999999999998,100360.0,298.35,0.15
2015-07-22 11:15:00,2.7,100350.0,298.54999999999995,0.15
2015-07-22 11:30:00,2.9,100340.0,299.04999999999995,0.15
2015-07-22 11:45:00,3.1,100320.0,299.35,0.15
2015-07-22 12:00:00,3.1500000000000004,100310.0,299.45,0.15
2015-07-22 12:15:00,3.4,100290.0,299.75,0.15
2015-07-22 12:30:00,3.4000000000000004,100290.0,299.65,0.15
2015-07-22 12:45:00,2.9,100280.0,299.65,0.15
2015-07-22 13:00:00,3.9,100270.0,299.54999999999995,0.15
2015-07-22 13:15:00,3.8,100270.0,298.85,0.15
2015-07-22 13:30:00,3.1,100270.0,299.15,0.15
2015-07-22 13:45:00,4.8,100270.0,299.45,0.15
2015-07-22 14:00:00,4.35,100255.0,300.1,0.15
2015-07-22 14:15:00,4.1,100240.0,299.85,0.15
2015-07-22 14:30:00,4.7,100230.0,300.35,0.15
2015-07-22 14:45:00,4.1,100230.0,300.85,0.15
2015-07-22 15:00:00,4.65,100215.0,299.75,0.15
2015-07-22 15:15:00,5.6,100220.0,299.45,0.15
2015-07-22 15:30:00,4.65,100205.0,299.04999999999995,0.15
2015-07-22 15:45:00,5.0,100200.0,299.25,0.15
2015-07-22 16:00:00,5.15,100215.0,299.2,0.15
2015-07-22 16:15:00,4.8,100220.0,299.04999999999995,0.15
2015-07-22 16:30:00,4.3,100225.0,299.6,0.15
2015-07-22 16:45:00,4.5,100230.0,298.85,0.15
2015-07-22 17:00:00,4.85,100230.0,299.1,0.15
2015-07-22 17:15:00,4.9,100240.0,298.75,0.15
2015-07-22 17:30:00,4.75,100230.0,298.35,0.15
2015-07-22 17:45:00,5.8,100220.0,298.54999999999995,0.15
2015-07-22 18:00:00,5.15,100235.0,298.35,0.15
2015-07-22 18:15:00,5.3,100250.0,297.35,0.15
2015-07-22 18:30:00,5.449999999999999,100275.0,297.15,0.15
2015-07-22 18:45:00,4.9,100280.0,296.95,0.15
2015-07-22 19:00:00,5.6,100320.0,296.35,0.15
2015-07-22 19:15:00,4.6,100340.0,295.85,0.15
2015-07-22 19:30:00,4.1,100365.0,295.15,0.15
2015-07-22 19:45:00,3.7,100370.0,294.35,0.15
2015-07-22 20:00:00,2.5,100375.0,294.6,0.15
2015-07-22 20:15:00,2.5,100380.0,294.45,0.15
2015-07-22 20:30:00,2.25,100375.0,294.0,0.15
2015-07-22 20:45:00,0.9,100390.0,293.35,0.15
2015-07-22 21:00:00,1.4,100385.0,292.54999999999995,0.15
2015-07-22 21:15:00,1.0,100380.0,291.75,0.15
2015-07-22 21:30:00,1.15,100380.0,291.54999999999995,0.15
2015-07-22 21:45:00,1.2,100390.0,291.35,0.15
2015-07-22 22:00:00,1.4,100395.0,291.0,0.15
2015-07-22 22:15:00,1.1,100410.0,290.85,0.15
2015-07-22 22:30:00,0.7,100410.0,290.35,0.15
2015-07-22 22:45:00,0.4,100420.0,290.35,0.15
2015-07-22 23:00:00,0.9,100415.0,290.6,0.15
2015-07-22 23:15:00,0.9,100410.0,290.95,0.15
2015-07-22 23:30:00,0.55,100420.0,291.25,0.15
2015-07-22 23:45:00,0.8,100430.0,291.35,0.15
2015-07-23 00:00:00,0.8500000000000001,100415.0,291.35,0.15
2015-07-23 00:15:00,1.6,100430.0,291.25,0.15
2015-07-23 00:30:00,1.45,100430.0,291.65,0.15
2015-07-23 00:45:00,2.2,100440.0,291.45,0.15
2015-07-23 01:00:00,3.7,100450.0,291.95,0.15
2015-07-23 01:15:00,3.5,100460.0,292.25,0.15
2015-07-23 01:30:00,3.45,100460.0,292.35,0.15
2015-07-23 01:45:00,3.2,100470.0,292.04999999999995,0.15
2015-07-23 02:00:00,3.4,100465.0,291.9,0.15
2015-07-23 02:15:00,3.5,100470.0,291.95,0.15
2015-07-23 02:30:00,3.55,100490.0,291.5,0.15
2015-07-23 02:45:00,3.4,100490.0,290.95,0.15
2015-07-23 03:00:00,2.45,100495.0,290.5,0.15
2015-07-23 03:15:00,1.8,100500.0,289.35,0.15
2015-07-23 03:30:00,2.05,100520.0,288.79999999999995,0.15
2015-07-23 03:45:00,2.2,100530.0,288.65,0.15
2015-07-23 04:00:00,1.9,100530.0,288.7,0.15
2015-07-23 04:15:00,1.8,100530.0,289.15,0.15
2015-07-23 04:30:00,2.3,100540.0,289.1,0.15
2015-07-23 04:45:00,2.6,100540.0,289.85,0.15
2015-07-23 05:00:00,2.2,100560.0,290.15,0.15
2015-07-23 05:15:00,2.4,100570.0,290.54999999999995,0.15
2015-07-23 05:30:00,1.95,100580.0,290.95,0.15
2015-07-23 05:45:00,2.6,100580.0,291.15,0.15
2015-07-23 06:00:00,2.7,100595.0,291.75,0.15
2015-07-23 06:15:00,2.0,100600.0,291.95,0.15
2015-07-23 06:30:00,2.35,100615.0,291.45,0.15
2015-07-23 06:45:00,2.3,100630.0,291.45,0.15
2015-07-23 07:00:00,2.25,100630.0,291.95,0.15
2015-07-23 07:15:00,2.3,100640.0,292.15,0.15
2015-07-23 07:30:00,2.4,100650.0,292.6,0.15
2015-07-23 07:45:00,2.3,100640.0,293.25,0.15
2015-07-23 08:00:00,1.95,100645.0,293.04999999999995,0.15
2015-07-23 08:15:00,1.7,100660.0,293.15,0.15
2015-07-23 08:30:00,1.65,100650.0,293.5,0.15
2015-07-23 08:45:00,2.0,100660.0,293.15,0.15
2015-07-23 09:00:00,2.2,100660.0,294.15,0.15
2015-07-23 09:15:00,1.8,100650.0,295.04999999999995,0.15
2015-07-23 09:30:00,2.2,100650.0,294.7,0.15
2015-07-23 09:45:00,2.0,100640.0,293.45,0.15
2015-07-23 10:00:00,2.25,100625.0,294.6,0.15
2015-07-23 10:15:00,1.6,100630.0,295.25,0.15
2015-07-23 10:30:00,2.6,100605.0,295.45,0.15
2015-07-23 10:45:00,1.5,100600.0,296.45,0.15
2015-07-23 11:00:00,3.2,100585.0,295.79999999999995,0.15
2015-07-23 11:15:00,3.4,100570.0,296.35,0.15
2015-07-23 11:30:00,2.8,100570.0,295.6,0.15
2015-07-23 11:45:00,2.7,100570.0,295.35,0.15
2015-07-23 12:00:00,3.1500000000000004,100565.0,296.45,0.15
2015-07-23 12:15:00,4.5,100560.0,297.25,0.15
2015-07-23 12:30:00,3.65,100555.0,296.25,0.15
2015-07-23 12:45:00,3.6,100550.0,297.95,0.15
2015-07-23 13:00:00,3.25,100540.0,296.85,0.15
2015-07-23 13:15:00,3.4,100530.0,297.04999999999995,0.15
2015-07-23 13:30:00,3.85,100515.0,296.5,0.15
2015-07-23 13:45:00,3.3,100500.0,297.15,0.15
2015-07-23 14:00:00,3.45,100495.0,297.45,0.15
2015-07-23 14:15:00,3.3,100490.0,296.54999999999995,0.15
2015-07-23 14:30:00,2.0,100490.0,296.79999999999995,0.15
2015-07-23 14:45:00,3.5,100490.0,297.35,0.15
2015-07-23 15:00:00,2.6,100470.0,297.65,0.15
2015-07-23 15:15:00,2.4,100450.0,297.85,0.15
2015-07-23 15:30:00,2.75,100445.0,297.15,0.15
2015-07-23 15:45:00,2.4,100440.0,297.04999999999995,0.15
2015-07-23 16:00:00,2.95,100420.0,297.6,0.15
2015-07-23 16:15:00,2.8,100410.0,296.75,0.15
2015-07-23 16:30:00,2.6,100415.0,296.5,0.15
2015-07-23 16:45:00,3.7,100410.0,296.15,0.15
2015-07-23 17:00:00,4.45,100410.0,296.29999999999995,0.15
2015-07-23 17:15:00,4.1,100410.0,295.85,0.15
2015-07-23 17:30:00,3.85,100400.0,295.7,0.15
2015-07-23 17:45:00,3.5,100410.0,294.85,0.15
2015-07-23 18:00:00,3.8,100420.0,294.45,0.15
2015-07-23 18:15:00,3.5,100420.0,294.45,0.15
2015-07-23 18:30:00,2.9,100430.0,293.95,0.15
2015-07-23 18:45:00,3.1,100430.0,293.45,0.15
2015-07-23 19:00:00,2.65,100430.0,293.25,0.15
2015-07-23 19:15:00,2.2,100430.0,293.04999999999995,0.15
2015-07-23 19:30:00,2.3,100435.0,292.54999999999995,0.15
2015-07-23 19:45:00,2.3,100460.0,291.45,0.15
2015-07-23 20:00:00,1.75,100475.0,291.6,0.15
2015-07-23 20:15:00,1.6,100490.0,292.04999999999995,0.15
2015-07-23 20:30:00,1.2,100485.0,292.15,0.15
2015-07-23 20:45:00,1.1,100490.0,291.65,0.15
2015-07-23 21:00:00,1.2,100480.0,291.04999999999995,0.15
2015-07-23 21:15:00,1.8,100470.0,289.95,0.15
2015-07-23 21:30:00,1.75,100460.0,290.04999999999995,0.15
2015-07-23 21:45:00,1.7,100460.0,288.54999999999995,0.15
2015-07-23 22:00:00,2.1,100445.0,289.65,0.15
2015-07-23 22:15:00,1.7,100440.0,288.85,0.15
2015-07-23 22:30:00,1.85,100440.0,288.54999999999995,0.15
2015-07-23 22:45:00,1.9,100450.0,288.04999999999995,0.15
2015-07-23 23:00:00,1.2000000000000002,100450.0,288.4,0.15
2015-07-23 23:15:00,0.8,100440.0,288.35,0.15
2015-07-23 23:30:00,0.8500000000000001,100425.0,288.75,0.15
2015-07-23 23:45:00,0.9,100420.0,287.65,0.15
2015-07-24 00:00:00,1.05,100420.0,287.04999999999995,0.15
2015-07-24 00:15:00,1.2,100410.0,287.45,0.15
2015-07-24 00:30:00,1.2000000000000002,100405.0,287.35,0.15
2015-07-24 00:45:00,1.5,100380.0,287.65,0.15
2015-07-24 01:00:00,1.15,100375.0,288.04999999999995,0.15
2015-07-24 01:15:00,1.2,100360.0,288.25,0.15
2015-07-24 01:30:00,1.05,100355.0,288.35,0.15
2015-07-24 01:45:00,0.9,100340.0,287.65,0.15
2015-07-24 02:00:00,1.2,100330.0,287.75,0.15
2015-07-24 02:15:00,1.9,100320.0,287.65,0.15
2015-07-24 02:30:00,2.05,100310.0,287.2,0.15
2015-07-24 02:45:00,1.7,100290.0,287.15,0.15
2015-07-24 03:00:00,1.6,100285.0,287.0,0.15
2015-07-24 03:15:00,1.8,100280.0,287.15,0.15
2015-07-24 03:30:00,1.8,100280.0,286.5,0.15
2015-07-24 03:45:00,1.3,100270.0,287.15,0.15
2015-07-24 04:00:00,1.5,100255.0,286.9,0.15
2015-07-24 04:15:00,2.0,100250.0,287.15,0.15
2015-07-24 04:30:00,2.3,100235.0,287.4,0.15
2015-07-24 04:45:00,1.6,100230.0,287.35,0.15
2015-07-24 05:00:00,1.1,100225.0,288.15,0.15
2015-07-24 05:15:00,1.1,100220.0,288.85,0.15
2015-07-24 05:30:00,1.1,100225.0,289.25,0.15
2015-07-24 05:45:00,0.8,100220.0,289.65,0.15
2015-07-24 06:00:00,0.75,100205.0,290.35,0.15
2015-07-24 06:15:00,1.2,100200.0,290.85,0.15
2015-07-24 06:30:00,1.3,100195.0,291.5,0.15
2015-07-24 06:45:00,1.6,100200.0,291.85,0.15
2015-07-24 07:00:00,1.25,100180.0,292.15,0.15
2015-07-24 07:15:00,1.4,100180.0,293.04999999999995,0.15
2015-07-24 07:30:00,1.65,100165.0,293.35,0.15
2015-07-24 07:45:00,1.7,100160.0,293.95,0.15
2015-07-24 08:00:00,1.5499999999999998,100155.0,294.04999999999995,0.15
2015-07-24 08:15:00,2.3,100130.0,294.35,0.15
2015-07-24 08:30:00,2.15,100115.0,295.0,0.15
2015-07-24 08:45:00,2.2,100100.0,295.95,0.15
2015-07-24 09:00:00,1.9,100090.0,295.54999999999995,0.15
2015-07-24 09:15:00,2.2,100070.0,295.54999999999995,0.15
2015-07-24 09:30:00,2.35,100065.0,295.6,0.15
2015-07-24 09:45:00,1.8,100050.0,296.25,0.15
2015-07-24 10:00:00,1.75,100020.0,297.15,0.15
2015-07-24 10:15:00,1.5,100000.0,296.75,0.15
2015-07-24 10:30:00,1.85,99980.0,297.9,0.15
2015-07-24 10:45:00,2.4,99950.0,298.54999999999995,0.15
2015-07-24 11:00:00,2.05,99935.0,298.95,0.15
2015-07-24 11:15:00,2.1,99920.0,299.54999999999995,0.15
2015-07-24 11:30:00,2.15,99900.0,299.9,0.15
2015-07-24 11:45:00,1.5,99880.0,300.04999999999995,0.15
2015-07-24 12:00:00,2.45,99850.0,300.45,0.15
2015-07-24 12:15:00,2.7,99820.0,301.04999999999995,0.15
2015-07-24 12:30:00,1.2000000000000002,99800.0,300.7,0.15
2015-07-24 12:45:00,2.0,99760.0,301.25,0.15
2015-07-24 13:00:00,2.3,99745.0,301.0,0.15
2015-07-24 13:15:00,2.3,99730.0,300.85,0.15
2015-07-24 13:30:00,2.5,99705.0,301.15,0.15
2015-07-24 13:45:00,3.1,99690.0,300.65,0.15
2015-07-24 14:00:00,2.35,99670.0,301.0,0.15
2015-07-24 14:15:00,2.5,99640.0,300.75,0.15
2015-07-24 14:30:00,3.35,99635.0,300.6,0.15
2015-07-24 14:45:00,3.4,99610.0,300.15,0.15
2015-07-24 15:00:00,3.5,99585.0,299.9,0.15
2015-07-24 15:15:00,2.9,99550.0,299.85,0.15
2015-07-24 15:30:00,2.7,99530.0,299.85,0.15
2015-07-24 15:45:00,3.0,99510.0,299.65,0.15
2015-07-24 16:00:00,2.95,99485.0,299.35,0.15
2015-07-24 16:15:00,2.7,99480.0,299.25,0.15
2015-07-24 16:30:00,2.75,99450.0,299.35,0.15
2015-07-24 16:45:00,3.0,99430.0,299.45,0.15
2015-07-24 17:00:00,2.9000000000000004,99395.0,299.45,0.15
2015-07-24 17:15:00,2.9,99380.0,299.54999999999995,0.15
2015-07-24 17:30:00,2.55,99370.0,299.35,0.15
2015-07-24 17:45:00,2.2,99370.0,299.15,0.15
2015-07-24 18:00:00,1.6,99360.0,299.0,0.15
2015-07-24 18:15:00,1.4,99340.0,298.85,0.15
2015-07-24 18:30:00,2.35,99315.0,298.85,0.15
2015-07-24 18:45:00,2.8,99290.0,298.85,0.15
2015-07-24 19:00:00,2.65,99270.0,298.7,0.15
2015-07-24 19:15:00,2.8,99250.0,298.45,0.15
2015-07-24 19:30:00,2.45,99235.0,298.4,0.15
2015-07-24 19:45:00,1.9,99220.0,298.15,0.15
2015-07-24 20:00:00,1.75,99195.0,298.29999999999995,0.15
2015-07-24 20:15:00,0.6,99180.0,297.95,0.15
2015-07-24 20:30:00,2.65,99225.0,297.0,0.15
2015-07-24 20:45:00,9.3,99350.0,294.15,0.15
2015-07-24 21:00:00,6.7,99440.0,293.1,0.15
2015-07-24 21:15:00,4.6,99420.0,292.04999999999995,0.15
2015-07-24 21:30:00,2.65,99400.0,292.29999999999995,0.15
2015-07-24 21:45:00,2.0,99350.0,292.04999999999995,0.15
2015-07-24 22:00:00,2.6500000000000004,99260.0,291.75,0.15
2015-07-24 22:15:00,2.8,99210.0,291.65,0.15
2015-07-24 22:30:00,3.0,99225.0,291.7,0.15
2015-07-24 22:45:00,3.6,99200.0,291.75,0.15
2015-07-24 23:00:00,3.55,99160.0,291.85,0.15
2015-07-24 23:15:00,3.8,99140.0,291.65,0.15
2015-07-24 23:30:00,2.25,99155.0,291.79999999999995,0.15
2015-07-24 23:45:00,2.4,99130.0,291.54999999999995,0.15
2015-07-25 00:00:00,1.8,99130.0,291.25,0.15
2015-07-25 00:15:00,1.7,99100.0,291.45,0.15
2015-07-25 00:30:00,2.45,99115.0,291.5,0.15
2015-07-25 00:45:00,3.2,99110.0,291.35,0.15
2015-07-25 01:00:00,3.6,99095.0,291.85,0.15
2015-07-25 01:15:00,3.8,99060.0,291.65,0.15
2015-07-25 01:30:00,3.1,99065.0,290.85,0.15
2015-07-25 01:45:00,3.8,99070.0,291.35,0.15
2015-07-25 02:00:00,3.8,99065.0,291.4,0.15
2015-07-25 02:15:00,3.9,99060.0,291.54999999999995,0.15
2015-07-25 02:30:00,3.35,99050.0,290.95,0.15
2015-07-25 02:45:00,3.0,99020.0,291.25,0.15
2015-07-25 03:00:00,2.45,99030.0,291.1,0.15
2015-07-25 03:15:00,2.3,99050.0,290.75,0.15
2015-07-25 03:30:00,3.1,99030.0,291.25,0.15
2015-07-25 03:45:00,3.0,99030.0,291.04999999999995,0.15
2015-07-25 04:00:00,4.05,99025.0,291.29999999999995,0.15
2015-07-25 04:15:00,4.1,99020.0,291.35,0.15
2015-07-25 04:30:00,4.0,99000.0,291.25,0.15
2015-07-25 04:45:00,3.8,98980.0,291.65,0.15
2015-07-25 05:00:00,3.5,98970.0,291.95,0.15
2015-07-25 05:15:00,3.5,98950.0,292.54999999999995,0.15
2015-07-25 05:30:00,3.65,98945.0,292.79999999999995,0.15
2015-07-25 05:45:00,4.7,98950.0,293.35,0.15
2015-07-25 06:00:00,6.3,98955.0,293.4,0.15
2015-07-25 06:15:00,5.9,98970.0,292.95,0.15
2015-07-25 06:30:00,6.75,98980.0,292.85,0.15
2015-07-25 06:45:00,7.8,99000.0,292.95,0.15
2015-07-25 07:00:00,6.9,98980.0,293.1,0.15
2015-07-25 07:15:00,7.4,98970.0,293.25,0.15
2015-07-25 07:30:00,7.300000000000001,98965.0,293.7,0.15
2015-07-25 07:45:00,8.3,98970.0,293.04999999999995,0.15
2015-07-25 08:00:00,7.8,98990.0,292.54999999999995,0.15
2015-07-25 08:15:00,5.4,99020.0,292.45,0.15
2015-07-25 08:30:00,6.95,99060.0,291.35,0.15
2015-07-25 08:45:00,5.3,99080.0,290.65,0.15
2015-07-25 09:00:00,5.6,99080.0,291.45,0.15
2015-07-25 09:15:00,7.2,99110.0,292.35,0.15
2015-07-25 09:30:00,8.1,99145.0,292.95,0.15
2015-07-25 09:45:00,8.6,99170.0,292.65,0.15
2015-07-25 10:00:00,9.6,99220.0,291.15,0.15
2015-07-25 10:15:00,10.0,99320.0,290.15,0.15
2015-07-25 10:30:00,9.55,99350.0,290.45,0.15
2015-07-25 10:45:00,8.4,99390.0,290.85,0.15
2015-07-25 11:00:00,8.3,99405.0,291.5,0.15
2015-07-25 11:15:00,9.4,99420.0,291.25,0.15
2015-07-25 11:30:00,10.0,99450.0,291.15,0.15
2015-07-25 11:45:00,10.9,99480.0,292.15,0.15
2015-07-25 12:00:00,12.05,99520.0,291.35,0.15
2015-07-25 12:15:00,11.2,99570.0,290.95,0.15
2015-07-25 12:30:00,10.95,99620.0,290.95,0.15
2015-07-25 12:45:00,10.7,99640.0,290.85,0.15
2015-07-25 13:00:00,9.25,99665.0,290.29999999999995,0.15
2015-07-25 13:15:00,9.2,99710.0,290.35,0.15
2015-07-25 13:30:00,10.75,99755.0,289.79999999999995,0.15
2015-07-25 13:45:00,9.7,99780.0,289.75,0.15
2015-07-25 14:00:00,8.100000000000001,99810.0,289.25,0.15
2015-07-25 14:15:00,7.5,99840.0,288.45,0.15
2015-07-25 14:30:00,8.350000000000001,99905.0,288.6,0.15
2015-07-25 14:45:00,7.4,99940.0,288.45,0.15
2015-07-25 15:00:00,8.85,99960.0,289.0,0.15
2015-07-25 15:15:00,8.2,99970.0,288.75,0.15
2015-07-25 15:30:00,7.85,99985.0,289.0,0.15
2015-07-25 15:45:00,10.0,100000.0,288.95,0.15
2015-07-25 16:00:00,8.7,100015.0,289.45,0.15
2015-07-25 16:15:00,8.4,100030.0,289.35,0.15
2015-07-25 16:30:00,8.3,100060.0,289.4,0.15
2015-07-25 16:45:00,6.5,100090.0,289.35,0.15
2015-07-25 17:00:00,7.75,100120.0,289.45,0.15
2015-07-25 17:15:00,7.5,100140.0,289.04999999999995,0.15
2015-07-25 17:30:00,9.1,100170.0,289.29999999999995,0.15
2015-07-25 17:45:00,6.9,100190.0,289.04999999999995,0.15
2015-07-25 18:00:00,6.449999999999999,100215.0,289.0,0.15
2015-07-25 18:15:00,6.2,100240.0,288.75,0.15
2015-07-25 18:30:00,5.6,100265.0,288.6,0.15
2015-07-25 18:45:00,6.1,100300.0,288.15,0.15
2015-07-25 19:00:00,4.8,100320.0,287.9,0.15
2015-07-25 19:15:00,4.4,100350.0,287.75,0.15
2015-07-25 19:30:00,4.15,100365.0,287.65,0.15
2015-07-25 19:45:00,4.0,100380.0,287.35,0.15
2015-07-25 20:00:00,4.550000000000001,100410.0,287.4,0.15
2015-07-25 20:15:00,4.5,100430.0,287.45,0.15
2015-07-25 20:30:00,3.85,100440.0,286.95,0.15
2015-07-25 20:45:00,3.8,100440.0,286.85,0.15
2015-07-25 21:00:00,3.25,100460.0,286.4,0.15
2015-07-25 21:15:00,2.7,100470.0,286.54999999999995,0.15
2015-07-25 21:30:00,3.2,100490.0,286.25,0.15
2015-07-25 21:45:00,2.8,100510.0,286.04999999999995,0.15
2015-07-25 22:00:00,2.5,100510.0,286.25,0.15
2015-07-25 22:15:00,2.3,100520.0,286.15,0.15
2015-07-25 22:30:00,2.9000000000000004,100530.0,286.15,0.15
2015-07-25 22:45:00,3.1,100530.0,285.65,0.15
2015-07-25 23:00:00,2.55,100540.0,285.7,0.15
2015-07-25 23:15:00,2.5,100540.0,285.45,0.15
2015-07-25 23:30:00,2.55,100540.0,285.15,0.15
2015-07-25 23:45:00,2.3,100540.0,284.95,0.15
2015-07-26 00:00:00,2.4,100530.0,284.9,0.15
2015-07-26 00:15:00,1.8,100540.0,284.54999999999995,0.15
2015-07-26 00:30:00,1.7999999999999998,100525.0,284.25,0.15
2015-07-26 00:45:00,1.4,100510.0,284.04999999999995,0.15
2015-07-26 01:00:00,1.4,100505.0,283.7,0.15
2015-07-26 01:15:00,1.7,100510.0,283.75,0.15
2015-07-26 01:30:00,1.8,100515.0,283.1,0.15
2015-07-26 01:45:00,1.7,100520.0,283.35,0.15
2015-07-26 02:00:00,1.2,100520.0,283.29999999999995,0.15
2015-07-26 02:15:00,0.6,100520.0,283.15,0.15
2015-07-26 02:30:00,0.8500000000000001,100510.0,283.1,0.15
2015-07-26 02:45:00,1.0,100510.0,282.85,0.15
2015-07-26 03:00:00,1.15,100515.0,282.79999999999995,0.15
2015-07-26 03:15:00,1.0,100530.0,282.85,0.15
2015-07-26 03:30:00,0.9,100540.0,283.2,0.15
2015-07-26 03:45:00,0.8,100530.0,282.95,0.15
2015-07-26 04:00:00,1.55,100525.0,282.79999999999995,0.15
2015-07-26 04:15:00,1.6,100520.0,282.35,0.15
2015-07-26 04:30:00,2.0,100510.0,282.85,0.15
2015-07-26 04:45:00,1.8,100510.0,283.75,0.15
2015-07-26 05:00:00,1.85,100510.0,284.0,0.15
2015-07-26 05:15:00,1.9,100510.0,284.45,0.15
2015-07-26 05:30:00,1.55,100510.0,284.95,0.15
2015-07-26 05:45:00,1.7,100500.0,285.65,0.15
2015-07-26 06:00:00,1.85,100490.0,286.2,0.15
2015-07-26 06:15:00,2.5,100500.0,287.04999999999995,0.15
2015-07-26 06:30:00,2.2,100505.0,287.7,0.15
2015-07-26 06:45:00,1.9,100510.0,288.25,0.15
2015-07-26 07:00:00,2.25,100475.0,288.95,0.15
2015-07-26 07:15:00,2.4,100450.0,289.45,0.15
2015-07-26 07:30:00,2.4,100430.0,289.79999999999995,0.15
2015-07-26 07:45:00,2.5,100410.0,290.45,0.15
2015-07-26 08:00:00,2.45,100400.0,290.9,0.15
2015-07-26 08:15:00,2.4,100400.0,291.45,0.15
2015-07-26 08:30:00,2.35,100385.0,291.54999999999995,0.15
2015-07-26 08:45:00,3.3,100390.0,292.45,0.15
2015-07-26 09:00:00,3.25,100365.0,292.45,0.15
2015-07-26 09:15:00,3.3,100330.0,292.85,0.15
2015-07-26 09:30:00,3.85,100295.0,293.1,0.15
2015-07-26 09:45:00,3.8,100260.0,293.04999999999995,0.15
2015-07-26 10:00:00,4.25,100245.0,293.5,0.15
2015-07-26 10:15:00,3.7,100210.0,293.75,0.15
2015-07-26 10:30:00,3.45,100195.0,293.75,0.15
2015-07-26 10:45:00,4.6,100180.0,294.15,0.15
2015-07-26 11:00:00,3.65,100150.0,293.6,0.15
2015-07-26 11:15:00,3.5,100120.0,294.85,0.15
2015-07-26 11:30:00,4.15,100105.0,294.95,0.15
2015-07-26 11:45:00,4.6,100070.0,294.85,0.15
2015-07-26 12:00:00,4.550000000000001,100045.0,295.9,0.15
2015-07-26 12:15:00,5.3,100000.0,295.85,0.15
2015-07-26 12:30:00,4.800000000000001,99975.0,295.15,0.15
2015-07-26 12:45:00,3.1,99950.0,295.25,0.15
2015-07-26 13:00:00,3.95,99945.0,296.15,0.15
2015-07-26 13:15:00,2.8,99910.0,295.25,0.15
2015-07-26 13:30:00,4.1,99865.0,295.7,0.15
2015-07-26 13:45:00,2.6,99820.0,295.75,0.15
2015-07-26 14:00:00,3.8,99800.0,295.54999999999995,0.15
2015-07-26 14:15:00,4.3,99780.0,295.54999999999995,0.15
2015-07-26 14:30:00,4.699999999999999,99750.0,295.65,0.15
2015-07-26 14:45:00,4.4,99730.0,295.35,0.15
2015-07-26 15:00:00,4.15,99710.0,295.4,0.15
2015-07-26 15:15:00,4.3,99690.0,295.35,0.15
2015-07-26 15:30:00,3.85,99685.0,295.29999999999995,0.15
2015-07-26 15:45:00,4.1,99670.0,294.95,0.15
2015-07-26 16:00:00,3.95,99670.0,294.7,0.15
2015-07-26 16:15:00,4.7,99680.0,293.85,0.15
2015-07-26 16:30:00,3.55,99675.0,293.6,0.15
2015-07-26 16:45:00,5.2,99670.0,293.04999999999995,0.15
2015-07-26 17:00:00,4.25,99680.0,292.15,0.15
2015-07-26 17:15:00,3.5,99670.0,291.35,0.15
2015-07-26 17:30:00,3.4000000000000004,99665.0,290.45,0.15
2015-07-26 17:45:00,2.6,99650.0,289.45,0.15
2015-07-26 18:00:00,2.05,99665.0,289.15,0.15
2015-07-26 18:15:00,1.2,99650.0,288.85,0.15
2015-07-26 18:30:00,2.05,99610.0,288.75,0.15
2015-07-26 18:45:00,2.7,99590.0,288.65,0.15
2015-07-26 19:00:00,2.95,99575.0,288.5,0.15
2015-07-26 19:15:00,2.8,99570.0,288.54999999999995,0.15
2015-07-26 19:30:00,2.8,99550.0,288.45,0.15
2015-07-26 19:45:00,3.3,99530.0,288.45,0.15
2015-07-26 20:00:00,2.3,99525.0,288.5,0.15
2015-07-26 20:15:00,2.8,99510.0,288.15,0.15
2015-07-26 20:30:00,2.75,99485.0,288.2,0.15
2015-07-26 20:45:00,3.1,99470.0,288.15,0.15
2015-07-26 21:00:00,3.45,99440.0,288.15,0.15
2015-07-26 21:15:00,3.5,99420.0,288.04999999999995,0.15
2015-07-26 21:30:00,3.7,99380.0,288.0,0.15
2015-07-26 21:45:00,3.9,99350.0,287.95,0.15
2015-07-26 22:00:00,4.15,99315.0,288.0,0.15
2015-07-26 22:15:00,4.5,99280.0,288.04999999999995,0.15
2015-07-26 22:30:00,4.35,99270.0,288.15,0.15
2015-07-26 22:45:00,3.4,99270.0,287.65,0.15
2015-07-26 23:00:00,3.2,99235.0,287.5,0.15
2015-07-26 23:15:00,3.0,99230.0,287.35,0.15
2015-07-26 23:30:00,3.4,99215.0,287.29999999999995,0.15
2015-07-26 23:45:00,3.8,99200.0,287.54999999999995,0.15
2015-07-27 00:00:00,4.05,99165.0,287.79999999999995,0.15
2015-07-27 00:15:00,3.8,99150.0,288.15,0.15
2015-07-27 00:30:00,4.1,99120.0,288.25,0.15
2015-07-27 00:45:00,3.5,99100.0,288.04999999999995,0.15
2015-07-27 01:00:00,3.1500000000000004,99100.0,288.1,0.15
2015-07-27 01:15:00,3.3,99090.0,287.75,0.15
2015-07-27 01:30:00,3.5,99085.0,287.95,0.15
2015-07-27 01:45:00,3.3,99080.0,287.65,0.15
2015-07-27 02:00:00,2.9,99055.0,287.5,0.15
2015-07-27 02:15:00,3.0,99040.0,287.54999999999995,0.15
2015-07-27 02:30:00,3.0,99040.0,287.65,0.15
2015-07-27 02:45:00,2.9,99020.0,287.65,0.15
2015-07-27 03:00:00,2.85,99015.0,287.75,0.15
2015-07-27 03:15:00,2.5,99010.0,287.75,0.15
2015-07-27 03:30:00,2.35,99010.0,287.65,0.15
2015-07-27 03:45:00,2.7,99010.0,287.65,0.15
2015-07-27 04:00:00,2.6,99010.0,287.65,0.15
2015-07-27 04:15:00,2.5,99010.0,287.75,0.15
2015-07-27 04:30:00,2.85,99030.0,287.9,0.15
2015-07-27 04:45:00,3.1,99020.0,287.95,0.15
2015-07-27 05:00:00,3.05,99025.0,288.15,0.15
2015-07-27 05:15:00,3.0,99030.0,288.35,0.15
2015-07-27 05:30:00,2.6500000000000004,99015.0,288.4,0.15
2015-07-27 05:45:00,2.5,99020.0,288.54999999999995,0.15
2015-07-27 06:00:00,2.7,99025.0,288.65,0.15
2015-07-27 06:15:00,3.3,99020.0,289.04999999999995,0.15
2015-07-27 06:30:00,3.05,99030.0,289.1,0.15
2015-07-27 06:45:00,2.5,99030.0,289.35,0.15
2015-07-27 07:00:00,2.65,99040.0,289.5,0.15
2015-07-27 07:15:00,3.2,99040.0,289.95,0.15
2015-07-27 07:30:00,3.05,99050.0,290.4,0.15
2015-07-27 07:45:00,5.0,99060.0,290.75,0.15
2015-07-27 08:00:00,4.449999999999999,99070.0,290.79999999999995,0.15
2015-07-27 08:15:00,4.2,99080.0,290.54999999999995,0.15
2015-07-27 08:30:00,5.75,99085.0,291.25,0.15
2015-07-27 08:45:00,6.5,99100.0,291.45,0.15
2015-07-27 09:00:00,5.050000000000001,99120.0,290.54999999999995,0.15
2015-07-27 09:15:00,5.2,99110.0,290.75,0.15
2015-07-27 09:30:00,6.4,99120.0,291.2,0.15
2015-07-27 09:45:00,5.4,99120.0,291.35,0.15
2015-07-27 10:00:00,7.3,99120.0,291.65,0.15
2015-07-27 10:15:00,7.5,99140.0,291.25,0.15
2015-07-27 10:30:00,6.9,99145.0,291.1,0.15
2015-07-27 10:45:00,6.2,99150.0,291.45,0.15
2015-07-27 11:00:00,6.6,99140.0,291.75,0.15
2015-07-27 11:15:00,8.2,99140.0,291.65,0.15
2015-07-27 11:30:00,6.699999999999999,99155.0,291.7,0.15
2015-07-27 11:45:00,6.7,99160.0,291.65,0.15
2015-07-27 12:00:00,7.8,99180.0,291.95,0.15
2015-07-27 12:15:00,7.1,99170.0,292.25,0.15
2015-07-27 12:30:00,6.65,99180.0,292.6,0.15
2015-07-27 12:45:00,6.6,99190.0,292.65,0.15
2015-07-27 13:00:00,6.6,99185.0,293.2,0.15
2015-07-27 13:15:00,7.9,99190.0,293.45,0.15
2015-07-27 13:30:00,7.85,99195.0,293.15,0.15
2015-07-27 13:45:00,7.2,99200.0,293.35,0.15
2015-07-27 14:00:00,6.300000000000001,99200.0,293.4,0.15
2015-07-27 14:15:00,6.0,99180.0,294.04999999999995,0.15
2015-07-27 14:30:00,6.65,99185.0,294.7,0.15
2015-07-27 14:45:00,4.9,99180.0,294.25,0.15
2015-07-27 15:00:00,5.9,99200.0,293.35,0.15
2015-07-27 15:15:00,7.2,99240.0,292.35,0.15
2015-07-27 15:30:00,6.2,99245.0,293.15,0.15
2015-07-27 15:45:00,6.3,99240.0,293.35,0.15
2015-07-27 16:00:00,6.05,99235.0,294.45,0.15
2015-07-27 16:15:00,6.7,99210.0,294.85,0.15
2015-07-27 16:30:00,6.2,99220.0,294.54999999999995,0.15
2015-07-27 16:45:00,4.7,99210.0,293.95,0.15
2015-07-27 17:00:00,5.199999999999999,99245.0,292.04999999999995,0.15
2015-07-27 17:15:00,4.4,99280.0,290.25,0.15
2015-07-27 17:30:00,3.4000000000000004,99270.0,291.2,0.15
2015-07-27 17:45:00,3.0,99280.0,291.85,0.15
2015-07-27 18:00:00,3.85,99290.0,291.5,0.15
2015-07-27 18:15:00,5.4,99300.0,291.15,0.15
2015-07-27 18:30:00,5.1,99315.0,290.79999999999995,0.15
2015-07-27 18:45:00,3.4,99310.0,290.85,0.15
2015-07-27 19:00:00,3.55,99310.0,290.75,0.15
2015-07-27 19:15:00,3.0,99300.0,290.45,0.15
2015-07-27 19:30:00,3.3,99310.0,290.29999999999995,0.15
2015-07-27 19:45:00,2.5,99310.0,290.15,0.15
2015-07-27 20:00:00,2.8,99315.0,290.6,0.15
2015-07-27 20:15:00,2.4,99310.0,290.35,0.15
2015-07-27 20:30:00,2.65,99345.0,290.54999999999995,0.15
2015-07-27 20:45:00,2.0,99360.0,290.15,0.15
2015-07-27 21:00:00,2.6,99370.0,290.4,0.15
2015-07-27 21:15:00,3.8,99390.0,290.04999999999995,0.15
2015-07-27 21:30:00,4.25,99385.0,290.04999999999995,0.15
2015-07-27 21:45:00,5.3,99410.0,289.75,0.15
2015-07-27 22:00:00,5.3,99415.0,289.7,0.15
2015-07-27 22:15:00,4.5,99440.0,289.45,0.15
2015-07-27 22:30:00,3.1,99430.0,289.1,0.15
2015-07-27 22:45:00,2.6,99440.0,288.45,0.15
2015-07-27 23:00:00,3.9,99450.0,288.85,0.15
2015-07-27 23:15:00,5.0,99450.0,288.65,0.15
2015-07-27 23:30:00,4.15,99435.0,288.35,0.15
2015-07-27 23:45:00,3.5,99440.0,287.95,0.15
2015-07-28 00:00:00,4.800000000000001,99440.0,287.95,0.15
2015-07-28 00:15:00,4.8,99440.0,287.95,0.15
2015-07-28 00:30:00,4.4,99430.0,287.9,0.15
2015-07-28 00:45:00,4.6,99430.0,287.95,0.15
2015-07-28 01:00:00,4.35,99435.0,287.6,0.15
2015-07-28 01:15:00,3.6,99430.0,287.45,0.15
2015-07-28 01:30:00,2.9000000000000004,99430.0,286.85,0.15
2015-07-28 01:45:00,3.2,99430.0,286.75,0.15
2015-07-28 02:00:00,3.05,99420.0,287.0,0.15
2015-07-28 02:15:00,2.7,99420.0,286.65,0.15
2015-07-28 02:30:00,2.25,99410.0,286.5,0.15
2015-07-28 02:45:00,1.8,99410.0,286.04999999999995,0.15
2015-07-28 03:00:00,2.2,99410.0,286.04999999999995,0.15
2015-07-28 03:15:00,2.0,99400.0,285.85,0.15
2015-07-28 03:30:00,2.65,99410.0,285.7,0.15
2015-07-28 03:45:00,2.8,99410.0,285.85,0.15
2015-07-28 04:00:00,2.7,99410.0,285.85,0.15
2015-07-28 04:15:00,2.5,99430.0,286.35,0.15
2015-07-28 04:30:00,3.3,99435.0,286.75,0.15
2015-07-28 04:45:00,3.3,99430.0,286.85,0.15
2015-07-28 05:00:00,4.1,99430.0,287.2,0.15
2015-07-28 05:15:00,3.7,99440.0,287.35,0.15
2015-07-28 05:30:00,3.5,99465.0,287.79999999999995,0.15
2015-07-28 05:45:00,2.8,99470.0,288.04999999999995,0.15
2015-07-28 06:00:00,3.95,99480.0,288.5,0.15
2015-07-28 06:15:00,4.2,99480.0,289.04999999999995,0.15
2015-07-28 06:30:00,5.0,99480.0,289.85,0.15
2015-07-28 06:45:00,6.0,99500.0,290.15,0.15
2015-07-28 07:00:00,6.699999999999999,99520.0,290.25,0.15
2015-07-28 07:15:00,6.3,99520.0,290.25,0.15
2015-07-28 07:30:00,7.2,99535.0,290.45,0.15
2015-07-28 07:45:00,6.5,99540.0,290.45,0.15
2015-07-28 08:00:00,7.65,99530.0,290.65,0.15
2015-07-28 08:15:00,8.6,99530.0,290.65,0.15
2015-07-28 08:30:00,8.1,99530.0,291.04999999999995,0.15
2015-07-28 08:45:00,6.3,99540.0,291.25,0.15
2015-07-28 09:00:00,7.9,99560.0,291.5,0.15
2015-07-28 09:15:00,6.8,99570.0,291.54999999999995,0.15
2015-07-28 09:30:00,7.55,99580.0,292.1,0.15
2015-07-28 09:45:00,5.7,99570.0,292.25,0.15
2015-07-28 10:00:00,6.35,99565.0,293.2,0.15
2015-07-28 10:15:00,7.6,99570.0,293.35,0.15
2015-07-28 10:30:00,6.85,99575.0,292.79999999999995,0.15
2015-07-28 10:45:00,6.1,99580.0,292.25,0.15
2015-07-28 11:00:00,6.8,99560.0,293.0,0.15
2015-07-28 11:15:00,7.2,99550.0,293.35,0.15
2015-07-28 11:30:00,6.35,99555.0,292.65,0.15
2015-07-28 11:45:00,6.0,99570.0,292.25,0.15
2015-07-28 12:00:00,5.95,99575.0,292.0,0.15
2015-07-28 12:15:00,4.7,99570.0,293.15,0.15
2015-07-28 12:30:00,5.65,99575.0,292.04999999999995,0.15
2015-07-28 12:45:00,5.1,99590.0,292.15,0.15
2015-07-28 13:00:00,5.1,99610.0,291.25,0.15
2015-07-28 13:15:00,3.9,99620.0,291.65,0.15
2015-07-28 13:30:00,5.6,99625.0,292.29999999999995,0.15
2015-07-28 13:45:00,5.3,99640.0,291.04999999999995,0.15
2015-07-28 14:00:00,4.6,99635.0,291.35,0.15
2015-07-28 14:15:00,3.4,99620.0,291.45,0.15
2015-07-28 14:30:00,2.1,99605.0,291.65,0.15
2015-07-28 14:45:00,1.6,99600.0,291.54999999999995,0.15
2015-07-28 15:00:00,2.65,99610.0,292.25,0.15
2015-07-28 15:15:00,4.8,99610.0,292.25,0.15
2015-07-28 15:30:00,5.05,99595.0,292.5,0.15
2015-07-28 15:45:00,6.6,99610.0,292.54999999999995,0.15
2015-07-28 16:00:00,5.6,99620.0,292.4,0.15
2015-07-28 16:15:00,6.3,99620.0,292.25,0.15
2015-07-28 16:30:00,7.050000000000001,99640.0,292.04999999999995,0.15
2015-07-28 16:45:00,6.9,99640.0,291.85,0.15
2015-07-28 17:00:00,5.95,99665.0,291.7,0.15
2015-07-28 17:15:00,5.9,99670.0,291.85,0.15
2015-07-28 17:30:00,6.25,99675.0,291.7,0.15
2015-07-28 17:45:00,5.5,99680.0,291.45,0.15
2015-07-28 18:00:00,6.300000000000001,99685.0,291.25,0.15
2015-07-28 18:15:00,5.6,99690.0,291.04999999999995,0.15
2015-07-28 18:30:00,5.9,99695.0,291.04999999999995,0.15
2015-07-28 18:45:00,4.9,99700.0,290.95,0.15
2015-07-28 19:00:00,5.0,99705.0,290.79999999999995,0.15
2015-07-28 19:15:00,5.8,99720.0,290.35,0.15
2015-07-28 19:30:00,5.85,99730.0,289.95,0.15
2015-07-28 19:45:00,4.5,99730.0,289.45,0.15
2015-07-28 20:00:00,4.300000000000001,99745.0,289.0,0.15
2015-07-28 20:15:00,4.8,99760.0,288.85,0.15
2015-07-28 20:30:00,4.0,99775.0,288.4,0.15
2015-07-28 20:45:00,4.1,99780.0,288.54999999999995,0.15
2015-07-28 21:00:00,4.1,99780.0,288.2,0.15
2015-07-28 21:15:00,3.3,99780.0,287.95,0.15
2015-07-28 21:30:00,3.85,99785.0,287.79999999999995,0.15
2015-07-28 21:45:00,4.0,99790.0,287.85,0.15
2015-07-28 22:00:00,4.05,99790.0,287.65,0.15
2015-07-28 22:15:00,3.5,99790.0,287.75,0.15
2015-07-28 22:30:00,2.75,99790.0,287.04999999999995,0.15
2015-07-28 22:45:00,2.5,99790.0,286.75,0.15
2015-07-28 23:00:00,2.65,99790.0,286.45,0.15
2015-07-28 23:15:00,2.7,99790.0,286.25,0.15
2015-07-28 23:30:00,2.6,99790.0,285.95,0.15
2015-07-28 23:45:00,2.3,99780.0,285.45,0.15
2015-07-29 00:00:00,2.45,99770.0,285.95,0.15
2015-07-29 00:15:00,2.2,99780.0,286.04999999999995,0.15
2015-07-29 00:30:00,2.3,99770.0,285.29999999999995,0.15
2015-07-29 00:45:00,2.5,99770.0,286.04999999999995,0.15
2015-07-29 01:00:00,2.2,99775.0,285.85,0.15
2015-07-29 01:15:00,2.3,99790.0,285.65,0.15
2015-07-29 01:30:00,2.8,99790.0,285.29999999999995,0.15
2015-07-29 01:45:00,3.0,99780.0,285.54999999999995,0.15
2015-07-29 02:00:00,3.2,99770.0,285.45,0.15
2015-07-29 02:15:00,3.4,99770.0,285.25,0.15
2015-07-29 02:30:00,2.9,99770.0,285.29999999999995,0.15
2015-07-29 02:45:00,3.2,99770.0,285.25,0.15
2015-07-29 03:00:00,2.65,99765.0,285.6,0.15
2015-07-29 03:15:00,2.6,99760.0,285.35,0.15
2015-07-29 03:30:00,2.45,99760.0,284.95,0.15
2015-07-29 03:45:00,2.8,99760.0,284.04999999999995,0.15
2015-07-29 04:00:00,3.1,99750.0,284.6,0.15
2015-07-29 04:15:00,3.0,99760.0,285.25,0.15
2015-07-29 04:30:00,2.3,99755.0,285.6,0.15
2015-07-29 04:45:00,2.2,99750.0,285.54999999999995,0.15
2015-07-29 05:00:00,2.95,99745.0,285.6,0.15
2015-07-29 05:15:00,3.4,99730.0,285.85,0.15
2015-07-29 05:30:00,3.35,99730.0,286.2,0.15
2015-07-29 05:45:00,3.2,99730.0,286.35,0.15
2015-07-29 06:00:00,4.6,99720.0,287.1,0.15
2015-07-29 06:15:00,4.2,99710.0,287.15,0.15
2015-07-29 06:30:00,3.65,99715.0,287.35,0.15
2015-07-29 06:45:00,3.5,99720.0,288.04999999999995,0.15
2015-07-29 07:00:00,3.2,99725.0,288.45,0.15
2015-07-29 07:15:00,3.8,99720.0,288.25,0.15
2015-07-29 07:30:00,4.65,99725.0,288.65,0.15
2015-07-29 07:45:00,5.4,99730.0,289.25,0.15
2015-07-29 08:00:00,5.1,99720.0,289.1,0.15
2015-07-29 08:15:00,4.3,99720.0,288.85,0.15
2015-07-29 08:30:00,3.95,99720.0,288.95,0.15
2015-07-29 08:45:00,3.9,99710.0,290.45,0.15
2015-07-29 09:00:00,5.3,99705.0,291.4,0.15
2015-07-29 09:15:00,4.9,99690.0,291.85,0.15
2015-07-29 09:30:00,6.25,99670.0,291.04999999999995,0.15
2015-07-29 09:45:00,5.8,99670.0,292.65,0.15
2015-07-29 10:00:00,6.1,99670.0,292.5,0.15
2015-07-29 10:15:00,6.5,99660.0,293.35,0.15
2015-07-29 10:30:00,7.25,99670.0,293.75,0.15
2015-07-29 10:45:00,7.1,99670.0,293.04999999999995,0.15
2015-07-29 11:00:00,6.7,99690.0,292.7,0.15
2015-07-29 11:15:00,6.4,99680.0,294.25,0.15
2015-07-29 11:30:00,6.35,99680.0,293.5,0.15
2015-07-29 11:45:00,6.8,99710.0,291.85,0.15
2015-07-29 12:00:00,5.35,99710.0,291.25,0.15
2015-07-29 12:15:00,4.6,99720.0,290.65,0.15
2015-07-29 12:30:00,5.25,99730.0,290.04999999999995,0.15
2015-07-29 12:45:00,4.7,99720.0,289.85,0.15
2015-07-29 13:00:00,5.45,99755.0,288.9,0.15
2015-07-29 13:15:00,4.5,99770.0,288.35,0.15
2015-07-29 13:30:00,4.55,99810.0,288.1,0.15
2015-07-29 13:45:00,4.0,99800.0,288.95,0.15
2015-07-29 14:00:00,3.7,99815.0,288.54999999999995,0.15
2015-07-29 14:15:00,2.8,99830.0,288.75,0.15
2015-07-29 14:30:00,1.8,99840.0,289.9,0.15
2015-07-29 14:45:00,3.5,99840.0,290.85,0.15
2015-07-29 15:00:00,3.5,99850.0,290.65,0.15
2015-07-29 15:15:00,5.3,99860.0,290.25,0.15
2015-07-29 15:30:00,4.85,99850.0,292.1,0.15
2015-07-29 15:45:00,4.6,99850.0,291.25,0.15
2015-07-29 16:00:00,5.25,99840.0,292.9,0.15
2015-07-29 16:15:00,3.8,99840.0,291.95,0.15
2015-07-29 16:30:00,4.15,99870.0,292.6,0.15
2015-07-29 16:45:00,5.5,99880.0,293.15,0.15
2015-07-29 17:00:00,6.35,99890.0,292.7,0.15
2015-07-29 17:15:00,4.7,99910.0,293.15,0.15
2015-07-29 17:30:00,6.55,99930.0,292.54999999999995,0.15
2015-07-29 17:45:00,7.1,99950.0,292.35,0.15
2015-07-29 18:00:00,5.35,99960.0,292.0,0.15
2015-07-29 18:15:00,4.6,99980.0,291.54999999999995,0.15
2015-07-29 18:30:00,4.65,99995.0,291.29999999999995,0.15
2015-07-29 18:45:00,4.6,100020.0,291.04999999999995,0.15
2015-07-29 19:00:00,6.25,100045.0,290.4,0.15
2015-07-29 19:15:00,5.2,100080.0,289.65,0.15
2015-07-29 19:30:00,4.3,100095.0,289.25,0.15
2015-07-29 19:45:00,3.4,100110.0,289.65,0.15
2015-07-29 20:00:00,3.4000000000000004,100125.0,289.15,0.15
2015-07-29 20:15:00,3.3,100130.0,288.45,0.15
2015-07-29 20:30:00,2.25,100140.0,288.35,0.15
2015-07-29 20:45:00,2.0,100150.0,288.25,0.15
2015-07-29 21:00:00,2.1,100160.0,287.54999999999995,0.15
2015-07-29 21:15:00,1.4,100170.0,286.65,0.15
2015-07-29 21:30:00,1.35,100170.0,286.85,0.15
2015-07-29 21:45:00,1.9,100170.0,286.54999999999995,0.15
2015-07-29 22:00:00,1.65,100180.0,286.04999999999995,0.15
2015-07-29 22:15:00,2.2,100190.0,285.15,0.15
2015-07-29 22:30:00,1.35,100190.0,285.04999999999995,0.15
2015-07-29 22:45:00,1.3,100200.0,285.15,0.15
2015-07-29 23:00:00,1.55,100200.0,285.2,0.15
2015-07-29 23:15:00,1.1,100210.0,285.45,0.15
2015-07-29 23:30:00,1.05,100210.0,285.2,0.15
2015-07-29 23:45:00,1.2,100210.0,285.54999999999995,0.15
2015-07-30 00:00:00,1.05,100200.0,284.85,0.15
2015-07-30 00:15:00,1.7,100200.0,284.54999999999995,0.15
2015-07-30 00:30:00,1.5499999999999998,100200.0,283.6,0.15
2015-07-30 00:45:00,2.4,100210.0,283.95,0.15
2015-07-30 01:00:00,1.9,100215.0,284.04999999999995,0.15
2015-07-30 01:15:00,1.7,100220.0,284.35,0.15
2015-07-30 01:30:00,1.35,100215.0,284.2,0.15
2015-07-30 01:45:00,1.0,100210.0,284.15,0.15
2015-07-30 02:00:00,0.9,100220.0,283.54999999999995,0.15
2015-07-30 02:15:00,1.4,100220.0,283.95,0.15
2015-07-30 02:30:00,0.9,100220.0,283.4,0.15
2015-07-30 02:45:00,0.9,100220.0,283.35,0.15
2015-07-30 03:00:00,1.1,100225.0,283.1,0.15
2015-07-30 03:15:00,1.4,100230.0,282.85,0.15
2015-07-30 03:30:00,1.75,100245.0,283.25,0.15
2015-07-30 03:45:00,2.1,100250.0,283.45,0.15
2015-07-30 04:00:00,1.25,100255.0,283.75,0.15
2015-07-30 04:15:00,0.8,100260.0,284.75,0.15
2015-07-30 04:30:00,0.85,100275.0,284.6,0.15
2015-07-30 04:45:00,0.9,100290.0,284.35,0.15
2015-07-30 05:00:00,0.75,100290.0,284.65,0.15
2015-07-30 05:15:00,1.8,100300.0,284.65,0.15
2015-07-30 05:30:00,1.7,100315.0,285.04999999999995,0.15
2015-07-30 05:45:00,1.5,100320.0,285.35,0.15
2015-07-30 06:00:00,1.65,100335.0,285.65,0.15
2015-07-30 06:15:00,1.6,100340.0,285.85,0.15
2015-07-30 06:30:00,2.35,100345.0,286.0,0.15
2015-07-30 06:45:00,2.5,100350.0,286.15,0.15
2015-07-30 07:00:00,1.7,100360.0,286.5,0.15
2015-07-30 07:15:00,1.9,100360.0,286.54999999999995,0.15
2015-07-30 07:30:00,1.75,100370.0,286.9,0.15
2015-07-30 07:45:00,2.1,100380.0,287.35,0.15
2015-07-30 08:00:00,1.75,100385.0,287.54999999999995,0.15
2015-07-30 08:15:00,1.8,100390.0,288.04999999999995,0.15
2015-07-30 08:30:00,1.75,100395.0,288.5,0.15
2015-07-30 08:45:00,3.5,100390.0,289.45,0.15
2015-07-30 09:00:00,3.2,100390.0,289.0,0.15
2015-07-30 09:15:00,2.5,100400.0,289.75,0.15
2015-07-30 09:30:00,2.4000000000000004,100400.0,290.2,0.15
2015-07-30 09:45:00,2.5,100400.0,289.85,0.15
2015-07-30 10:00:00,2.75,100400.0,290.6,0.15
2015-07-30 10:15:00,2.7,100410.0,290.45,0.15
2015-07-30 10:30:00,3.0,100405.0,292.1,0.15
2015-07-30 10:45:00,3.9,100410.0,291.45,0.15
2015-07-30 11:00:00,3.95,100410.0,291.65,0.15
2015-07-30 11:15:00,3.4,100400.0,291.35,0.15
2015-07-30 11:30:00,3.1,100410.0,290.7,0.15
2015-07-30 11:45:00,2.3,100410.0,291.65,0.15
2015-07-30 12:00:00,2.25,100400.0,292.29999999999995,0.15
2015-07-30 12:15:00,2.7,100390.0,293.25,0.15
2015-07-30 12:30:00,2.85,100390.0,292.2,0.15
2015-07-30 12:45:00,3.1,100410.0,291.35,0.15
2015-07-30 13:00:00,5.65,100460.0,287.65,0.15
2015-07-30 13:15:00,4.3,100470.0,288.54999999999995,0.15
2015-07-30 13:30:00,5.0,100480.0,288.75,0.15
2015-07-30 13:45:00,4.1,100480.0,288.85,0.15
2015-07-30 14:00:00,3.25,100480.0,289.4,0.15
2015-07-30 14:15:00,3.1,100480.0,290.54999999999995,0.15
2015-07-30 14:30:00,2.6,100480.0,291.54999999999995,0.15
2015-07-30 14:45:00,3.3,100490.0,290.15,0.15
2015-07-30 15:00:00,4.25,100495.0,290.0,0.15
2015-07-30 15:15:00,6.1,100520.0,288.65,0.15
2015-07-30 15:30:00,4.55,100525.0,287.04999999999995,0.15
2015-07-30 15:45:00,3.2,100540.0,287.15,0.15
2015-07-30 16:00:00,1.7000000000000002,100550.0,287.35,0.15
2015-07-30 16:15:00,1.1,100550.0,287.54999999999995,0.15
2015-07-30 16:30:00,0.75,100545.0,287.95,0.15
2015-07-30 16:45:00,1.1,100540.0,288.15,0.15
2015-07-30 17:00:00,1.0,100545.0,287.95,0.15
2015-07-30 17:15:00,1.0,100560.0,288.04999999999995,0.15
2015-07-30 17:30:00,0.7,100565.0,288.25,0.15
2015-07-30 17:45:00,1.0,100570.0,288.25,0.15
2015-07-30 18:00:00,2.2,100600.0,288.25,0.15
2015-07-30 18:15:00,2.3,100620.0,288.15,0.15
2015-07-30 18:30:00,2.4000000000000004,100635.0,287.95,0.15
2015-07-30 18:45:00,3.0,100650.0,287.65,0.15
2015-07-30 19:00:00,3.4,100665.0,287.29999999999995,0.15
2015-07-30 19:15:00,3.1,100670.0,286.85,0.15
2015-07-30 19:30:00,1.7000000000000002,100680.0,286.6,0.15
2015-07-30 19:45:00,1.9,100700.0,286.45,0.15
2015-07-30 20:00:00,2.2,100710.0,286.4,0.15
2015-07-30 20:15:00,1.8,100720.0,286.45,0.15
2015-07-30 20:30:00,1.5499999999999998,100720.0,286.2,0.15
2015-07-30 20:45:00,1.1,100730.0,286.25,0.15
2015-07-30 21:00:00,1.45,100740.0,286.15,0.15
2015-07-30 21:15:00,0.9,100740.0,286.25,0.15
2015-07-30 21:30:00,1.25,100760.0,286.2,0.15
2015-07-30 21:45:00,1.1,100780.0,286.04999999999995,0.15
2015-07-30 22:00:00,1.2000000000000002,100780.0,286.0,0.15
2015-07-30 22:15:00,1.0,100780.0,285.95,0.15
2015-07-30 22:30:00,0.8,100790.0,285.6,0.15
2015-07-30 22:45:00,0.9,100800.0,285.45,0.15
2015-07-30 23:00:00,1.0,100810.0,285.04999999999995,0.15
2015-07-30 23:15:00,0.6,100810.0,284.65,0.15
2015-07-30 23:30:00,0.7,100810.0,284.5,0.15
2015-07-30 23:45:00,0.5,100810.0,283.85,0.15
2015-07-31 00:00:00,0.15,100825.0,284.35,0.15
2015-07-31 00:15:00,0.3,100820.0,284.35,0.15
2015-07-31 00:30:00,0.65,100820.0,284.04999999999995,0.15
2015-07-31 00:45:00,1.2,100830.0,283.45,0.15
2015-07-31 01:00:00,1.1,100845.0,283.75,0.15
2015-07-31 01:15:00,1.5,100850.0,283.25,0.15
2015-07-31 01:30:00,1.7000000000000002,100840.0,283.25,0.15
2015-07-31 01:45:00,1.5,100850.0,283.04999999999995,0.15
2015-07-31 02:00:00,1.3,100855.0,284.2,0.15
2015-07-31 02:15:00,0.9,100860.0,284.85,0.15
2015-07-31 02:30:00,0.9,100855.0,284.6,0.15
2015-07-31 02:45:00,0.8,100850.0,283.95,0.15
2015-07-31 03:00:00,0.6,100855.0,284.15,0.15
2015-07-31 03:15:00,0.7,100850.0,283.85,0.15
2015-07-31 03:30:00,1.1,100850.0,283.9,0.15
2015-07-31 03:45:00,1.2,100860.0,284.25,0.15
2015-07-31 04:00:00,0.9,100860.0,284.25,0.15
2015-07-31 04:15:00,0.9,100870.0,284.15,0.15
2015-07-31 04:30:00,0.5,100880.0,283.95,0.15
2015-07-31 04:45:00,0.7,100890.0,283.95,0.15
2015-07-31 05:00:00,1.2000000000000002,100895.0,284.04999999999995,0.15
2015-07-31 05:15:00,0.9,100920.0,284.04999999999995,0.15
2015-07-31 05:30:00,1.0,100925.0,284.04999999999995,0.15
2015-07-31 05:45:00,0.7,100930.0,284.15,0.15
2015-07-31 06:00:00,0.9,100945.0,284.65,0.15
2015-07-31 06:15:00,0.9,100960.0,284.75,0.15
2015-07-31 06:30:00,0.75,100970.0,285.1,0.15
2015-07-31 06:45:00,1.1,100970.0,285.54999999999995,0.15
2015-07-31 07:00:00,1.55,100975.0,285.54999999999995,0.15
2015-07-31 07:15:00,1.4,100960.0,285.54999999999995,0.15
2015-07-31 07:30:00,1.75,100950.0,286.4,0.15
2015-07-31 07:45:00,1.4,100950.0,287.04999999999995,0.15
2015-07-31 08:00:00,1.5499999999999998,100935.0,287.79999999999995,0.15
2015-07-31 08:15:00,1.5,100930.0,287.75,0.15
2015-07-31 08:30:00,2.1,100935.0,288.35,0.15
2015-07-31 08:45:00,1.5,100950.0,288.75,0.15
2015-07-31 09:00:00,1.4,100945.0,289.2,0.15
2015-07-31 09:15:00,1.9,100950.0,289.54999999999995,0.15
2015-07-31 09:30:00,1.7000000000000002,100950.0,289.25,0.15
2015-07-31 09:45:00,2.3,100930.0,289.65,0.15
2015-07-31 10:00:00,1.95,100935.0,290.0,0.15
2015-07-31 10:15:00,2.0,100920.0,289.95,0.15
2015-07-31 10:30:00,2.3,100900.0,290.79999999999995,0.15
2015-07-31 10:45:00,0.9,100890.0,290.65,0.15
2015-07-31 11:00:00,1.55,100880.0,290.9,0.15
2015-07-31 11:15:00,2.0,100870.0,291.75,0.15
2015-07-31 11:30:00,1.75,100855.0,291.29999999999995,0.15
2015-07-31 11:45:00,1.5,100830.0,291.75,0.15
2015-07-31 12:00:00,1.8,100815.0,292.2,0.15
2015-07-31 12:15:00,1.6,100790.0,292.25,0.15
2015-07-31 12:30:00,1.7000000000000002,100765.0,292.75,0.15
2015-07-31 12:45:00,1.6,100740.0,292.85,0.15
2015-07-31 13:00:00,1.95,100720.0,293.1,0.15
2015-07-31 13:15:00,2.4,100700.0,293.15,0.15
2015-07-31 13:30:00,2.25,100690.0,293.4,0.15
2015-07-31 13:45:00,2.4,100670.0,292.95,0.15
2015-07-31 14:00:00,2.45,100675.0,293.9,0.15
2015-07-31 14:15:00,2.9,100670.0,293.25,0.15
2015-07-31 14:30:00,2.25,100665.0,293.54999999999995,0.15
2015-07-31 14:45:00,1.3,100640.0,294.15,0.15
2015-07-31 15:00:00,2.0,100640.0,293.65,0.15
2015-07-31 15:15:00,2.9,100620.0,294.04999999999995,0.15
2015-07-31 15:30:00,2.1,100605.0,294.1,0.15
2015-07-31 15:45:00,2.9,100610.0,293.85,0.15
2015-07-31 16:00:00,2.9,100590.0,293.95,0.15
2015-07-31 16:15:00,1.7,100590.0,293.85,0.15
2015-07-31 16:30:00,2.4000000000000004,100565.0,294.15,0.15
2015-07-31 16:45:00,2.2,100550.0,293.75,0.15
2015-07-31 17:00:00,2.15,100530.0,293.6,0.15
2015-07-31 17:15:00,1.6,100520.0,293.65,0.15
2015-07-31 17:30:00,1.8,100495.0,293.79999999999995,0.15
2015-07-31 17:45:00,2.1,100500.0,293.65,0.15
2015-07-31 18:00:00,1.75,100490.0,293.2,0.15
2015-07-31 18:15:00,2.1,100490.0,292.65,0.15
2015-07-31 18:30:00,2.3,100495.0,292.29999999999995,0.15
2015-07-31 18:45:00,2.8,100480.0,291.45,0.15
2015-07-31 19:00:00,2.65,100475.0,290.65,0.15
2015-07-31 19:15:00,2.7,100460.0,290.15,0.15
2015-07-31 19:30:00,2.75,100460.0,289.45,0.15
2015-07-31 19:45:00,2.5,100470.0,289.25,0.15
2015-07-31 20:00:00,2.05,100470.0,288.85,0.15
2015-07-31 20:15:00,1.4,100470.0,288.54999999999995,0.15
2015-07-31 20:30:00,1.95,100480.0,287.75,0.15
2015-07-31 20:45:00,1.7,100480.0,287.54999999999995,0.15
2015-07-31 21:00:00,1.4500000000000002,100490.0,287.1,0.15
2015-07-31 21:15:00,1.5,100480.0,287.15,0.15
2015-07-31 21:30:00,1.3,100470.0,286.85,0.15
2015-07-31 21:45:00,1.2,100470.0,287.54999999999995,0.15
2015-07-31 22:00:00,1.5,100450.0,288.0,0.15
2015-07-31 22:15:00,1.5,100440.0,288.25,0.15
2015-07-31 22:30:00,1.25,100450.0,287.95,0.15
2015-07-31 22:45:00,1.1,100450.0,287.75,0.15
2015-07-31 23:00:00,1.1,100440.0,287.54999999999995,0.15
2015-07-31 23:15:00,1.3,100440.0,285.15,0.15
2015-07-31 23:30:00,1.55,100440.0,284.75,0.15
2015-07-31 23:45:00,1.4,100460.0,284.85,0.15
2015-08-01 00:00:00,1.35,100455.0,285.04999999999995,0.15
2015-08-01 00:15:00,0.8,100440.0,285.15,0.15
2015-08-01 00:30:00,0.5,100430.0,284.9,0.15
2015-08-01 00:45:00,0.7,100420.0,284.65,0.15
2015-08-01 01:00:00,1.0,100415.0,284.79999999999995,0.15
2015-08-01 01:15:00,1.4,100410.0,284.54999999999995,0.15
2015-08-01 01:30:00,0.95,100405.0,284.25,0.15
2015-08-01 01:45:00,0.3,100380.0,284.04999999999995,0.15
2015-08-01 02:00:00,0.7,100375.0,284.04999999999995,0.15
2015-08-01 02:15:00,0.9,100360.0,285.04999999999995,0.15
2015-08-01 02:30:00,0.8500000000000001,100365.0,284.04999999999995,0.15
2015-08-01 02:45:00,1.0,100350.0,284.75,0.15
2015-08-01 03:00:00,1.1,100345.0,284.1,0.15
2015-08-01 03:15:00,0.7,100350.0,283.95,0.15
2015-08-01 03:30:00,0.9,100350.0,284.45,0.15
2015-08-01 03:45:00,1.2,100340.0,284.75,0.15
2015-08-01 04:00:00,1.2999999999999998,100340.0,284.35,0.15
2015-08-01 04:15:00,1.4,100340.0,284.54999999999995,0.15
2015-08-01 04:30:00,1.4,100345.0,284.35,0.15
2015-08-01 04:45:00,2.0,100340.0,284.65,0.15
2015-08-01 05:00:00,1.9,100315.0,285.0,0.15
2015-08-01 05:15:00,1.5,100310.0,285.15,0.15
2015-08-01 05:30:00,1.0,100325.0,284.79999999999995,0.15
2015-08-01 05:45:00,0.5,100350.0,285.45,0.15
2015-08-01 06:00:00,0.7,100360.0,287.29999999999995,0.15
2015-08-01 06:15:00,0.7,100360.0,288.45,0.15
2015-08-01 06:30:00,1.05,100365.0,289.65,0.15
2015-08-01 06:45:00,1.6,100370.0,289.85,0.15
2015-08-01 07:00:00,2.1,100370.0,290.2,0.15
2015-08-01 07:15:00,2.0,100360.0,291.15,0.15
2015-08-01 07:30:00,2.05,100370.0,291.45,0.15
2015-08-01 07:45:00,1.5,100380.0,291.85,0.15
2015-08-01 08:00:00,1.45,100370.0,292.54999999999995,0.15
2015-08-01 08:15:00,1.1,100360.0,292.95,0.15
2015-08-01 08:30:00,1.15,100355.0,293.7,0.15
2015-08-01 08:45:00,1.0,100350.0,294.25,0.15
2015-08-01 09:00:00,1.2000000000000002,100340.0,294.85,0.15
2015-08-01 09:15:00,1.4,100340.0,294.75,0.15
2015-08-01 09:30:00,1.4,100340.0,295.25,0.15
2015-08-01 09:45:00,1.3,100340.0,295.25,0.15
2015-08-01 10:00:00,1.25,100330.0,296.1,0.15
2015-08-01 10:15:00,1.0,100320.0,296.45,0.15
2015-08-01 10:30:00,2.5,100320.0,296.9,0.15
2015-08-01 10:45:00,1.6,100310.0,296.85,0.15
2015-08-01 11:00:00,2.2,100310.0,297.29999999999995,0.15
2015-08-01 11:15:00,1.9,100310.0,297.54999999999995,0.15
2015-08-01 11:30:00,2.45,100305.0,297.95,0.15
2015-08-01 11:45:00,1.7,100290.0,298.04999999999995,0.15
2015-08-01 12:00:00,1.4500000000000002,100275.0,298.0,0.15
2015-08-01 12:15:00,1.5,100270.0,298.75,0.15
2015-08-01 12:30:00,1.75,100260.0,298.5,0.15
2015-08-01 12:45:00,1.7,100260.0,299.35,0.15
2015-08-01 13:00:00,2.4000000000000004,100260.0,298.79999999999995,0.15
2015-08-01 13:15:00,1.8,100260.0,299.95,0.15
2015-08-01 13:30:00,1.5,100270.0,300.25,0.15
2015-08-01 13:45:00,1.1,100280.0,299.45,0.15
2015-08-01 14:00:00,2.2,100285.0,299.29999999999995,0.15
2015-08-01 14:15:00,3.0,100290.0,299.54999999999995,0.15
2015-08-01 14:30:00,3.35,100285.0,300.2,0.15
2015-08-01 14:45:00,2.1,100280.0,300.45,0.15
2015-08-01 15:00:00,3.25,100280.0,300.5,0.15
2015-08-01 15:15:00,3.1,100280.0,299.95,0.15
2015-08-01 15:30:00,3.55,100275.0,299.25,0.15
2015-08-01 15:45:00,3.9,100270.0,299.65,0.15
2015-08-01 16:00:00,3.25,100275.0,299.0,0.15
2015-08-01 16:15:00,4.4,100280.0,299.04999999999995,0.15
2015-08-01 16:30:00,3.1500000000000004,100295.0,299.2,0.15
2015-08-01 16:45:00,3.7,100310.0,299.04999999999995,0.15
2015-08-01 17:00:00,4.1,100330.0,298.25,0.15
2015-08-01 17:15:00,4.2,100350.0,298.25,0.15
2015-08-01 17:30:00,4.4,100350.0,298.7,0.15
2015-08-01 17:45:00,4.5,100350.0,298.45,0.15
2015-08-01 18:00:00,4.65,100370.0,297.4,0.15
2015-08-01 18:15:00,4.3,100380.0,296.65,0.15
2015-08-01 18:30:00,4.300000000000001,100395.0,295.45,0.15
2015-08-01 18:45:00,4.0,100410.0,294.54999999999995,0.15
2015-08-01 19:00:00,3.2,100425.0,294.6,0.15
2015-08-01 19:15:00,2.8,100450.0,294.25,0.15
2015-08-01 19:30:00,2.0,100475.0,293.0,0.15
2015-08-01 19:45:00,2.0,100490.0,292.04999999999995,0.15
2015-08-01 20:00:00,1.7000000000000002,100520.0,291.79999999999995,0.15
2015-08-01 20:15:00,1.8,100530.0,291.54999999999995,0.15
2015-08-01 20:30:00,1.0,100535.0,290.95,0.15
2015-08-01 20:45:00,2.2,100550.0,290.45,0.15
2015-08-01 21:00:00,2.0,100570.0,290.2,0.15
2015-08-01 21:15:00,1.6,100590.0,290.15,0.15
2015-08-01 21:30:00,2.0,100600.0,289.85,0.15
2015-08-01 21:45:00,1.6,100610.0,288.85,0.15
2015-08-01 22:00:00,1.75,100620.0,289.45,0.15
2015-08-01 22:15:00,2.1,100630.0,289.35,0.15
2015-08-01 22:30:00,1.75,100635.0,289.2,0.15
2015-08-01 22:45:00,2.0,100640.0,288.65,0.15
2015-08-01 23:00:00,1.4500000000000002,100655.0,288.65,0.15
2015-08-01 23:15:00,0.5,100670.0,288.04999999999995,0.15
2015-08-01 23:30:00,0.75,100670.0,287.5,0.15
2015-08-01 23:45:00,0.8,100670.0,286.54999999999995,0.15
2015-08-02 00:00:00,1.05,100680.0,286.95,0.15
2015-08-02 00:15:00,0.8,100690.0,287.25,0.15
2015-08-02 00:30:00,0.75,100690.0,287.25,0.15
2015-08-02 00:45:00,1.1,100690.0,286.35,0.15
2015-08-02 01:00:00,1.0,100695.0,287.4,0.15
2015-08-02 01:15:00,1.7,100700.0,287.35,0.15
2015-08-02 01:30:00,0.75,100715.0,286.75,0.15
2015-08-02 01:45:00,0.2,100710.0,284.75,0.15
2015-08-02 02:00:00,1.55,100720.0,285.65,0.15
2015-08-02 02:15:00,1.8,100730.0,285.54999999999995,0.15
2015-08-02 02:30:00,1.5,100745.0,284.95,0.15
2015-08-02 02:45:00,1.7,100750.0,285.25,0.15
2015-08-02 03:00:00,1.65,100755.0,285.5,0.15
2015-08-02 03:15:00,1.3,100760.0,284.75,0.15
2015-08-02 03:30:00,1.4,100775.0,284.95,0.15
2015-08-02 03:45:00,1.7,100790.0,284.54999999999995,0.15
2015-08-02 04:00:00,2.2,100795.0,284.7,0.15
2015-08-02 04:15:00,1.6,100800.0,283.85,0.15
2015-08-02 04:30:00,2.3,100800.0,284.15,0.15
2015-08-02 04:45:00,2.1,100820.0,283.75,0.15
2015-08-02 05:00:00,2.45,100830.0,285.0,0.15
2015-08-02 05:15:00,2.0,100840.0,285.04999999999995,0.15
2015-08-02 05:30:00,1.8,100855.0,286.5,0.15
2015-08-02 05:45:00,1.5,100880.0,287.54999999999995,0.15
2015-08-02 06:00:00,1.05,100885.0,288.15,0.15
2015-08-02 06:15:00,1.0,100880.0,288.45,0.15
2015-08-02 06:30:00,0.95,100880.0,289.29999999999995,0.15
2015-08-02 06:45:00,0.9,100890.0,289.95,0.15
2015-08-02 07:00:00,1.1,100890.0,290.75,0.15
2015-08-02 07:15:00,0.9,100890.0,291.65,0.15
2015-08-02 07:30:00,0.8,100890.0,292.4,0.15
2015-08-02 07:45:00,0.9,100890.0,293.04999999999995,0.15
2015-08-02 08:00:00,0.75,100895.0,293.7,0.15
2015-08-02 08:15:00,0.8,100900.0,294.95,0.15
2015-08-02 08:30:00,1.05,100910.0,294.85,0.15
2015-08-02 08:45:00,1.1,100910.0,295.75,0.15
2015-08-02 09:00:00,1.25,100915.0,296.45,0.15
2015-08-02 09:15:00,0.9,100910.0,296.54999999999995,0.15
2015-08-02 09:30:00,1.75,100905.0,297.0,0.15
2015-08-02 09:45:00,1.7,100910.0,296.95,0.15
2015-08-02 10:00:00,1.6,100900.0,297.65,0.15
2015-08-02 10:15:00,1.6,100900.0,297.65,0.15
2015-08-02 10:30:00,1.4500000000000002,100880.0,298.15,0.15
2015-08-02 10:45:00,1.8,100880.0,298.35,0.15
2015-08-02 11:00:00,1.7999999999999998,100865.0,298.4,0.15
2015-08-02 11:15:00,1.9,100850.0,299.35,0.15
2015-08-02 11:30:00,2.15,100830.0,299.6,0.15
2015-08-02 11:45:00,1.2,100820.0,300.04999999999995,0.15
2015-08-02 12:00:00,1.25,100810.0,300.0,0.15
2015-08-02 12:15:00,1.7,100800.0,299.54999999999995,0.15
2015-08-02 12:30:00,1.5,100785.0,299.79999999999995,0.15
2015-08-02 12:45:00,1.7,100770.0,299.85,0.15
2015-08-02 13:00:00,1.4500000000000002,100760.0,300.79999999999995,0.15
2015-08-02 13:15:00,2.5,100750.0,300.65,0.15
2015-08-02 13:30:00,2.15,100735.0,301.15,0.15
2015-08-02 13:45:00,1.8,100720.0,301.04999999999995,0.15
2015-08-02 14:00:00,2.65,100710.0,300.9,0.15
2015-08-02 14:15:00,2.3,100700.0,301.15,0.15
2015-08-02 14:30:00,2.25,100690.0,301.15,0.15
2015-08-02 14:45:00,2.5,100680.0,301.45,0.15
2015-08-02 15:00:00,1.25,100670.0,301.15,0.15
2015-08-02 15:15:00,1.0,100670.0,301.54999999999995,0.15
2015-08-02 15:30:00,1.45,100655.0,301.75,0.15
2015-08-02 15:45:00,1.2,100650.0,301.75,0.15
2015-08-02 16:00:00,1.35,100635.0,301.25,0.15
2015-08-02 16:15:00,2.0,100620.0,301.04999999999995,0.15
2015-08-02 16:30:00,2.45,100595.0,301.2,0.15
2015-08-02 16:45:00,2.4,100590.0,301.25,0.15
2015-08-02 17:00:00,2.9000000000000004,100580.0,301.15,0.15
2015-08-02 17:15:00,3.1,100570.0,301.15,0.15
2015-08-02 17:30:00,3.1,100555.0,300.85,0.15
2015-08-02 17:45:00,3.2,100540.0,300.54999999999995,0.15
2015-08-02 18:00:00,3.2,100535.0,300.04999999999995,0.15
2015-08-02 18:15:00,3.1,100520.0,299.54999999999995,0.15
2015-08-02 18:30:00,2.55,100520.0,299.2,0.15
2015-08-02 18:45:00,2.1,100520.0,298.65,0.15
2015-08-02 19:00:00,2.0,100525.0,297.95,0.15
2015-08-02 19:15:00,2.3,100510.0,297.25,0.15
2015-08-02 19:30:00,2.1,100520.0,297.2,0.15
2015-08-02 19:45:00,2.7,100530.0,296.65,0.15
2015-08-02 20:00:00,2.4000000000000004,100535.0,296.4,0.15
2015-08-02 20:15:00,1.6,100530.0,295.85,0.15
2015-08-02 20:30:00,1.65,100530.0,295.65,0.15
2015-08-02 20:45:00,2.0,100530.0,295.65,0.15
2015-08-02 21:00:00,3.05,100535.0,295.5,0.15
2015-08-02 21:15:00,3.3,100540.0,295.45,0.15
2015-08-02 21:30:00,2.6500000000000004,100550.0,295.04999999999995,0.15
2015-08-02 21:45:00,2.8,100550.0,294.75,0.15
2015-08-02 22:00:00,3.1500000000000004,100550.0,294.0,0.15
2015-08-02 22:15:00,3.5,100540.0,294.15,0.15
2015-08-02 22:30:00,3.4000000000000004,100535.0,293.4,0.15
2015-08-02 22:45:00,3.9,100520.0,293.45,0.15
2015-08-02 23:00:00,3.05,100520.0,293.6,0.15
2015-08-02 23:15:00,3.0,100510.0,293.45,0.15
2015-08-02 23:30:00,2.85,100515.0,293.6,0.15
2015-08-02 23:45:00,2.6,100510.0,293.45,0.15
2015-08-03 00:00:00,2.3,100510.0,293.35,0.15
2015-08-03 00:15:00,1.5,100510.0,293.15,0.15
2015-08-03 00:30:00,0.85,100500.0,293.1,0.15
2015-08-03 00:45:00,0.6,100510.0,291.54999999999995,0.15
2015-08-03 01:00:00,1.05,100510.0,290.2,0.15
2015-08-03 01:15:00,1.1,100500.0,289.75,0.15
2015-08-03 01:30:00,2.25,100485.0,289.29999999999995,0.15
2015-08-03 01:45:00,2.1,100480.0,289.45,0.15
2015-08-03 02:00:00,2.1,100470.0,289.85,0.15
2015-08-03 02:15:00,1.9,100470.0,290.54999999999995,0.15
2015-08-03 02:30:00,2.35,100460.0,289.75,0.15
2015-08-03 02:45:00,2.3,100450.0,290.35,0.15
2015-08-03 03:00:00,1.9,100435.0,290.7,0.15
2015-08-03 03:15:00,1.1,100430.0,291.04999999999995,0.15
2015-08-03 03:30:00,1.35,100430.0,291.45,0.15
2015-08-03 03:45:00,0.7,100420.0,291.54999999999995,0.15
2015-08-03 04:00:00,0.8500000000000001,100415.0,291.6,0.15
2015-08-03 04:15:00,1.3,100410.0,291.85,0.15
2015-08-03 04:30:00,1.4,100410.0,291.75,0.15
2015-08-03 04:45:00,1.5,100420.0,291.85,0.15
2015-08-03 05:00:00,2.0,100430.0,292.29999999999995,0.15
2015-08-03 05:15:00,2.2,100420.0,292.75,0.15
2015-08-03 05:30:00,2.75,100420.0,293.04999999999995,0.15
2015-08-03 05:45:00,3.1,100420.0,293.54999999999995,0.15
2015-08-03 06:00:00,2.8,100425.0,294.29999999999995,0.15
2015-08-03 06:15:00,2.9,100430.0,295.04999999999995,0.15
2015-08-03 06:30:00,3.6,100435.0,295.6,0.15
2015-08-03 06:45:00,3.9,100450.0,296.15,0.15
2015-08-03 07:00:00,3.8,100450.0,296.75,0.15
2015-08-03 07:15:00,3.7,100450.0,297.25,0.15
2015-08-03 07:30:00,4.35,100450.0,297.95,0.15
2015-08-03 07:45:00,4.1,100450.0,298.15,0.15
2015-08-03 08:00:00,4.4,100450.0,299.25,0.15
2015-08-03 08:15:00,4.8,100450.0,299.65,0.15
2015-08-03 08:30:00,4.25,100450.0,300.35,0.15
2015-08-03 08:45:00,3.9,100450.0,300.54999999999995,0.15
2015-08-03 09:00:00,4.35,100450.0,301.35,0.15
2015-08-03 09:15:00,4.8,100450.0,301.95,0.15
2015-08-03 09:30:00,4.300000000000001,100445.0,302.4,0.15
2015-08-03 09:45:00,4.3,100420.0,303.25,0.15
2015-08-03 10:00:00,4.35,100415.0,303.2,0.15
2015-08-03 10:15:00,4.3,100400.0,304.15,0.15
2015-08-03 10:30:00,4.1,100405.0,304.45,0.15
2015-08-03 10:45:00,3.8,100390.0,304.65,0.15
2015-08-03 11:00:00,4.65,100380.0,304.9,0.15
2015-08-03 11:15:00,3.9,100380.0,304.75,0.15
2015-08-03 11:30:00,3.7,100360.0,305.4,0.15
2015-08-03 11:45:00,3.1,100360.0,304.95,0.15
2015-08-03 12:00:00,3.7,100335.0,305.9,0.15
2015-08-03 12:15:00,3.5,100330.0,305.65,0.15
2015-08-03 12:30:00,3.4,100325.0,305.79999999999995,0.15
2015-08-03 12:45:00,4.1,100310.0,306.04999999999995,0.15
2015-08-03 13:00:00,3.85,100305.0,305.75,0.15
2015-08-03 13:15:00,2.4,100310.0,306.54999999999995,0.15
2015-08-03 13:30:00,4.1,100290.0,306.79999999999995,0.15
2015-08-03 13:45:00,2.6,100280.0,306.95,0.15
2015-08-03 14:00:00,3.5,100240.0,307.4,0.15
2015-08-03 14:15:00,4.3,100230.0,306.35,0.15
2015-08-03 14:30:00,3.0,100230.0,306.75,0.15
2015-08-03 14:45:00,3.4,100220.0,307.25,0.15
2015-08-03 15:00:00,3.65,100215.0,306.85,0.15
2015-08-03 15:15:00,2.5,100210.0,307.35,0.15
2015-08-03 15:30:00,2.75,100200.0,307.29999999999995,0.15
2015-08-03 15:45:00,4.3,100180.0,307.45,0.15
2015-08-03 16:00:00,3.7,100165.0,307.7,0.15
2015-08-03 16:15:00,2.9,100160.0,307.15,0.15
2015-08-03 16:30:00,2.35,100140.0,306.95,0.15
2015-08-03 16:45:00,3.4,100130.0,307.25,0.15
2015-08-03 17:00:00,3.4000000000000004,100130.0,306.95,0.15
2015-08-03 17:15:00,3.0,100130.0,306.04999999999995,0.15
2015-08-03 17:30:00,2.25,100130.0,305.2,0.15
2015-08-03 17:45:00,1.8,100120.0,305.25,0.15
2015-08-03 18:00:00,1.3,100115.0,305.1,0.15
2015-08-03 18:15:00,1.7,100110.0,304.04999999999995,0.15
2015-08-03 18:30:00,2.05,100115.0,302.4,0.15
2015-08-03 18:45:00,2.1,100120.0,301.35,0.15
2015-08-03 19:00:00,2.45,100130.0,299.04999999999995,0.15
2015-08-03 19:15:00,1.9,100140.0,298.45,0.15
2015-08-03 19:30:00,2.45,100140.0,299.6,0.15
2015-08-03 19:45:00,2.5,100130.0,299.65,0.15
2015-08-03 20:00:00,2.05,100140.0,297.04999999999995,0.15
2015-08-03 20:15:00,1.7,100130.0,299.04999999999995,0.15
2015-08-03 20:30:00,1.7,100130.0,299.75,0.15
2015-08-03 20:45:00,2.4,100130.0,299.75,0.15
2015-08-03 21:00:00,2.35,100120.0,299.54999999999995,0.15
2015-08-03 21:15:00,2.4,100120.0,299.35,0.15
2015-08-03 21:30:00,1.95,100120.0,299.0,0.15
2015-08-03 21:45:00,1.7,100120.0,298.85,0.15
2015-08-03 22:00:00,2.05,100120.0,298.54999999999995,0.15
2015-08-03 22:15:00,1.5,100110.0,298.15,0.15
2015-08-03 22:30:00,1.95,100105.0,298.04999999999995,0.15
2015-08-03 22:45:00,1.8,100100.0,297.95,0.15
2015-08-03 23:00:00,1.4,100100.0,296.35,0.15
2015-08-03 23:15:00,2.1,100090.0,296.95,0.15
2015-08-03 23:30:00,1.9,100080.0,296.85,0.15
2015-08-03 23:45:00,1.5,100070.0,296.85,0.15
2015-08-04 00:00:00,1.8,100055.0,296.4,0.15
2015-08-04 00:15:00,2.2,100030.0,297.04999999999995,0.15
2015-08-04 00:30:00,2.5,100020.0,297.1,0.15
2015-08-04 00:45:00,2.8,100000.0,297.04999999999995,0.15
2015-08-04 01:00:00,3.3,99985.0,296.79999999999995,0.15
2015-08-04 01:15:00,4.2,99950.0,297.04999999999995,0.15
2015-08-04 01:30:00,3.6,99940.0,296.75,0.15
2015-08-04 01:45:00,3.5,99950.0,296.54999999999995,0.15
2015-08-04 02:00:00,3.15,99925.0,296.45,0.15
2015-08-04 02:15:00,2.3,99910.0,296.54999999999995,0.15
2015-08-04 02:30:00,2.6,99895.0,296.5,0.15
2015-08-04 02:45:00,3.3,99880.0,296.35,0.15
2015-08-04 03:00:00,3.9,99880.0,296.4,0.15
2015-08-04 03:15:00,3.7,99880.0,295.85,0.15
2015-08-04 03:30:00,3.05,99885.0,296.0,0.15
2015-08-04 03:45:00,2.4,99860.0,295.95,0.15
2015-08-04 04:00:00,3.4,99845.0,296.04999999999995,0.15
2015-08-04 04:15:00,3.4,99840.0,296.25,0.15
2015-08-04 04:30:00,3.8,99840.0,296.2,0.15
2015-08-04 04:45:00,3.3,99840.0,296.35,0.15
2015-08-04 05:00:00,1.7,99855.0,296.54999999999995,0.15
2015-08-04 05:15:00,1.6,99890.0,297.15,0.15
2015-08-04 05:30:00,1.9,99950.0,297.1,0.15
2015-08-04 05:45:00,2.3,99970.0,297.15,0.15
2015-08-04 06:00:00,2.55,99960.0,297.6,0.15
2015-08-04 06:15:00,3.2,99930.0,297.95,0.15
2015-08-04 06:30:00,1.9,99935.0,298.29999999999995,0.15
2015-08-04 06:45:00,2.0,99930.0,298.45,0.15
2015-08-04 07:00:00,2.8,99900.0,298.45,0.15
2015-08-04 07:15:00,2.2,99930.0,298.54999999999995,0.15
2015-08-04 07:30:00,2.15,99945.0,299.35,0.15
2015-08-04 07:45:00,2.3,99970.0,299.25,0.15
2015-08-04 08:00:00,1.4500000000000002,99980.0,298.9,0.15
2015-08-04 08:15:00,2.3,100000.0,299.04999999999995,0.15
2015-08-04 08:30:00,3.85,100065.0,298.54999999999995,0.15
2015-08-04 08:45:00,4.2,100120.0,297.35,0.15
2015-08-04 09:00:00,3.0,100215.0,295.2,0.15
2015-08-04 09:15:00,3.4,100220.0,294.04999999999995,0.15
2015-08-04 09:30:00,1.85,100195.0,294.0,0.15
2015-08-04 09:45:00,1.3,100230.0,293.75,0.15
2015-08-04 10:00:00,0.9,100225.0,294.04999999999995,0.15
2015-08-04 10:15:00,0.8,100210.0,294.04999999999995,0.15
2015-08-04 10:30:00,1.75,100225.0,293.65,0.15
2015-08-04 10:45:00,1.9,100250.0,293.35,0.15
2015-08-04 11:00:00,1.4,100225.0,293.45,0.15
2015-08-04 11:15:00,1.2,100230.0,293.45,0.15
2015-08-04 11:30:00,1.4500000000000002,100230.0,293.45,0.15
2015-08-04 11:45:00,1.7,100220.0,293.65,0.15
2015-08-04 12:00:00,0.7,100230.0,293.75,0.15
2015-08-04 12:15:00,1.0,100250.0,293.95,0.15
2015-08-04 12:30:00,0.75,100260.0,294.1,0.15
2015-08-04 12:45:00,1.1,100270.0,294.15,0.15
2015-08-04 13:00:00,2.2,100275.0,294.0,0.15
2015-08-04 13:15:00,3.0,100290.0,293.54999999999995,0.15
2015-08-04 13:30:00,5.85,100340.0,292.0,0.15
2015-08-04 13:45:00,5.5,100360.0,291.54999999999995,0.15
2015-08-04 14:00:00,5.2,100400.0,291.4,0.15
2015-08-04 14:15:00,3.9,100420.0,291.35,0.15
2015-08-04 14:30:00,4.0,100465.0,291.1,0.15
2015-08-04 14:45:00,4.3,100500.0,291.04999999999995,0.15
2015-08-04 15:00:00,3.3,100485.0,291.04999999999995,0.15
2015-08-04 15:15:00,1.9,100510.0,291.04999999999995,0.15
2015-08-04 15:30:00,1.5499999999999998,100510.0,291.15,0.15
2015-08-04 15:45:00,1.3,100520.0,291.25,0.15
2015-08-04 16:00:00,1.85,100530.0,291.9,0.15
2015-08-04 16:15:00,2.8,100540.0,292.95,0.15
2015-08-04 16:30:00,2.85,100550.0,292.54999999999995,0.15
2015-08-04 16:45:00,3.5,100540.0,292.65,0.15
2015-08-04 17:00:00,3.0,100550.0,292.54999999999995,0.15
2015-08-04 17:15:00,2.7,100550.0,292.35,0.15
2015-08-04 17:30:00,1.55,100560.0,292.35,0.15
2015-08-04 17:45:00,1.5,100570.0,292.54999999999995,0.15
2015-08-04 18:00:00,1.4500000000000002,100560.0,292.4,0.15
2015-08-04 18:15:00,1.2,100570.0,291.54999999999995,0.15
2015-08-04 18:30:00,1.05,100585.0,291.04999999999995,0.15
2015-08-04 18:45:00,1.6,100620.0,290.15,0.15
2015-08-04 19:00:00,1.7999999999999998,100635.0,290.15,0.15
2015-08-04 19:15:00,2.2,100630.0,289.95,0.15
2015-08-04 19:30:00,2.6,100645.0,289.5,0.15
2015-08-04 19:45:00,3.0,100660.0,289.25,0.15
2015-08-04 20:00:00,2.85,100660.0,289.7,0.15
2015-08-04 20:15:00,2.6,100670.0,289.35,0.15
2015-08-04 20:30:00,2.7,100675.0,289.29999999999995,0.15
2015-08-04 20:45:00,3.0,100670.0,289.25,0.15
2015-08-04 21:00:00,2.3,100680.0,289.25,0.15
2015-08-04 21:15:00,2.0,100680.0,288.95,0.15
2015-08-04 21:30:00,1.95,100685.0,288.9,0.15
2015-08-04 21:45:00,1.2,100700.0,288.75,0.15
2015-08-04 22:00:00,1.05,100710.0,288.7,0.15
2015-08-04 22:15:00,1.2,100720.0,287.65,0.15
2015-08-04 22:30:00,1.75,100725.0,286.85,0.15
2015-08-04 22:45:00,1.9,100730.0,286.45,0.15
2015-08-04 23:00:00,1.8,100725.0,286.9,0.15
2015-08-04 23:15:00,1.9,100730.0,288.25,0.15
2015-08-04 23:30:00,1.5,100735.0,286.85,0.15
2015-08-04 23:45:00,1.5,100740.0,287.54999999999995,0.15
2015-08-05 00:00:00,2.05,100740.0,287.75,0.15
2015-08-05 00:15:00,1.8,100740.0,287.65,0.15
2015-08-05 00:30:00,2.25,100735.0,286.5,0.15
2015-08-05 00:45:00,1.5,100740.0,285.65,0.15
2015-08-05 01:00:00,1.4,100750.0,285.45,0.15
2015-08-05 01:15:00,1.7,100760.0,285.65,0.15
2015-08-05 01:30:00,1.75,100770.0,285.54999999999995,0.15
2015-08-05 01:45:00,1.5,100790.0,285.45,0.15
2015-08-05 02:00:00,1.4500000000000002,100805.0,284.9,0.15
2015-08-05 02:15:00,2.5,100790.0,285.15,0.15
2015-08-05 02:30:00,2.1500000000000004,100795.0,285.6,0.15
2015-08-05 02:45:00,2.1,100790.0,285.75,0.15
2015-08-05 03:00:00,2.25,100790.0,285.95,0.15
2015-08-05 03:15:00,2.1,100800.0,285.85,0.15
2015-08-05 03:30:00,2.6,100785.0,285.85,0.15
2015-08-05 03:45:00,2.2,100790.0,285.85,0.15
2015-08-05 04:00:00,2.1,100795.0,285.6,0.15
2015-08-05 04:15:00,1.9,100780.0,285.65,0.15
2015-08-05 04:30:00,1.7999999999999998,100790.0,285.65,0.15
2015-08-05 04:45:00,1.6,100790.0,285.75,0.15
2015-08-05 05:00:00,1.7000000000000002,100800.0,285.85,0.15
2015-08-05 05:15:00,2.1,100800.0,286.25,0.15
2015-08-05 05:30:00,2.4,100800.0,286.7,0.15
2015-08-05 05:45:00,2.0,100810.0,287.15,0.15
2015-08-05 06:00:00,2.8,100815.0,287.29999999999995,0.15
2015-08-05 06:15:00,2.4,100810.0,288.04999999999995,0.15
2015-08-05 06:30:00,2.25,100810.0,288.4,0.15
2015-08-05 06:45:00,2.5,100810.0,288.75,0.15
2015-08-05 07:00:00,2.5,100795.0,289.29999999999995,0.15
2015-08-05 07:15:00,3.0,100790.0,290.15,0.15
2015-08-05 07:30:00,2.85,100785.0,290.95,0.15
2015-08-05 07:45:00,2.9,100780.0,291.85,0.15
2015-08-05 08:00:00,3.1,100770.0,292.29999999999995,0.15
2015-08-05 08:15:00,3.3,100770.0,292.95,0.15
2015-08-05 08:30:00,3.95,100760.0,293.45,0.15
2015-08-05 08:45:00,3.4,100760.0,293.45,0.15
2015-08-05 09:00:00,3.55,100765.0,294.45,0.15
2015-08-05 09:15:00,3.2,100750.0,294.95,0.15
2015-08-05 09:30:00,3.55,100735.0,295.29999999999995,0.15
2015-08-05 09:45:00,3.7,100730.0,295.65,0.15
2015-08-05 10:00:00,3.5,100735.0,296.35,0.15
2015-08-05 10:15:00,3.1,100730.0,297.04999999999995,0.15
2015-08-05 10:30:00,3.55,100720.0,296.9,0.15
2015-08-05 10:45:00,3.8,100710.0,297.65,0.15
2015-08-05 11:00:00,3.85,100680.0,297.35,0.15
2015-08-05 11:15:00,4.1,100660.0,297.75,0.15
2015-08-05 11:30:00,4.75,100640.0,298.0,0.15
2015-08-05 11:45:00,5.2,100640.0,298.65,0.15
2015-08-05 12:00:00,5.15,100605.0,298.15,0.15
2015-08-05 12:15:00,4.9,100580.0,298.45,0.15
2015-08-05 12:30:00,4.95,100565.0,298.9,0.15
2015-08-05 12:45:00,4.4,100560.0,298.95,0.15
2015-08-05 13:00:00,4.1,100545.0,298.75,0.15
2015-08-05 13:15:00,4.2,100520.0,298.75,0.15
2015-08-05 13:30:00,4.05,100505.0,299.5,0.15
2015-08-05 13:45:00,4.6,100500.0,299.54999999999995,0.15
2015-08-05 14:00:00,4.4,100480.0,299.9,0.15
2015-08-05 14:15:00,4.8,100450.0,299.15,0.15
2015-08-05 14:30:00,4.75,100430.0,300.04999999999995,0.15
2015-08-05 14:45:00,4.9,100400.0,300.25,0.15
2015-08-05 15:00:00,4.45,100390.0,300.2,0.15
2015-08-05 15:15:00,5.1,100390.0,300.25,0.15
2015-08-05 15:30:00,3.95,100370.0,300.1,0.15
2015-08-05 15:45:00,4.2,100360.0,300.04999999999995,0.15
2015-08-05 16:00:00,4.699999999999999,100340.0,300.25,0.15
2015-08-05 16:15:00,4.7,100330.0,300.04999999999995,0.15
2015-08-05 16:30:00,4.1,100315.0,299.95,0.15
2015-08-05 16:45:00,3.8,100300.0,299.75,0.15
2015-08-05 17:00:00,3.85,100285.0,299.65,0.15
2015-08-05 17:15:00,4.0,100280.0,299.35,0.15
2015-08-05 17:30:00,3.7,100245.0,299.04999999999995,0.15
2015-08-05 17:45:00,3.3,100250.0,298.65,0.15
2015-08-05 18:00:00,2.55,100245.0,298.25,0.15
2015-08-05 18:15:00,2.8,100250.0,297.85,0.15
2015-08-05 18:30:00,2.95,100245.0,297.75,0.15
2015-08-05 18:45:00,2.8,100250.0,297.65,0.15
2015-08-05 19:00:00,2.7,100240.0,297.1,0.15
2015-08-05 19:15:00,2.5,100260.0,296.85,0.15
2015-08-05 19:30:00,2.25,100285.0,296.4,0.15
2015-08-05 19:45:00,2.4,100290.0,296.04999999999995,0.15
2015-08-05 20:00:00,2.4000000000000004,100275.0,296.0,0.15
2015-08-05 20:15:00,2.6,100280.0,295.75,0.15
2015-08-05 20:30:00,2.65,100280.0,295.65,0.15
2015-08-05 20:45:00,3.1,100280.0,295.35,0.15
2015-08-05 21:00:00,3.3,100250.0,295.15,0.15
2015-08-05 21:15:00,3.5,100250.0,294.75,0.15
2015-08-05 21:30:00,3.45,100260.0,294.45,0.15
2015-08-05 21:45:00,2.9,100260.0,294.35,0.15
2015-08-05 22:00:00,2.85,100270.0,294.25,0.15
2015-08-05 22:15:00,2.7,100280.0,294.04999999999995,0.15
2015-08-05 22:30:00,2.85,100270.0,294.0,0.15
2015-08-05 22:45:00,2.9,100270.0,293.85,0.15
2015-08-05 23:00:00,2.9000000000000004,100270.0,293.7,0.15
2015-08-05 23:15:00,2.5,100260.0,293.45,0.15
2015-08-05 23:30:00,2.35,100260.0,293.4,0.15
2015-08-05 23:45:00,2.7,100250.0,293.15,0.15
2015-08-06 00:00:00,2.35,100245.0,293.2,0.15
2015-08-06 00:15:00,2.2,100230.0,293.15,0.15
2015-08-06 00:30:00,2.45,100230.0,293.29999999999995,0.15
2015-08-06 00:45:00,2.8,100230.0,293.04999999999995,0.15
2015-08-06 01:00:00,2.35,100225.0,293.04999999999995,0.15
2015-08-06 01:15:00,2.0,100220.0,292.95,0.15
2015-08-06 01:30:00,1.95,100220.0,292.85,0.15
2015-08-06 01:45:00,1.6,100220.0,292.85,0.15
2015-08-06 02:00:00,1.9,100230.0,292.85,0.15
2015-08-06 02:15:00,1.4,100230.0,291.54999999999995,0.15
2015-08-06 02:30:00,1.6,100225.0,292.45,0.15
2015-08-06 02:45:00,1.4,100220.0,292.85,0.15
2015-08-06 03:00:00,2.45,100220.0,292.95,0.15
2015-08-06 03:15:00,2.4,100220.0,292.85,0.15
2015-08-06 03:30:00,2.3,100225.0,292.79999999999995,0.15
2015-08-06 03:45:00,2.3,100210.0,292.95,0.15
2015-08-06 04:00:00,2.55,100205.0,292.79999999999995,0.15
2015-08-06 04:15:00,2.2,100210.0,292.65,0.15
2015-08-06 04:30:00,1.85,100205.0,292.75,0.15
2015-08-06 04:45:00,1.7,100210.0,292.95,0.15
2015-08-06 05:00:00,1.85,100220.0,293.29999999999995,0.15
2015-08-06 05:15:00,2.0,100230.0,293.54999999999995,0.15
2015-08-06 05:30:00,1.7000000000000002,100225.0,293.79999999999995,0.15
2015-08-06 05:45:00,2.1,100220.0,294.25,0.15
2015-08-06 06:00:00,2.3,100225.0,295.04999999999995,0.15
2015-08-06 06:15:00,2.7,100240.0,295.65,0.15
2015-08-06 06:30:00,3.15,100250.0,296.29999999999995,0.15
2015-08-06 06:45:00,3.6,100260.0,296.65,0.15
2015-08-06 07:00:00,2.85,100265.0,296.75,0.15
2015-08-06 07:15:00,2.4,100270.0,297.35,0.15
2015-08-06 07:30:00,3.1,100285.0,298.04999999999995,0.15
2015-08-06 07:45:00,3.7,100280.0,298.75,0.15
2015-08-06 08:00:00,3.55,100280.0,299.1,0.15
2015-08-06 08:15:00,3.8,100280.0,299.45,0.15
2015-08-06 08:30:00,3.45,100270.0,300.15,0.15
2015-08-06 08:45:00,3.3,100290.0,300.85,0.15
2015-08-06 09:00:00,3.45,100285.0,301.4,0.15
2015-08-06 09:15:00,3.9,100280.0,301.85,0.15
2015-08-06 09:30:00,3.7,100275.0,302.29999999999995,0.15
2015-08-06 09:45:00,3.2,100260.0,302.95,0.15
2015-08-06 10:00:00,3.45,100265.0,303.4,0.15
2015-08-06 10:15:00,3.9,100260.0,303.75,0.15
2015-08-06 10:30:00,4.75,100240.0,304.65,0.15
2015-08-06 10:45:00,5.2,100230.0,304.65,0.15
2015-08-06 11:00:00,5.7,100220.0,305.6,0.15
2015-08-06 11:15:00,5.9,100210.0,305.85,0.15
2015-08-06 11:30:00,5.6,100205.0,306.29999999999995,0.15
2015-08-06 11:45:00,4.9,100210.0,306.04999999999995,0.15
2015-08-06 12:00:00,4.75,100205.0,306.45,0.15
2015-08-06 12:15:00,5.4,100200.0,307.45,0.15
2015-08-06 12:30:00,4.3,100195.0,306.9,0.15
2015-08-06 12:45:00,4.1,100170.0,308.25,0.15
2015-08-06 13:00:00,4.4,100180.0,306.54999999999995,0.15
2015-08-06 13:15:00,3.2,100170.0,306.85,0.15
2015-08-06 13:30:00,3.25,100180.0,307.65,0.15
2015-08-06 13:45:00,5.3,100170.0,307.15,0.15
2015-08-06 14:00:00,4.35,100175.0,308.15,0.15
2015-08-06 14:15:00,4.0,100170.0,309.65,0.15
2015-08-06 14:30:00,4.6,100180.0,308.85,0.15
2015-08-06 14:45:00,3.6,100180.0,308.75,0.15
2015-08-06 15:00:00,4.45,100185.0,309.2,0.15
2015-08-06 15:15:00,4.1,100190.0,309.25,0.15
2015-08-06 15:30:00,4.25,100210.0,308.0,0.15
2015-08-06 15:45:00,4.9,100220.0,307.75,0.15
2015-08-06 16:00:00,4.95,100220.0,307.54999999999995,0.15
2015-08-06 16:15:00,4.9,100220.0,307.54999999999995,0.15
2015-08-06 16:30:00,5.1,100235.0,307.0,0.15
2015-08-06 16:45:00,5.0,100240.0,306.35,0.15
2015-08-06 17:00:00,3.5,100240.0,306.35,0.15
2015-08-06 17:15:00,3.6,100240.0,305.95,0.15
2015-08-06 17:30:00,3.5,100240.0,305.75,0.15
2015-08-06 17:45:00,4.1,100250.0,304.75,0.15
2015-08-06 18:00:00,3.75,100275.0,303.75,0.15
2015-08-06 18:15:00,3.4,100290.0,302.75,0.15
2015-08-06 18:30:00,2.55,100290.0,302.4,0.15
2015-08-06 18:45:00,2.1,100300.0,301.54999999999995,0.15
2015-08-06 19:00:00,1.95,100320.0,300.54999999999995,0.15
2015-08-06 19:15:00,1.7,100320.0,299.54999999999995,0.15
2015-08-06 19:30:00,1.3,100330.0,298.04999999999995,0.15
2015-08-06 19:45:00,1.0,100350.0,298.65,0.15
2015-08-06 20:00:00,1.9,100360.0,298.1,0.15
2015-08-06 20:15:00,1.5,100370.0,296.15,0.15
2015-08-06 20:30:00,1.1,100375.0,296.79999999999995,0.15
2015-08-06 20:45:00,1.2,100380.0,295.35,0.15
2015-08-06 21:00:00,1.7000000000000002,100380.0,295.35,0.15
2015-08-06 21:15:00,0.6,100390.0,294.25,0.15
2015-08-06 21:30:00,1.45,100395.0,294.54999999999995,0.15
2015-08-06 21:45:00,1.2,100390.0,294.35,0.15
2015-08-06 22:00:00,1.75,100390.0,293.75,0.15
2015-08-06 22:15:00,1.8,100380.0,293.54999999999995,0.15
2015-08-06 22:30:00,2.1500000000000004,100385.0,293.5,0.15
2015-08-06 22:45:00,1.3,100390.0,293.54999999999995,0.15
2015-08-06 23:00:00,0.55,100380.0,292.9,0.15
2015-08-06 23:15:00,0.8,100360.0,292.95,0.15
2015-08-06 23:30:00,0.75,100380.0,292.4,0.15
2015-08-06 23:45:00,0.9,100380.0,292.15,0.15
2015-08-07 00:00:00,1.9,100365.0,292.54999999999995,0.15
2015-08-07 00:15:00,2.0,100350.0,292.65,0.15
2015-08-07 00:30:00,0.8,100340.0,292.04999999999995,0.15
2015-08-07 00:45:00,0.6,100340.0,291.04999999999995,0.15
2015-08-07 01:00:00,0.75,100350.0,291.45,0.15
2015-08-07 01:15:00,1.5,100320.0,291.95,0.15
2015-08-07 01:30:00,0.9,100320.0,292.35,0.15
2015-08-07 01:45:00,0.4,100320.0,292.85,0.15
2015-08-07 02:00:00,1.15,100330.0,292.45,0.15
2015-08-07 02:15:00,0.5,100320.0,292.65,0.15
2015-08-07 02:30:00,1.05,100325.0,292.5,0.15
2015-08-07 02:45:00,1.3,100330.0,292.25,0.15
2015-08-07 03:00:00,0.6,100310.0,292.15,0.15
2015-08-07 03:15:00,1.5,100300.0,291.25,0.15
2015-08-07 03:30:00,2.25,100335.0,291.65,0.15
2015-08-07 03:45:00,2.4,100390.0,292.45,0.15
2015-08-07 04:00:00,2.2,100410.0,292.9,0.15
2015-08-07 04:15:00,3.4,100450.0,293.45,0.15
2015-08-07 04:30:00,5.2,100430.0,293.6,0.15
2015-08-07 04:45:00,4.7,100450.0,293.35,0.15
2015-08-07 05:00:00,3.9,100440.0,293.35,0.15
2015-08-07 05:15:00,2.7,100430.0,293.95,0.15
2015-08-07 05:30:00,1.85,100440.0,294.95,0.15
2015-08-07 05:45:00,1.2,100490.0,294.95,0.15
2015-08-07 06:00:00,1.4,100510.0,295.15,0.15
2015-08-07 06:15:00,0.7,100520.0,295.65,0.15
2015-08-07 06:30:00,1.6,100560.0,296.04999999999995,0.15
2015-08-07 06:45:00,1.0,100490.0,296.25,0.15
2015-08-07 07:00:00,3.8,100445.0,296.85,0.15
2015-08-07 07:15:00,4.9,100410.0,297.35,0.15
2015-08-07 07:30:00,2.05,100435.0,297.95,0.15
2015-08-07 07:45:00,1.9,100440.0,298.54999999999995,0.15
2015-08-07 08:00:00,1.4,100425.0,298.85,0.15
2015-08-07 08:15:00,2.1,100430.0,298.54999999999995,0.15
2015-08-07 08:30:00,2.15,100425.0,298.75,0.15
2015-08-07 08:45:00,2.6,100420.0,298.65,0.15
2015-08-07 09:00:00,2.15,100440.0,299.25,0.15
2015-08-07 09:15:00,2.1,100420.0,299.65,0.15
2015-08-07 09:30:00,1.85,100420.0,300.95,0.15
2015-08-07 09:45:00,1.4,100400.0,301.54999999999995,0.15
2015-08-07 10:00:00,1.6,100410.0,302.0,0.15
2015-08-07 10:15:00,3.2,100400.0,302.35,0.15
2015-08-07 10:30:00,3.15,100390.0,302.54999999999995,0.15
2015-08-07 10:45:00,2.5,100390.0,302.04999999999995,0.15
2015-08-07 11:00:00,2.3,100385.0,303.0,0.15
2015-08-07 11:15:00,2.1,100390.0,302.54999999999995,0.15
2015-08-07 11:30:00,1.15,100385.0,303.54999999999995,0.15
2015-08-07 11:45:00,1.8,100390.0,303.35,0.15
2015-08-07 12:00:00,2.3,100385.0,304.15,0.15
2015-08-07 12:15:00,1.0,100370.0,304.35,0.15
2015-08-07 12:30:00,1.75,100365.0,304.54999999999995,0.15
2015-08-07 12:45:00,1.8,100380.0,304.95,0.15
2015-08-07 13:00:00,1.2,100370.0,305.6,0.15
2015-08-07 13:15:00,2.3,100360.0,305.54999999999995,0.15
2015-08-07 13:30:00,2.15,100345.0,306.35,0.15
2015-08-07 13:45:00,1.9,100340.0,306.35,0.15
2015-08-07 14:00:00,2.0,100325.0,307.15,0.15
2015-08-07 14:15:00,2.0,100310.0,306.75,0.15
2015-08-07 14:30:00,1.85,100330.0,306.95,0.15
2015-08-07 14:45:00,2.6,100340.0,306.65,0.15
2015-08-07 15:00:00,3.65,100330.0,306.95,0.15
2015-08-07 15:15:00,3.9,100330.0,306.75,0.15
2015-08-07 15:30:00,4.35,100335.0,306.15,0.15
2015-08-07 15:45:00,3.7,100330.0,305.35,0.15
2015-08-07 16:00:00,4.95,100330.0,305.75,0.15
2015-08-07 16:15:00,5.4,100320.0,305.54999999999995,0.15
2015-08-07 16:30:00,5.5,100315.0,305.29999999999995,0.15
2015-08-07 16:45:00,5.8,100310.0,305.15,0.15
2015-08-07 17:00:00,5.15,100310.0,304.2,0.15
2015-08-07 17:15:00,5.1,100320.0,303.45,0.15
2015-08-07 17:30:00,5.050000000000001,100315.0,303.4,0.15
2015-08-07 17:45:00,5.4,100330.0,303.25,0.15
2015-08-07 18:00:00,5.449999999999999,100340.0,302.75,0.15
2015-08-07 18:15:00,5.1,100330.0,301.95,0.15
2015-08-07 18:30:00,4.4,100360.0,301.5,0.15
2015-08-07 18:45:00,4.4,100380.0,301.15,0.15
2015-08-07 19:00:00,4.3,100385.0,300.2,0.15
2015-08-07 19:15:00,4.1,100390.0,299.35,0.15
2015-08-07 19:30:00,4.0,100420.0,299.25,0.15
2015-08-07 19:45:00,4.6,100460.0,298.95,0.15
2015-08-07 20:00:00,5.199999999999999,100490.0,299.2,0.15
2015-08-07 20:15:00,4.3,100510.0,299.15,0.15
2015-08-07 20:30:00,4.699999999999999,100500.0,298.85,0.15
2015-08-07 20:45:00,4.7,100520.0,298.75,0.15
2015-08-07 21:00:00,4.15,100515.0,298.4,0.15
2015-08-07 21:15:00,3.5,100490.0,298.15,0.15
2015-08-07 21:30:00,3.2,100495.0,297.65,0.15
2015-08-07 21:45:00,3.8,100540.0,298.25,0.15
2015-08-07 22:00:00,4.800000000000001,100535.0,298.6,0.15
2015-08-07 22:15:00,3.8,100500.0,298.04999999999995,0.15
2015-08-07 22:30:00,3.75,100500.0,297.75,0.15
2015-08-07 22:45:00,3.7,100460.0,297.25,0.15
2015-08-07 23:00:00,3.45,100515.0,296.25,0.15
2015-08-07 23:15:00,3.3,100530.0,295.85,0.15
2015-08-07 23:30:00,2.55,100490.0,295.85,0.15
2015-08-07 23:45:00,2.3,100410.0,296.35,0.15
2015-08-08 00:00:00,4.25,100465.0,295.85,0.15
2015-08-08 00:15:00,4.6,100430.0,296.04999999999995,0.15
2015-08-08 00:30:00,4.65,100610.0,295.85,0.15
2015-08-08 00:45:00,4.1,100760.0,295.75,0.15
2015-08-08 01:00:00,3.45,100785.0,295.5,0.15
2015-08-08 01:15:00,1.9,100720.0,295.25,0.15
2015-08-08 01:30:00,3.75,100600.0,295.15,0.15
2015-08-08 01:45:00,4.0,100610.0,295.25,0.15
2015-08-08 02:00:00,1.6,100625.0,295.0,0.15
2015-08-08 02:15:00,2.1,100590.0,295.04999999999995,0.15
2015-08-08 02:30:00,2.5,100590.0,295.35,0.15
2015-08-08 02:45:00,3.8,100530.0,294.95,0.15
2015-08-08 03:00:00,2.5,100565.0,294.95,0.15
2015-08-08 03:15:00,2.8,100610.0,295.15,0.15
2015-08-08 03:30:00,3.1,100610.0,295.0,0.15
2015-08-08 03:45:00,2.1,100630.0,294.95,0.15
2015-08-08 04:00:00,2.2,100650.0,294.9,0.15
2015-08-08 04:15:00,2.9,100660.0,294.75,0.15
2015-08-08 04:30:00,3.55,100630.0,294.6,0.15
2015-08-08 04:45:00,2.9,100680.0,294.45,0.15
2015-08-08 05:00:00,2.8,100710.0,294.6,0.15
2015-08-08 05:15:00,2.4,100740.0,294.75,0.15
2015-08-08 05:30:00,2.85,100750.0,294.75,0.15
2015-08-08 05:45:00,2.5,100770.0,294.75,0.15
2015-08-08 06:00:00,2.7,100785.0,294.7,0.15
2015-08-08 06:15:00,2.1,100800.0,294.75,0.15
2015-08-08 06:30:00,2.45,100800.0,294.95,0.15
2015-08-08 06:45:00,2.8,100830.0,295.15,0.15
2015-08-08 07:00:00,2.7,100825.0,295.45,0.15
2015-08-08 07:15:00,4.0,100860.0,295.95,0.15
2015-08-08 07:30:00,4.25,100850.0,295.7,0.15
2015-08-08 07:45:00,3.7,100870.0,294.95,0.15
2015-08-08 08:00:00,3.65,100865.0,295.2,0.15
2015-08-08 08:15:00,3.7,100890.0,295.35,0.15
2015-08-08 08:30:00,4.1,100905.0,294.85,0.15
2015-08-08 08:45:00,4.2,100940.0,294.85,0.15
2015-08-08 09:00:00,4.4,100970.0,294.45,0.15
2015-08-08 09:15:00,4.1,100990.0,294.45,0.15
2015-08-08 09:30:00,4.1,101015.0,294.5,0.15
2015-08-08 09:45:00,4.4,101010.0,294.75,0.15
2015-08-08 10:00:00,4.5,101010.0,294.5,0.15
2015-08-08 10:15:00,4.4,101030.0,294.54999999999995,0.15
2015-08-08 10:30:00,4.15,101015.0,294.5,0.15
2015-08-08 10:45:00,4.3,101010.0,294.65,0.15
2015-08-08 11:00:00,4.1,101000.0,295.1,0.15
2015-08-08 11:15:00,4.3,101010.0,295.54999999999995,0.15
2015-08-08 11:30:00,4.5,101035.0,295.6,0.15
2015-08-08 11:45:00,4.9,101040.0,296.04999999999995,0.15
2015-08-08 12:00:00,4.55,101040.0,296.2,0.15
2015-08-08 12:15:00,4.6,101050.0,296.65,0.15
2015-08-08 12:30:00,4.949999999999999,101040.0,296.9,0.15
2015-08-08 12:45:00,5.2,101030.0,297.15,0.15
2015-08-08 13:00:00,5.0,101030.0,296.95,0.15
2015-08-08 13:15:00,4.3,101020.0,297.15,0.15
2015-08-08 13:30:00,3.9,101030.0,296.9,0.15
2015-08-08 13:45:00,3.5,101040.0,296.75,0.15
2015-08-08 14:00:00,3.3,101040.0,297.75,0.15
2015-08-08 14:15:00,3.5,101050.0,297.45,0.15
2015-08-08 14:30:00,3.95,101055.0,297.4,0.15
2015-08-08 14:45:00,4.5,101060.0,296.75,0.15
2015-08-08 15:00:00,4.6,101070.0,296.54999999999995,0.15
2015-08-08 15:15:00,4.0,101070.0,296.45,0.15
2015-08-08 15:30:00,4.15,101060.0,296.5,0.15
2015-08-08 15:45:00,3.7,101050.0,296.54999999999995,0.15
2015-08-08 16:00:00,3.85,101055.0,296.2,0.15
2015-08-08 16:15:00,4.3,101050.0,295.95,0.15
2015-08-08 16:30:00,4.45,101050.0,295.79999999999995,0.15
2015-08-08 16:45:00,4.8,101060.0,295.75,0.15
2015-08-08 17:00:00,4.5,101035.0,295.45,0.15
2015-08-08 17:15:00,5.2,101030.0,295.25,0.15
2015-08-08 17:30:00,4.5,101045.0,295.04999999999995,0.15
2015-08-08 17:45:00,4.0,101070.0,294.95,0.15
2015-08-08 18:00:00,3.65,101055.0,294.85,0.15
2015-08-08 18:15:00,3.5,101050.0,294.75,0.15
2015-08-08 18:30:00,3.0,101040.0,294.79999999999995,0.15
2015-08-08 18:45:00,2.8,101050.0,294.65,0.15
2015-08-08 19:00:00,4.0,101060.0,294.6,0.15
2015-08-08 19:15:00,3.1,101070.0,294.45,0.15
2015-08-08 19:30:00,2.95,101090.0,294.29999999999995,0.15
2015-08-08 19:45:00,2.9,101110.0,294.15,0.15
2015-08-08 20:00:00,3.1,101105.0,294.04999999999995,0.15
2015-08-08 20:15:00,2.9,101080.0,294.04999999999995,0.15
2015-08-08 20:30:00,2.35,101095.0,294.04999999999995,0.15
2015-08-08 20:45:00,2.9,101100.0,293.75,0.15
2015-08-08 21:00:00,2.5,101110.0,293.75,0.15
2015-08-08 21:15:00,2.9,101120.0,293.95,0.15
2015-08-08 21:30:00,2.75,101110.0,293.6,0.15
2015-08-08 21:45:00,1.8,101100.0,292.75,0.15
2015-08-08 22:00:00,1.9,101095.0,292.54999999999995,0.15
2015-08-08 22:15:00,1.9,101090.0,292.35,0.15
2015-08-08 22:30:00,1.95,101090.0,291.95,0.15
2015-08-08 22:45:00,2.0,101070.0,291.54999999999995,0.15
2015-08-08 23:00:00,2.25,101055.0,291.79999999999995,0.15
2015-08-08 23:15:00,2.7,101020.0,291.45,0.15
2015-08-08 23:30:00,2.4,101030.0,291.0,0.15
2015-08-08 23:45:00,1.8,101040.0,290.85,0.15
2015-08-09 00:00:00,0.85,101035.0,290.79999999999995,0.15
2015-08-09 00:15:00,0.4,101030.0,290.54999999999995,0.15
2015-08-09 00:30:00,0.65,101015.0,290.9,0.15
2015-08-09 00:45:00,0.8,101010.0,291.04999999999995,0.15
2015-08-09 01:00:00,1.6,101000.0,290.79999999999995,0.15
2015-08-09 01:15:00,1.9,100990.0,289.15,0.15
2015-08-09 01:30:00,3.1,100965.0,289.95,0.15
2015-08-09 01:45:00,2.0,100950.0,289.95,0.15
2015-08-09 02:00:00,2.3,100950.0,289.75,0.15
2015-08-09 02:15:00,2.3,100950.0,289.65,0.15
2015-08-09 02:30:00,2.4,100935.0,289.7,0.15
2015-08-09 02:45:00,2.5,100930.0,290.04999999999995,0.15
2015-08-09 03:00:00,2.3,100930.0,289.79999999999995,0.15
2015-08-09 03:15:00,2.7,100940.0,289.54999999999995,0.15
2015-08-09 03:30:00,2.9,100930.0,289.45,0.15
2015-08-09 03:45:00,2.6,100930.0,289.45,0.15
2015-08-09 04:00:00,3.2,100925.0,289.1,0.15
2015-08-09 04:15:00,2.6,100920.0,289.04999999999995,0.15
2015-08-09 04:30:00,2.1,100920.0,289.0,0.15
2015-08-09 04:45:00,2.4,100910.0,289.25,0.15
2015-08-09 05:00:00,2.35,100900.0,289.2,0.15
2015-08-09 05:15:00,2.6,100860.0,289.35,0.15
2015-08-09 05:30:00,1.65,100855.0,290.0,0.15
2015-08-09 05:45:00,1.7,100860.0,290.45,0.15
2015-08-09 06:00:00,1.6,100850.0,290.7,0.15
2015-08-09 06:15:00,1.4,100850.0,291.25,0.15
2015-08-09 06:30:00,0.8500000000000001,100860.0,291.35,0.15
2015-08-09 06:45:00,1.0,100860.0,291.85,0.15
2015-08-09 07:00:00,1.1,100860.0,292.0,0.15
2015-08-09 07:15:00,1.1,100860.0,292.35,0.15
2015-08-09 07:30:00,1.4,100855.0,292.5,0.15
2015-08-09 07:45:00,1.5,100850.0,292.85,0.15
2015-08-09 08:00:00,1.25,100855.0,293.29999999999995,0.15
2015-08-09 08:15:00,1.2,100850.0,293.65,0.15
2015-08-09 08:30:00,1.0,100865.0,294.2,0.15
2015-08-09 08:45:00,0.9,100870.0,294.95,0.15
2015-08-09 09:00:00,0.95,100855.0,294.65,0.15
2015-08-09 09:15:00,1.3,100850.0,294.75,0.15
2015-08-09 09:30:00,0.8,100860.0,294.75,0.15
2015-08-09 09:45:00,1.0,100860.0,294.95,0.15
2015-08-09 10:00:00,1.6,100860.0,295.15,0.15
2015-08-09 10:15:00,1.8,100850.0,295.45,0.15
2015-08-09 10:30:00,1.3,100855.0,295.85,0.15
2015-08-09 10:45:00,2.0,100820.0,296.45,0.15
2015-08-09 11:00:00,2.3,100805.0,296.45,0.15
2015-08-09 11:15:00,1.8,100790.0,296.85,0.15
2015-08-09 11:30:00,2.05,100780.0,297.65,0.15
2015-08-09 11:45:00,2.5,100780.0,297.54999999999995,0.15
2015-08-09 12:00:00,2.5,100765.0,297.95,0.15
2015-08-09 12:15:00,3.0,100730.0,298.54999999999995,0.15
2015-08-09 12:30:00,2.8,100730.0,298.65,0.15
2015-08-09 12:45:00,2.8,100730.0,299.54999999999995,0.15
2015-08-09 13:00:00,2.4,100715.0,299.54999999999995,0.15
2015-08-09 13:15:00,3.2,100700.0,299.54999999999995,0.15
2015-08-09 13:30:00,2.85,100695.0,299.4,0.15
2015-08-09 13:45:00,2.6,100680.0,299.54999999999995,0.15
2015-08-09 14:00:00,3.25,100680.0,299.7,0.15
2015-08-09 14:15:00,3.4,100670.0,299.45,0.15
2015-08-09 14:30:00,3.45,100660.0,299.29999999999995,0.15
2015-08-09 14:45:00,3.5,100660.0,299.45,0.15
2015-08-09 15:00:00,2.95,100665.0,299.5,0.15
2015-08-09 15:15:00,3.9,100670.0,299.75,0.15
2015-08-09 15:30:00,3.7,100655.0,299.6,0.15
2015-08-09 15:45:00,3.8,100650.0,299.15,0.15
2015-08-09 16:00:00,3.9,100630.0,299.15,0.15
2015-08-09 16:15:00,4.1,100620.0,299.15,0.15
2015-08-09 16:30:00,4.0,100605.0,298.7,0.15
2015-08-09 16:45:00,3.7,100600.0,298.65,0.15
2015-08-09 17:00:00,3.7,100610.0,298.4,0.15
2015-08-09 17:15:00,4.0,100610.0,298.45,0.15
2015-08-09 17:30:00,3.9,100615.0,298.5,0.15
2015-08-09 17:45:00,4.2,100620.0,298.25,0.15
2015-08-09 18:00:00,4.15,100620.0,297.85,0.15
2015-08-09 18:15:00,3.6,100630.0,297.35,0.15
2015-08-09 18:30:00,3.9,100640.0,296.9,0.15
2015-08-09 18:45:00,3.4,100650.0,296.45,0.15
2015-08-09 19:00:00,3.1500000000000004,100655.0,295.65,0.15
2015-08-09 19:15:00,3.6,100660.0,295.45,0.15
2015-08-09 19:30:00,3.05,100670.0,295.04999999999995,0.15
2015-08-09 19:45:00,2.7,100660.0,294.65,0.15
2015-08-09 20:00:00,2.95,100655.0,294.1,0.15
2015-08-09 20:15:00,2.9,100670.0,294.25,0.15
2015-08-09 20:30:00,2.25,100695.0,294.2,0.15
2015-08-09 20:45:00,2.5,100700.0,293.85,0.15
2015-08-09 21:00:00,2.35,100695.0,293.7,0.15
2015-08-09 21:15:00,2.0,100690.0,293.75,0.15
2015-08-09 21:30:00,1.6,100715.0,293.65,0.15
2015-08-09 21:45:00,1.4,100710.0,293.45,0.15
2015-08-09 22:00:00,2.1,100675.0,293.4,0.15
2015-08-09 22:15:00,1.8,100690.0,293.25,0.15
2015-08-09 22:30:00,1.75,100700.0,293.04999999999995,0.15
2015-08-09 22:45:00,2.0,100710.0,292.85,0.15
2015-08-09 23:00:00,2.2,100695.0,292.79999999999995,0.15
2015-08-09 23:15:00,2.7,100680.0,292.65,0.15
2015-08-09 23:30:00,2.1,100665.0,292.25,0.15
2015-08-09 23:45:00,2.0,100660.0,292.25,0.15
2015-08-10 00:00:00,1.25,100655.0,292.1,0.15
2015-08-10 00:15:00,0.8,100660.0,292.45,0.15
2015-08-10 00:30:00,1.25,100665.0,292.25,0.15
2015-08-10 00:45:00,2.4,100670.0,292.15,0.15
2015-08-10 01:00:00,2.3,100685.0,292.1,0.15
2015-08-10 01:15:00,1.8,100670.0,292.15,0.15
2015-08-10 01:30:00,1.75,100680.0,292.45,0.15
2015-08-10 01:45:00,2.2,100680.0,292.75,0.15
2015-08-10 02:00:00,1.95,100670.0,292.85,0.15
2015-08-10 02:15:00,2.5,100650.0,292.65,0.15
2015-08-10 02:30:00,2.55,100650.0,292.4,0.15
2015-08-10 02:45:00,2.1,100650.0,292.54999999999995,0.15
2015-08-10 03:00:00,2.4000000000000004,100645.0,292.45,0.15
2015-08-10 03:15:00,1.7,100650.0,292.45,0.15
2015-08-10 03:30:00,1.45,100690.0,292.1,0.15
2015-08-10 03:45:00,2.1,100720.0,292.04999999999995,0.15
2015-08-10 04:00:00,1.85,100710.0,291.5,0.15
2015-08-10 04:15:00,1.1,100630.0,291.04999999999995,0.15
2015-08-10 04:30:00,4.05,100520.0,290.75,0.15
2015-08-10 04:45:00,3.5,100520.0,290.65,0.15
2015-08-10 05:00:00,3.55,100475.0,290.75,0.15
2015-08-10 05:15:00,1.0,100510.0,291.15,0.15
2015-08-10 05:30:00,1.4,100535.0,290.9,0.15
2015-08-10 05:45:00,2.3,100550.0,290.85,0.15
2015-08-10 06:00:00,2.05,100575.0,291.15,0.15
2015-08-10 06:15:00,1.6,100610.0,291.15,0.15
2015-08-10 06:30:00,2.7,100575.0,291.04999999999995,0.15
2015-08-10 06:45:00,1.7,100600.0,290.95,0.15
2015-08-10 07:00:00,1.5,100605.0,291.04999999999995,0.15
2015-08-10 07:15:00,1.1,100620.0,291.15,0.15
2015-08-10 07:30:00,2.1500000000000004,100630.0,291.1,0.15
2015-08-10 07:45:00,2.3,100610.0,291.25,0.15
2015-08-10 08:00:00,1.85,100615.0,291.45,0.15
2015-08-10 08:15:00,2.2,100610.0,292.25,0.15
2015-08-10 08:30:00,3.2,100620.0,292.85,0.15
2015-08-10 08:45:00,3.8,100620.0,293.04999999999995,0.15
2015-08-10 09:00:00,3.25,100615.0,292.95,0.15
2015-08-10 09:15:00,3.4,100610.0,292.65,0.15
2015-08-10 09:30:00,3.45,100600.0,293.15,0.15
2015-08-10 09:45:00,3.8,100590.0,293.75,0.15
2015-08-10 10:00:00,3.8,100580.0,293.54999999999995,0.15
2015-08-10 10:15:00,4.0,100560.0,293.54999999999995,0.15
2015-08-10 10:30:00,3.65,100555.0,293.4,0.15
2015-08-10 10:45:00,4.2,100580.0,293.65,0.15
2015-08-10 11:00:00,4.0,100585.0,294.0,0.15
2015-08-10 11:15:00,4.8,100560.0,293.65,0.15
2015-08-10 11:30:00,4.95,100550.0,293.4,0.15
2015-08-10 11:45:00,5.1,100540.0,293.35,0.15
2015-08-10 12:00:00,4.1,100560.0,293.54999999999995,0.15
2015-08-10 12:15:00,3.8,100560.0,294.15,0.15
2015-08-10 12:30:00,4.4,100525.0,294.0,0.15
2015-08-10 12:45:00,4.4,100510.0,293.65,0.15
2015-08-10 13:00:00,3.1,100535.0,293.35,0.15
2015-08-10 13:15:00,4.0,100530.0,292.85,0.15
2015-08-10 13:30:00,4.2,100520.0,292.1,0.15
2015-08-10 13:45:00,4.7,100530.0,292.15,0.15
2015-08-10 14:00:00,4.25,100525.0,292.0,0.15
2015-08-10 14:15:00,3.7,100520.0,291.75,0.15
2015-08-10 14:30:00,3.4,100525.0,291.79999999999995,0.15
2015-08-10 14:45:00,2.2,100540.0,292.15,0.15
2015-08-10 15:00:00,3.55,100540.0,292.25,0.15
2015-08-10 15:15:00,4.2,100530.0,291.45,0.15
2015-08-10 15:30:00,3.65,100535.0,290.79999999999995,0.15
2015-08-10 15:45:00,3.9,100560.0,290.95,0.15
2015-08-10 16:00:00,4.4,100545.0,290.0,0.15
2015-08-10 16:15:00,4.2,100520.0,289.15,0.15
2015-08-10 16:30:00,3.3,100510.0,288.79999999999995,0.15
2015-08-10 16:45:00,2.2,100510.0,288.95,0.15
2015-08-10 17:00:00,1.7000000000000002,100515.0,289.25,0.15
2015-08-10 17:15:00,1.8,100550.0,289.54999999999995,0.15
2015-08-10 17:30:00,1.4,100555.0,289.6,0.15
2015-08-10 17:45:00,1.8,100550.0,289.45,0.15
2015-08-10 18:00:00,2.5,100560.0,289.5,0.15
2015-08-10 18:15:00,2.1,100590.0,289.35,0.15
2015-08-10 18:30:00,2.6,100545.0,289.2,0.15
2015-08-10 18:45:00,2.7,100550.0,288.95,0.15
2015-08-10 19:00:00,1.85,100545.0,289.0,0.15
2015-08-10 19:15:00,1.6,100540.0,288.85,0.15
2015-08-10 19:30:00,0.95,100585.0,289.1,0.15
2015-08-10 19:45:00,1.2,100610.0,288.95,0.15
2015-08-10 20:00:00,1.4,100615.0,289.1,0.15
2015-08-10 20:15:00,0.6,100610.0,289.04999999999995,0.15
2015-08-10 20:30:00,0.75,100600.0,288.95,0.15
2015-08-10 20:45:00,1.2,100580.0,288.95,0.15
2015-08-10 21:00:00,1.55,100590.0,289.04999999999995,0.15
2015-08-10 21:15:00,1.1,100580.0,289.15,0.15
2015-08-10 21:30:00,1.1,100580.0,289.2,0.15
2015-08-10 21:45:00,0.5,100570.0,289.04999999999995,0.15
2015-08-10 22:00:00,1.25,100590.0,289.2,0.15
2015-08-10 22:15:00,0.5,100570.0,289.15,0.15
2015-08-10 22:30:00,1.35,100575.0,289.1,0.15
2015-08-10 22:45:00,1.2,100590.0,289.04999999999995,0.15
2015-08-10 23:00:00,1.25,100575.0,289.35,0.15
2015-08-10 23:15:00,1.4,100580.0,289.45,0.15
2015-08-10 23:30:00,1.4,100560.0,289.45,0.15
2015-08-10 23:45:00,1.2,100560.0,289.35,0.15
2015-08-11 00:00:00,1.25,100560.0,289.35,0.15
2015-08-11 00:15:00,0.7,100590.0,289.35,0.15
2015-08-11 00:30:00,0.8,100605.0,289.45,0.15
2015-08-11 00:45:00,0.5,100600.0,289.54999999999995,0.15
2015-08-11 01:00:00,0.75,100585.0,289.5,0.15
2015-08-11 01:15:00,1.2,100570.0,289.35,0.15
2015-08-11 01:30:00,2.05,100570.0,289.2,0.15
2015-08-11 01:45:00,2.1,100590.0,288.95,0.15
2015-08-11 02:00:00,1.75,100585.0,289.04999999999995,0.15
2015-08-11 02:15:00,1.8,100590.0,288.95,0.15
2015-08-11 02:30:00,0.85,100590.0,289.0,0.15
2015-08-11 02:45:00,0.4,100570.0,289.04999999999995,0.15
2015-08-11 03:00:00,1.35,100580.0,288.95,0.15
2015-08-11 03:15:00,0.8,100580.0,288.85,0.15
2015-08-11 03:30:00,0.2,100555.0,288.85,0.15
2015-08-11 03:45:00,0.9,100560.0,288.75,0.15
2015-08-11 04:00:00,0.45,100560.0,288.75,0.15
2015-08-11 04:15:00,0.3,100570.0,288.75,0.15
2015-08-11 04:30:00,0.9,100580.0,288.65,0.15
2015-08-11 04:45:00,1.0,100580.0,288.75,0.15
2015-08-11 05:00:00,0.9,100585.0,288.7,0.15
2015-08-11 05:15:00,0.6,100590.0,288.75,0.15
2015-08-11 05:30:00,0.9,100585.0,288.6,0.15
2015-08-11 05:45:00,0.9,100590.0,288.75,0.15
2015-08-11 06:00:00,0.5,100605.0,288.7,0.15
2015-08-11 06:15:00,0.5,100620.0,288.75,0.15
2015-08-11 06:30:00,0.6,100630.0,288.79999999999995,0.15
2015-08-11 06:45:00,0.5,100650.0,289.04999999999995,0.15
2015-08-11 07:00:00,0.7,100675.0,289.25,0.15
2015-08-11 07:15:00,0.6,100690.0,289.54999999999995,0.15
2015-08-11 07:30:00,0.35,100680.0,289.5,0.15
2015-08-11 07:45:00,0.8,100690.0,289.75,0.15
2015-08-11 08:00:00,0.4,100695.0,289.85,0.15
2015-08-11 08:15:00,0.5,100710.0,290.04999999999995,0.15
2015-08-11 08:30:00,0.75,100720.0,290.85,0.15
2015-08-11 08:45:00,0.8,100730.0,291.95,0.15
2015-08-11 09:00:00,1.0,100730.0,292.65,0.15
2015-08-11 09:15:00,1.0,100750.0,293.15,0.15
2015-08-11 09:30:00,1.25,100755.0,293.6,0.15
2015-08-11 09:45:00,2.0,100760.0,294.85,0.15
2015-08-11 10:00:00,2.15,100755.0,295.29999999999995,0.15
2015-08-11 10:15:00,2.3,100750.0,295.85,0.15
2015-08-11 10:30:00,2.4,100750.0,296.2,0.15
2015-08-11 10:45:00,3.3,100750.0,296.65,0.15
2015-08-11 11:00:00,3.5,100740.0,297.25,0.15
2015-08-11 11:15:00,3.0,100730.0,297.54999999999995,0.15
2015-08-11 11:30:00,3.15,100720.0,297.6,0.15
2015-08-11 11:45:00,3.9,100700.0,297.95,0.15
2015-08-11 12:00:00,2.65,100700.0,298.29999999999995,0.15
2015-08-11 12:15:00,2.9,100690.0,298.75,0.15
2015-08-11 12:30:00,3.0,100700.0,298.5,0.15
2015-08-11 12:45:00,2.5,100690.0,298.95,0.15
2015-08-11 13:00:00,3.25,100685.0,299.4,0.15
2015-08-11 13:15:00,3.4,100680.0,298.75,0.15
2015-08-11 13:30:00,3.6,100690.0,299.1,0.15
2015-08-11 13:45:00,3.8,100690.0,299.15,0.15
2015-08-11 14:00:00,4.0,100680.0,299.4,0.15
2015-08-11 14:15:00,3.0,100670.0,299.75,0.15
2015-08-11 14:30:00,2.95,100660.0,299.65,0.15
2015-08-11 14:45:00,3.1,100650.0,300.15,0.15
2015-08-11 15:00:00,2.95,100640.0,300.0,0.15
2015-08-11 15:15:00,2.6,100640.0,299.75,0.15
2015-08-11 15:30:00,3.8,100640.0,300.4,0.15
2015-08-11 15:45:00,3.8,100640.0,300.85,0.15
2015-08-11 16:00:00,4.1,100640.0,300.15,0.15
2015-08-11 16:15:00,3.6,100640.0,299.95,0.15
2015-08-11 16:30:00,4.4,100630.0,299.79999999999995,0.15
2015-08-11 16:45:00,4.2,100630.0,299.45,0.15
2015-08-11 17:00:00,4.1,100640.0,299.35,0.15
2015-08-11 17:15:00,3.7,100650.0,298.85,0.15
2015-08-11 17:30:00,3.55,100660.0,298.54999999999995,0.15
2015-08-11 17:45:00,3.5,100670.0,298.45,0.15
2015-08-11 18:00:00,3.2,100685.0,298.1,0.15
2015-08-11 18:15:00,2.7,100690.0,297.54999999999995,0.15
2015-08-11 18:30:00,3.05,100705.0,297.35,0.15
2015-08-11 18:45:00,2.8,100710.0,297.35,0.15
2015-08-11 19:00:00,2.9,100725.0,297.04999999999995,0.15
2015-08-11 19:15:00,2.7,100740.0,296.85,0.15
2015-08-11 19:30:00,2.65,100755.0,296.35,0.15
2015-08-11 19:45:00,3.1,100770.0,296.04999999999995,0.15
2015-08-11 20:00:00,2.6,100775.0,296.0,0.15
2015-08-11 20:15:00,2.4,100800.0,295.75,0.15
2015-08-11 20:30:00,2.25,100810.0,296.0,0.15
2015-08-11 20:45:00,1.8,100820.0,295.95,0.15
2015-08-11 21:00:00,2.0,100830.0,295.85,0.15
2015-08-11 21:15:00,1.8,100830.0,295.45,0.15
2015-08-11 21:30:00,1.45,100845.0,295.29999999999995,0.15
2015-08-11 21:45:00,1.6,100850.0,295.15,0.15
2015-08-11 22:00:00,1.7000000000000002,100845.0,294.45,0.15
2015-08-11 22:15:00,1.6,100820.0,293.95,0.15
2015-08-11 22:30:00,1.75,100815.0,293.54999999999995,0.15
2015-08-11 22:45:00,1.5,100820.0,293.75,0.15
2015-08-11 23:00:00,1.2999999999999998,100820.0,293.54999999999995,0.15
2015-08-11 23:15:00,2.1,100820.0,293.45,0.15
2015-08-11 23:30:00,1.2000000000000002,100800.0,293.75,0.15
2015-08-11 23:45:00,0.8,100800.0,293.85,0.15
2015-08-12 00:00:00,0.6499999999999999,100800.0,293.25,0.15
2015-08-12 00:15:00,0.5,100780.0,293.25,0.15
2015-08-12 00:30:00,0.6,100785.0,292.85,0.15
2015-08-12 00:45:00,0.9,100790.0,292.65,0.15
2015-08-12 01:00:00,0.55,100785.0,292.75,0.15
2015-08-12 01:15:00,0.6,100790.0,292.65,0.15
2015-08-12 01:30:00,0.5,100780.0,292.9,0.15
2015-08-12 01:45:00,0.9,100790.0,292.04999999999995,0.15
2015-08-12 02:00:00,1.2999999999999998,100795.0,292.5,0.15
2015-08-12 02:15:00,1.4,100810.0,292.45,0.15
2015-08-12 02:30:00,1.6,100795.0,293.0,0.15
2015-08-12 02:45:00,2.0,100780.0,293.25,0.15
2015-08-12 03:00:00,1.95,100785.0,293.1,0.15
2015-08-12 03:15:00,1.5,100790.0,293.04999999999995,0.15
2015-08-12 03:30:00,1.6,100805.0,292.85,0.15
2015-08-12 03:45:00,1.7,100810.0,292.54999999999995,0.15
2015-08-12 04:00:00,1.5,100815.0,292.4,0.15
2015-08-12 04:15:00,1.5,100820.0,292.35,0.15
2015-08-12 04:30:00,1.2999999999999998,100830.0,292.4,0.15
2015-08-12 04:45:00,1.1,100830.0,292.04999999999995,0.15
2015-08-12 05:00:00,1.0499999999999998,100840.0,292.65,0.15
2015-08-12 05:15:00,0.9,100850.0,292.95,0.15
2015-08-12 05:30:00,1.05,100860.0,293.0,0.15
2015-08-12 05:45:00,0.9,100870.0,293.25,0.15
2015-08-12 06:00:00,1.0,100900.0,293.85,0.15
2015-08-12 06:15:00,0.9,100900.0,294.25,0.15
2015-08-12 06:30:00,0.7,100905.0,294.54999999999995,0.15
2015-08-12 06:45:00,0.9,100910.0,294.85,0.15
2015-08-12 07:00:00,0.7,100935.0,295.29999999999995,0.15
2015-08-12 07:15:00,1.1,100940.0,295.54999999999995,0.15
2015-08-12 07:30:00,1.05,100940.0,296.25,0.15
2015-08-12 07:45:00,1.0,100940.0,296.15,0.15
2015-08-12 08:00:00,0.95,100945.0,296.95,0.15
2015-08-12 08:15:00,1.0,100950.0,296.95,0.15
2015-08-12 08:30:00,0.9,100950.0,297.5,0.15
2015-08-12 08:45:00,0.9,100940.0,297.75,0.15
2015-08-12 09:00:00,1.2,100940.0,298.04999999999995,0.15
2015-08-12 09:15:00,1.9,100940.0,298.25,0.15
2015-08-12 09:30:00,1.4,100925.0,299.2,0.15
2015-08-12 09:45:00,1.3,100920.0,298.35,0.15
2015-08-12 10:00:00,1.6,100925.0,299.65,0.15
2015-08-12 10:15:00,2.2,100930.0,299.45,0.15
2015-08-12 10:30:00,2.25,100940.0,299.25,0.15
2015-08-12 10:45:00,2.0,100950.0,298.85,0.15
2015-08-12 11:00:00,2.7,100940.0,299.2,0.15
2015-08-12 11:15:00,2.8,100930.0,299.75,0.15
2015-08-12 11:30:00,2.6,100925.0,300.0,0.15
2015-08-12 11:45:00,2.8,100910.0,300.25,0.15
2015-08-12 12:00:00,3.1,100890.0,300.15,0.15
2015-08-12 12:15:00,3.5,100870.0,300.75,0.15
2015-08-12 12:30:00,2.1,100860.0,300.15,0.15
2015-08-12 12:45:00,2.2,100860.0,300.54999999999995,0.15
2015-08-12 13:00:00,2.45,100855.0,300.5,0.15
2015-08-12 13:15:00,1.4,100830.0,301.25,0.15
2015-08-12 13:30:00,1.75,100820.0,301.4,0.15
2015-08-12 13:45:00,1.4,100810.0,301.54999999999995,0.15
2015-08-12 14:00:00,2.75,100810.0,300.79999999999995,0.15
2015-08-12 14:15:00,2.6,100810.0,300.65,0.15
2015-08-12 14:30:00,2.7,100820.0,301.4,0.15
2015-08-12 14:45:00,3.1,100820.0,301.54999999999995,0.15
2015-08-12 15:00:00,2.4,100810.0,301.35,0.15
2015-08-12 15:15:00,2.8,100800.0,301.54999999999995,0.15
2015-08-12 15:30:00,2.75,100790.0,301.5,0.15
2015-08-12 15:45:00,3.1,100780.0,301.75,0.15
2015-08-12 16:00:00,3.45,100775.0,301.25,0.15
2015-08-12 16:15:00,3.7,100770.0,300.54999999999995,0.15
2015-08-12 16:30:00,4.449999999999999,100775.0,300.75,0.15
2015-08-12 16:45:00,4.5,100770.0,300.75,0.15
2015-08-12 17:00:00,4.5,100770.0,300.45,0.15
2015-08-12 17:15:00,4.0,100780.0,299.95,0.15
2015-08-12 17:30:00,3.95,100790.0,299.45,0.15
2015-08-12 17:45:00,4.0,100800.0,299.25,0.15
2015-08-12 18:00:00,3.75,100800.0,298.85,0.15
2015-08-12 18:15:00,3.5,100810.0,298.65,0.15
2015-08-12 18:30:00,3.4,100805.0,298.04999999999995,0.15
2015-08-12 18:45:00,2.8,100810.0,297.75,0.15
2015-08-12 19:00:00,2.6,100805.0,297.35,0.15
2015-08-12 19:15:00,2.5,100810.0,297.15,0.15
2015-08-12 19:30:00,2.15,100820.0,296.95,0.15
2015-08-12 19:45:00,1.8,100820.0,296.85,0.15
2015-08-12 20:00:00,1.55,100830.0,296.5,0.15
2015-08-12 20:15:00,1.7,100830.0,296.25,0.15
2015-08-12 20:30:00,1.6,100830.0,296.2,0.15
2015-08-12 20:45:00,1.6,100820.0,296.04999999999995,0.15
2015-08-12 21:00:00,1.5499999999999998,100820.0,295.5,0.15
2015-08-12 21:15:00,2.1,100820.0,294.54999999999995,0.15
2015-08-12 21:30:00,1.3,100820.0,294.65,0.15
2015-08-12 21:45:00,1.4,100820.0,294.65,0.15
2015-08-12 22:00:00,1.2999999999999998,100815.0,294.2,0.15
2015-08-12 22:15:00,1.6,100810.0,293.65,0.15
2015-08-12 22:30:00,1.2,100820.0,293.5,0.15
2015-08-12 22:45:00,0.4,100810.0,293.35,0.15
2015-08-12 23:00:00,0.75,100795.0,292.7,0.15
2015-08-12 23:15:00,1.0,100790.0,292.45,0.15
2015-08-12 23:30:00,1.2000000000000002,100775.0,292.1,0.15
2015-08-12 23:45:00,0.8,100780.0,292.04999999999995,0.15
2015-08-13 00:00:00,0.15,100765.0,292.0,0.15
2015-08-13 00:15:00,0.4,100760.0,291.75,0.15
2015-08-13 00:30:00,1.1,100745.0,291.7,0.15
2015-08-13 00:45:00,1.4,100720.0,292.04999999999995,0.15
2015-08-13 01:00:00,1.25,100715.0,291.6,0.15
2015-08-13 01:15:00,1.4,100710.0,291.15,0.15
2015-08-13 01:30:00,1.85,100700.0,291.45,0.15
2015-08-13 01:45:00,1.6,100690.0,291.35,0.15
2015-08-13 02:00:00,1.75,100685.0,291.45,0.15
2015-08-13 02:15:00,1.8,100670.0,291.54999999999995,0.15
2015-08-13 02:30:00,1.8,100665.0,291.7,0.15
2015-08-13 02:45:00,2.0,100630.0,291.54999999999995,0.15
2015-08-13 03:00:00,2.05,100625.0,291.15,0.15
2015-08-13 03:15:00,1.9,100610.0,290.65,0.15
2015-08-13 03:30:00,1.55,100600.0,290.35,0.15
2015-08-13 03:45:00,1.0,100610.0,290.25,0.15
2015-08-13 04:00:00,0.75,100610.0,290.1,0.15
2015-08-13 04:15:00,0.6,100610.0,290.45,0.15
2015-08-13 04:30:00,1.0,100620.0,290.1,0.15
2015-08-13 04:45:00,1.2,100620.0,290.15,0.15
2015-08-13 05:00:00,1.35,100615.0,290.54999999999995,0.15
2015-08-13 05:15:00,1.1,100620.0,290.95,0.15
2015-08-13 05:30:00,1.15,100620.0,291.9,0.15
2015-08-13 05:45:00,1.1,100600.0,292.85,0.15
2015-08-13 06:00:00,0.7,100595.0,293.2,0.15
2015-08-13 06:15:00,0.3,100570.0,293.75,0.15
2015-08-13 06:30:00,0.35,100565.0,294.4,0.15
2015-08-13 06:45:00,0.5,100560.0,294.85,0.15
2015-08-13 07:00:00,1.05,100530.0,295.75,0.15
2015-08-13 07:15:00,1.7,100520.0,295.95,0.15
2015-08-13 07:30:00,1.75,100515.0,296.5,0.15
2015-08-13 07:45:00,2.0,100500.0,297.04999999999995,0.15
2015-08-13 08:00:00,2.0,100495.0,297.35,0.15
2015-08-13 08:15:00,1.8,100490.0,297.85,0.15
2015-08-13 08:30:00,1.55,100470.0,298.4,0.15
2015-08-13 08:45:00,2.2,100460.0,299.15,0.15
2015-08-13 09:00:00,2.1,100445.0,299.29999999999995,0.15
2015-08-13 09:15:00,2.1,100420.0,299.75,0.15
2015-08-13 09:30:00,2.1,100400.0,300.25,0.15
2015-08-13 09:45:00,1.6,100380.0,300.65,0.15
2015-08-13 10:00:00,2.0,100350.0,301.15,0.15
2015-08-13 10:15:00,1.7,100340.0,301.04999999999995,0.15
2015-08-13 10:30:00,2.45,100315.0,301.85,0.15
2015-08-13 10:45:00,2.2,100310.0,301.95,0.15
2015-08-13 11:00:00,2.5,100295.0,302.54999999999995,0.15
2015-08-13 11:15:00,3.0,100270.0,303.04999999999995,0.15
2015-08-13 11:30:00,3.3,100245.0,303.5,0.15
2015-08-13 11:45:00,3.3,100220.0,303.45,0.15
2015-08-13 12:00:00,3.0,100200.0,304.1,0.15
2015-08-13 12:15:00,3.1,100170.0,304.25,0.15
2015-08-13 12:30:00,3.05,100155.0,304.35,0.15
2015-08-13 12:45:00,3.1,100140.0,305.04999999999995,0.15
2015-08-13 13:00:00,2.7,100130.0,305.1,0.15
2015-08-13 13:15:00,3.2,100120.0,305.35,0.15
2015-08-13 13:30:00,2.5,100105.0,305.35,0.15
2015-08-13 13:45:00,3.0,100080.0,306.25,0.15
2015-08-13 14:00:00,3.3,100060.0,305.6,0.15
2015-08-13 14:15:00,3.6,100040.0,306.15,0.15
2015-08-13 14:30:00,3.35,100015.0,306.4,0.15
2015-08-13 14:45:00,3.4,99990.0,306.45,0.15
2015-08-13 15:00:00,3.35,99970.0,306.5,0.15
2015-08-13 15:15:00,3.4,99940.0,306.35,0.15
2015-08-13 15:30:00,3.85,99910.0,306.54999999999995,0.15
2015-08-13 15:45:00,3.8,99880.0,306.54999999999995,0.15
2015-08-13 16:00:00,3.85,99855.0,306.5,0.15
2015-08-13 16:15:00,4.2,99840.0,306.45,0.15
2015-08-13 16:30:00,3.75,99830.0,306.54999999999995,0.15
2015-08-13 16:45:00,3.2,99820.0,306.35,0.15
2015-08-13 17:00:00,3.6,99815.0,306.1,0.15
2015-08-13 17:15:00,2.8,99800.0,305.75,0.15
2015-08-13 17:30:00,3.4,99780.0,305.2,0.15
2015-08-13 17:45:00,3.3,99780.0,304.85,0.15
2015-08-13 18:00:00,3.05,99780.0,304.1,0.15
2015-08-13 18:15:00,2.6,99780.0,303.65,0.15
2015-08-13 18:30:00,2.95,99780.0,303.35,0.15
2015-08-13 18:45:00,3.6,99790.0,302.95,0.15
2015-08-13 19:00:00,3.65,99800.0,302.9,0.15
2015-08-13 19:15:00,3.3,99800.0,302.35,0.15
2015-08-13 19:30:00,3.5,99805.0,302.25,0.15
2015-08-13 19:45:00,3.3,99810.0,302.04999999999995,0.15
2015-08-13 20:00:00,3.25,99795.0,301.79999999999995,0.15
2015-08-13 20:15:00,2.5,99780.0,301.25,0.15
2015-08-13 20:30:00,2.9,99755.0,301.35,0.15
2015-08-13 20:45:00,3.1,99730.0,301.15,0.15
2015-08-13 21:00:00,3.7,99720.0,300.85,0.15
2015-08-13 21:15:00,3.7,99720.0,300.85,0.15
2015-08-13 21:30:00,4.0,99735.0,300.7,0.15
2015-08-13 21:45:00,5.1,99690.0,300.95,0.15
2015-08-13 22:00:00,5.45,99700.0,300.75,0.15
2015-08-13 22:15:00,6.5,99700.0,301.04999999999995,0.15
2015-08-13 22:30:00,4.699999999999999,99695.0,300.54999999999995,0.15
2015-08-13 22:45:00,3.1,99690.0,299.95,0.15
2015-08-13 23:00:00,1.8,99705.0,299.4,0.15
2015-08-13 23:15:00,5.6,99770.0,299.54999999999995,0.15
2015-08-13 23:30:00,4.95,99810.0,299.1,0.15
2015-08-13 23:45:00,5.0,99840.0,298.15,0.15
2015-08-14 00:00:00,5.300000000000001,99850.0,297.75,0.15
2015-08-14 00:15:00,3.3,99840.0,297.25,0.15
2015-08-14 00:30:00,3.35,99850.0,297.0,0.15
2015-08-14 00:45:00,3.4,99850.0,296.25,0.15
2015-08-14 01:00:00,3.9,99840.0,295.85,0.15
2015-08-14 01:15:00,2.5,99870.0,295.85,0.15
2015-08-14 01:30:00,2.2,99875.0,295.7,0.15
2015-08-14 01:45:00,1.8,99880.0,295.54999999999995,0.15
2015-08-14 02:00:00,1.35,99845.0,295.65,0.15
2015-08-14 02:15:00,1.3,99820.0,295.25,0.15
2015-08-14 02:30:00,1.55,99810.0,295.04999999999995,0.15
2015-08-14 02:45:00,1.3,99770.0,294.95,0.15
2015-08-14 03:00:00,1.5,99795.0,294.45,0.15
2015-08-14 03:15:00,1.3,99800.0,294.25,0.15
2015-08-14 03:30:00,1.2,99800.0,294.25,0.15
2015-08-14 03:45:00,1.6,99790.0,294.04999999999995,0.15
2015-08-14 04:00:00,0.9,99785.0,293.75,0.15
2015-08-14 04:15:00,1.6,99770.0,293.85,0.15
2015-08-14 04:30:00,2.25,99770.0,293.65,0.15
2015-08-14 04:45:00,1.4,99770.0,294.15,0.15
2015-08-14 05:00:00,1.7,99765.0,294.25,0.15
2015-08-14 05:15:00,1.7,99760.0,294.35,0.15
2015-08-14 05:30:00,1.75,99765.0,294.25,0.15
2015-08-14 05:45:00,2.7,99780.0,294.35,0.15
2015-08-14 06:00:00,2.55,99780.0,294.65,0.15
2015-08-14 06:15:00,2.0,99790.0,294.95,0.15
2015-08-14 06:30:00,2.55,99815.0,295.1,0.15
2015-08-14 06:45:00,2.5,99830.0,295.25,0.15
2015-08-14 07:00:00,2.2,99835.0,295.75,0.15
2015-08-14 07:15:00,3.3,99840.0,296.25,0.15
2015-08-14 07:30:00,3.4,99840.0,295.79999999999995,0.15
2015-08-14 07:45:00,3.3,99840.0,296.04999999999995,0.15
2015-08-14 08:00:00,3.1,99845.0,296.95,0.15
2015-08-14 08:15:00,3.1,99850.0,296.65,0.15
2015-08-14 08:30:00,2.45,99850.0,297.45,0.15
2015-08-14 08:45:00,2.4,99850.0,297.54999999999995,0.15
2015-08-14 09:00:00,3.1500000000000004,99850.0,297.7,0.15
2015-08-14 09:15:00,2.5,99840.0,297.25,0.15
2015-08-14 09:30:00,3.3,99840.0,297.5,0.15
2015-08-14 09:45:00,3.5,99840.0,297.65,0.15
2015-08-14 10:00:00,2.95,99815.0,298.25,0.15
2015-08-14 10:15:00,2.4,99810.0,298.25,0.15
2015-08-14 10:30:00,2.4,99795.0,298.9,0.15
2015-08-14 10:45:00,2.1,99780.0,299.65,0.15
2015-08-14 11:00:00,2.35,99795.0,299.0,0.15
2015-08-14 11:15:00,2.6,99770.0,299.45,0.15
2015-08-14 11:30:00,1.95,99775.0,299.85,0.15
2015-08-14 11:45:00,2.4,99770.0,299.65,0.15
2015-08-14 12:00:00,3.2,99750.0,300.0,0.15
2015-08-14 12:15:00,2.0,99740.0,300.15,0.15
2015-08-14 12:30:00,3.0,99745.0,300.1,0.15
2015-08-14 12:45:00,2.3,99730.0,299.95,0.15
2015-08-14 13:00:00,3.45,99715.0,300.65,0.15
2015-08-14 13:15:00,3.9,99700.0,300.54999999999995,0.15
2015-08-14 13:30:00,3.75,99690.0,300.35,0.15
2015-08-14 13:45:00,4.7,99660.0,300.75,0.15
2015-08-14 14:00:00,4.35,99655.0,301.29999999999995,0.15
2015-08-14 14:15:00,3.3,99650.0,301.45,0.15
2015-08-14 14:30:00,3.65,99635.0,301.29999999999995,0.15
2015-08-14 14:45:00,3.3,99610.0,301.25,0.15
2015-08-14 15:00:00,3.2,99605.0,301.45,0.15
2015-08-14 15:15:00,3.4,99610.0,300.75,0.15
2015-08-14 15:30:00,3.05,99600.0,300.79999999999995,0.15
2015-08-14 15:45:00,3.4,99590.0,301.85,0.15
2015-08-14 16:00:00,3.9,99570.0,301.45,0.15
2015-08-14 16:15:00,3.3,99570.0,301.35,0.15
2015-08-14 16:30:00,3.55,99565.0,301.25,0.15
2015-08-14 16:45:00,3.5,99560.0,301.04999999999995,0.15
2015-08-14 17:00:00,3.35,99570.0,300.95,0.15
2015-08-14 17:15:00,3.1,99580.0,300.65,0.15
2015-08-14 17:30:00,3.5,99580.0,300.65,0.15
2015-08-14 17:45:00,2.9,99570.0,300.35,0.15
2015-08-14 18:00:00,2.65,99570.0,299.75,0.15
2015-08-14 18:15:00,3.2,99560.0,299.04999999999995,0.15
2015-08-14 18:30:00,1.85,99555.0,298.5,0.15
2015-08-14 18:45:00,1.4,99570.0,297.75,0.15
2015-08-14 19:00:00,1.45,99590.0,296.79999999999995,0.15
2015-08-14 19:15:00,2.1,99600.0,296.54999999999995,0.15
2015-08-14 19:30:00,2.1,99595.0,296.0,0.15
2015-08-14 19:45:00,0.8,99580.0,295.35,0.15
2015-08-14 20:00:00,1.85,99570.0,295.54999999999995,0.15
2015-08-14 20:15:00,1.9,99560.0,294.65,0.15
2015-08-14 20:30:00,1.4,99560.0,293.85,0.15
2015-08-14 20:45:00,1.0,99560.0,294.04999999999995,0.15
2015-08-14 21:00:00,0.8500000000000001,99570.0,294.29999999999995,0.15
2015-08-14 21:15:00,1.3,99550.0,294.54999999999995,0.15
2015-08-14 21:30:00,1.8,99550.0,294.2,0.15
2015-08-14 21:45:00,1.8,99560.0,294.54999999999995,0.15
2015-08-14 22:00:00,1.7000000000000002,99585.0,294.7,0.15
2015-08-14 22:15:00,1.7,99590.0,295.45,0.15
2015-08-14 22:30:00,2.25,99590.0,295.04999999999995,0.15
2015-08-14 22:45:00,2.3,99580.0,294.75,0.15
2015-08-14 23:00:00,1.15,99575.0,293.75,0.15
2015-08-14 23:15:00,1.2,99560.0,294.15,0.15
2015-08-14 23:30:00,0.4499999999999999,99560.0,294.29999999999995,0.15
2015-08-14 23:45:00,1.5,99560.0,294.35,0.15
2015-08-15 00:00:00,1.75,99545.0,294.25,0.15
2015-08-15 00:15:00,1.9,99550.0,293.95,0.15
2015-08-15 00:30:00,2.2,99550.0,293.54999999999995,0.15
2015-08-15 00:45:00,2.3,99550.0,293.25,0.15
2015-08-15 01:00:00,1.65,99550.0,293.65,0.15
2015-08-15 01:15:00,1.6,99560.0,293.04999999999995,0.15
2015-08-15 01:30:00,1.5499999999999998,99555.0,293.15,0.15
2015-08-15 01:45:00,0.9,99570.0,292.35,0.15
2015-08-15 02:00:00,1.0,99575.0,291.75,0.15
2015-08-15 02:15:00,1.5,99580.0,291.85,0.15
2015-08-15 02:30:00,1.25,99595.0,291.54999999999995,0.15
2015-08-15 02:45:00,0.9,99600.0,291.65,0.15
2015-08-15 03:00:00,1.0,99595.0,292.0,0.15
2015-08-15 03:15:00,2.3,99600.0,291.04999999999995,0.15
2015-08-15 03:30:00,1.8,99595.0,291.5,0.15
2015-08-15 03:45:00,1.6,99590.0,290.15,0.15
2015-08-15 04:00:00,2.2,99590.0,290.4,0.15
2015-08-15 04:15:00,1.9,99600.0,291.04999999999995,0.15
2015-08-15 04:30:00,2.1,99625.0,290.95,0.15
2015-08-15 04:45:00,2.2,99640.0,291.35,0.15
2015-08-15 05:00:00,1.35,99645.0,291.95,0.15
2015-08-15 05:15:00,1.7,99650.0,292.35,0.15
2015-08-15 05:30:00,1.95,99645.0,292.65,0.15
2015-08-15 05:45:00,1.7,99650.0,292.85,0.15
2015-08-15 06:00:00,2.0,99655.0,293.2,0.15
2015-08-15 06:15:00,3.4,99680.0,292.54999999999995,0.15
2015-08-15 06:30:00,2.75,99670.0,292.7,0.15
2015-08-15 06:45:00,2.3,99670.0,293.65,0.15
2015-08-15 07:00:00,3.1500000000000004,99670.0,293.75,0.15
2015-08-15 07:15:00,3.0,99670.0,294.25,0.15
2015-08-15 07:30:00,2.95,99670.0,294.6,0.15
2015-08-15 07:45:00,2.9,99680.0,294.35,0.15
2015-08-15 08:00:00,2.8,99675.0,294.65,0.15
2015-08-15 08:15:00,2.4,99680.0,295.04999999999995,0.15
2015-08-15 08:30:00,2.8,99700.0,295.2,0.15
2015-08-15 08:45:00,2.5,99710.0,295.75,0.15
2015-08-15 09:00:00,1.95,99695.0,296.2,0.15
2015-08-15 09:15:00,1.6,99690.0,296.15,0.15
2015-08-15 09:30:00,1.9,99705.0,296.0,0.15
2015-08-15 09:45:00,1.9,99710.0,295.95,0.15
2015-08-15 10:00:00,2.3,99700.0,295.85,0.15
2015-08-15 10:15:00,2.3,99700.0,296.15,0.15
2015-08-15 10:30:00,2.25,99700.0,295.75,0.15
2015-08-15 10:45:00,2.0,99700.0,295.65,0.15
2015-08-15 11:00:00,1.45,99700.0,296.25,0.15
2015-08-15 11:15:00,1.9,99700.0,296.54999999999995,0.15
2015-08-15 11:30:00,1.8,99715.0,296.95,0.15
2015-08-15 11:45:00,1.6,99710.0,297.45,0.15
2015-08-15 12:00:00,1.5,99705.0,297.65,0.15
2015-08-15 12:15:00,2.5,99710.0,297.65,0.15
2015-08-15 12:30:00,2.0,99710.0,297.5,0.15
2015-08-15 12:45:00,3.4,99710.0,297.85,0.15
2015-08-15 13:00:00,2.75,99700.0,298.35,0.15
2015-08-15 13:15:00,3.3,99710.0,298.25,0.15
2015-08-15 13:30:00,3.4,99710.0,298.25,0.15
2015-08-15 13:45:00,3.0,99720.0,297.95,0.15
2015-08-15 14:00:00,3.8,99725.0,297.5,0.15
2015-08-15 14:15:00,4.3,99720.0,296.95,0.15
2015-08-15 14:30:00,3.55,99720.0,296.75,0.15
2015-08-15 14:45:00,3.7,99730.0,296.75,0.15
2015-08-15 15:00:00,3.15,99735.0,296.54999999999995,0.15
2015-08-15 15:15:00,2.8,99740.0,296.75,0.15
2015-08-15 15:30:00,3.3,99740.0,296.79999999999995,0.15
2015-08-15 15:45:00,3.3,99740.0,296.65,0.15
2015-08-15 16:00:00,3.85,99745.0,296.65,0.15
2015-08-15 16:15:00,3.1,99750.0,296.85,0.15
2015-08-15 16:30:00,2.55,99750.0,296.85,0.15
2015-08-15 16:45:00,1.5,99750.0,296.85,0.15
2015-08-15 17:00:00,1.2,99750.0,297.04999999999995,0.15
2015-08-15 17:15:00,1.3,99760.0,297.04999999999995,0.15
2015-08-15 17:30:00,1.65,99765.0,296.79999999999995,0.15
2015-08-15 17:45:00,1.8,99770.0,296.65,0.15
2015-08-15 18:00:00,1.75,99785.0,296.4,0.15
2015-08-15 18:15:00,2.2,99800.0,296.25,0.15
2015-08-15 18:30:00,3.75,99820.0,295.25,0.15
2015-08-15 18:45:00,4.8,99850.0,294.54999999999995,0.15
2015-08-15 19:00:00,3.85,99875.0,294.2,0.15
2015-08-15 19:15:00,2.6,99900.0,294.04999999999995,0.15
2015-08-15 19:30:00,5.8,99930.0,292.65,0.15
2015-08-15 19:45:00,5.6,99950.0,291.35,0.15
2015-08-15 20:00:00,5.45,99965.0,290.95,0.15
2015-08-15 20:15:00,4.1,99980.0,290.85,0.15
2015-08-15 20:30:00,4.1,99985.0,290.7,0.15
2015-08-15 20:45:00,3.9,100000.0,290.54999999999995,0.15
2015-08-15 21:00:00,3.9,100010.0,290.5,0.15
2015-08-15 21:15:00,4.3,100020.0,290.45,0.15
2015-08-15 21:30:00,4.199999999999999,100025.0,290.35,0.15
2015-08-15 21:45:00,4.2,100030.0,290.35,0.15
2015-08-15 22:00:00,4.5,100050.0,290.35,0.15
2015-08-15 22:15:00,3.7,100060.0,290.35,0.15
2015-08-15 22:30:00,3.75,100075.0,290.29999999999995,0.15
2015-08-15 22:45:00,4.3,100070.0,290.25,0.15
2015-08-15 23:00:00,4.6,100070.0,290.25,0.15
2015-08-15 23:15:00,4.4,100070.0,290.15,0.15
2015-08-15 23:30:00,4.15,100080.0,290.2,0.15
2015-08-15 23:45:00,5.0,100070.0,290.15,0.15
2015-08-16 00:00:00,4.2,100075.0,290.15,0.15
2015-08-16 00:15:00,3.5,100070.0,290.04999999999995,0.15
2015-08-16 00:30:00,3.75,100080.0,290.04999999999995,0.15
2015-08-16 00:45:00,3.4,100080.0,290.04999999999995,0.15
2015-08-16 01:00:00,3.45,100070.0,289.9,0.15
2015-08-16 01:15:00,3.4,100070.0,289.75,0.15
2015-08-16 01:30:00,4.35,100070.0,289.75,0.15
2015-08-16 01:45:00,3.9,100070.0,289.85,0.15
2015-08-16 02:00:00,3.9,100070.0,289.85,0.15
2015-08-16 02:15:00,4.5,100070.0,289.85,0.15
2015-08-16 02:30:00,4.8,100070.0,289.79999999999995,0.15
2015-08-16 02:45:00,5.0,100060.0,289.75,0.15
2015-08-16 03:00:00,5.3,100065.0,289.65,0.15
2015-08-16 03:15:00,5.1,100070.0,289.45,0.15
2015-08-16 03:30:00,3.9,100075.0,289.45,0.15
2015-08-16 03:45:00,3.9,100070.0,289.54999999999995,0.15
2015-08-16 04:00:00,3.7,100070.0,289.5,0.15
2015-08-16 04:15:00,4.2,100070.0,289.45,0.15
2015-08-16 04:30:00,4.4,100070.0,289.29999999999995,0.15
2015-08-16 04:45:00,4.4,100080.0,289.15,0.15
2015-08-16 05:00:00,4.2,100100.0,289.15,0.15
2015-08-16 05:15:00,3.8,100110.0,289.15,0.15
2015-08-16 05:30:00,3.95,100120.0,289.15,0.15
2015-08-16 05:45:00,4.1,100140.0,289.15,0.15
2015-08-16 06:00:00,3.25,100150.0,289.1,0.15
2015-08-16 06:15:00,3.4,100160.0,289.25,0.15
2015-08-16 06:30:00,3.4,100170.0,289.2,0.15
2015-08-16 06:45:00,3.7,100170.0,289.25,0.15
2015-08-16 07:00:00,3.9,100175.0,289.2,0.15
2015-08-16 07:15:00,3.4,100180.0,289.25,0.15
2015-08-16 07:30:00,4.15,100170.0,289.29999999999995,0.15
2015-08-16 07:45:00,5.0,100180.0,289.35,0.15
2015-08-16 08:00:00,4.449999999999999,100175.0,289.45,0.15
2015-08-16 08:15:00,4.7,100180.0,289.45,0.15
2015-08-16 08:30:00,4.65,100185.0,289.4,0.15
2015-08-16 08:45:00,5.4,100190.0,289.35,0.15
2015-08-16 09:00:00,4.65,100195.0,289.35,0.15
2015-08-16 09:15:00,4.0,100200.0,289.35,0.15
2015-08-16 09:30:00,4.800000000000001,100210.0,289.29999999999995,0.15
2015-08-16 09:45:00,4.6,100220.0,289.25,0.15
2015-08-16 10:00:00,4.3,100230.0,289.25,0.15
2015-08-16 10:15:00,4.5,100230.0,289.25,0.15
2015-08-16 10:30:00,4.45,100220.0,289.25,0.15
2015-08-16 10:45:00,3.9,100230.0,289.35,0.15
2015-08-16 11:00:00,4.1,100220.0,289.54999999999995,0.15
2015-08-16 11:15:00,3.7,100220.0,289.65,0.15
2015-08-16 11:30:00,3.9,100220.0,289.7,0.15
2015-08-16 11:45:00,4.0,100220.0,289.45,0.15
2015-08-16 12:00:00,4.85,100220.0,289.54999999999995,0.15
2015-08-16 12:15:00,4.2,100220.0,289.85,0.15
2015-08-16 12:30:00,3.95,100220.0,289.79999999999995,0.15
2015-08-16 12:45:00,4.7,100220.0,289.85,0.15
2015-08-16 13:00:00,4.1,100230.0,289.7,0.15
2015-08-16 13:15:00,4.0,100220.0,289.35,0.15
2015-08-16 13:30:00,3.95,100220.0,289.4,0.15
2015-08-16 13:45:00,3.9,100220.0,289.35,0.15
2015-08-16 14:00:00,4.1,100215.0,289.29999999999995,0.15
2015-08-16 14:15:00,4.5,100220.0,289.25,0.15
2015-08-16 14:30:00,4.5,100220.0,289.25,0.15
2015-08-16 14:45:00,4.2,100220.0,289.25,0.15
2015-08-16 15:00:00,5.2,100215.0,289.2,0.15
2015-08-16 15:15:00,5.2,100210.0,289.15,0.15
2015-08-16 15:30:00,4.050000000000001,100210.0,289.15,0.15
2015-08-16 15:45:00,4.0,100210.0,289.15,0.15
2015-08-16 16:00:00,3.6,100215.0,289.1,0.15
2015-08-16 16:15:00,3.9,100220.0,288.95,0.15
2015-08-16 16:30:00,3.8,100220.0,288.75,0.15
2015-08-16 16:45:00,3.0,100220.0,288.54999999999995,0.15
2015-08-16 17:00:00,3.2,100205.0,288.54999999999995,0.15
2015-08-16 17:15:00,3.3,100200.0,288.54999999999995,0.15
2015-08-16 17:30:00,2.85,100205.0,288.6,0.15
2015-08-16 17:45:00,3.0,100210.0,288.65,0.15
2015-08-16 18:00:00,3.55,100220.0,288.5,0.15
2015-08-16 18:15:00,4.2,100210.0,288.25,0.15
2015-08-16 18:30:00,4.6,100220.0,288.15,0.15
2015-08-16 18:45:00,2.8,100230.0,288.04999999999995,0.15
2015-08-16 19:00:00,3.05,100230.0,288.04999999999995,0.15
2015-08-16 19:15:00,3.7,100240.0,288.04999999999995,0.15
2015-08-16 19:30:00,3.6,100250.0,288.1,0.15
2015-08-16 19:45:00,3.6,100250.0,288.04999999999995,0.15
2015-08-16 20:00:00,3.65,100250.0,288.1,0.15
2015-08-16 20:15:00,3.9,100240.0,288.15,0.15
2015-08-16 20:30:00,4.5,100240.0,288.15,0.15
2015-08-16 20:45:00,5.0,100240.0,288.15,0.15
2015-08-16 21:00:00,4.55,100225.0,288.2,0.15
2015-08-16 21:15:00,5.2,100210.0,288.25,0.15
2015-08-16 21:30:00,4.55,100225.0,288.29999999999995,0.15
2015-08-16 21:45:00,4.3,100230.0,288.25,0.15
2015-08-16 22:00:00,4.5,100235.0,288.25,0.15
2015-08-16 22:15:00,4.6,100240.0,288.25,0.15
2015-08-16 22:30:00,4.8,100230.0,288.1,0.15
2015-08-16 22:45:00,5.0,100240.0,287.95,0.15
2015-08-16 23:00:00,4.85,100240.0,287.9,0.15
2015-08-16 23:15:00,4.6,100230.0,287.85,0.15
2015-08-16 23:30:00,4.550000000000001,100230.0,287.9,0.15
2015-08-16 23:45:00,5.2,100220.0,287.75,0.15
2015-08-17 00:00:00,4.2,100220.0,287.7,0.15
2015-08-17 00:15:00,3.6,100220.0,287.75,0.15
2015-08-17 00:30:00,4.0,100205.0,287.75,0.15
2015-08-17 00:45:00,4.7,100200.0,287.65,0.15
2015-08-17 01:00:00,4.55,100200.0,287.65,0.15
2015-08-17 01:15:00,4.0,100210.0,287.54999999999995,0.15
2015-08-17 01:30:00,4.65,100200.0,287.5,0.15
2015-08-17 01:45:00,4.7,100200.0,287.45,0.15
2015-08-17 02:00:00,4.199999999999999,100200.0,287.4,0.15
2015-08-17 02:15:00,4.3,100200.0,287.35,0.15
2015-08-17 02:30:00,5.0,100190.0,287.25,0.15
2015-08-17 02:45:00,4.7,100180.0,287.25,0.15
2015-08-17 03:00:00,4.75,100175.0,287.25,0.15
2015-08-17 03:15:00,5.4,100180.0,287.25,0.15
2015-08-17 03:30:00,4.45,100175.0,287.25,0.15
2015-08-17 03:45:00,5.0,100160.0,287.25,0.15
2015-08-17 04:00:00,3.1,100170.0,287.25,0.15
2015-08-17 04:15:00,3.2,100170.0,287.15,0.15
2015-08-17 04:30:00,3.1,100165.0,287.25,0.15
2015-08-17 04:45:00,3.3,100160.0,287.25,0.15
2015-08-17 05:00:00,3.05,100160.0,287.2,0.15
2015-08-17 05:15:00,3.4,100150.0,287.15,0.15
2015-08-17 05:30:00,3.0,100140.0,287.2,0.15
2015-08-17 05:45:00,3.3,100140.0,287.25,0.15
2015-08-17 06:00:00,3.45,100130.0,287.2,0.15
2015-08-17 06:15:00,3.3,100130.0,287.25,0.15
2015-08-17 06:30:00,3.55,100135.0,287.2,0.15
2015-08-17 06:45:00,3.4,100140.0,287.25,0.15
2015-08-17 07:00:00,2.9000000000000004,100140.0,287.29999999999995,0.15
2015-08-17 07:15:00,3.0,100150.0,287.35,0.15
2015-08-17 07:30:00,3.35,100145.0,287.4,0.15
2015-08-17 07:45:00,3.4,100150.0,287.35,0.15
2015-08-17 08:00:00,2.85,100155.0,287.45,0.15
2015-08-17 08:15:00,2.3,100160.0,287.54999999999995,0.15
2015-08-17 08:30:00,2.95,100170.0,287.6,0.15
2015-08-17 08:45:00,3.4,100170.0,287.54999999999995,0.15
2015-08-17 09:00:00,3.3,100170.0,287.7,0.15
2015-08-17 09:15:00,2.8,100170.0,287.85,0.15
2015-08-17 09:30:00,2.7,100170.0,287.95,0.15
2015-08-17 09:45:00,2.7,100170.0,288.15,0.15
2015-08-17 10:00:00,2.95,100160.0,288.1,0.15
2015-08-17 10:15:00,3.8,100160.0,288.15,0.15
2015-08-17 10:30:00,3.6,100170.0,288.1,0.15
2015-08-17 10:45:00,3.1,100170.0,288.15,0.15
2015-08-17 11:00:00,2.85,100170.0,288.1,0.15
2015-08-17 11:15:00,3.0,100170.0,288.15,0.15
2015-08-17 11:30:00,3.2,100165.0,288.29999999999995,0.15
2015-08-17 11:45:00,3.6,100170.0,288.35,0.15
2015-08-17 12:00:00,3.1500000000000004,100170.0,288.4,0.15
2015-08-17 12:15:00,3.4,100160.0,288.45,0.15
2015-08-17 12:30:00,3.45,100170.0,288.45,0.15
2015-08-17 12:45:00,4.3,100160.0,288.54999999999995,0.15
2015-08-17 13:00:00,3.85,100155.0,288.6,0.15
2015-08-17 13:15:00,3.8,100150.0,288.65,0.15
2015-08-17 13:30:00,3.45,100155.0,288.6,0.15
2015-08-17 13:45:00,3.6,100160.0,288.54999999999995,0.15
2015-08-17 14:00:00,2.75,100155.0,288.5,0.15
2015-08-17 14:15:00,3.4,100150.0,288.45,0.15
2015-08-17 14:30:00,3.4,100150.0,288.54999999999995,0.15
2015-08-17 14:45:00,2.6,100150.0,288.65,0.15
2015-08-17 15:00:00,2.95,100150.0,288.54999999999995,0.15
2015-08-17 15:15:00,2.3,100140.0,288.65,0.15
2015-08-17 15:30:00,2.75,100140.0,288.5,0.15
2015-08-17 15:45:00,2.8,100150.0,288.35,0.15
2015-08-17 16:00:00,2.6500000000000004,100155.0,288.45,0.15
2015-08-17 16:15:00,2.1,100140.0,288.35,0.15
2015-08-17 16:30:00,2.15,100140.0,288.35,0.15
2015-08-17 16:45:00,2.2,100130.0,288.25,0.15
2015-08-17 17:00:00,2.35,100130.0,288.25,0.15
2015-08-17 17:15:00,2.8,100130.0,288.25,0.15
2015-08-17 17:30:00,2.4,100130.0,288.25,0.15
2015-08-17 17:45:00,1.8,100120.0,288.25,0.15
2015-08-17 18:00:00,1.85,100120.0,288.25,0.15
2015-08-17 18:15:00,3.1,100120.0,288.25,0.15
2015-08-17 18:30:00,3.65,100125.0,288.25,0.15
2015-08-17 18:45:00,3.0,100130.0,288.15,0.15
2015-08-17 19:00:00,3.35,100140.0,288.15,0.15
2015-08-17 19:15:00,3.0,100150.0,288.15,0.15
2015-08-17 19:30:00,2.8,100155.0,288.1,0.15
2015-08-17 19:45:00,3.3,100150.0,288.04999999999995,0.15
2015-08-17 20:00:00,3.6,100160.0,287.95,0.15
2015-08-17 20:15:00,3.5,100160.0,287.95,0.15
2015-08-17 20:30:00,3.75,100160.0,287.5,0.15
2015-08-17 20:45:00,3.4,100160.0,287.35,0.15
2015-08-17 21:00:00,2.35,100160.0,287.29999999999995,0.15
2015-08-17 21:15:00,2.4,100160.0,287.25,0.15
2015-08-17 21:30:00,2.95,100160.0,287.15,0.15
2015-08-17 21:45:00,3.0,100160.0,287.15,0.15
2015-08-17 22:00:00,3.1,100155.0,287.1,0.15
2015-08-17 22:15:00,3.1,100160.0,287.04999999999995,0.15
2015-08-17 22:30:00,2.55,100160.0,286.95,0.15
2015-08-17 22:45:00,3.1,100160.0,286.95,0.15
2015-08-17 23:00:00,2.9,100155.0,287.0,0.15
2015-08-17 23:15:00,2.2,100140.0,287.04999999999995,0.15
2015-08-17 23:30:00,2.05,100150.0,287.04999999999995,0.15
2015-08-17 23:45:00,2.4,100140.0,287.04999999999995,0.15
2015-08-18 00:00:00,2.7,100140.0,287.15,0.15
2015-08-18 00:15:00,2.9,100140.0,287.25,0.15
2015-08-18 00:30:00,3.5,100130.0,287.2,0.15
2015-08-18 00:45:00,3.7,100130.0,287.15,0.15
2015-08-18 01:00:00,3.3,100140.0,287.0,0.15
2015-08-18 01:15:00,3.1,100140.0,286.75,0.15
2015-08-18 01:30:00,2.65,100160.0,286.85,0.15
2015-08-18 01:45:00,2.6,100170.0,286.75,0.15
2015-08-18 02:00:00,2.2,100165.0,286.75,0.15
2015-08-18 02:15:00,2.3,100150.0,286.75,0.15
2015-08-18 02:30:00,2.9000000000000004,100155.0,286.75,0.15
2015-08-18 02:45:00,3.2,100160.0,286.85,0.15
2015-08-18 03:00:00,3.7,100170.0,286.85,0.15
2015-08-18 03:15:00,3.1,100170.0,286.75,0.15
2015-08-18 03:30:00,3.1,100170.0,286.7,0.15
2015-08-18 03:45:00,2.9,100180.0,286.65,0.15
2015-08-18 04:00:00,2.85,100170.0,286.6,0.15
2015-08-18 04:15:00,2.9,100180.0,286.65,0.15
2015-08-18 04:30:00,2.6,100185.0,286.65,0.15
2015-08-18 04:45:00,2.2,100180.0,286.75,0.15
2015-08-18 05:00:00,2.45,100190.0,286.79999999999995,0.15
2015-08-18 05:15:00,2.5,100210.0,286.95,0.15
2015-08-18 05:30:00,3.05,100210.0,287.0,0.15
2015-08-18 05:45:00,2.6,100220.0,287.04999999999995,0.15
2015-08-18 06:00:00,2.45,100220.0,287.2,0.15
2015-08-18 06:15:00,3.1,100220.0,287.35,0.15
2015-08-18 06:30:00,3.0,100220.0,287.7,0.15
2015-08-18 06:45:00,2.3,100220.0,287.75,0.15
2015-08-18 07:00:00,2.3,100225.0,287.85,0.15
2015-08-18 07:15:00,2.2,100230.0,288.04999999999995,0.15
2015-08-18 07:30:00,2.4,100235.0,288.35,0.15
2015-08-18 07:45:00,2.8,100250.0,288.65,0.15
2015-08-18 08:00:00,2.8,100265.0,288.65,0.15
2015-08-18 08:15:00,2.7,100280.0,288.45,0.15
2015-08-18 08:30:00,3.7,100295.0,288.85,0.15
2015-08-18 08:45:00,3.1,100290.0,288.95,0.15
2015-08-18 09:00:00,4.15,100290.0,289.4,0.15
2015-08-18 09:15:00,5.1,100310.0,289.04999999999995,0.15
2015-08-18 09:30:00,5.1,100330.0,289.54999999999995,0.15
2015-08-18 09:45:00,4.9,100340.0,289.65,0.15
2015-08-18 10:00:00,4.25,100355.0,289.65,0.15
2015-08-18 10:15:00,3.7,100370.0,289.45,0.15
2015-08-18 10:30:00,3.35,100370.0,289.7,0.15
2015-08-18 10:45:00,3.6,100360.0,289.54999999999995,0.15
2015-08-18 11:00:00,3.4000000000000004,100370.0,289.65,0.15
2015-08-18 11:15:00,3.1,100370.0,290.75,0.15
2015-08-18 11:30:00,3.6,100365.0,290.9,0.15
2015-08-18 11:45:00,3.6,100370.0,291.65,0.15
2015-08-18 12:00:00,3.65,100380.0,291.04999999999995,0.15
2015-08-18 12:15:00,2.8,100390.0,290.75,0.15
2015-08-18 12:30:00,2.95,100390.0,291.45,0.15
2015-08-18 12:45:00,2.9,100400.0,291.45,0.15
2015-08-18 13:00:00,2.8,100410.0,291.35,0.15
2015-08-18 13:15:00,2.2,100430.0,291.25,0.15
2015-08-18 13:30:00,2.0,100435.0,291.65,0.15
2015-08-18 13:45:00,1.9,100440.0,292.04999999999995,0.15
2015-08-18 14:00:00,1.8,100435.0,292.2,0.15
2015-08-18 14:15:00,1.5,100440.0,292.54999999999995,0.15
2015-08-18 14:30:00,1.4500000000000002,100450.0,292.25,0.15
2015-08-18 14:45:00,1.7,100470.0,292.04999999999995,0.15
2015-08-18 15:00:00,1.35,100460.0,292.35,0.15
2015-08-18 15:15:00,2.3,100470.0,292.15,0.15
2015-08-18 15:30:00,1.75,100480.0,292.15,0.15
2015-08-18 15:45:00,1.4,100470.0,292.04999999999995,0.15
2015-08-18 16:00:00,1.25,100485.0,292.0,0.15
2015-08-18 16:15:00,0.7,100480.0,292.15,0.15
2015-08-18 16:30:00,0.95,100470.0,292.65,0.15
2015-08-18 16:45:00,1.1,100480.0,292.85,0.15
2015-08-18 17:00:00,0.4,100490.0,292.54999999999995,0.15
2015-08-18 17:15:00,0.3,100490.0,291.95,0.15
2015-08-18 17:30:00,0.4,100495.0,291.4,0.15
2015-08-18 17:45:00,0.8,100480.0,290.85,0.15
2015-08-18 18:00:00,0.8,100505.0,290.25,0.15
2015-08-18 18:15:00,1.1,100520.0,290.15,0.15
2015-08-18 18:30:00,1.25,100535.0,289.79999999999995,0.15
2015-08-18 18:45:00,1.3,100550.0,289.65,0.15
2015-08-18 19:00:00,1.0,100545.0,289.6,0.15
2015-08-18 19:15:00,0.9,100560.0,289.75,0.15
2015-08-18 19:30:00,1.1,100570.0,288.75,0.15
2015-08-18 19:45:00,1.0,100580.0,288.95,0.15
2015-08-18 20:00:00,1.05,100595.0,287.9,0.15
2015-08-18 20:15:00,1.3,100600.0,288.15,0.15
2015-08-18 20:30:00,1.85,100610.0,287.9,0.15
2015-08-18 20:45:00,2.3,100630.0,288.15,0.15
2015-08-18 21:00:00,1.4,100625.0,288.35,0.15
2015-08-18 21:15:00,1.4,100640.0,288.65,0.15
2015-08-18 21:30:00,1.1,100645.0,288.54999999999995,0.15
2015-08-18 21:45:00,1.0,100650.0,288.15,0.15
2015-08-18 22:00:00,0.85,100665.0,287.7,0.15
2015-08-18 22:15:00,0.7,100670.0,287.65,0.15
2015-08-18 22:30:00,0.55,100690.0,286.79999999999995,0.15
2015-08-18 22:45:00,0.4,100690.0,286.65,0.15
2015-08-18 23:00:00,0.6000000000000001,100695.0,286.35,0.15
2015-08-18 23:15:00,1.4,100700.0,286.25,0.15
2015-08-18 23:30:00,1.5,100710.0,286.0,0.15
2015-08-18 23:45:00,1.3,100710.0,286.04999999999995,0.15
2015-08-19 00:00:00,1.75,100715.0,285.04999999999995,0.15
2015-08-19 00:15:00,1.9,100730.0,284.75,0.15
2015-08-19 00:30:00,1.6,100735.0,284.54999999999995,0.15
2015-08-19 00:45:00,1.9,100740.0,284.45,0.15
2015-08-19 01:00:00,1.45,100740.0,284.6,0.15
2015-08-19 01:15:00,0.6,100750.0,284.15,0.15
2015-08-19 01:30:00,1.7000000000000002,100760.0,284.15,0.15
2015-08-19 01:45:00,1.6,100760.0,284.54999999999995,0.15
2015-08-19 02:00:00,1.55,100760.0,284.2,0.15
2015-08-19 02:15:00,1.7,100770.0,283.75,0.15
2015-08-19 02:30:00,1.55,100775.0,283.5,0.15
2015-08-19 02:45:00,1.8,100770.0,283.45,0.15
2015-08-19 03:00:00,1.65,100765.0,283.35,0.15
2015-08-19 03:15:00,1.8,100750.0,284.54999999999995,0.15
2015-08-19 03:30:00,1.4,100750.0,283.6,0.15
2015-08-19 03:45:00,1.7,100760.0,283.45,0.15
2015-08-19 04:00:00,1.6,100765.0,283.15,0.15
2015-08-19 04:15:00,1.4,100770.0,283.54999999999995,0.15
2015-08-19 04:30:00,1.5499999999999998,100785.0,282.35,0.15
2015-08-19 04:45:00,1.7,100800.0,282.35,0.15
2015-08-19 05:00:00,1.4,100810.0,282.54999999999995,0.15
2015-08-19 05:15:00,1.7,100820.0,283.45,0.15
2015-08-19 05:30:00,1.6,100815.0,283.45,0.15
2015-08-19 05:45:00,1.0,100830.0,283.45,0.15
2015-08-19 06:00:00,1.1,100845.0,284.35,0.15
2015-08-19 06:15:00,1.4,100860.0,285.35,0.15
2015-08-19 06:30:00,1.5,100860.0,286.54999999999995,0.15
2015-08-19 06:45:00,1.8,100860.0,286.85,0.15
2015-08-19 07:00:00,1.4,100870.0,286.9,0.15
2015-08-19 07:15:00,1.3,100880.0,287.04999999999995,0.15
2015-08-19 07:30:00,1.2999999999999998,100890.0,287.79999999999995,0.15
2015-08-19 07:45:00,1.0,100900.0,288.54999999999995,0.15
2015-08-19 08:00:00,0.55,100905.0,289.29999999999995,0.15
2015-08-19 08:15:00,0.7,100920.0,289.25,0.15
2015-08-19 08:30:00,1.7,100925.0,289.65,0.15
2015-08-19 08:45:00,1.4,100930.0,290.25,0.15
2015-08-19 09:00:00,1.4500000000000002,100930.0,291.1,0.15
2015-08-19 09:15:00,1.4,100930.0,291.15,0.15
2015-08-19 09:30:00,1.35,100925.0,292.0,0.15
2015-08-19 09:45:00,0.8,100920.0,291.95,0.15
2015-08-19 10:00:00,1.3,100920.0,292.6,0.15
2015-08-19 10:15:00,1.5,100920.0,293.15,0.15
2015-08-19 10:30:00,1.4500000000000002,100925.0,293.2,0.15
2015-08-19 10:45:00,1.1,100910.0,292.85,0.15
2015-08-19 11:00:00,1.85,100915.0,293.65,0.15
2015-08-19 11:15:00,0.8,100940.0,293.35,0.15
2015-08-19 11:30:00,1.9,100940.0,293.15,0.15
2015-08-19 11:45:00,1.6,100950.0,293.54999999999995,0.15
2015-08-19 12:00:00,1.45,100940.0,294.4,0.15
2015-08-19 12:15:00,1.2,100940.0,294.25,0.15
2015-08-19 12:30:00,1.8,100940.0,294.75,0.15
2015-08-19 12:45:00,1.6,100940.0,294.04999999999995,0.15
2015-08-19 13:00:00,1.65,100930.0,294.54999999999995,0.15
2015-08-19 13:15:00,1.3,100920.0,295.45,0.15
2015-08-19 13:30:00,1.55,100915.0,294.9,0.15
2015-08-19 13:45:00,1.3,100910.0,295.75,0.15
2015-08-19 14:00:00,1.95,100905.0,294.6,0.15
2015-08-19 14:15:00,0.7,100900.0,294.45,0.15
2015-08-19 14:30:00,1.75,100900.0,294.79999999999995,0.15
2015-08-19 14:45:00,2.0,100910.0,294.95,0.15
2015-08-19 15:00:00,1.75,100910.0,295.1,0.15
2015-08-19 15:15:00,1.8,100900.0,295.25,0.15
2015-08-19 15:30:00,1.45,100910.0,295.15,0.15
2015-08-19 15:45:00,0.5,100920.0,294.65,0.15
2015-08-19 16:00:00,0.9,100930.0,294.29999999999995,0.15
2015-08-19 16:15:00,2.5,100920.0,294.35,0.15
2015-08-19 16:30:00,2.55,100925.0,294.0,0.15
2015-08-19 16:45:00,2.9,100940.0,293.65,0.15
2015-08-19 17:00:00,2.2,100940.0,293.5,0.15
2015-08-19 17:15:00,2.2,100950.0,293.35,0.15
2015-08-19 17:30:00,2.3,100955.0,293.0,0.15
2015-08-19 17:45:00,1.9,100960.0,292.75,0.15
2015-08-19 18:00:00,1.75,100980.0,292.5,0.15
2015-08-19 18:15:00,1.7,100990.0,292.35,0.15
2015-08-19 18:30:00,1.65,100995.0,292.0,0.15
2015-08-19 18:45:00,1.5,101000.0,291.35,0.15
2015-08-19 19:00:00,1.55,101015.0,290.29999999999995,0.15
2015-08-19 19:15:00,1.2,101030.0,290.15,0.15
2015-08-19 19:30:00,1.0,101040.0,289.95,0.15
2015-08-19 19:45:00,1.6,101040.0,289.75,0.15
2015-08-19 20:00:00,2.05,101055.0,289.54999999999995,0.15
2015-08-19 20:15:00,1.9,101050.0,289.45,0.15
2015-08-19 20:30:00,1.9,101040.0,289.25,0.15
2015-08-19 20:45:00,2.3,101040.0,289.54999999999995,0.15
2015-08-19 21:00:00,1.6,101040.0,290.04999999999995,0.15
2015-08-19 21:15:00,1.4,101040.0,289.95,0.15
2015-08-19 21:30:00,1.35,101045.0,289.6,0.15
2015-08-19 21:45:00,1.3,101060.0,289.54999999999995,0.15
2015-08-19 22:00:00,1.65,101060.0,289.29999999999995,0.15
2015-08-19 22:15:00,1.5,101070.0,288.54999999999995,0.15
2015-08-19 22:30:00,1.4,101080.0,287.9,0.15
2015-08-19 22:45:00,1.6,101070.0,287.65,0.15
2015-08-19 23:00:00,2.05,101075.0,288.04999999999995,0.15
2015-08-19 23:15:00,2.3,101080.0,288.25,0.15
2015-08-19 23:30:00,2.1500000000000004,101070.0,287.9,0.15
2015-08-19 23:45:00,1.8,101070.0,288.65,0.15
2015-08-20 00:00:00,1.45,101080.0,288.75,0.15
2015-08-20 00:15:00,1.3,101080.0,287.75,0.15
2015-08-20 00:30:00,1.4,101075.0,288.0,0.15
2015-08-20 00:45:00,1.4,101070.0,287.85,0.15
2015-08-20 01:00:00,1.15,101070.0,287.2,0.15
2015-08-20 01:15:00,1.5,101080.0,287.15,0.15
2015-08-20 01:30:00,1.8,101080.0,287.35,0.15
2015-08-20 01:45:00,1.8,101080.0,287.54999999999995,0.15
2015-08-20 02:00:00,1.8,101080.0,288.04999999999995,0.15
2015-08-20 02:15:00,1.4,101090.0,287.25,0.15
2015-08-20 02:30:00,1.4,101090.0,287.25,0.15
2015-08-20 02:45:00,1.9,101090.0,287.25,0.15
2015-08-20 03:00:00,1.6,101090.0,287.25,0.15
2015-08-20 03:15:00,1.7,101070.0,287.54999999999995,0.15
2015-08-20 03:30:00,1.55,101070.0,287.85,0.15
2015-08-20 03:45:00,1.0,101070.0,287.75,0.15
2015-08-20 04:00:00,1.1,101085.0,287.45,0.15
2015-08-20 04:15:00,1.3,101080.0,287.54999999999995,0.15
2015-08-20 04:30:00,1.25,101100.0,287.29999999999995,0.15
2015-08-20 04:45:00,1.5,101110.0,286.95,0.15
2015-08-20 05:00:00,1.0,101125.0,286.9,0.15
2015-08-20 05:15:00,1.4,101130.0,286.85,0.15
2015-08-20 05:30:00,1.4,101135.0,287.6,0.15
2015-08-20 05:45:00,1.1,101140.0,287.95,0.15
2015-08-20 06:00:00,1.65,101150.0,287.95,0.15
2015-08-20 06:15:00,1.4,101160.0,287.85,0.15
2015-08-20 06:30:00,1.05,101160.0,287.85,0.15
2015-08-20 06:45:00,1.1,101160.0,288.04999999999995,0.15
2015-08-20 07:00:00,1.3,101160.0,288.54999999999995,0.15
2015-08-20 07:15:00,1.6,101170.0,289.25,0.15
2015-08-20 07:30:00,2.0,101170.0,290.0,0.15
2015-08-20 07:45:00,2.2,101170.0,290.15,0.15
2015-08-20 08:00:00,2.55,101180.0,290.9,0.15
2015-08-20 08:15:00,2.5,101180.0,291.85,0.15
2015-08-20 08:30:00,2.4000000000000004,101190.0,292.15,0.15
2015-08-20 08:45:00,2.5,101180.0,292.15,0.15
2015-08-20 09:00:00,2.3,101190.0,292.6,0.15
2015-08-20 09:15:00,2.8,101180.0,293.25,0.15
2015-08-20 09:30:00,2.35,101185.0,293.54999999999995,0.15
2015-08-20 09:45:00,2.4,101180.0,294.04999999999995,0.15
2015-08-20 10:00:00,2.35,101180.0,294.25,0.15
2015-08-20 10:15:00,2.1,101190.0,294.65,0.15
2015-08-20 10:30:00,2.4,101180.0,295.25,0.15
2015-08-20 10:45:00,2.6,101180.0,295.75,0.15
2015-08-20 11:00:00,2.55,101175.0,296.15,0.15
2015-08-20 11:15:00,2.8,101170.0,296.35,0.15
2015-08-20 11:30:00,1.95,101160.0,296.95,0.15
2015-08-20 11:45:00,1.4,101160.0,297.65,0.15
2015-08-20 12:00:00,1.7999999999999998,101160.0,297.54999999999995,0.15
2015-08-20 12:15:00,1.7,101160.0,297.75,0.15
2015-08-20 12:30:00,1.5499999999999998,101150.0,298.04999999999995,0.15
2015-08-20 12:45:00,1.9,101140.0,298.04999999999995,0.15
2015-08-20 13:00:00,1.9,101135.0,297.95,0.15
2015-08-20 13:15:00,1.4,101130.0,297.85,0.15
2015-08-20 13:30:00,2.0,101120.0,298.7,0.15
2015-08-20 13:45:00,1.6,101120.0,298.15,0.15
2015-08-20 14:00:00,1.7,101110.0,298.6,0.15
2015-08-20 14:15:00,1.3,101110.0,298.35,0.15
2015-08-20 14:30:00,1.95,101100.0,298.2,0.15
2015-08-20 14:45:00,2.1,101100.0,298.25,0.15
2015-08-20 15:00:00,2.95,101100.0,298.0,0.15
2015-08-20 15:15:00,2.5,101100.0,298.15,0.15
2015-08-20 15:30:00,2.4,101090.0,298.29999999999995,0.15
2015-08-20 15:45:00,1.8,101090.0,298.04999999999995,0.15
2015-08-20 16:00:00,2.75,101080.0,298.15,0.15
2015-08-20 16:15:00,2.5,101080.0,297.95,0.15
2015-08-20 16:30:00,2.5,101090.0,298.1,0.15
2015-08-20 16:45:00,2.9,101080.0,297.85,0.15
2015-08-20 17:00:00,3.15,101080.0,297.5,0.15
2015-08-20 17:15:00,3.4,101090.0,297.25,0.15
2015-08-20 17:30:00,2.85,101105.0,296.9,0.15
2015-08-20 17:45:00,2.5,101120.0,296.54999999999995,0.15
2015-08-20 18:00:00,2.35,101120.0,295.35,0.15
2015-08-20 18:15:00,2.0,101130.0,294.54999999999995,0.15
2015-08-20 18:30:00,2.05,101135.0,294.25,0.15
2015-08-20 18:45:00,1.7,101140.0,292.85,0.15
2015-08-20 19:00:00,1.75,101145.0,293.1,0.15
2015-08-20 19:15:00,1.7,101150.0,291.95,0.15
2015-08-20 19:30:00,1.7,101170.0,292.4,0.15
2015-08-20 19:45:00,1.8,101180.0,290.95,0.15
2015-08-20 20:00:00,2.45,101185.0,289.95,0.15
2015-08-20 20:15:00,1.7,101190.0,289.04999999999995,0.15
2015-08-20 20:30:00,2.0,101200.0,290.85,0.15
2015-08-20 20:45:00,1.4,101210.0,290.04999999999995,0.15
2015-08-20 21:00:00,2.25,101220.0,289.35,0.15
2015-08-20 21:15:00,1.9,101220.0,289.35,0.15
2015-08-20 21:30:00,1.7999999999999998,101230.0,289.4,0.15
2015-08-20 21:45:00,2.3,101240.0,290.15,0.15
2015-08-20 22:00:00,2.0,101230.0,291.2,0.15
2015-08-20 22:15:00,1.6,101230.0,291.04999999999995,0.15
2015-08-20 22:30:00,1.5499999999999998,101230.0,290.75,0.15
2015-08-20 22:45:00,1.8,101230.0,290.65,0.15
2015-08-20 23:00:00,2.1,101230.0,290.4,0.15
2015-08-20 23:15:00,2.2,101230.0,290.15,0.15
2015-08-20 23:30:00,2.35,101225.0,290.1,0.15
2015-08-20 23:45:00,2.3,101220.0,290.04999999999995,0.15
2015-08-21 00:00:00,2.4,101220.0,289.9,0.15
2015-08-21 00:15:00,1.7,101230.0,289.75,0.15
2015-08-21 00:30:00,1.7,101230.0,289.6,0.15
2015-08-21 00:45:00,1.4,101240.0,289.54999999999995,0.15
2015-08-21 01:00:00,1.8,101235.0,289.15,0.15
2015-08-21 01:15:00,2.1,101230.0,289.25,0.15
2015-08-21 01:30:00,1.9,101230.0,289.29999999999995,0.15
2015-08-21 01:45:00,1.6,101230.0,288.35,0.15
2015-08-21 02:00:00,1.5,101240.0,288.65,0.15
2015-08-21 02:15:00,2.2,101240.0,288.75,0.15
2015-08-21 02:30:00,2.45,101235.0,287.95,0.15
2015-08-21 02:45:00,3.4,101230.0,286.54999999999995,0.15
2015-08-21 03:00:00,2.75,101220.0,287.9,0.15
2015-08-21 03:15:00,2.5,101220.0,288.45,0.15
2015-08-21 03:30:00,2.7,101215.0,288.45,0.15
2015-08-21 03:45:00,2.6,101220.0,287.85,0.15
2015-08-21 04:00:00,2.6,101225.0,288.04999999999995,0.15
2015-08-21 04:15:00,2.4,101240.0,288.15,0.15
2015-08-21 04:30:00,2.6500000000000004,101240.0,288.15,0.15
2015-08-21 04:45:00,2.3,101250.0,288.15,0.15
2015-08-21 05:00:00,1.7,101255.0,288.25,0.15
2015-08-21 05:15:00,1.6,101260.0,288.45,0.15
2015-08-21 05:30:00,1.85,101255.0,288.7,0.15
2015-08-21 05:45:00,1.3,101260.0,289.04999999999995,0.15
2015-08-21 06:00:00,1.9,101270.0,289.5,0.15
2015-08-21 06:15:00,2.3,101270.0,290.04999999999995,0.15
2015-08-21 06:30:00,1.95,101290.0,290.75,0.15
2015-08-21 06:45:00,2.6,101310.0,291.04999999999995,0.15
2015-08-21 07:00:00,3.45,101300.0,291.85,0.15
2015-08-21 07:15:00,3.7,101300.0,292.15,0.15
2015-08-21 07:30:00,3.3,101300.0,292.79999999999995,0.15
2015-08-21 07:45:00,3.5,101310.0,292.85,0.15
2015-08-21 08:00:00,3.2,101310.0,293.6,0.15
2015-08-21 08:15:00,2.7,101320.0,293.75,0.15
2015-08-21 08:30:00,3.0,101330.0,294.6,0.15
2015-08-21 08:45:00,3.1,101320.0,295.45,0.15
2015-08-21 09:00:00,2.6,101320.0,295.65,0.15
2015-08-21 09:15:00,2.4,101310.0,295.75,0.15
2015-08-21 09:30:00,3.05,101295.0,296.2,0.15
2015-08-21 09:45:00,3.7,101290.0,296.35,0.15
2015-08-21 10:00:00,3.3,101280.0,296.7,0.15
2015-08-21 10:15:00,3.3,101280.0,297.25,0.15
2015-08-21 10:30:00,3.9,101270.0,297.4,0.15
2015-08-21 10:45:00,3.6,101270.0,297.75,0.15
2015-08-21 11:00:00,2.9,101260.0,297.65,0.15
2015-08-21 11:15:00,3.2,101250.0,298.45,0.15
2015-08-21 11:30:00,2.6,101240.0,298.2,0.15
2015-08-21 11:45:00,2.8,101240.0,298.54999999999995,0.15
2015-08-21 12:00:00,2.85,101225.0,298.45,0.15
2015-08-21 12:15:00,2.7,101200.0,298.65,0.15
2015-08-21 12:30:00,2.75,101195.0,298.85,0.15
2015-08-21 12:45:00,2.6,101170.0,298.95,0.15
2015-08-21 13:00:00,3.05,101160.0,298.79999999999995,0.15
2015-08-21 13:15:00,2.0,101150.0,298.75,0.15
2015-08-21 13:30:00,2.2,101145.0,299.1,0.15
2015-08-21 13:45:00,2.3,101130.0,299.35,0.15
2015-08-21 14:00:00,2.9,101120.0,298.95,0.15
2015-08-21 14:15:00,3.1,101110.0,299.15,0.15
2015-08-21 14:30:00,3.1,101110.0,299.45,0.15
2015-08-21 14:45:00,3.8,101100.0,299.25,0.15
2015-08-21 15:00:00,2.5,101090.0,299.6,0.15
2015-08-21 15:15:00,3.1,101090.0,299.75,0.15
2015-08-21 15:30:00,2.55,101090.0,299.45,0.15
2015-08-21 15:45:00,2.3,101080.0,299.25,0.15
2015-08-21 16:00:00,2.85,101085.0,299.45,0.15
2015-08-21 16:15:00,2.8,101080.0,299.25,0.15
2015-08-21 16:30:00,2.6500000000000004,101065.0,299.15,0.15
2015-08-21 16:45:00,2.2,101050.0,299.04999999999995,0.15
2015-08-21 17:00:00,2.65,101050.0,298.75,0.15
2015-08-21 17:15:00,2.6,101050.0,298.45,0.15
2015-08-21 17:30:00,2.6,101050.0,297.9,0.15
2015-08-21 17:45:00,2.5,101060.0,297.45,0.15
2015-08-21 18:00:00,2.1,101060.0,296.6,0.15
2015-08-21 18:15:00,2.3,101060.0,295.85,0.15
2015-08-21 18:30:00,1.7000000000000002,101060.0,294.95,0.15
2015-08-21 18:45:00,1.5,101060.0,294.54999999999995,0.15
2015-08-21 19:00:00,1.7999999999999998,101075.0,294.54999999999995,0.15
2015-08-21 19:15:00,2.0,101070.0,294.04999999999995,0.15
2015-08-21 19:30:00,2.1500000000000004,101070.0,294.2,0.15
2015-08-21 19:45:00,2.2,101060.0,294.04999999999995,0.15
2015-08-21 20:00:00,2.1500000000000004,101060.0,293.6,0.15
2015-08-21 20:15:00,2.1,101060.0,293.25,0.15
2015-08-21 20:30:00,2.6,101065.0,293.04999999999995,0.15
2015-08-21 20:45:00,2.8,101060.0,292.95,0.15
2015-08-21 21:00:00,2.35,101060.0,292.65,0.15
2015-08-21 21:15:00,2.2,101060.0,292.35,0.15
2015-08-21 21:30:00,2.05,101050.0,292.2,0.15
2015-08-21 21:45:00,1.9,101060.0,291.95,0.15
2015-08-21 22:00:00,2.2,101050.0,291.85,0.15
2015-08-21 22:15:00,2.5,101050.0,291.65,0.15
2015-08-21 22:30:00,2.2,101050.0,291.25,0.15
2015-08-21 22:45:00,1.9,101050.0,291.04999999999995,0.15
2015-08-21 23:00:00,1.5,101040.0,290.15,0.15
2015-08-21 23:15:00,1.4,101040.0,289.75,0.15
2015-08-21 23:30:00,1.4,101030.0,289.9,0.15
2015-08-21 23:45:00,1.5,101020.0,290.15,0.15
2015-08-22 00:00:00,1.5,101000.0,289.45,0.15
2015-08-22 00:15:00,1.5,100990.0,287.35,0.15
2015-08-22 00:30:00,1.45,100980.0,287.35,0.15
2015-08-22 00:45:00,1.4,100980.0,286.35,0.15
2015-08-22 01:00:00,1.95,100970.0,285.9,0.15
2015-08-22 01:15:00,2.7,100970.0,286.75,0.15
2015-08-22 01:30:00,3.1,100965.0,288.7,0.15
2015-08-22 01:45:00,2.7,100960.0,288.65,0.15
2015-08-22 02:00:00,2.7,100955.0,288.7,0.15
2015-08-22 02:15:00,3.4,100950.0,288.65,0.15
2015-08-22 02:30:00,2.3,100950.0,287.95,0.15
2015-08-22 02:45:00,1.8,100950.0,286.54999999999995,0.15
2015-08-22 03:00:00,2.6,100945.0,285.6,0.15
2015-08-22 03:15:00,3.0,100950.0,284.85,0.15
2015-08-22 03:30:00,3.3,100940.0,284.2,0.15
2015-08-22 03:45:00,2.6,100930.0,286.25,0.15
2015-08-22 04:00:00,2.2,100930.0,288.1,0.15
2015-08-22 04:15:00,2.1,100940.0,286.95,0.15
2015-08-22 04:30:00,1.6,100940.0,284.5,0.15
2015-08-22 04:45:00,1.8,100940.0,284.45,0.15
2015-08-22 05:00:00,1.4,100940.0,285.6,0.15
2015-08-22 05:15:00,1.2,100940.0,287.75,0.15
2015-08-22 05:30:00,1.25,100940.0,286.6,0.15
2015-08-22 05:45:00,1.4,100940.0,287.35,0.15
2015-08-22 06:00:00,1.05,100940.0,289.15,0.15
2015-08-22 06:15:00,1.4,100940.0,290.25,0.15
2015-08-22 06:30:00,1.75,100935.0,290.85,0.15
2015-08-22 06:45:00,1.7,100930.0,291.45,0.15
2015-08-22 07:00:00,2.05,100935.0,292.0,0.15
2015-08-22 07:15:00,2.4,100920.0,292.75,0.15
2015-08-22 07:30:00,2.15,100915.0,293.5,0.15
2015-08-22 07:45:00,2.5,100910.0,293.65,0.15
2015-08-22 08:00:00,2.2,100910.0,294.15,0.15
2015-08-22 08:15:00,2.6,100910.0,294.85,0.15
2015-08-22 08:30:00,2.1500000000000004,100910.0,295.2,0.15
2015-08-22 08:45:00,2.7,100900.0,295.65,0.15
2015-08-22 09:00:00,2.45,100880.0,296.25,0.15
2015-08-22 09:15:00,2.2,100870.0,296.75,0.15
2015-08-22 09:30:00,2.2,100850.0,297.25,0.15
2015-08-22 09:45:00,2.1,100830.0,297.65,0.15
2015-08-22 10:00:00,2.85,100825.0,297.75,0.15
2015-08-22 10:15:00,3.0,100800.0,298.25,0.15
2015-08-22 10:30:00,2.9000000000000004,100790.0,298.5,0.15
2015-08-22 10:45:00,3.4,100780.0,298.75,0.15
2015-08-22 11:00:00,3.45,100765.0,299.2,0.15
2015-08-22 11:15:00,3.5,100740.0,299.35,0.15
2015-08-22 11:30:00,3.45,100735.0,299.54999999999995,0.15
2015-08-22 11:45:00,4.4,100720.0,299.45,0.15
2015-08-22 12:00:00,3.9,100705.0,299.5,0.15
2015-08-22 12:15:00,2.7,100700.0,299.75,0.15
2015-08-22 12:30:00,3.55,100680.0,299.6,0.15
2015-08-22 12:45:00,3.4,100670.0,300.15,0.15
2015-08-22 13:00:00,3.9,100655.0,300.4,0.15
2015-08-22 13:15:00,4.4,100640.0,300.25,0.15
2015-08-22 13:30:00,4.05,100630.0,300.35,0.15
2015-08-22 13:45:00,4.2,100610.0,300.45,0.15
2015-08-22 14:00:00,3.4000000000000004,100600.0,300.65,0.15
2015-08-22 14:15:00,4.5,100600.0,299.85,0.15
2015-08-22 14:30:00,4.95,100585.0,299.9,0.15
2015-08-22 14:45:00,4.2,100570.0,300.15,0.15
2015-08-22 15:00:00,3.7,100545.0,299.95,0.15
2015-08-22 15:15:00,3.3,100530.0,300.15,0.15
2015-08-22 15:30:00,2.8,100515.0,300.25,0.15
2015-08-22 15:45:00,4.4,100500.0,300.04999999999995,0.15
2015-08-22 16:00:00,4.0,100485.0,300.0,0.15
2015-08-22 16:15:00,4.8,100470.0,300.04999999999995,0.15
2015-08-22 16:30:00,4.85,100460.0,300.0,0.15
2015-08-22 16:45:00,4.1,100440.0,299.75,0.15
2015-08-22 17:00:00,4.1,100440.0,299.45,0.15
2015-08-22 17:15:00,3.7,100440.0,299.25,0.15
2015-08-22 17:30:00,3.6,100430.0,298.79999999999995,0.15
2015-08-22 17:45:00,3.4,100440.0,298.35,0.15
2015-08-22 18:00:00,3.6,100435.0,297.6,0.15
2015-08-22 18:15:00,3.4,100420.0,296.95,0.15
2015-08-22 18:30:00,3.1,100410.0,296.6,0.15
2015-08-22 18:45:00,2.9,100410.0,296.35,0.15
2015-08-22 19:00:00,2.9,100400.0,295.85,0.15
2015-08-22 19:15:00,3.2,100400.0,295.75,0.15
2015-08-22 19:30:00,3.75,100390.0,295.6,0.15
2015-08-22 19:45:00,3.4,100390.0,295.15,0.15
2015-08-22 20:00:00,3.3,100380.0,294.95,0.15
2015-08-22 20:15:00,3.2,100370.0,294.65,0.15
2015-08-22 20:30:00,3.05,100365.0,294.29999999999995,0.15
2015-08-22 20:45:00,2.7,100350.0,294.04999999999995,0.15
2015-08-22 21:00:00,3.0,100345.0,294.04999999999995,0.15
2015-08-22 21:15:00,3.5,100330.0,293.54999999999995,0.15
2015-08-22 21:30:00,4.0,100315.0,293.85,0.15
2015-08-22 21:45:00,3.9,100300.0,293.65,0.15
2015-08-22 22:00:00,3.6,100285.0,293.54999999999995,0.15
2015-08-22 22:15:00,3.1,100280.0,293.54999999999995,0.15
2015-08-22 22:30:00,3.5,100265.0,293.04999999999995,0.15
2015-08-22 22:45:00,3.7,100260.0,292.75,0.15
2015-08-22 23:00:00,3.85,100235.0,292.54999999999995,0.15
2015-08-22 23:15:00,3.8,100220.0,292.54999999999995,0.15
2015-08-22 23:30:00,3.75,100205.0,292.4,0.15
2015-08-22 23:45:00,3.5,100190.0,292.45,0.15
2015-08-23 00:00:00,3.65,100170.0,292.29999999999995,0.15
2015-08-23 00:15:00,3.6,100160.0,292.25,0.15
2015-08-23 00:30:00,3.45,100150.0,292.29999999999995,0.15
2015-08-23 00:45:00,2.6,100140.0,292.04999999999995,0.15
2015-08-23 01:00:00,2.6500000000000004,100135.0,291.7,0.15
2015-08-23 01:15:00,2.7,100120.0,291.75,0.15
2015-08-23 01:30:00,3.05,100105.0,291.4,0.15
2015-08-23 01:45:00,3.5,100090.0,291.45,0.15
2015-08-23 02:00:00,3.1,100080.0,291.29999999999995,0.15
2015-08-23 02:15:00,3.4,100070.0,291.25,0.15
2015-08-23 02:30:00,3.0,100055.0,290.95,0.15
2015-08-23 02:45:00,2.7,100040.0,290.75,0.15
2015-08-23 03:00:00,2.8,100030.0,290.4,0.15
2015-08-23 03:15:00,2.3,100030.0,290.04999999999995,0.15
2015-08-23 03:30:00,2.1,100020.0,289.9,0.15
2015-08-23 03:45:00,1.9,100010.0,289.95,0.15
2015-08-23 04:00:00,1.45,100005.0,289.7,0.15
2015-08-23 04:15:00,1.8,100000.0,289.54999999999995,0.15
2015-08-23 04:30:00,1.9,99985.0,289.95,0.15
2015-08-23 04:45:00,2.4,99970.0,290.15,0.15
2015-08-23 05:00:00,2.5,99965.0,290.29999999999995,0.15
2015-08-23 05:15:00,2.4,99970.0,290.54999999999995,0.15
2015-08-23 05:30:00,2.35,99955.0,290.75,0.15
2015-08-23 05:45:00,2.6,99940.0,290.95,0.15
2015-08-23 06:00:00,3.35,99930.0,291.25,0.15
2015-08-23 06:15:00,3.6,99930.0,291.54999999999995,0.15
2015-08-23 06:30:00,4.1,99915.0,292.1,0.15
2015-08-23 06:45:00,4.1,99900.0,292.54999999999995,0.15
2015-08-23 07:00:00,4.65,99900.0,292.9,0.15
2015-08-23 07:15:00,4.7,99890.0,293.45,0.15
2015-08-23 07:30:00,5.1,99865.0,293.85,0.15
2015-08-23 07:45:00,6.0,99850.0,294.15,0.15
2015-08-23 08:00:00,5.85,99830.0,294.7,0.15
2015-08-23 08:15:00,5.6,99810.0,295.15,0.15
2015-08-23 08:30:00,6.0,99785.0,295.5,0.15
2015-08-23 08:45:00,6.0,99770.0,295.85,0.15
2015-08-23 09:00:00,6.050000000000001,99740.0,296.79999999999995,0.15
2015-08-23 09:15:00,5.8,99710.0,297.35,0.15
2015-08-23 09:30:00,6.550000000000001,99680.0,297.5,0.15
2015-08-23 09:45:00,6.6,99660.0,297.75,0.15
2015-08-23 10:00:00,6.7,99650.0,298.0,0.15
2015-08-23 10:15:00,8.0,99640.0,298.65,0.15
2015-08-23 10:30:00,7.75,99635.0,298.85,0.15
2015-08-23 10:45:00,8.3,99620.0,299.35,0.15
2015-08-23 11:00:00,7.55,99605.0,299.15,0.15
2015-08-23 11:15:00,7.1,99590.0,299.45,0.15
2015-08-23 11:30:00,7.65,99570.0,299.4,0.15
2015-08-23 11:45:00,7.6,99540.0,299.45,0.15
2015-08-23 12:00:00,7.65,99535.0,299.85,0.15
2015-08-23 12:15:00,8.4,99500.0,299.95,0.15
2015-08-23 12:30:00,8.850000000000001,99490.0,299.9,0.15
2015-08-23 12:45:00,8.1,99450.0,300.25,0.15
2015-08-23 13:00:00,7.7,99440.0,300.54999999999995,0.15
2015-08-23 13:15:00,8.4,99440.0,300.04999999999995,0.15
2015-08-23 13:30:00,8.55,99410.0,300.65,0.15
2015-08-23 13:45:00,7.7,99390.0,300.35,0.15
2015-08-23 14:00:00,7.25,99400.0,300.5,0.15
2015-08-23 14:15:00,6.5,99400.0,299.95,0.15
2015-08-23 14:30:00,6.05,99365.0,299.85,0.15
2015-08-23 14:45:00,4.9,99340.0,299.75,0.15
2015-08-23 15:00:00,5.5,99325.0,299.95,0.15
2015-08-23 15:15:00,5.4,99320.0,299.35,0.15
2015-08-23 15:30:00,5.1,99305.0,299.25,0.15
2015-08-23 15:45:00,5.0,99290.0,299.04999999999995,0.15
2015-08-23 16:00:00,4.85,99280.0,298.85,0.15
2015-08-23 16:15:00,4.1,99280.0,298.54999999999995,0.15
2015-08-23 16:30:00,4.4,99275.0,298.5,0.15
2015-08-23 16:45:00,4.1,99260.0,298.25,0.15
2015-08-23 17:00:00,4.15,99250.0,298.1,0.15
2015-08-23 17:15:00,3.9,99250.0,297.95,0.15
2015-08-23 17:30:00,3.35,99265.0,297.6,0.15
2015-08-23 17:45:00,3.2,99310.0,296.95,0.15
2015-08-23 18:00:00,3.6,99330.0,297.29999999999995,0.15
2015-08-23 18:15:00,5.0,99350.0,296.65,0.15
2015-08-23 18:30:00,3.65,99365.0,296.1,0.15
2015-08-23 18:45:00,2.3,99380.0,295.15,0.15
2015-08-23 19:00:00,3.75,99390.0,294.2,0.15
2015-08-23 19:15:00,2.6,99400.0,293.75,0.15
2015-08-23 19:30:00,1.95,99410.0,293.54999999999995,0.15
2015-08-23 19:45:00,2.3,99410.0,293.75,0.15
2015-08-23 20:00:00,2.2,99395.0,293.0,0.15
2015-08-23 20:15:00,2.1,99380.0,292.35,0.15
2015-08-23 20:30:00,1.2,99370.0,292.04999999999995,0.15
2015-08-23 20:45:00,2.0,99350.0,292.04999999999995,0.15
2015-08-23 21:00:00,2.9,99335.0,292.1,0.15
2015-08-23 21:15:00,3.1,99320.0,292.04999999999995,0.15
2015-08-23 21:30:00,1.85,99325.0,291.9,0.15
2015-08-23 21:45:00,2.0,99340.0,291.35,0.15
2015-08-23 22:00:00,1.4,99335.0,291.45,0.15
2015-08-23 22:15:00,1.4,99340.0,291.65,0.15
2015-08-23 22:30:00,1.6,99345.0,291.4,0.15
2015-08-23 22:45:00,2.0,99320.0,291.25,0.15
2015-08-23 23:00:00,1.35,99315.0,291.35,0.15
2015-08-23 23:15:00,0.6,99310.0,291.45,0.15
2015-08-23 23:30:00,0.15,99310.0,291.45,0.15
2015-08-23 23:45:00,0.3,99310.0,291.45,0.15
2015-08-24 00:00:00,0.9,99305.0,291.15,0.15
2015-08-24 00:15:00,1.1,99310.0,290.65,0.15
2015-08-24 00:30:00,1.25,99320.0,290.45,0.15
2015-08-24 00:45:00,1.4,99320.0,290.85,0.15
2015-08-24 01:00:00,1.2000000000000002,99320.0,291.0,0.15
2015-08-24 01:15:00,1.4,99340.0,290.65,0.15
2015-08-24 01:30:00,1.05,99325.0,290.54999999999995,0.15
2015-08-24 01:45:00,1.2,99330.0,290.54999999999995,0.15
2015-08-24 02:00:00,1.65,99340.0,290.79999999999995,0.15
2015-08-24 02:15:00,1.6,99320.0,290.75,0.15
2015-08-24 02:30:00,1.25,99315.0,290.6,0.15
2015-08-24 02:45:00,1.8,99330.0,290.35,0.15
2015-08-24 03:00:00,1.9,99315.0,290.1,0.15
2015-08-24 03:15:00,2.0,99320.0,289.75,0.15
2015-08-24 03:30:00,2.95,99310.0,290.04999999999995,0.15
2015-08-24 03:45:00,2.2,99300.0,290.45,0.15
2015-08-24 04:00:00,1.85,99300.0,290.15,0.15
2015-08-24 04:15:00,1.6,99300.0,289.85,0.15
2015-08-24 04:30:00,2.05,99305.0,289.7,0.15
2015-08-24 04:45:00,2.4,99300.0,290.15,0.15
2015-08-24 05:00:00,2.95,99290.0,290.2,0.15
2015-08-24 05:15:00,3.1,99300.0,290.04999999999995,0.15
2015-08-24 05:30:00,2.6500000000000004,99275.0,290.2,0.15
2015-08-24 05:45:00,2.5,99270.0,290.65,0.15
2015-08-24 06:00:00,2.95,99275.0,291.1,0.15
2015-08-24 06:15:00,2.5,99270.0,291.25,0.15
2015-08-24 06:30:00,2.5,99265.0,291.6,0.15
2015-08-24 06:45:00,2.9,99260.0,291.75,0.15
2015-08-24 07:00:00,2.65,99275.0,291.65,0.15
2015-08-24 07:15:00,2.7,99260.0,291.65,0.15
2015-08-24 07:30:00,3.15,99265.0,292.1,0.15
2015-08-24 07:45:00,3.9,99270.0,292.54999999999995,0.15
2015-08-24 08:00:00,3.55,99260.0,292.95,0.15
2015-08-24 08:15:00,3.2,99260.0,294.04999999999995,0.15
2015-08-24 08:30:00,3.6,99240.0,293.95,0.15
2015-08-24 08:45:00,5.0,99220.0,293.75,0.15
2015-08-24 09:00:00,4.45,99225.0,294.45,0.15
2015-08-24 09:15:00,4.9,99210.0,295.25,0.15
2015-08-24 09:30:00,5.2,99205.0,294.7,0.15
2015-08-24 09:45:00,5.6,99200.0,295.45,0.15
2015-08-24 10:00:00,5.45,99160.0,295.9,0.15
2015-08-24 10:15:00,4.3,99160.0,295.95,0.15
2015-08-24 10:30:00,4.45,99140.0,295.54999999999995,0.15
2015-08-24 10:45:00,5.9,99140.0,295.95,0.15
2015-08-24 11:00:00,6.15,99140.0,295.75,0.15
2015-08-24 11:15:00,5.2,99120.0,296.65,0.15
2015-08-24 11:30:00,7.25,99100.0,296.75,0.15
2015-08-24 11:45:00,7.4,99090.0,296.25,0.15
2015-08-24 12:00:00,8.649999999999999,99065.0,294.54999999999995,0.15
2015-08-24 12:15:00,8.5,99020.0,293.65,0.15
2015-08-24 12:30:00,6.95,98980.0,293.85,0.15
2015-08-24 12:45:00,6.2,99040.0,294.25,0.15
2015-08-24 13:00:00,5.449999999999999,99075.0,294.95,0.15
2015-08-24 13:15:00,4.5,99070.0,295.35,0.15
2015-08-24 13:30:00,4.5,99035.0,294.9,0.15
2015-08-24 13:45:00,4.8,99040.0,295.04999999999995,0.15
2015-08-24 14:00:00,5.75,99055.0,296.2,0.15
2015-08-24 14:15:00,7.4,99050.0,296.95,0.15
2015-08-24 14:30:00,7.65,99040.0,297.45,0.15
2015-08-24 14:45:00,8.1,99080.0,297.45,0.15
2015-08-24 15:00:00,7.55,99070.0,297.25,0.15
2015-08-24 15:15:00,8.6,99080.0,297.75,0.15
2015-08-24 15:30:00,9.05,99110.0,297.0,0.15
2015-08-24 15:45:00,7.7,99100.0,295.95,0.15
2015-08-24 16:00:00,6.65,99090.0,296.15,0.15
2015-08-24 16:15:00,6.9,99080.0,296.15,0.15
2015-08-24 16:30:00,6.45,99060.0,295.79999999999995,0.15
2015-08-24 16:45:00,5.7,99090.0,295.54999999999995,0.15
2015-08-24 17:00:00,5.5,99090.0,295.2,0.15
2015-08-24 17:15:00,5.5,99070.0,295.15,0.15
2015-08-24 17:30:00,5.2,99080.0,295.1,0.15
2015-08-24 17:45:00,6.1,99090.0,295.35,0.15
2015-08-24 18:00:00,5.2,99105.0,294.79999999999995,0.15
2015-08-24 18:15:00,5.5,99120.0,294.75,0.15
2015-08-24 18:30:00,6.8,99140.0,294.25,0.15
2015-08-24 18:45:00,7.2,99230.0,291.75,0.15
2015-08-24 19:00:00,3.95,99200.0,291.7,0.15
2015-08-24 19:15:00,2.6,99220.0,290.65,0.15
2015-08-24 19:30:00,3.7,99250.0,290.85,0.15
2015-08-24 19:45:00,4.6,99270.0,291.75,0.15
2015-08-24 20:00:00,5.55,99295.0,291.6,0.15
2015-08-24 20:15:00,6.1,99300.0,292.35,0.15
2015-08-24 20:30:00,6.85,99315.0,292.25,0.15
2015-08-24 20:45:00,8.2,99320.0,292.45,0.15
2015-08-24 21:00:00,7.6,99335.0,292.35,0.15
2015-08-24 21:15:00,8.2,99340.0,292.15,0.15
2015-08-24 21:30:00,6.9,99350.0,291.54999999999995,0.15
2015-08-24 21:45:00,6.2,99360.0,291.54999999999995,0.15
2015-08-24 22:00:00,6.199999999999999,99365.0,291.29999999999995,0.15
2015-08-24 22:15:00,6.9,99370.0,291.15,0.15
2015-08-24 22:30:00,6.95,99375.0,291.0,0.15
2015-08-24 22:45:00,7.0,99390.0,291.04999999999995,0.15
2015-08-24 23:00:00,5.8,99395.0,291.15,0.15
2015-08-24 23:15:00,6.0,99400.0,290.95,0.15
2015-08-24 23:30:00,5.85,99420.0,291.0,0.15
2015-08-24 23:45:00,6.9,99430.0,290.65,0.15
2015-08-25 00:00:00,7.3,99440.0,290.35,0.15
2015-08-25 00:15:00,8.3,99460.0,290.25,0.15
2015-08-25 00:30:00,5.85,99480.0,290.2,0.15
2015-08-25 00:45:00,6.4,99490.0,290.25,0.15
2015-08-25 01:00:00,6.35,99495.0,290.04999999999995,0.15
2015-08-25 01:15:00,6.5,99500.0,289.85,0.15
2015-08-25 01:30:00,6.65,99500.0,289.75,0.15
2015-08-25 01:45:00,7.3,99520.0,289.65,0.15
2015-08-25 02:00:00,7.4,99530.0,289.45,0.15
2015-08-25 02:15:00,6.8,99540.0,289.25,0.15
2015-08-25 02:30:00,6.550000000000001,99550.0,289.1,0.15
2015-08-25 02:45:00,6.1,99570.0,288.95,0.15
2015-08-25 03:00:00,6.449999999999999,99580.0,288.65,0.15
2015-08-25 03:15:00,6.7,99600.0,288.85,0.15
2015-08-25 03:30:00,7.1,99635.0,289.04999999999995,0.15
2015-08-25 03:45:00,5.8,99670.0,288.45,0.15
2015-08-25 04:00:00,5.6,99715.0,288.2,0.15
2015-08-25 04:15:00,5.8,99750.0,288.25,0.15
2015-08-25 04:30:00,5.3,99795.0,288.45,0.15
2015-08-25 04:45:00,5.5,99840.0,288.54999999999995,0.15
2015-08-25 05:00:00,4.9,99870.0,288.5,0.15
2015-08-25 05:15:00,4.9,99920.0,288.75,0.15
2015-08-25 05:30:00,4.55,99955.0,288.95,0.15
2015-08-25 05:45:00,4.6,99990.0,289.25,0.15
2015-08-25 06:00:00,4.15,100015.0,289.29999999999995,0.15
2015-08-25 06:15:00,4.0,100040.0,289.35,0.15
2015-08-25 06:30:00,5.0,100060.0,289.75,0.15
2015-08-25 06:45:00,5.0,100090.0,290.04999999999995,0.15
2015-08-25 07:00:00,5.4,100130.0,290.2,0.15
2015-08-25 07:15:00,5.1,100150.0,290.45,0.15
2015-08-25 07:30:00,5.6,100175.0,290.95,0.15
2015-08-25 07:45:00,5.4,100200.0,291.15,0.15
2015-08-25 08:00:00,5.550000000000001,100215.0,291.45,0.15
2015-08-25 08:15:00,5.6,100240.0,291.95,0.15
2015-08-25 08:30:00,5.550000000000001,100245.0,292.04999999999995,0.15
2015-08-25 08:45:00,5.7,100270.0,291.54999999999995,0.15
2015-08-25 09:00:00,6.7,100295.0,291.54999999999995,0.15
2015-08-25 09:15:00,6.9,100320.0,291.75,0.15
2015-08-25 09:30:00,6.050000000000001,100330.0,291.6,0.15
2015-08-25 09:45:00,7.0,100340.0,291.45,0.15
2015-08-25 10:00:00,6.4,100360.0,291.54999999999995,0.15
2015-08-25 10:15:00,5.8,100370.0,291.54999999999995,0.15
2015-08-25 10:30:00,5.15,100380.0,291.65,0.15
2015-08-25 10:45:00,6.1,100390.0,291.25,0.15
2015-08-25 11:00:00,5.0,100415.0,291.54999999999995,0.15
2015-08-25 11:15:00,5.4,100410.0,292.15,0.15
2015-08-25 11:30:00,7.1,100425.0,292.95,0.15
2015-08-25 11:45:00,6.3,100440.0,292.35,0.15
2015-08-25 12:00:00,5.5,100440.0,292.5,0.15
2015-08-25 12:15:00,5.4,100440.0,293.75,0.15
2015-08-25 12:30:00,5.35,100420.0,293.1,0.15
2015-08-25 12:45:00,5.9,100430.0,293.25,0.15
2015-08-25 13:00:00,4.75,100440.0,292.95,0.15
2015-08-25 13:15:00,5.6,100440.0,294.04999999999995,0.15
2015-08-25 13:30:00,6.4,100450.0,293.29999999999995,0.15
2015-08-25 13:45:00,6.2,100440.0,293.15,0.15
2015-08-25 14:00:00,5.05,100440.0,293.65,0.15
2015-08-25 14:15:00,5.3,100430.0,293.75,0.15
2015-08-25 14:30:00,6.35,100420.0,294.5,0.15
2015-08-25 14:45:00,6.7,100420.0,294.65,0.15
2015-08-25 15:00:00,5.25,100420.0,294.25,0.15
2015-08-25 15:15:00,4.7,100410.0,293.65,0.15
2015-08-25 15:30:00,6.199999999999999,100400.0,294.25,0.15
2015-08-25 15:45:00,5.8,100390.0,294.35,0.15
2015-08-25 16:00:00,5.6,100390.0,293.95,0.15
2015-08-25 16:15:00,5.1,100400.0,293.35,0.15
2015-08-25 16:30:00,4.9,100395.0,293.15,0.15
2015-08-25 16:45:00,4.9,100400.0,293.25,0.15
2015-08-25 17:00:00,5.15,100395.0,293.15,0.15
2015-08-25 17:15:00,5.1,100380.0,292.95,0.15
2015-08-25 17:30:00,4.449999999999999,100390.0,292.75,0.15
2015-08-25 17:45:00,4.3,100400.0,292.65,0.15
2015-08-25 18:00:00,3.55,100390.0,292.25,0.15
2015-08-25 18:15:00,3.4,100410.0,292.25,0.15
2015-08-25 18:30:00,2.5,100425.0,291.75,0.15
2015-08-25 18:45:00,2.4,100410.0,290.95,0.15
2015-08-25 19:00:00,2.35,100415.0,291.15,0.15
2015-08-25 19:15:00,2.4,100420.0,291.04999999999995,0.15
2015-08-25 19:30:00,2.75,100410.0,290.95,0.15
2015-08-25 19:45:00,2.9,100410.0,291.35,0.15
2015-08-25 20:00:00,2.9000000000000004,100420.0,290.85,0.15
2015-08-25 20:15:00,2.7,100420.0,290.75,0.15
2015-08-25 20:30:00,2.85,100430.0,290.65,0.15
2015-08-25 20:45:00,3.0,100430.0,290.85,0.15
2015-08-25 21:00:00,3.0,100430.0,290.85,0.15
2015-08-25 21:15:00,2.9,100420.0,291.25,0.15
2015-08-25 21:30:00,3.2,100405.0,291.15,0.15
2015-08-25 21:45:00,3.2,100400.0,291.04999999999995,0.15
2015-08-25 22:00:00,2.75,100390.0,291.0,0.15
2015-08-25 22:15:00,3.0,100390.0,291.35,0.15
2015-08-25 22:30:00,3.35,100390.0,291.4,0.15
2015-08-25 22:45:00,3.8,100380.0,291.35,0.15
2015-08-25 23:00:00,4.0,100390.0,291.65,0.15
2015-08-25 23:15:00,4.1,100380.0,292.04999999999995,0.15
2015-08-25 23:30:00,4.9,100380.0,292.04999999999995,0.15
2015-08-25 23:45:00,4.5,100380.0,291.85,0.15
2015-08-26 00:00:00,4.0,100360.0,290.04999999999995,0.15
2015-08-26 00:15:00,3.4,100370.0,290.15,0.15
2015-08-26 00:30:00,2.6,100385.0,290.45,0.15
2015-08-26 00:45:00,2.8,100390.0,290.25,0.15
2015-08-26 01:00:00,3.2,100390.0,290.4,0.15
2015-08-26 01:15:00,3.5,100400.0,290.54999999999995,0.15
2015-08-26 01:30:00,2.9,100400.0,290.5,0.15
2015-08-26 01:45:00,3.1,100390.0,290.35,0.15
2015-08-26 02:00:00,3.1,100385.0,290.9,0.15
2015-08-26 02:15:00,2.7,100380.0,290.75,0.15
2015-08-26 02:30:00,2.6500000000000004,100380.0,289.65,0.15
2015-08-26 02:45:00,2.8,100380.0,289.95,0.15
2015-08-26 03:00:00,3.6,100370.0,288.95,0.15
2015-08-26 03:15:00,3.8,100380.0,289.85,0.15
2015-08-26 03:30:00,3.6,100385.0,290.1,0.15
2015-08-26 03:45:00,3.5,100370.0,290.45,0.15
2015-08-26 04:00:00,3.2,100360.0,290.35,0.15
2015-08-26 04:15:00,3.1,100350.0,289.75,0.15
2015-08-26 04:30:00,3.35,100350.0,290.2,0.15
2015-08-26 04:45:00,3.3,100350.0,288.95,0.15
2015-08-26 05:00:00,3.5,100365.0,289.35,0.15
2015-08-26 05:15:00,2.9,100380.0,289.54999999999995,0.15
2015-08-26 05:30:00,2.6,100385.0,289.9,0.15
2015-08-26 05:45:00,2.5,100400.0,289.85,0.15
2015-08-26 06:00:00,3.75,100410.0,290.9,0.15
2015-08-26 06:15:00,4.3,100400.0,291.35,0.15
2015-08-26 06:30:00,3.85,100420.0,292.29999999999995,0.15
2015-08-26 06:45:00,3.5,100410.0,292.75,0.15
2015-08-26 07:00:00,3.95,100425.0,293.4,0.15
2015-08-26 07:15:00,4.6,100430.0,293.85,0.15
2015-08-26 07:30:00,4.65,100435.0,293.79999999999995,0.15
2015-08-26 07:45:00,4.3,100430.0,294.25,0.15
2015-08-26 08:00:00,4.550000000000001,100425.0,294.54999999999995,0.15
2015-08-26 08:15:00,4.9,100430.0,295.25,0.15
2015-08-26 08:30:00,5.2,100410.0,295.45,0.15
2015-08-26 08:45:00,5.1,100400.0,295.65,0.15
2015-08-26 09:00:00,5.15,100390.0,295.9,0.15
2015-08-26 09:15:00,4.6,100380.0,295.95,0.15
2015-08-26 09:30:00,5.1,100360.0,296.2,0.15
2015-08-26 09:45:00,5.5,100350.0,296.45,0.15
2015-08-26 10:00:00,5.25,100325.0,297.29999999999995,0.15
2015-08-26 10:15:00,5.0,100310.0,297.85,0.15
2015-08-26 10:30:00,5.75,100290.0,298.29999999999995,0.15
2015-08-26 10:45:00,5.8,100260.0,298.54999999999995,0.15
2015-08-26 11:00:00,5.55,100240.0,298.95,0.15
2015-08-26 11:15:00,6.8,100220.0,299.45,0.15
2015-08-26 11:30:00,6.15,100210.0,299.25,0.15
2015-08-26 11:45:00,6.1,100200.0,299.25,0.15
2015-08-26 12:00:00,6.6,100195.0,299.54999999999995,0.15
2015-08-26 12:15:00,6.2,100190.0,300.15,0.15
2015-08-26 12:30:00,6.45,100165.0,300.1,0.15
2015-08-26 12:45:00,6.3,100150.0,300.65,0.15
2015-08-26 13:00:00,6.15,100145.0,300.54999999999995,0.15
2015-08-26 13:15:00,5.8,100140.0,300.45,0.15
2015-08-26 13:30:00,5.45,100130.0,300.85,0.15
2015-08-26 13:45:00,4.9,100130.0,301.15,0.15
2015-08-26 14:00:00,6.0,100095.0,301.45,0.15
2015-08-26 14:15:00,5.7,100100.0,301.15,0.15
2015-08-26 14:30:00,5.6,100075.0,300.7,0.15
2015-08-26 14:45:00,5.0,100070.0,301.25,0.15
2015-08-26 15:00:00,4.95,100050.0,301.45,0.15
2015-08-26 15:15:00,4.9,100020.0,301.45,0.15
2015-08-26 15:30:00,5.4,100005.0,301.29999999999995,0.15
2015-08-26 15:45:00,5.7,99980.0,301.25,0.15
2015-08-26 16:00:00,5.35,99960.0,301.1,0.15
2015-08-26 16:15:00,5.1,99950.0,300.85,0.15
2015-08-26 16:30:00,4.7,99935.0,300.25,0.15
2015-08-26 16:45:00,4.6,99930.0,300.15,0.15
2015-08-26 17:00:00,4.1,99905.0,299.79999999999995,0.15
2015-08-26 17:15:00,3.6,99880.0,298.85,0.15
2015-08-26 17:30:00,3.2,99885.0,298.4,0.15
2015-08-26 17:45:00,2.6,99890.0,297.75,0.15
2015-08-26 18:00:00,2.95,99890.0,297.4,0.15
2015-08-26 18:15:00,3.0,99890.0,296.65,0.15
2015-08-26 18:30:00,4.0,99890.0,297.6,0.15
2015-08-26 18:45:00,5.1,99860.0,297.95,0.15
2015-08-26 19:00:00,4.65,99860.0,297.4,0.15
2015-08-26 19:15:00,4.3,99860.0,297.54999999999995,0.15
2015-08-26 19:30:00,4.300000000000001,99845.0,298.1,0.15
2015-08-26 19:45:00,4.8,99810.0,297.95,0.15
2015-08-26 20:00:00,4.199999999999999,99815.0,297.6,0.15
2015-08-26 20:15:00,4.5,99790.0,297.15,0.15
2015-08-26 20:30:00,4.25,99795.0,296.9,0.15
2015-08-26 20:45:00,3.9,99800.0,296.95,0.15
2015-08-26 21:00:00,3.75,99795.0,296.85,0.15
2015-08-26 21:15:00,3.9,99790.0,296.85,0.15
2015-08-26 21:30:00,3.55,99790.0,296.6,0.15
2015-08-26 21:45:00,3.2,99780.0,296.65,0.15
2015-08-26 22:00:00,3.6,99775.0,295.9,0.15
2015-08-26 22:15:00,4.3,99760.0,295.75,0.15
2015-08-26 22:30:00,4.35,99755.0,295.85,0.15
2015-08-26 22:45:00,4.2,99750.0,296.15,0.15
2015-08-26 23:00:00,4.55,99745.0,296.15,0.15
2015-08-26 23:15:00,3.9,99740.0,296.65,0.15
2015-08-26 23:30:00,3.1,99740.0,296.54999999999995,0.15
2015-08-26 23:45:00,3.6,99750.0,296.75,0.15
2015-08-27 00:00:00,3.0,99760.0,297.15,0.15
2015-08-27 00:15:00,3.1,99760.0,296.95,0.15
2015-08-27 00:30:00,3.25,99740.0,296.75,0.15
2015-08-27 00:45:00,3.4,99750.0,296.95,0.15
2015-08-27 01:00:00,3.05,99745.0,296.79999999999995,0.15
2015-08-27 01:15:00,3.1,99770.0,296.54999999999995,0.15
2015-08-27 01:30:00,2.95,99780.0,296.35,0.15
2015-08-27 01:45:00,2.8,99770.0,296.04999999999995,0.15
2015-08-27 02:00:00,1.7000000000000002,99765.0,295.65,0.15
2015-08-27 02:15:00,1.7,99770.0,295.45,0.15
2015-08-27 02:30:00,2.35,99770.0,295.9,0.15
2015-08-27 02:45:00,3.3,99770.0,296.15,0.15
2015-08-27 03:00:00,3.45,99795.0,295.7,0.15
2015-08-27 03:15:00,3.1,99830.0,295.75,0.15
2015-08-27 03:30:00,3.85,99835.0,296.15,0.15
2015-08-27 03:45:00,3.5,99820.0,295.95,0.15
2015-08-27 04:00:00,3.2,99840.0,295.7,0.15
2015-08-27 04:15:00,4.1,99830.0,295.65,0.15
2015-08-27 04:30:00,2.45,99840.0,295.15,0.15
2015-08-27 04:45:00,2.3,99840.0,295.04999999999995,0.15
2015-08-27 05:00:00,2.55,99875.0,295.1,0.15
2015-08-27 05:15:00,3.0,99910.0,294.85,0.15
2015-08-27 05:30:00,2.05,99925.0,294.75,0.15
2015-08-27 05:45:00,2.5,99930.0,294.35,0.15
2015-08-27 06:00:00,4.05,99935.0,294.45,0.15
2015-08-27 06:15:00,3.6,99950.0,294.15,0.15
2015-08-27 06:30:00,4.55,99965.0,294.15,0.15
2015-08-27 06:45:00,4.7,99980.0,293.95,0.15
2015-08-27 07:00:00,3.7,100010.0,293.5,0.15
2015-08-27 07:15:00,3.2,100030.0,292.85,0.15
2015-08-27 07:30:00,3.35,100020.0,292.29999999999995,0.15
2015-08-27 07:45:00,3.5,100020.0,291.85,0.15
2015-08-27 08:00:00,3.65,100045.0,291.6,0.15
2015-08-27 08:15:00,3.4,100050.0,291.65,0.15
2015-08-27 08:30:00,2.7,100060.0,291.25,0.15
2015-08-27 08:45:00,2.0,100040.0,291.25,0.15
2015-08-27 09:00:00,2.0,100025.0,291.29999999999995,0.15
2015-08-27 09:15:00,2.8,99990.0,291.25,0.15
2015-08-27 09:30:00,2.6500000000000004,99990.0,291.5,0.15
2015-08-27 09:45:00,2.1,100010.0,291.75,0.15
2015-08-27 10:00:00,2.55,100035.0,291.65,0.15
2015-08-27 10:15:00,2.1,100060.0,291.65,0.15
2015-08-27 10:30:00,2.2,100055.0,291.7,0.15
2015-08-27 10:45:00,2.1,100060.0,291.85,0.15
2015-08-27 11:00:00,3.0,100045.0,291.85,0.15
2015-08-27 11:15:00,3.7,100040.0,291.85,0.15
2015-08-27 11:30:00,4.6,100040.0,291.29999999999995,0.15
2015-08-27 11:45:00,2.9,100030.0,291.04999999999995,0.15
2015-08-27 12:00:00,3.35,100025.0,290.9,0.15
2015-08-27 12:15:00,3.0,100010.0,290.54999999999995,0.15
2015-08-27 12:30:00,2.9000000000000004,100010.0,290.29999999999995,0.15
2015-08-27 12:45:00,2.1,100010.0,290.15,0.15
2015-08-27 13:00:00,2.0,100000.0,290.0,0.15
2015-08-27 13:15:00,2.2,100000.0,289.95,0.15
2015-08-27 13:30:00,1.6,99990.0,289.79999999999995,0.15
2015-08-27 13:45:00,2.3,99980.0,289.54999999999995,0.15
2015-08-27 14:00:00,2.3,99975.0,289.1,0.15
2015-08-27 14:15:00,2.0,99980.0,289.04999999999995,0.15
2015-08-27 14:30:00,1.9,99980.0,289.04999999999995,0.15
2015-08-27 14:45:00,1.4,99970.0,289.04999999999995,0.15
2015-08-27 15:00:00,3.2,99970.0,288.9,0.15
2015-08-27 15:15:00,3.2,100000.0,288.25,0.15
2015-08-27 15:30:00,3.3,100010.0,288.0,0.15
2015-08-27 15:45:00,2.2,100030.0,288.04999999999995,0.15
2015-08-27 16:00:00,1.55,100035.0,287.85,0.15
2015-08-27 16:15:00,1.7,100040.0,287.75,0.15
2015-08-27 16:30:00,1.85,100025.0,287.65,0.15
2015-08-27 16:45:00,1.6,100000.0,287.65,0.15
2015-08-27 17:00:00,1.25,99995.0,287.79999999999995,0.15
2015-08-27 17:15:00,1.4,99990.0,287.75,0.15
2015-08-27 17:30:00,0.4499999999999999,100020.0,287.75,0.15
2015-08-27 17:45:00,0.6,100020.0,287.65,0.15
2015-08-27 18:00:00,1.25,100000.0,287.65,0.15
2015-08-27 18:15:00,1.2,100000.0,287.65,0.15
2015-08-27 18:30:00,0.95,100000.0,287.65,0.15
2015-08-27 18:45:00,0.7,100010.0,287.65,0.15
2015-08-27 19:00:00,1.75,100025.0,287.6,0.15
2015-08-27 19:15:00,2.1,100050.0,287.54999999999995,0.15
2015-08-27 19:30:00,1.6,100070.0,287.54999999999995,0.15
2015-08-27 19:45:00,2.0,100060.0,287.45,0.15
2015-08-27 20:00:00,1.95,100085.0,287.35,0.15
2015-08-27 20:15:00,2.3,100110.0,287.25,0.15
2015-08-27 20:30:00,2.15,100100.0,287.25,0.15
2015-08-27 20:45:00,2.0,100120.0,287.25,0.15
2015-08-27 21:00:00,2.1,100105.0,287.25,0.15
2015-08-27 21:15:00,2.3,100100.0,287.15,0.15
2015-08-27 21:30:00,1.75,100115.0,287.1,0.15
2015-08-27 21:45:00,1.2,100110.0,287.04999999999995,0.15
2015-08-27 22:00:00,1.45,100155.0,287.04999999999995,0.15
2015-08-27 22:15:00,0.9,100170.0,287.04999999999995,0.15
2015-08-27 22:30:00,0.7,100175.0,287.04999999999995,0.15
2015-08-27 22:45:00,0.5,100200.0,287.04999999999995,0.15
2015-08-27 23:00:00,0.25,100200.0,287.04999999999995,0.15
2015-08-27 23:15:00,0.5,100190.0,287.04999999999995,0.15
2015-08-27 23:30:00,0.6499999999999999,100215.0,287.1,0.15
2015-08-27 23:45:00,0.9,100220.0,287.04999999999995,0.15
2015-08-28 00:00:00,1.05,100235.0,287.1,0.15
2015-08-28 00:15:00,1.2,100230.0,286.95,0.15
2015-08-28 00:30:00,0.9,100240.0,287.04999999999995,0.15
2015-08-28 00:45:00,1.3,100240.0,287.04999999999995,0.15
2015-08-28 01:00:00,1.15,100250.0,287.1,0.15
2015-08-28 01:15:00,1.0,100280.0,287.04999999999995,0.15
2015-08-28 01:30:00,1.65,100275.0,287.1,0.15
2015-08-28 01:45:00,1.7,100270.0,287.15,0.15
2015-08-28 02:00:00,1.45,100265.0,287.15,0.15
2015-08-28 02:15:00,1.6,100280.0,287.15,0.15
2015-08-28 02:30:00,1.35,100300.0,287.2,0.15
2015-08-28 02:45:00,1.4,100320.0,287.15,0.15
2015-08-28 03:00:00,1.4,100335.0,287.15,0.15
2015-08-28 03:15:00,1.6,100350.0,287.15,0.15
2015-08-28 03:30:00,1.65,100350.0,287.25,0.15
2015-08-28 03:45:00,1.6,100380.0,287.15,0.15
2015-08-28 04:00:00,1.15,100375.0,287.29999999999995,0.15
2015-08-28 04:15:00,1.2,100390.0,287.35,0.15
2015-08-28 04:30:00,1.3,100390.0,287.25,0.15
2015-08-28 04:45:00,1.0,100400.0,287.25,0.15
2015-08-28 05:00:00,0.9,100420.0,287.04999999999995,0.15
2015-08-28 05:15:00,1.2,100420.0,287.15,0.15
2015-08-28 05:30:00,0.5,100440.0,287.4,0.15
2015-08-28 05:45:00,0.4,100460.0,287.65,0.15
2015-08-28 06:00:00,1.2000000000000002,100480.0,287.9,0.15
2015-08-28 06:15:00,1.2,100490.0,288.15,0.15
2015-08-28 06:30:00,0.9,100510.0,288.29999999999995,0.15
2015-08-28 06:45:00,0.7,100520.0,288.54999999999995,0.15
2015-08-28 07:00:00,0.8500000000000001,100525.0,289.29999999999995,0.15
2015-08-28 07:15:00,0.4,100530.0,289.85,0.15
2015-08-28 07:30:00,0.95,100535.0,289.6,0.15
2015-08-28 07:45:00,0.8,100550.0,289.65,0.15
2015-08-28 08:00:00,0.7,100570.0,289.75,0.15
2015-08-28 08:15:00,1.1,100580.0,290.15,0.15
2015-08-28 08:30:00,1.0,100590.0,290.29999999999995,0.15
2015-08-28 08:45:00,0.8,100600.0,290.85,0.15
2015-08-28 09:00:00,1.0,100625.0,291.15,0.15
2015-08-28 09:15:00,1.2,100630.0,291.54999999999995,0.15
2015-08-28 09:30:00,0.8,100635.0,291.4,0.15
2015-08-28 09:45:00,0.7,100650.0,291.25,0.15
2015-08-28 10:00:00,1.05,100655.0,291.9,0.15
2015-08-28 10:15:00,1.3,100670.0,291.85,0.15
2015-08-28 10:30:00,0.9,100685.0,292.25,0.15
2015-08-28 10:45:00,1.0,100690.0,292.25,0.15
2015-08-28 11:00:00,1.7000000000000002,100695.0,292.54999999999995,0.15
2015-08-28 11:15:00,1.7,100710.0,292.45,0.15
2015-08-28 11:30:00,1.95,100715.0,292.6,0.15
2015-08-28 11:45:00,1.9,100700.0,294.15,0.15
2015-08-28 12:00:00,1.9,100705.0,293.7,0.15
2015-08-28 12:15:00,1.6,100720.0,293.04999999999995,0.15
2015-08-28 12:30:00,2.6,100725.0,294.1,0.15
2015-08-28 12:45:00,2.2,100730.0,294.85,0.15
2015-08-28 13:00:00,1.55,100740.0,294.2,0.15
2015-08-28 13:15:00,1.7,100750.0,293.65,0.15
2015-08-28 13:30:00,2.0,100755.0,294.15,0.15
2015-08-28 13:45:00,1.9,100760.0,294.65,0.15
2015-08-28 14:00:00,1.85,100760.0,294.04999999999995,0.15
2015-08-28 14:15:00,2.4,100760.0,294.04999999999995,0.15
2015-08-28 14:30:00,1.2,100770.0,293.85,0.15
2015-08-28 14:45:00,1.4,100770.0,294.15,0.15
2015-08-28 15:00:00,1.75,100780.0,294.1,0.15
2015-08-28 15:15:00,1.5,100770.0,294.25,0.15
2015-08-28 15:30:00,2.2,100780.0,294.25,0.15
2015-08-28 15:45:00,1.8,100780.0,293.95,0.15
2015-08-28 16:00:00,1.3,100795.0,294.15,0.15
2015-08-28 16:15:00,0.9,100790.0,294.25,0.15
2015-08-28 16:30:00,1.25,100795.0,294.2,0.15
2015-08-28 16:45:00,1.6,100800.0,294.65,0.15
2015-08-28 17:00:00,2.4000000000000004,100815.0,295.0,0.15
2015-08-28 17:15:00,2.6,100830.0,294.35,0.15
2015-08-28 17:30:00,2.2,100835.0,294.04999999999995,0.15
2015-08-28 17:45:00,1.7,100850.0,293.45,0.15
2015-08-28 18:00:00,1.4,100855.0,292.5,0.15
2015-08-28 18:15:00,1.0,100870.0,291.15,0.15
2015-08-28 18:30:00,0.95,100890.0,290.35,0.15
2015-08-28 18:45:00,1.1,100900.0,289.85,0.15
2015-08-28 19:00:00,1.15,100915.0,289.4,0.15
2015-08-28 19:15:00,1.4,100930.0,289.25,0.15
2015-08-28 19:30:00,1.75,100945.0,289.1,0.15
2015-08-28 19:45:00,1.6,100960.0,288.54999999999995,0.15
2015-08-28 20:00:00,1.75,100975.0,288.35,0.15
2015-08-28 20:15:00,2.2,100980.0,287.85,0.15
2015-08-28 20:30:00,2.1,100990.0,287.2,0.15
2015-08-28 20:45:00,1.4,101000.0,287.35,0.15
2015-08-28 21:00:00,1.9,101015.0,286.9,0.15
2015-08-28 21:15:00,1.4,101030.0,286.75,0.15
2015-08-28 21:30:00,1.7000000000000002,101025.0,286.4,0.15
2015-08-28 21:45:00,1.6,101030.0,286.25,0.15
2015-08-28 22:00:00,1.7,101035.0,286.1,0.15
2015-08-28 22:15:00,1.9,101040.0,286.45,0.15
2015-08-28 22:30:00,1.7,101045.0,286.04999999999995,0.15
2015-08-28 22:45:00,1.5,101060.0,285.85,0.15
2015-08-28 23:00:00,1.5,101055.0,286.2,0.15
2015-08-28 23:15:00,1.0,101060.0,286.15,0.15
2015-08-28 23:30:00,1.15,101070.0,286.0,0.15
2015-08-28 23:45:00,1.3,101070.0,285.25,0.15
2015-08-29 00:00:00,1.75,101070.0,285.65,0.15
2015-08-29 00:15:00,1.3,101080.0,285.45,0.15
2015-08-29 00:30:00,1.35,101075.0,285.0,0.15
2015-08-29 00:45:00,0.9,101070.0,284.95,0.15
2015-08-29 01:00:00,1.45,101070.0,284.95,0.15
2015-08-29 01:15:00,1.6,101080.0,285.04999999999995,0.15
2015-08-29 01:30:00,1.95,101070.0,284.65,0.15
2015-08-29 01:45:00,1.0,101090.0,284.65,0.15
2015-08-29 02:00:00,1.35,101080.0,284.7,0.15
2015-08-29 02:15:00,1.0,101070.0,284.95,0.15
2015-08-29 02:30:00,1.5,101065.0,284.75,0.15
2015-08-29 02:45:00,1.2,101080.0,284.65,0.15
2015-08-29 03:00:00,1.4,101085.0,284.9,0.15
2015-08-29 03:15:00,1.8,101090.0,284.95,0.15
2015-08-29 03:30:00,1.35,101110.0,284.29999999999995,0.15
2015-08-29 03:45:00,1.5,101110.0,284.65,0.15
2015-08-29 04:00:00,2.0,101100.0,283.79999999999995,0.15
2015-08-29 04:15:00,2.0,101100.0,283.65,0.15
2015-08-29 04:30:00,1.8,101095.0,284.04999999999995,0.15
2015-08-29 04:45:00,1.6,101100.0,284.04999999999995,0.15
2015-08-29 05:00:00,2.05,101115.0,283.75,0.15
2015-08-29 05:15:00,2.0,101120.0,283.54999999999995,0.15
2015-08-29 05:30:00,1.7,101125.0,284.0,0.15
2015-08-29 05:45:00,1.7,101120.0,285.65,0.15
2015-08-29 06:00:00,1.85,101120.0,286.79999999999995,0.15
2015-08-29 06:15:00,1.7,101130.0,288.04999999999995,0.15
2015-08-29 06:30:00,1.1,101130.0,288.6,0.15
2015-08-29 06:45:00,1.2,101100.0,289.45,0.15
2015-08-29 07:00:00,2.25,101105.0,290.15,0.15
2015-08-29 07:15:00,2.7,101120.0,290.75,0.15
2015-08-29 07:30:00,2.1500000000000004,101120.0,291.04999999999995,0.15
2015-08-29 07:45:00,1.8,101120.0,291.75,0.15
2015-08-29 08:00:00,1.15,101115.0,292.65,0.15
2015-08-29 08:15:00,1.6,101100.0,293.25,0.15
2015-08-29 08:30:00,2.25,101115.0,293.65,0.15
2015-08-29 08:45:00,2.1,101120.0,294.35,0.15
2015-08-29 09:00:00,1.75,101120.0,294.79999999999995,0.15
2015-08-29 09:15:00,2.3,101100.0,295.45,0.15
2015-08-29 09:30:00,2.95,101095.0,295.29999999999995,0.15
2015-08-29 09:45:00,3.2,101080.0,295.54999999999995,0.15
2015-08-29 10:00:00,3.05,101070.0,295.7,0.15
2015-08-29 10:15:00,2.1,101070.0,296.45,0.15
2015-08-29 10:30:00,2.35,101065.0,296.5,0.15
2015-08-29 10:45:00,1.8,101070.0,296.95,0.15
2015-08-29 11:00:00,1.1,101050.0,297.15,0.15
2015-08-29 11:15:00,1.4,101050.0,297.04999999999995,0.15
2015-08-29 11:30:00,1.5499999999999998,101025.0,297.79999999999995,0.15
2015-08-29 11:45:00,1.6,101000.0,297.85,0.15
2015-08-29 12:00:00,1.2999999999999998,100995.0,298.29999999999995,0.15
2015-08-29 12:15:00,1.0,100990.0,297.95,0.15
2015-08-29 12:30:00,1.75,100975.0,298.4,0.15
2015-08-29 12:45:00,1.5,100950.0,298.75,0.15
2015-08-29 13:00:00,1.35,100945.0,298.45,0.15
2015-08-29 13:15:00,1.1,100920.0,299.35,0.15
2015-08-29 13:30:00,1.6,100915.0,299.75,0.15
2015-08-29 13:45:00,1.9,100910.0,300.04999999999995,0.15
2015-08-29 14:00:00,0.9,100900.0,299.35,0.15
2015-08-29 14:15:00,1.2,100890.0,299.35,0.15
2015-08-29 14:30:00,1.7000000000000002,100865.0,299.79999999999995,0.15
2015-08-29 14:45:00,1.2,100850.0,299.75,0.15
2015-08-29 15:00:00,2.05,100835.0,299.9,0.15
2015-08-29 15:15:00,1.4,100830.0,299.65,0.15
2015-08-29 15:30:00,2.4000000000000004,100805.0,300.2,0.15
2015-08-29 15:45:00,2.0,100790.0,300.25,0.15
2015-08-29 16:00:00,2.05,100775.0,300.5,0.15
2015-08-29 16:15:00,1.4,100770.0,300.25,0.15
2015-08-29 16:30:00,1.5499999999999998,100755.0,300.35,0.15
2015-08-29 16:45:00,2.1,100750.0,300.25,0.15
2015-08-29 17:00:00,2.1,100745.0,300.04999999999995,0.15
2015-08-29 17:15:00,1.8,100730.0,300.04999999999995,0.15
2015-08-29 17:30:00,2.1500000000000004,100735.0,299.65,0.15
2015-08-29 17:45:00,1.8,100730.0,299.45,0.15
2015-08-29 18:00:00,1.85,100730.0,298.65,0.15
2015-08-29 18:15:00,1.7,100720.0,297.75,0.15
2015-08-29 18:30:00,1.7000000000000002,100735.0,297.04999999999995,0.15
2015-08-29 18:45:00,1.6,100750.0,296.65,0.15
2015-08-29 19:00:00,1.15,100765.0,296.0,0.15
2015-08-29 19:15:00,0.7,100760.0,295.75,0.15
2015-08-29 19:30:00,0.7,100755.0,295.35,0.15
2015-08-29 19:45:00,1.4,100760.0,295.04999999999995,0.15
2015-08-29 20:00:00,1.4500000000000002,100750.0,294.7,0.15
2015-08-29 20:15:00,1.5,100740.0,293.04999999999995,0.15
2015-08-29 20:30:00,1.4,100740.0,293.9,0.15
2015-08-29 20:45:00,0.2,100740.0,293.85,0.15
2015-08-29 21:00:00,0.15,100745.0,293.65,0.15
2015-08-29 21:15:00,0.5,100750.0,293.85,0.15
2015-08-29 21:30:00,0.95,100750.0,293.65,0.15
2015-08-29 21:45:00,1.9,100740.0,293.25,0.15
2015-08-29 22:00:00,1.75,100740.0,293.1,0.15
2015-08-29 22:15:00,1.8,100730.0,293.45,0.15
2015-08-29 22:30:00,1.5499999999999998,100735.0,292.4,0.15
2015-08-29 22:45:00,1.7,100740.0,292.85,0.15
2015-08-29 23:00:00,3.1,100725.0,294.2,0.15
2015-08-29 23:15:00,3.2,100710.0,294.65,0.15
2015-08-29 23:30:00,3.3,100710.0,294.5,0.15
2015-08-29 23:45:00,3.0,100690.0,294.65,0.15
2015-08-30 00:00:00,2.65,100680.0,294.79999999999995,0.15
2015-08-30 00:15:00,2.3,100670.0,294.75,0.15
2015-08-30 00:30:00,2.5,100655.0,294.54999999999995,0.15
2015-08-30 00:45:00,2.1,100640.0,294.45,0.15
2015-08-30 01:00:00,1.8,100625.0,294.29999999999995,0.15
2015-08-30 01:15:00,1.8,100610.0,293.85,0.15
2015-08-30 01:30:00,2.85,100595.0,293.7,0.15
2015-08-30 01:45:00,2.7,100580.0,294.15,0.15
2015-08-30 02:00:00,2.65,100565.0,294.04999999999995,0.15
2015-08-30 02:15:00,2.6,100560.0,293.85,0.15
2015-08-30 02:30:00,2.2,100555.0,293.75,0.15
2015-08-30 02:45:00,2.8,100540.0,293.95,0.15
2015-08-30 03:00:00,3.1,100525.0,294.2,0.15
2015-08-30 03:15:00,2.6,100520.0,294.35,0.15
2015-08-30 03:30:00,2.65,100525.0,294.25,0.15
2015-08-30 03:45:00,2.6,100520.0,294.15,0.15
2015-08-30 04:00:00,2.2,100520.0,294.35,0.15
2015-08-30 04:15:00,2.1,100510.0,294.35,0.15
2015-08-30 04:30:00,1.75,100510.0,294.45,0.15
2015-08-30 04:45:00,1.9,100520.0,294.65,0.15
2015-08-30 05:00:00,1.65,100535.0,294.79999999999995,0.15
2015-08-30 05:15:00,0.9,100550.0,294.95,0.15
2015-08-30 05:30:00,1.95,100550.0,295.0,0.15
2015-08-30 05:45:00,1.2,100560.0,295.35,0.15
2015-08-30 06:00:00,0.95,100570.0,295.79999999999995,0.15
2015-08-30 06:15:00,1.2,100570.0,296.65,0.15
2015-08-30 06:30:00,1.7,100570.0,296.79999999999995,0.15
2015-08-30 06:45:00,2.3,100570.0,297.35,0.15
2015-08-30 07:00:00,3.3,100570.0,297.75,0.15
2015-08-30 07:15:00,3.6,100580.0,298.15,0.15
2015-08-30 07:30:00,3.85,100560.0,298.5,0.15
2015-08-30 07:45:00,3.8,100550.0,299.15,0.15
2015-08-30 08:00:00,3.55,100550.0,299.54999999999995,0.15
2015-08-30 08:15:00,3.9,100540.0,300.15,0.15
2015-08-30 08:30:00,3.45,100535.0,300.54999999999995,0.15
2015-08-30 08:45:00,2.8,100540.0,300.95,0.15
2015-08-30 09:00:00,2.9,100525.0,301.29999999999995,0.15
2015-08-30 09:15:00,2.8,100520.0,301.85,0.15
2015-08-30 09:30:00,2.85,100515.0,302.04999999999995,0.15
2015-08-30 09:45:00,3.1,100510.0,302.15,0.15
2015-08-30 10:00:00,3.65,100505.0,302.85,0.15
2015-08-30 10:15:00,3.3,100490.0,303.25,0.15
2015-08-30 10:30:00,3.3,100490.0,304.0,0.15
2015-08-30 10:45:00,3.5,100490.0,304.15,0.15
2015-08-30 11:00:00,3.4,100485.0,304.54999999999995,0.15
2015-08-30 11:15:00,3.7,100460.0,304.85,0.15
2015-08-30 11:30:00,3.45,100450.0,305.0,0.15
2015-08-30 11:45:00,3.7,100440.0,305.15,0.15
2015-08-30 12:00:00,3.35,100430.0,305.54999999999995,0.15
2015-08-30 12:15:00,3.8,100420.0,305.95,0.15
2015-08-30 12:30:00,3.0,100405.0,305.85,0.15
2015-08-30 12:45:00,4.1,100400.0,306.25,0.15
2015-08-30 13:00:00,3.8,100385.0,306.7,0.15
2015-08-30 13:15:00,3.0,100370.0,307.15,0.15
2015-08-30 13:30:00,3.7,100360.0,307.35,0.15
2015-08-30 13:45:00,3.6,100350.0,307.25,0.15
2015-08-30 14:00:00,4.15,100335.0,307.85,0.15
2015-08-30 14:15:00,3.9,100330.0,308.15,0.15
2015-08-30 14:30:00,3.95,100330.0,308.04999999999995,0.15
2015-08-30 14:45:00,3.4,100330.0,307.65,0.15
2015-08-30 15:00:00,3.25,100335.0,307.2,0.15
2015-08-30 15:15:00,2.9,100340.0,307.35,0.15
2015-08-30 15:30:00,3.25,100340.0,306.79999999999995,0.15
2015-08-30 15:45:00,2.7,100340.0,305.95,0.15
2015-08-30 16:00:00,2.9,100345.0,305.5,0.15
2015-08-30 16:15:00,3.2,100350.0,304.15,0.15
2015-08-30 16:30:00,2.7,100350.0,304.04999999999995,0.15
2015-08-30 16:45:00,2.3,100350.0,303.85,0.15
2015-08-30 17:00:00,2.35,100350.0,303.54999999999995,0.15
2015-08-30 17:15:00,2.3,100350.0,303.25,0.15
2015-08-30 17:30:00,2.6,100355.0,302.2,0.15
2015-08-30 17:45:00,2.1,100360.0,301.35,0.15
2015-08-30 18:00:00,1.5,100370.0,299.85,0.15
2015-08-30 18:15:00,1.8,100370.0,300.04999999999995,0.15
2015-08-30 18:30:00,2.05,100380.0,299.75,0.15
2015-08-30 18:45:00,1.4,100390.0,298.54999999999995,0.15
2015-08-30 19:00:00,1.7000000000000002,100400.0,299.35,0.15
2015-08-30 19:15:00,1.6,100400.0,298.54999999999995,0.15
2015-08-30 19:30:00,1.7,100410.0,298.35,0.15
2015-08-30 19:45:00,1.9,100400.0,297.95,0.15
2015-08-30 20:00:00,1.95,100385.0,296.95,0.15
2015-08-30 20:15:00,2.1,100360.0,297.25,0.15
2015-08-30 20:30:00,2.1,100335.0,297.29999999999995,0.15
2015-08-30 20:45:00,1.6,100320.0,296.85,0.15
2015-08-30 21:00:00,1.3,100320.0,297.15,0.15
2015-08-30 21:15:00,1.8,100310.0,298.04999999999995,0.15
2015-08-30 21:30:00,1.6,100310.0,297.0,0.15
2015-08-30 21:45:00,2.1,100310.0,296.35,0.15
2015-08-30 22:00:00,1.85,100325.0,295.85,0.15
2015-08-30 22:15:00,1.8,100330.0,296.15,0.15
2015-08-30 22:30:00,1.45,100325.0,295.75,0.15
2015-08-30 22:45:00,1.9,100330.0,295.75,0.15
2015-08-30 23:00:00,1.2,100330.0,295.85,0.15
2015-08-30 23:15:00,1.3,100320.0,295.85,0.15
2015-08-30 23:30:00,1.15,100300.0,295.35,0.15
2015-08-30 23:45:00,1.2,100270.0,295.15,0.15
2015-08-31 00:00:00,1.65,100255.0,295.4,0.15
2015-08-31 00:15:00,1.6,100240.0,295.15,0.15
2015-08-31 00:30:00,1.7999999999999998,100230.0,295.6,0.15
2015-08-31 00:45:00,1.3,100220.0,295.25,0.15
2015-08-31 01:00:00,1.75,100255.0,295.29999999999995,0.15
2015-08-31 01:15:00,1.2,100260.0,295.04999999999995,0.15
2015-08-31 01:30:00,1.05,100255.0,294.85,0.15
2015-08-31 01:45:00,1.5,100250.0,294.25,0.15
2015-08-31 02:00:00,2.05,100235.0,293.85,0.15
2015-08-31 02:15:00,2.9,100220.0,293.25,0.15
2015-08-31 02:30:00,2.2,100210.0,293.75,0.15
2015-08-31 02:45:00,2.6,100190.0,292.35,0.15
2015-08-31 03:00:00,3.35,100180.0,292.1,0.15
2015-08-31 03:15:00,4.0,100150.0,293.54999999999995,0.15
2015-08-31 03:30:00,3.55,100135.0,293.35,0.15
2015-08-31 03:45:00,3.4,100120.0,294.75,0.15
2015-08-31 04:00:00,2.9,100110.0,293.79999999999995,0.15
2015-08-31 04:15:00,2.3,100110.0,293.25,0.15
2015-08-31 04:30:00,2.35,100110.0,292.6,0.15
2015-08-31 04:45:00,2.6,100090.0,293.95,0.15
2015-08-31 05:00:00,2.1,100080.0,294.1,0.15
2015-08-31 05:15:00,2.4,100070.0,294.15,0.15
2015-08-31 05:30:00,2.2,100065.0,294.75,0.15
2015-08-31 05:45:00,0.9,100060.0,295.15,0.15
2015-08-31 06:00:00,1.85,100050.0,295.7,0.15
2015-08-31 06:15:00,2.1,100040.0,296.25,0.15
2015-08-31 06:30:00,2.35,100030.0,296.5,0.15
2015-08-31 06:45:00,2.5,100010.0,296.85,0.15
2015-08-31 07:00:00,1.6,100020.0,297.65,0.15
2015-08-31 07:15:00,1.6,100020.0,298.45,0.15
2015-08-31 07:30:00,2.15,100010.0,298.7,0.15
2015-08-31 07:45:00,1.4,100020.0,299.15,0.15
2015-08-31 08:00:00,2.8,100030.0,299.7,0.15
2015-08-31 08:15:00,4.1,100020.0,300.15,0.15
2015-08-31 08:30:00,4.05,100010.0,300.65,0.15
2015-08-31 08:45:00,4.2,100010.0,300.95,0.15
2015-08-31 09:00:00,4.65,99980.0,301.35,0.15
2015-08-31 09:15:00,3.6,99970.0,301.65,0.15
2015-08-31 09:30:00,4.55,99955.0,302.0,0.15
2015-08-31 09:45:00,4.7,99940.0,302.45,0.15
2015-08-31 10:00:00,5.25,99915.0,303.1,0.15
2015-08-31 10:15:00,4.7,99900.0,303.54999999999995,0.15
2015-08-31 10:30:00,5.7,99890.0,304.2,0.15
2015-08-31 10:45:00,5.6,99890.0,304.35,0.15
2015-08-31 11:00:00,6.6,99885.0,304.5,0.15
2015-08-31 11:15:00,6.2,99890.0,304.65,0.15
2015-08-31 11:30:00,7.2,99865.0,304.95,0.15
2015-08-31 11:45:00,7.8,99850.0,305.04999999999995,0.15
2015-08-31 12:00:00,5.800000000000001,99830.0,305.29999999999995,0.15
2015-08-31 12:15:00,5.0,99830.0,305.75,0.15
2015-08-31 12:30:00,5.85,99815.0,305.7,0.15
2015-08-31 12:45:00,4.6,99800.0,305.75,0.15
2015-08-31 13:00:00,5.75,99775.0,305.65,0.15
2015-08-31 13:15:00,5.9,99770.0,305.65,0.15
2015-08-31 13:30:00,5.5,99755.0,305.9,0.15
2015-08-31 13:45:00,6.0,99740.0,306.15,0.15
2015-08-31 14:00:00,5.3,99740.0,305.85,0.15
2015-08-31 14:15:00,5.0,99750.0,306.04999999999995,0.15
2015-08-31 14:30:00,6.1,99755.0,305.79999999999995,0.15
2015-08-31 14:45:00,6.8,99750.0,305.65,0.15
2015-08-31 15:00:00,6.300000000000001,99745.0,305.6,0.15
2015-08-31 15:15:00,5.9,99730.0,305.35,0.15
2015-08-31 15:30:00,6.15,99730.0,305.35,0.15
2015-08-31 15:45:00,5.4,99720.0,305.15,0.15
2015-08-31 16:00:00,4.8,99720.0,305.04999999999995,0.15
2015-08-31 16:15:00,4.5,99710.0,304.54999999999995,0.15
2015-08-31 16:30:00,4.3,99705.0,304.2,0.15
2015-08-31 16:45:00,4.1,99710.0,303.75,0.15
2015-08-31 17:00:00,4.05,99705.0,303.35,0.15
2015-08-31 17:15:00,3.5,99700.0,302.04999999999995,0.15
2015-08-31 17:30:00,3.65,99700.0,301.75,0.15
2015-08-31 17:45:00,3.1,99690.0,301.65,0.15
2015-08-31 18:00:00,2.35,99690.0,301.54999999999995,0.15
2015-08-31 18:15:00,4.0,99720.0,301.04999999999995,0.15
2015-08-31 18:30:00,7.6,99765.0,299.65,0.15
2015-08-31 18:45:00,7.0,99820.0,298.54999999999995,0.15
2015-08-31 19:00:00,5.9,99860.0,297.95,0.15
2015-08-31 19:15:00,4.5,99870.0,297.45,0.15
2015-08-31 19:30:00,3.55,99880.0,297.1,0.15
2015-08-31 19:45:00,2.9,99880.0,296.75,0.15
2015-08-31 20:00:00,2.85,99880.0,296.45,0.15
2015-08-31 20:15:00,3.1,99890.0,295.95,0.15
2015-08-31 20:30:00,3.2,99875.0,296.25,0.15
2015-08-31 20:45:00,2.8,99870.0,296.15,0.15
2015-08-31 21:00:00,2.0,99875.0,295.7,0.15
2015-08-31 21:15:00,1.7,99870.0,295.04999999999995,0.15
2015-08-31 21:30:00,2.3,99860.0,295.35,0.15
2015-08-31 21:45:00,2.7,99870.0,295.54999999999995,0.15
2015-08-31 22:00:00,3.0,99880.0,295.85,0.15
2015-08-31 22:15:00,2.9,99880.0,295.95,0.15
2015-08-31 22:30:00,2.05,99900.0,295.85,0.15
2015-08-31 22:45:00,1.9,99900.0,295.65,0.15
2015-08-31 23:00:00,2.4000000000000004,99890.0,295.65,0.15
2015-08-31 23:15:00,3.0,99900.0,295.65,0.15
2015-08-31 23:30:00,2.45,99905.0,295.54999999999995,0.15
2015-08-31 23:45:00,3.2,99890.0,295.45,0.15
2015-09-01 00:00:00,2.85,99880.0,295.0,0.15
2015-09-01 00:15:00,2.2,99890.0,294.45,0.15
2015-09-01 00:30:00,2.25,99875.0,294.54999999999995,0.15
2015-09-01 00:45:00,1.8,99870.0,294.65,0.15
2015-09-01 01:00:00,1.9,99845.0,294.95,0.15
2015-09-01 01:15:00,2.4,99840.0,295.04999999999995,0.15
2015-09-01 01:30:00,3.75,99850.0,295.0,0.15
2015-09-01 01:45:00,6.0,99840.0,293.95,0.15
2015-09-01 02:00:00,5.35,99850.0,293.79999999999995,0.15
2015-09-01 02:15:00,4.8,99870.0,293.54999999999995,0.15
2015-09-01 02:30:00,4.8,99865.0,293.4,0.15
2015-09-01 02:45:00,4.2,99870.0,293.35,0.15
2015-09-01 03:00:00,4.0,99875.0,292.9,0.15
2015-09-01 03:15:00,2.9,99880.0,292.95,0.15
2015-09-01 03:30:00,3.55,99875.0,292.7,0.15
2015-09-01 03:45:00,4.4,99870.0,292.35,0.15
2015-09-01 04:00:00,3.7,99860.0,292.2,0.15
2015-09-01 04:15:00,3.9,99870.0,292.04999999999995,0.15
2015-09-01 04:30:00,2.6500000000000004,99865.0,292.15,0.15
2015-09-01 04:45:00,3.2,99880.0,292.25,0.15
2015-09-01 05:00:00,3.3,99900.0,291.9,0.15
2015-09-01 05:15:00,2.9,99950.0,291.04999999999995,0.15
2015-09-01 05:30:00,3.25,99925.0,290.45,0.15
2015-09-01 05:45:00,2.9,99890.0,290.15,0.15
2015-09-01 06:00:00,3.05,99815.0,290.25,0.15
2015-09-01 06:15:00,2.2,99790.0,290.45,0.15
2015-09-01 06:30:00,1.9,99820.0,290.54999999999995,0.15
2015-09-01 06:45:00,1.8,99800.0,290.65,0.15
2015-09-01 07:00:00,1.8,99795.0,290.65,0.15
2015-09-01 07:15:00,2.2,99790.0,290.75,0.15
2015-09-01 07:30:00,2.85,99825.0,290.7,0.15
2015-09-01 07:45:00,3.0,99840.0,290.65,0.15
2015-09-01 08:00:00,3.65,99860.0,290.79999999999995,0.15
2015-09-01 08:15:00,4.9,99860.0,290.45,0.15
2015-09-01 08:30:00,4.85,99870.0,290.2,0.15
2015-09-01 08:45:00,5.4,99890.0,290.15,0.15
2015-09-01 09:00:00,5.55,99880.0,290.04999999999995,0.15
2015-09-01 09:15:00,5.2,99880.0,290.04999999999995,0.15
2015-09-01 09:30:00,4.05,99925.0,290.2,0.15
2015-09-01 09:45:00,3.3,99950.0,290.65,0.15
2015-09-01 10:00:00,3.7,99975.0,290.25,0.15
2015-09-01 10:15:00,4.2,99990.0,290.25,0.15
2015-09-01 10:30:00,4.2,100005.0,290.25,0.15
2015-09-01 10:45:00,5.4,100020.0,290.15,0.15
2015-09-01 11:00:00,4.25,100015.0,290.1,0.15
2015-09-01 11:15:00,4.5,100040.0,290.04999999999995,0.15
2015-09-01 11:30:00,4.85,100035.0,289.9,0.15
2015-09-01 11:45:00,3.8,100040.0,289.95,0.15
2015-09-01 12:00:00,3.8,100075.0,290.25,0.15
2015-09-01 12:15:00,4.1,100090.0,290.35,0.15
2015-09-01 12:30:00,4.7,100115.0,290.29999999999995,0.15
2015-09-01 12:45:00,4.7,100160.0,290.35,0.15
2015-09-01 13:00:00,4.300000000000001,100165.0,290.65,0.15
2015-09-01 13:15:00,4.9,100170.0,290.95,0.15
2015-09-01 13:30:00,4.5,100190.0,290.7,0.15
2015-09-01 13:45:00,4.9,100220.0,290.75,0.15
2015-09-01 14:00:00,4.85,100220.0,291.1,0.15
2015-09-01 14:15:00,4.9,100240.0,291.04999999999995,0.15
2015-09-01 14:30:00,4.8,100255.0,291.0,0.15
2015-09-01 14:45:00,4.4,100240.0,290.85,0.15
2015-09-01 15:00:00,4.550000000000001,100255.0,291.25,0.15
2015-09-01 15:15:00,5.0,100270.0,291.04999999999995,0.15
2015-09-01 15:30:00,4.55,100290.0,291.2,0.15
2015-09-01 15:45:00,4.2,100300.0,291.35,0.15
2015-09-01 16:00:00,3.9,100310.0,291.04999999999995,0.15
2015-09-01 16:15:00,2.8,100330.0,291.25,0.15
2015-09-01 16:30:00,2.25,100345.0,291.04999999999995,0.15
2015-09-01 16:45:00,3.1,100360.0,291.04999999999995,0.15
2015-09-01 17:00:00,3.35,100375.0,291.54999999999995,0.15
2015-09-01 17:15:00,3.2,100380.0,291.45,0.15
2015-09-01 17:30:00,2.3,100400.0,290.65,0.15
2015-09-01 17:45:00,2.2,100420.0,290.25,0.15
2015-09-01 18:00:00,2.35,100440.0,290.15,0.15
2015-09-01 18:15:00,2.6,100460.0,290.15,0.15
2015-09-01 18:30:00,2.55,100475.0,289.95,0.15
2015-09-01 18:45:00,2.5,100500.0,289.75,0.15
2015-09-01 19:00:00,2.45,100515.0,288.79999999999995,0.15
2015-09-01 19:15:00,1.4,100530.0,288.75,0.15
2015-09-01 19:30:00,1.35,100530.0,288.54999999999995,0.15
2015-09-01 19:45:00,1.1,100530.0,288.15,0.15
2015-09-01 20:00:00,0.4,100535.0,287.95,0.15
2015-09-01 20:15:00,0.6,100540.0,287.85,0.15
2015-09-01 20:30:00,0.8500000000000001,100555.0,287.95,0.15
2015-09-01 20:45:00,2.7,100560.0,288.75,0.15
2015-09-01 21:00:00,3.0,100575.0,289.0,0.15
2015-09-01 21:15:00,3.0,100580.0,289.15,0.15
2015-09-01 21:30:00,3.1500000000000004,100585.0,288.6,0.15
2015-09-01 21:45:00,2.7,100590.0,287.85,0.15
2015-09-01 22:00:00,1.75,100600.0,287.9,0.15
2015-09-01 22:15:00,2.2,100620.0,287.65,0.15
2015-09-01 22:30:00,1.95,100630.0,287.15,0.15
2015-09-01 22:45:00,1.6,100630.0,286.75,0.15
2015-09-01 23:00:00,1.7,100640.0,286.25,0.15
2015-09-01 23:15:00,1.3,100650.0,285.75,0.15
2015-09-01 23:30:00,1.15,100640.0,285.7,0.15
2015-09-01 23:45:00,1.0,100650.0,285.65,0.15
2015-09-02 00:00:00,1.25,100650.0,285.9,0.15
2015-09-02 00:15:00,1.5,100650.0,285.85,0.15
2015-09-02 00:30:00,1.35,100660.0,285.7,0.15
2015-09-02 00:45:00,1.1,100670.0,286.04999999999995,0.15
2015-09-02 01:00:00,0.8500000000000001,100660.0,285.79999999999995,0.15
2015-09-02 01:15:00,0.8,100660.0,285.95,0.15
2015-09-02 01:30:00,0.8500000000000001,100655.0,285.95,0.15
2015-09-02 01:45:00,1.3,100650.0,285.95,0.15
2015-09-02 02:00:00,0.9,100650.0,285.6,0.15
2015-09-02 02:15:00,0.9,100640.0,285.35,0.15
2015-09-02 02:30:00,0.8,100630.0,285.2,0.15
2015-09-02 02:45:00,0.8,100630.0,285.15,0.15
2015-09-02 03:00:00,1.0,100630.0,284.65,0.15
2015-09-02 03:15:00,1.0,100640.0,283.95,0.15
2015-09-02 03:30:00,1.5,100635.0,284.65,0.15
2015-09-02 03:45:00,1.4,100630.0,284.65,0.15
2015-09-02 04:00:00,1.35,100630.0,283.65,0.15
2015-09-02 04:15:00,1.6,100620.0,284.75,0.15
2015-09-02 04:30:00,1.15,100615.0,284.95,0.15
2015-09-02 04:45:00,1.7,100620.0,284.65,0.15
2015-09-02 05:00:00,1.75,100620.0,284.5,0.15
2015-09-02 05:15:00,2.1,100620.0,284.85,0.15
2015-09-02 05:30:00,1.9,100610.0,285.29999999999995,0.15
2015-09-02 05:45:00,1.5,100610.0,285.65,0.15
2015-09-02 06:00:00,1.4,100610.0,285.45,0.15
2015-09-02 06:15:00,1.6,100600.0,286.25,0.15
2015-09-02 06:30:00,1.5,100605.0,287.15,0.15
2015-09-02 06:45:00,1.8,100610.0,287.54999999999995,0.15
2015-09-02 07:00:00,2.05,100600.0,287.35,0.15
2015-09-02 07:15:00,2.1,100600.0,287.75,0.15
2015-09-02 07:30:00,1.9,100600.0,287.95,0.15
2015-09-02 07:45:00,2.0,100600.0,288.35,0.15
2015-09-02 08:00:00,1.55,100595.0,288.7,0.15
2015-09-02 08:15:00,1.2,100600.0,288.54999999999995,0.15
2015-09-02 08:30:00,1.45,100595.0,289.35,0.15
2015-09-02 08:45:00,1.9,100590.0,289.75,0.15
2015-09-02 09:00:00,2.0,100590.0,290.4,0.15
2015-09-02 09:15:00,1.8,100590.0,290.65,0.15
2015-09-02 09:30:00,1.2999999999999998,100580.0,290.95,0.15
2015-09-02 09:45:00,1.6,100570.0,291.54999999999995,0.15
2015-09-02 10:00:00,2.35,100555.0,291.9,0.15
2015-09-02 10:15:00,2.4,100540.0,291.85,0.15
2015-09-02 10:30:00,1.75,100535.0,291.75,0.15
2015-09-02 10:45:00,1.3,100520.0,291.85,0.15
2015-09-02 11:00:00,1.75,100515.0,291.15,0.15
2015-09-02 11:15:00,2.4,100520.0,290.04999999999995,0.15
2015-09-02 11:30:00,1.9,100525.0,289.2,0.15
2015-09-02 11:45:00,1.2,100520.0,290.15,0.15
2015-09-02 12:00:00,0.7,100505.0,290.2,0.15
2015-09-02 12:15:00,1.3,100500.0,291.35,0.15
2015-09-02 12:30:00,1.5,100485.0,291.5,0.15
2015-09-02 12:45:00,2.0,100480.0,291.35,0.15
2015-09-02 13:00:00,2.05,100455.0,291.45,0.15
2015-09-02 13:15:00,2.3,100450.0,292.35,0.15
2015-09-02 13:30:00,1.3,100435.0,292.7,0.15
2015-09-02 13:45:00,1.6,100420.0,293.75,0.15
2015-09-02 14:00:00,1.7999999999999998,100415.0,292.5,0.15
2015-09-02 14:15:00,1.9,100410.0,292.75,0.15
2015-09-02 14:30:00,2.45,100400.0,292.79999999999995,0.15
2015-09-02 14:45:00,2.4,100400.0,292.45,0.15
2015-09-02 15:00:00,1.85,100390.0,292.4,0.15
2015-09-02 15:15:00,3.4,100400.0,291.95,0.15
2015-09-02 15:30:00,4.2,100400.0,291.85,0.15
2015-09-02 15:45:00,4.5,100400.0,291.95,0.15
2015-09-02 16:00:00,3.55,100395.0,291.79999999999995,0.15
2015-09-02 16:15:00,3.3,100400.0,291.25,0.15
2015-09-02 16:30:00,3.15,100395.0,291.0,0.15
2015-09-02 16:45:00,3.2,100390.0,291.35,0.15
2015-09-02 17:00:00,3.1,100400.0,290.85,0.15
2015-09-02 17:15:00,3.1,100420.0,290.54999999999995,0.15
2015-09-02 17:30:00,2.9,100420.0,290.04999999999995,0.15
2015-09-02 17:45:00,2.1,100420.0,289.65,0.15
2015-09-02 18:00:00,2.0,100420.0,289.35,0.15
2015-09-02 18:15:00,1.6,100420.0,288.85,0.15
2015-09-02 18:30:00,1.8,100435.0,288.29999999999995,0.15
2015-09-02 18:45:00,1.7,100440.0,288.04999999999995,0.15
2015-09-02 19:00:00,1.25,100450.0,287.2,0.15
2015-09-02 19:15:00,1.2,100450.0,286.54999999999995,0.15
2015-09-02 19:30:00,1.1,100455.0,287.29999999999995,0.15
2015-09-02 19:45:00,1.3,100460.0,287.45,0.15
2015-09-02 20:00:00,1.25,100450.0,287.7,0.15
2015-09-02 20:15:00,1.5,100430.0,287.85,0.15
2015-09-02 20:30:00,1.2,100435.0,287.7,0.15
2015-09-02 20:45:00,0.5,100420.0,287.54999999999995,0.15
2015-09-02 21:00:00,1.25,100415.0,287.1,0.15
2015-09-02 21:15:00,1.0,100420.0,287.25,0.15
2015-09-02 21:30:00,0.9,100425.0,287.2,0.15
2015-09-02 21:45:00,1.2,100420.0,287.35,0.15
2015-09-02 22:00:00,1.4500000000000002,100420.0,287.29999999999995,0.15
2015-09-02 22:15:00,1.1,100410.0,287.04999999999995,0.15
2015-09-02 22:30:00,0.65,100405.0,286.9,0.15
2015-09-02 22:45:00,1.4,100400.0,286.95,0.15
2015-09-02 23:00:00,1.1,100400.0,286.6,0.15
2015-09-02 23:15:00,1.5,100410.0,286.35,0.15
2015-09-02 23:30:00,1.8,100410.0,286.79999999999995,0.15
2015-09-02 23:45:00,2.7,100400.0,287.04999999999995,0.15
2015-09-03 00:00:00,2.05,100395.0,287.1,0.15
2015-09-03 00:15:00,1.1,100400.0,287.15,0.15
2015-09-03 00:30:00,1.3,100380.0,286.7,0.15
2015-09-03 00:45:00,2.0,100370.0,286.54999999999995,0.15
2015-09-03 01:00:00,1.55,100355.0,286.35,0.15
2015-09-03 01:15:00,1.3,100360.0,286.45,0.15
2015-09-03 01:30:00,0.75,100360.0,286.25,0.15
2015-09-03 01:45:00,0.5,100360.0,286.15,0.15
2015-09-03 02:00:00,0.2,100360.0,285.75,0.15
2015-09-03 02:15:00,0.9,100360.0,286.04999999999995,0.15
2015-09-03 02:30:00,0.9,100345.0,285.95,0.15
2015-09-03 02:45:00,0.9,100330.0,285.75,0.15
2015-09-03 03:00:00,1.2,100330.0,285.6,0.15
2015-09-03 03:15:00,1.2,100320.0,285.04999999999995,0.15
2015-09-03 03:30:00,1.55,100315.0,284.9,0.15
2015-09-03 03:45:00,1.5,100310.0,284.65,0.15
2015-09-03 04:00:00,1.7999999999999998,100310.0,284.54999999999995,0.15
2015-09-03 04:15:00,1.6,100320.0,283.85,0.15
2015-09-03 04:30:00,0.95,100320.0,283.4,0.15
2015-09-03 04:45:00,1.4,100310.0,283.95,0.15
2015-09-03 05:00:00,1.3,100305.0,283.85,0.15
2015-09-03 05:15:00,1.5,100300.0,284.04999999999995,0.15
2015-09-03 05:30:00,1.7,100315.0,283.15,0.15
2015-09-03 05:45:00,1.7,100320.0,282.85,0.15
2015-09-03 06:00:00,1.4,100330.0,284.1,0.15
2015-09-03 06:15:00,1.3,100350.0,285.15,0.15
2015-09-03 06:30:00,0.9,100345.0,285.7,0.15
2015-09-03 06:45:00,0.9,100340.0,286.15,0.15
2015-09-03 07:00:00,0.8500000000000001,100330.0,286.6,0.15
2015-09-03 07:15:00,0.6,100330.0,286.95,0.15
2015-09-03 07:30:00,0.7,100320.0,287.5,0.15
2015-09-03 07:45:00,1.1,100320.0,287.75,0.15
2015-09-03 08:00:00,1.2,100335.0,288.1,0.15
2015-09-03 08:15:00,1.7,100330.0,288.25,0.15
2015-09-03 08:30:00,1.85,100330.0,288.45,0.15
2015-09-03 08:45:00,1.5,100330.0,288.65,0.15
2015-09-03 09:00:00,1.1,100330.0,289.1,0.15
2015-09-03 09:15:00,1.0,100310.0,289.15,0.15
2015-09-03 09:30:00,1.2,100310.0,290.1,0.15
2015-09-03 09:45:00,2.7,100300.0,290.85,0.15
2015-09-03 10:00:00,1.4,100295.0,290.95,0.15
2015-09-03 10:15:00,2.1,100280.0,291.45,0.15
2015-09-03 10:30:00,2.25,100255.0,291.79999999999995,0.15
2015-09-03 10:45:00,3.0,100240.0,291.95,0.15
2015-09-03 11:00:00,3.05,100240.0,291.1,0.15
2015-09-03 11:15:00,2.3,100250.0,290.54999999999995,0.15
2015-09-03 11:30:00,2.2,100235.0,291.75,0.15
2015-09-03 11:45:00,2.3,100230.0,292.04999999999995,0.15
2015-09-03 12:00:00,3.05,100230.0,292.95,0.15
2015-09-03 12:15:00,3.7,100220.0,293.15,0.15
2015-09-03 12:30:00,3.9,100220.0,292.29999999999995,0.15
2015-09-03 12:45:00,4.7,100220.0,293.75,0.15
2015-09-03 13:00:00,3.3,100215.0,293.35,0.15
2015-09-03 13:15:00,4.0,100200.0,293.95,0.15
2015-09-03 13:30:00,3.6,100195.0,292.2,0.15
2015-09-03 13:45:00,3.1,100190.0,293.25,0.15
2015-09-03 14:00:00,3.3,100195.0,292.5,0.15
2015-09-03 14:15:00,3.2,100190.0,292.04999999999995,0.15
2015-09-03 14:30:00,3.45,100175.0,293.25,0.15
2015-09-03 14:45:00,4.0,100170.0,293.25,0.15
2015-09-03 15:00:00,4.25,100170.0,292.35,0.15
2015-09-03 15:15:00,3.7,100180.0,292.35,0.15
2015-09-03 15:30:00,3.65,100185.0,292.7,0.15
2015-09-03 15:45:00,4.0,100190.0,292.85,0.15
2015-09-03 16:00:00,3.4,100195.0,292.1,0.15
2015-09-03 16:15:00,3.8,100200.0,291.75,0.15
2015-09-03 16:30:00,6.4,100210.0,291.0,0.15
2015-09-03 16:45:00,6.8,100230.0,289.35,0.15
2015-09-03 17:00:00,5.199999999999999,100265.0,288.6,0.15
2015-09-03 17:15:00,4.7,100280.0,288.35,0.15
2015-09-03 17:30:00,3.35,100285.0,288.15,0.15
2015-09-03 17:45:00,3.0,100290.0,288.04999999999995,0.15
2015-09-03 18:00:00,2.8,100300.0,287.9,0.15
2015-09-03 18:15:00,2.4,100300.0,287.35,0.15
2015-09-03 18:30:00,1.65,100325.0,287.29999999999995,0.15
2015-09-03 18:45:00,1.7,100340.0,286.85,0.15
2015-09-03 19:00:00,1.5,100345.0,286.4,0.15
2015-09-03 19:15:00,1.7,100360.0,285.85,0.15
2015-09-03 19:30:00,1.4,100365.0,285.9,0.15
2015-09-03 19:45:00,1.3,100370.0,286.25,0.15
2015-09-03 20:00:00,0.75,100355.0,285.9,0.15
2015-09-03 20:15:00,1.0,100350.0,286.15,0.15
2015-09-03 20:30:00,1.0,100345.0,285.54999999999995,0.15
2015-09-03 20:45:00,1.5,100350.0,285.65,0.15
2015-09-03 21:00:00,1.65,100340.0,286.1,0.15
2015-09-03 21:15:00,1.6,100340.0,285.95,0.15
2015-09-03 21:30:00,1.5,100345.0,285.54999999999995,0.15
2015-09-03 21:45:00,1.4,100350.0,285.54999999999995,0.15
2015-09-03 22:00:00,1.35,100340.0,285.7,0.15
2015-09-03 22:15:00,1.2,100350.0,284.95,0.15
2015-09-03 22:30:00,1.4,100350.0,284.9,0.15
2015-09-03 22:45:00,1.6,100360.0,284.95,0.15
2015-09-03 23:00:00,1.5499999999999998,100360.0,285.2,0.15
2015-09-03 23:15:00,2.3,100360.0,285.45,0.15
2015-09-03 23:30:00,1.0499999999999998,100360.0,285.5,0.15
2015-09-03 23:45:00,0.6,100370.0,285.45,0.15
2015-09-04 00:00:00,1.35,100370.0,285.25,0.15
2015-09-04 00:15:00,1.7,100370.0,285.45,0.15
2015-09-04 00:30:00,2.25,100360.0,285.65,0.15
2015-09-04 00:45:00,2.9,100350.0,285.45,0.15
2015-09-04 01:00:00,2.55,100350.0,285.29999999999995,0.15
2015-09-04 01:15:00,1.7,100350.0,285.54999999999995,0.15
2015-09-04 01:30:00,1.75,100345.0,286.04999999999995,0.15
2015-09-04 01:45:00,2.0,100350.0,285.95,0.15
2015-09-04 02:00:00,2.4,100345.0,285.85,0.15
2015-09-04 02:15:00,2.7,100340.0,286.04999999999995,0.15
2015-09-04 02:30:00,2.75,100330.0,285.85,0.15
2015-09-04 02:45:00,3.0,100320.0,285.95,0.15
2015-09-04 03:00:00,2.3,100315.0,285.29999999999995,0.15
2015-09-04 03:15:00,2.8,100310.0,285.15,0.15
2015-09-04 03:30:00,2.35,100315.0,284.9,0.15
2015-09-04 03:45:00,1.8,100320.0,285.04999999999995,0.15
2015-09-04 04:00:00,2.2,100320.0,285.2,0.15
2015-09-04 04:15:00,2.0,100330.0,284.85,0.15
2015-09-04 04:30:00,1.65,100325.0,285.35,0.15
2015-09-04 04:45:00,1.8,100330.0,285.15,0.15
2015-09-04 05:00:00,2.55,100345.0,285.1,0.15
2015-09-04 05:15:00,2.6,100350.0,285.35,0.15
2015-09-04 05:30:00,2.05,100360.0,284.45,0.15
2015-09-04 05:45:00,1.6,100360.0,284.45,0.15
2015-09-04 06:00:00,2.1500000000000004,100360.0,284.25,0.15
2015-09-04 06:15:00,2.6,100370.0,285.54999999999995,0.15
2015-09-04 06:30:00,2.75,100370.0,286.1,0.15
2015-09-04 06:45:00,3.0,100360.0,286.54999999999995,0.15
2015-09-04 07:00:00,2.35,100365.0,286.9,0.15
2015-09-04 07:15:00,2.4,100370.0,286.95,0.15
2015-09-04 07:30:00,3.5,100360.0,287.1,0.15
2015-09-04 07:45:00,3.5,100370.0,287.54999999999995,0.15
2015-09-04 08:00:00,3.55,100385.0,288.45,0.15
2015-09-04 08:15:00,3.2,100390.0,288.85,0.15
2015-09-04 08:30:00,3.2,100400.0,288.35,0.15
2015-09-04 08:45:00,3.4,100410.0,288.54999999999995,0.15
2015-09-04 09:00:00,4.65,100415.0,288.65,0.15
2015-09-04 09:15:00,4.4,100420.0,288.54999999999995,0.15
2015-09-04 09:30:00,4.1,100410.0,288.95,0.15
2015-09-04 09:45:00,4.4,100420.0,289.65,0.15
2015-09-04 10:00:00,4.1,100405.0,289.7,0.15
2015-09-04 10:15:00,4.1,100390.0,289.54999999999995,0.15
2015-09-04 10:30:00,4.55,100385.0,289.54999999999995,0.15
2015-09-04 10:45:00,4.9,100390.0,290.04999999999995,0.15
2015-09-04 11:00:00,5.0,100380.0,289.9,0.15
2015-09-04 11:15:00,4.7,100380.0,290.65,0.15
2015-09-04 11:30:00,4.65,100385.0,290.25,0.15
2015-09-04 11:45:00,5.2,100380.0,290.85,0.15
2015-09-04 12:00:00,5.5,100380.0,290.7,0.15
2015-09-04 12:15:00,4.7,100370.0,290.65,0.15
2015-09-04 12:30:00,4.8,100370.0,291.0,0.15
2015-09-04 12:45:00,5.3,100370.0,291.54999999999995,0.15
2015-09-04 13:00:00,5.4,100355.0,291.4,0.15
2015-09-04 13:15:00,4.7,100350.0,291.85,0.15
2015-09-04 13:30:00,5.2,100325.0,292.4,0.15
2015-09-04 13:45:00,5.2,100310.0,291.75,0.15
2015-09-04 14:00:00,5.15,100295.0,291.5,0.15
2015-09-04 14:15:00,4.6,100280.0,291.25,0.15
2015-09-04 14:30:00,4.9,100270.0,291.4,0.15
2015-09-04 14:45:00,4.3,100260.0,291.25,0.15
2015-09-04 15:00:00,5.0,100255.0,291.25,0.15
2015-09-04 15:15:00,4.6,100250.0,291.54999999999995,0.15
2015-09-04 15:30:00,4.05,100235.0,291.2,0.15
2015-09-04 15:45:00,4.9,100240.0,291.54999999999995,0.15
2015-09-04 16:00:00,5.1,100240.0,291.5,0.15
2015-09-04 16:15:00,4.2,100240.0,291.15,0.15
2015-09-04 16:30:00,4.949999999999999,100245.0,290.15,0.15
2015-09-04 16:45:00,4.6,100250.0,289.95,0.15
2015-09-04 17:00:00,3.75,100255.0,289.9,0.15
2015-09-04 17:15:00,4.7,100270.0,289.85,0.15
2015-09-04 17:30:00,4.15,100280.0,289.54999999999995,0.15
2015-09-04 17:45:00,3.7,100280.0,289.15,0.15
2015-09-04 18:00:00,4.35,100280.0,288.95,0.15
2015-09-04 18:15:00,3.8,100280.0,288.85,0.15
2015-09-04 18:30:00,3.85,100295.0,288.35,0.15
2015-09-04 18:45:00,3.6,100320.0,288.15,0.15
2015-09-04 19:00:00,3.5,100330.0,287.5,0.15
2015-09-04 19:15:00,3.5,100340.0,287.04999999999995,0.15
2015-09-04 19:30:00,3.25,100350.0,287.15,0.15
2015-09-04 19:45:00,3.6,100350.0,287.15,0.15
2015-09-04 20:00:00,3.7,100350.0,287.4,0.15
2015-09-04 20:15:00,3.9,100340.0,287.45,0.15
2015-09-04 20:30:00,3.85,100335.0,287.4,0.15
2015-09-04 20:45:00,4.2,100330.0,287.35,0.15
2015-09-04 21:00:00,4.05,100340.0,287.29999999999995,0.15
2015-09-04 21:15:00,3.7,100340.0,287.25,0.15
2015-09-04 21:30:00,3.6,100345.0,287.15,0.15
2015-09-04 21:45:00,4.0,100340.0,287.45,0.15
2015-09-04 22:00:00,3.9,100340.0,287.4,0.15
2015-09-04 22:15:00,3.5,100330.0,287.45,0.15
2015-09-04 22:30:00,4.550000000000001,100330.0,287.5,0.15
2015-09-04 22:45:00,4.5,100320.0,287.45,0.15
2015-09-04 23:00:00,4.05,100315.0,287.35,0.15
2015-09-04 23:15:00,4.6,100310.0,287.25,0.15
2015-09-04 23:30:00,4.2,100310.0,287.2,0.15
2015-09-04 23:45:00,3.8,100310.0,287.25,0.15
2015-09-05 00:00:00,3.95,100310.0,287.2,0.15
2015-09-05 00:15:00,5.3,100300.0,287.25,0.15
2015-09-05 00:30:00,4.9,100295.0,287.25,0.15
2015-09-05 00:45:00,5.1,100280.0,287.15,0.15
2015-09-05 01:00:00,5.6,100280.0,287.0,0.15
2015-09-05 01:15:00,5.3,100270.0,286.45,0.15
2015-09-05 01:30:00,4.45,100280.0,286.25,0.15
2015-09-05 01:45:00,3.8,100280.0,285.85,0.15
2015-09-05 02:00:00,3.85,100275.0,286.04999999999995,0.15
2015-09-05 02:15:00,5.2,100270.0,286.25,0.15
2015-09-05 02:30:00,4.5,100265.0,286.4,0.15
2015-09-05 02:45:00,4.0,100270.0,286.45,0.15
2015-09-05 03:00:00,4.05,100270.0,286.45,0.15
2015-09-05 03:15:00,4.1,100280.0,286.45,0.15
2015-09-05 03:30:00,3.65,100280.0,286.4,0.15
2015-09-05 03:45:00,3.8,100280.0,286.35,0.15
2015-09-05 04:00:00,3.75,100275.0,286.45,0.15
2015-09-05 04:15:00,2.9,100280.0,286.45,0.15
2015-09-05 04:30:00,2.3,100280.0,286.45,0.15
2015-09-05 04:45:00,3.3,100300.0,286.45,0.15
2015-09-05 05:00:00,3.45,100320.0,286.45,0.15
2015-09-05 05:15:00,3.3,100320.0,286.45,0.15
2015-09-05 05:30:00,3.3,100325.0,286.54999999999995,0.15
2015-09-05 05:45:00,3.1,100340.0,286.25,0.15
2015-09-05 06:00:00,3.45,100350.0,286.25,0.15
2015-09-05 06:15:00,3.3,100360.0,286.35,0.15
2015-09-05 06:30:00,3.4,100360.0,286.4,0.15
2015-09-05 06:45:00,3.2,100370.0,286.45,0.15
2015-09-05 07:00:00,3.25,100390.0,286.54999999999995,0.15
2015-09-05 07:15:00,3.1,100390.0,286.54999999999995,0.15
2015-09-05 07:30:00,3.7,100395.0,286.65,0.15
2015-09-05 07:45:00,2.7,100410.0,286.95,0.15
2015-09-05 08:00:00,2.7,100425.0,287.79999999999995,0.15
2015-09-05 08:15:00,2.6,100440.0,287.75,0.15
2015-09-05 08:30:00,3.1,100460.0,287.85,0.15
2015-09-05 08:45:00,2.5,100470.0,288.25,0.15
2015-09-05 09:00:00,3.55,100480.0,288.9,0.15
2015-09-05 09:15:00,5.2,100480.0,288.85,0.15
2015-09-05 09:30:00,4.300000000000001,100465.0,289.29999999999995,0.15
2015-09-05 09:45:00,4.3,100450.0,289.85,0.15
2015-09-05 10:00:00,4.7,100465.0,289.1,0.15
2015-09-05 10:15:00,4.0,100470.0,289.04999999999995,0.15
2015-09-05 10:30:00,3.8,100465.0,289.04999999999995,0.15
2015-09-05 10:45:00,4.9,100470.0,290.04999999999995,0.15
2015-09-05 11:00:00,4.6,100460.0,291.29999999999995,0.15
2015-09-05 11:15:00,5.7,100450.0,291.75,0.15
2015-09-05 11:30:00,5.9,100445.0,291.15,0.15
2015-09-05 11:45:00,5.3,100450.0,290.85,0.15
2015-09-05 12:00:00,4.7,100445.0,290.54999999999995,0.15
2015-09-05 12:15:00,5.5,100450.0,291.04999999999995,0.15
2015-09-05 12:30:00,5.95,100455.0,290.15,0.15
2015-09-05 12:45:00,7.5,100490.0,286.95,0.15
2015-09-05 13:00:00,4.8,100495.0,287.5,0.15
2015-09-05 13:15:00,2.9,100490.0,288.35,0.15
2015-09-05 13:30:00,3.5,100485.0,289.15,0.15
2015-09-05 13:45:00,4.8,100490.0,289.04999999999995,0.15
2015-09-05 14:00:00,4.3,100505.0,288.4,0.15
2015-09-05 14:15:00,4.3,100520.0,288.15,0.15
2015-09-05 14:30:00,6.25,100530.0,288.04999999999995,0.15
2015-09-05 14:45:00,5.1,100530.0,287.85,0.15
2015-09-05 15:00:00,4.55,100535.0,287.9,0.15
2015-09-05 15:15:00,5.0,100530.0,288.15,0.15
2015-09-05 15:30:00,5.1,100525.0,288.04999999999995,0.15
2015-09-05 15:45:00,5.6,100510.0,288.15,0.15
2015-09-05 16:00:00,5.1,100525.0,288.04999999999995,0.15
2015-09-05 16:15:00,5.6,100530.0,287.95,0.15
2015-09-05 16:30:00,4.7,100540.0,287.6,0.15
2015-09-05 16:45:00,3.8,100540.0,287.45,0.15
2015-09-05 17:00:00,5.15,100550.0,286.9,0.15
2015-09-05 17:15:00,7.3,100550.0,285.35,0.15
2015-09-05 17:30:00,4.199999999999999,100545.0,286.2,0.15
2015-09-05 17:45:00,3.2,100550.0,286.65,0.15
2015-09-05 18:00:00,3.5,100555.0,286.7,0.15
2015-09-05 18:15:00,3.4,100570.0,286.75,0.15
2015-09-05 18:30:00,3.5,100585.0,286.65,0.15
2015-09-05 18:45:00,4.0,100600.0,286.45,0.15
2015-09-05 19:00:00,3.7,100615.0,286.5,0.15
2015-09-05 19:15:00,4.2,100640.0,286.65,0.15
2015-09-05 19:30:00,4.699999999999999,100655.0,286.15,0.15
2015-09-05 19:45:00,3.2,100660.0,285.65,0.15
2015-09-05 20:00:00,3.05,100665.0,285.7,0.15
2015-09-05 20:15:00,3.6,100680.0,285.35,0.15
2015-09-05 20:30:00,3.95,100695.0,284.9,0.15
2015-09-05 20:45:00,4.4,100710.0,285.35,0.15
2015-09-05 21:00:00,4.4,100710.0,285.0,0.15
2015-09-05 21:15:00,3.7,100720.0,284.65,0.15
2015-09-05 21:30:00,2.85,100725.0,284.25,0.15
2015-09-05 21:45:00,3.2,100740.0,284.15,0.15
2015-09-05 22:00:00,3.05,100750.0,284.54999999999995,0.15
2015-09-05 22:15:00,3.1,100760.0,284.75,0.15
2015-09-05 22:30:00,3.0,100785.0,285.0,0.15
2015-09-05 22:45:00,3.2,100800.0,285.04999999999995,0.15
2015-09-05 23:00:00,3.15,100790.0,284.95,0.15
2015-09-05 23:15:00,3.6,100800.0,284.85,0.15
2015-09-05 23:30:00,3.65,100810.0,285.0,0.15
2015-09-05 23:45:00,3.7,100810.0,285.04999999999995,0.15
2015-09-06 00:00:00,3.2,100825.0,285.04999999999995,0.15
2015-09-06 00:15:00,3.7,100820.0,284.85,0.15
2015-09-06 00:30:00,3.7,100820.0,284.75,0.15
2015-09-06 00:45:00,3.3,100820.0,284.75,0.15
2015-09-06 01:00:00,3.35,100810.0,284.54999999999995,0.15
2015-09-06 01:15:00,2.4,100820.0,284.15,0.15
2015-09-06 01:30:00,2.8,100830.0,284.1,0.15
2015-09-06 01:45:00,2.5,100830.0,283.85,0.15
2015-09-06 02:00:00,1.95,100845.0,284.2,0.15
2015-09-06 02:15:00,3.7,100860.0,284.35,0.15
2015-09-06 02:30:00,3.4000000000000004,100855.0,284.45,0.15
2015-09-06 02:45:00,3.5,100860.0,284.25,0.15
2015-09-06 03:00:00,3.1500000000000004,100855.0,284.2,0.15
2015-09-06 03:15:00,3.1,100860.0,284.04999999999995,0.15
2015-09-06 03:30:00,3.5,100870.0,284.15,0.15
2015-09-06 03:45:00,3.2,100880.0,284.15,0.15
2015-09-06 04:00:00,2.9,100880.0,284.15,0.15
2015-09-06 04:15:00,3.1,100900.0,284.35,0.15
2015-09-06 04:30:00,3.15,100915.0,284.25,0.15
2015-09-06 04:45:00,3.5,100930.0,284.25,0.15
2015-09-06 05:00:00,3.5,100945.0,284.1,0.15
2015-09-06 05:15:00,3.1,100960.0,283.65,0.15
2015-09-06 05:30:00,2.9,100980.0,283.85,0.15
2015-09-06 05:45:00,3.3,100990.0,284.04999999999995,0.15
2015-09-06 06:00:00,3.6,101005.0,284.15,0.15
2015-09-06 06:15:00,3.1,101020.0,284.04999999999995,0.15
2015-09-06 06:30:00,3.6,101040.0,284.6,0.15
2015-09-06 06:45:00,3.4,101040.0,285.25,0.15
2015-09-06 07:00:00,3.2,101045.0,285.7,0.15
2015-09-06 07:15:00,4.9,101050.0,286.04999999999995,0.15
2015-09-06 07:30:00,4.4,101065.0,286.45,0.15
2015-09-06 07:45:00,4.9,101080.0,286.35,0.15
2015-09-06 08:00:00,4.85,101085.0,286.65,0.15
2015-09-06 08:15:00,4.6,101100.0,286.85,0.15
2015-09-06 08:30:00,4.9,101115.0,287.25,0.15
2015-09-06 08:45:00,4.6,101120.0,287.65,0.15
2015-09-06 09:00:00,6.05,101130.0,287.29999999999995,0.15
2015-09-06 09:15:00,4.8,101140.0,287.54999999999995,0.15
2015-09-06 09:30:00,4.5,101155.0,287.95,0.15
2015-09-06 09:45:00,4.3,101150.0,288.15,0.15
2015-09-06 10:00:00,5.2,101150.0,287.95,0.15
2015-09-06 10:15:00,3.8,101160.0,287.54999999999995,0.15
2015-09-06 10:30:00,5.0,101180.0,286.9,0.15
2015-09-06 10:45:00,4.0,101190.0,287.65,0.15
2015-09-06 11:00:00,4.15,101185.0,288.29999999999995,0.15
2015-09-06 11:15:00,4.6,101190.0,288.35,0.15
2015-09-06 11:30:00,5.35,101210.0,287.7,0.15
2015-09-06 11:45:00,4.1,101210.0,287.85,0.15
2015-09-06 12:00:00,4.5,101210.0,288.65,0.15
2015-09-06 12:15:00,5.0,101220.0,289.15,0.15
2015-09-06 12:30:00,5.15,101215.0,289.29999999999995,0.15
2015-09-06 12:45:00,5.4,101230.0,289.75,0.15
2015-09-06 13:00:00,5.65,101225.0,289.1,0.15
2015-09-06 13:15:00,6.2,101250.0,288.95,0.15
2015-09-06 13:30:00,4.6,101245.0,289.7,0.15
2015-09-06 13:45:00,4.4,101230.0,289.85,0.15
2015-09-06 14:00:00,5.6,101235.0,290.25,0.15
2015-09-06 14:15:00,4.0,101240.0,289.45,0.15
2015-09-06 14:30:00,5.4,101235.0,288.79999999999995,0.15
2015-09-06 14:45:00,6.5,101260.0,286.95,0.15
2015-09-06 15:00:00,5.5,101260.0,287.6,0.15
2015-09-06 15:15:00,6.0,101240.0,289.35,0.15
2015-09-06 15:30:00,5.15,101250.0,288.95,0.15
2015-09-06 15:45:00,6.0,101240.0,289.25,0.15
2015-09-06 16:00:00,5.800000000000001,101255.0,288.9,0.15
2015-09-06 16:15:00,6.3,101270.0,288.54999999999995,0.15
2015-09-06 16:30:00,5.15,101270.0,288.4,0.15
2015-09-06 16:45:00,5.3,101270.0,288.65,0.15
2015-09-06 17:00:00,5.6,101270.0,288.54999999999995,0.15
2015-09-06 17:15:00,4.9,101280.0,288.04999999999995,0.15
2015-09-06 17:30:00,4.55,101290.0,288.25,0.15
2015-09-06 17:45:00,4.0,101300.0,287.95,0.15
2015-09-06 18:00:00,3.45,101315.0,287.95,0.15
2015-09-06 18:15:00,4.2,101330.0,287.54999999999995,0.15
2015-09-06 18:30:00,4.699999999999999,101345.0,286.85,0.15
2015-09-06 18:45:00,3.3,101360.0,286.54999999999995,0.15
2015-09-06 19:00:00,3.8,101370.0,286.6,0.15
2015-09-06 19:15:00,3.5,101360.0,286.95,0.15
2015-09-06 19:30:00,2.7,101390.0,287.0,0.15
2015-09-06 19:45:00,2.7,101400.0,286.45,0.15
2015-09-06 20:00:00,2.5,101395.0,286.4,0.15
2015-09-06 20:15:00,2.5,101390.0,286.65,0.15
2015-09-06 20:30:00,2.65,101390.0,286.54999999999995,0.15
2015-09-06 20:45:00,2.6,101390.0,286.54999999999995,0.15
2015-09-06 21:00:00,3.0,101390.0,286.54999999999995,0.15
2015-09-06 21:15:00,2.6,101390.0,286.75,0.15
2015-09-06 21:30:00,2.85,101390.0,286.79999999999995,0.15
2015-09-06 21:45:00,2.7,101390.0,286.75,0.15
2015-09-06 22:00:00,2.75,101400.0,286.75,0.15
2015-09-06 22:15:00,3.6,101400.0,286.85,0.15
2015-09-06 22:30:00,3.6,101400.0,286.6,0.15
2015-09-06 22:45:00,4.5,101400.0,286.35,0.15
2015-09-06 23:00:00,3.9,101395.0,285.45,0.15
2015-09-06 23:15:00,2.9,101390.0,285.35,0.15
2015-09-06 23:30:00,3.35,101390.0,285.29999999999995,0.15
2015-09-06 23:45:00,4.1,101390.0,285.25,0.15
2015-09-07 00:00:00,3.3,101380.0,285.35,0.15
2015-09-07 00:15:00,3.0,101370.0,285.35,0.15
2015-09-07 00:30:00,2.85,101355.0,285.45,0.15
2015-09-07 00:45:00,2.8,101350.0,285.54999999999995,0.15
2015-09-07 01:00:00,2.85,101350.0,285.5,0.15
2015-09-07 01:15:00,3.2,101350.0,285.54999999999995,0.15
2015-09-07 01:30:00,2.6500000000000004,101340.0,285.7,0.15
2015-09-07 01:45:00,3.1,101320.0,285.65,0.15
2015-09-07 02:00:00,3.25,101320.0,285.7,0.15
2015-09-07 02:15:00,3.1,101320.0,285.75,0.15
2015-09-07 02:30:00,3.3,101300.0,285.65,0.15
2015-09-07 02:45:00,2.8,101290.0,285.54999999999995,0.15
2015-09-07 03:00:00,3.75,101275.0,285.5,0.15
2015-09-07 03:15:00,3.7,101270.0,285.45,0.15
2015-09-07 03:30:00,3.9,101260.0,285.45,0.15
2015-09-07 03:45:00,3.8,101260.0,285.45,0.15
2015-09-07 04:00:00,3.9,101260.0,285.45,0.15
2015-09-07 04:15:00,3.4,101260.0,285.45,0.15
2015-09-07 04:30:00,3.0,101260.0,285.5,0.15
2015-09-07 04:45:00,2.9,101260.0,285.54999999999995,0.15
2015-09-07 05:00:00,2.85,101260.0,285.54999999999995,0.15
2015-09-07 05:15:00,2.6,101260.0,285.54999999999995,0.15
2015-09-07 05:30:00,2.7,101265.0,285.54999999999995,0.15
2015-09-07 05:45:00,3.7,101270.0,285.54999999999995,0.15
2015-09-07 06:00:00,3.55,101270.0,285.65,0.15
2015-09-07 06:15:00,3.6,101280.0,285.65,0.15
2015-09-07 06:30:00,3.45,101295.0,285.79999999999995,0.15
2015-09-07 06:45:00,3.2,101310.0,285.85,0.15
2015-09-07 07:00:00,3.4000000000000004,101310.0,286.0,0.15
2015-09-07 07:15:00,3.6,101320.0,286.04999999999995,0.15
2015-09-07 07:30:00,3.1,101320.0,286.1,0.15
2015-09-07 07:45:00,2.5,101330.0,286.35,0.15
2015-09-07 08:00:00,2.95,101345.0,286.54999999999995,0.15
2015-09-07 08:15:00,3.0,101360.0,286.54999999999995,0.15
2015-09-07 08:30:00,2.75,101375.0,286.79999999999995,0.15
2015-09-07 08:45:00,2.5,101380.0,286.75,0.15
2015-09-07 09:00:00,2.85,101380.0,286.85,0.15
2015-09-07 09:15:00,2.7,101370.0,287.25,0.15
2015-09-07 09:30:00,2.3,101380.0,287.5,0.15
2015-09-07 09:45:00,2.5,101380.0,287.65,0.15
2015-09-07 10:00:00,2.5,101380.0,288.25,0.15
2015-09-07 10:15:00,4.0,101390.0,287.65,0.15
2015-09-07 10:30:00,3.7,101395.0,287.4,0.15
2015-09-07 10:45:00,3.7,101400.0,287.54999999999995,0.15
2015-09-07 11:00:00,3.65,101405.0,287.45,0.15
2015-09-07 11:15:00,3.1,101410.0,287.65,0.15
2015-09-07 11:30:00,3.4,101420.0,287.9,0.15
2015-09-07 11:45:00,3.1,101420.0,288.25,0.15
2015-09-07 12:00:00,3.0,101415.0,289.0,0.15
2015-09-07 12:15:00,2.7,101410.0,289.04999999999995,0.15
2015-09-07 12:30:00,3.35,101415.0,288.45,0.15
2015-09-07 12:45:00,2.6,101420.0,288.75,0.15
2015-09-07 13:00:00,3.75,101420.0,289.1,0.15
2015-09-07 13:15:00,2.7,101420.0,288.65,0.15
2015-09-07 13:30:00,2.05,101425.0,288.79999999999995,0.15
2015-09-07 13:45:00,1.9,101410.0,289.15,0.15
2015-09-07 14:00:00,2.45,101405.0,289.2,0.15
2015-09-07 14:15:00,1.8,101400.0,289.04999999999995,0.15
2015-09-07 14:30:00,1.6,101400.0,289.45,0.15
2015-09-07 14:45:00,1.9,101400.0,289.54999999999995,0.15
2015-09-07 15:00:00,4.1,101400.0,289.4,0.15
2015-09-07 15:15:00,3.6,101410.0,288.85,0.15
2015-09-07 15:30:00,2.5,101410.0,289.1,0.15
2015-09-07 15:45:00,2.3,101400.0,289.54999999999995,0.15
2015-09-07 16:00:00,2.55,101400.0,289.54999999999995,0.15
2015-09-07 16:15:00,2.1,101400.0,289.25,0.15
2015-09-07 16:30:00,2.15,101400.0,289.45,0.15
2015-09-07 16:45:00,3.0,101400.0,289.54999999999995,0.15
2015-09-07 17:00:00,2.5,101405.0,289.4,0.15
2015-09-07 17:15:00,2.7,101410.0,289.25,0.15
2015-09-07 17:30:00,2.1500000000000004,101420.0,289.25,0.15
2015-09-07 17:45:00,1.9,101420.0,289.25,0.15
2015-09-07 18:00:00,2.35,101425.0,289.2,0.15
2015-09-07 18:15:00,2.1,101440.0,289.04999999999995,0.15
2015-09-07 18:30:00,1.9,101455.0,288.5,0.15
2015-09-07 18:45:00,1.3,101470.0,288.45,0.15
2015-09-07 19:00:00,1.1,101480.0,288.29999999999995,0.15
2015-09-07 19:15:00,1.5,101490.0,288.15,0.15
2015-09-07 19:30:00,1.7000000000000002,101490.0,288.35,0.15
2015-09-07 19:45:00,1.9,101500.0,288.04999999999995,0.15
2015-09-07 20:00:00,1.9,101495.0,287.95,0.15
2015-09-07 20:15:00,1.7,101510.0,287.75,0.15
2015-09-07 20:30:00,1.35,101505.0,287.75,0.15
2015-09-07 20:45:00,1.3,101510.0,287.85,0.15
2015-09-07 21:00:00,1.05,101510.0,287.7,0.15
2015-09-07 21:15:00,1.5,101520.0,287.45,0.15
2015-09-07 21:30:00,1.5,101515.0,287.4,0.15
2015-09-07 21:45:00,1.5,101520.0,287.35,0.15
2015-09-07 22:00:00,1.6,101520.0,287.35,0.15
2015-09-07 22:15:00,1.5,101510.0,287.35,0.15
2015-09-07 22:30:00,1.9,101520.0,287.04999999999995,0.15
2015-09-07 22:45:00,1.7,101530.0,286.95,0.15
2015-09-07 23:00:00,1.85,101515.0,286.6,0.15
2015-09-07 23:15:00,2.1,101510.0,286.65,0.15
2015-09-07 23:30:00,1.95,101510.0,286.7,0.15
2015-09-07 23:45:00,1.4,101500.0,286.45,0.15
2015-09-08 00:00:00,1.25,101500.0,286.45,0.15
2015-09-08 00:15:00,1.4,101490.0,286.35,0.15
2015-09-08 00:30:00,1.0,101500.0,286.4,0.15
2015-09-08 00:45:00,1.0,101490.0,286.45,0.15
2015-09-08 01:00:00,0.95,101485.0,286.4,0.15
2015-09-08 01:15:00,1.5,101480.0,286.54999999999995,0.15
2015-09-08 01:30:00,1.85,101480.0,286.35,0.15
2015-09-08 01:45:00,2.5,101480.0,286.15,0.15
2015-09-08 02:00:00,2.4000000000000004,101475.0,286.25,0.15
2015-09-08 02:15:00,2.1,101470.0,286.15,0.15
2015-09-08 02:30:00,2.0,101460.0,286.04999999999995,0.15
2015-09-08 02:45:00,1.7,101460.0,285.95,0.15
2015-09-08 03:00:00,1.7,101460.0,285.95,0.15
2015-09-08 03:15:00,1.8,101460.0,286.04999999999995,0.15
2015-09-08 03:30:00,1.7000000000000002,101450.0,286.04999999999995,0.15
2015-09-08 03:45:00,2.3,101440.0,285.95,0.15
2015-09-08 04:00:00,1.6,101435.0,285.95,0.15
2015-09-08 04:15:00,1.3,101430.0,286.04999999999995,0.15
2015-09-08 04:30:00,1.7,101415.0,285.9,0.15
2015-09-08 04:45:00,1.5,101420.0,285.85,0.15
2015-09-08 05:00:00,1.65,101420.0,285.85,0.15
2015-09-08 05:15:00,1.7,101430.0,285.95,0.15
2015-09-08 05:30:00,1.8,101445.0,286.04999999999995,0.15
2015-09-08 05:45:00,1.8,101440.0,286.15,0.15
2015-09-08 06:00:00,1.55,101440.0,286.15,0.15
2015-09-08 06:15:00,2.0,101440.0,286.25,0.15
2015-09-08 06:30:00,1.8,101435.0,286.4,0.15
2015-09-08 06:45:00,1.7,101440.0,286.65,0.15
2015-09-08 07:00:00,2.1500000000000004,101430.0,286.65,0.15
2015-09-08 07:15:00,2.2,101420.0,286.85,0.15
2015-09-08 07:30:00,2.15,101425.0,287.2,0.15
2015-09-08 07:45:00,2.3,101450.0,287.25,0.15
2015-09-08 08:00:00,2.4,101445.0,287.75,0.15
2015-09-08 08:15:00,2.0,101450.0,287.95,0.15
2015-09-08 08:30:00,2.45,101460.0,288.04999999999995,0.15
2015-09-08 08:45:00,2.2,101460.0,288.35,0.15
2015-09-08 09:00:00,2.85,101460.0,288.4,0.15
2015-09-08 09:15:00,2.8,101460.0,288.35,0.15
2015-09-08 09:30:00,2.7,101460.0,288.6,0.15
2015-09-08 09:45:00,3.0,101460.0,288.65,0.15
2015-09-08 10:00:00,2.9000000000000004,101450.0,288.95,0.15
2015-09-08 10:15:00,2.3,101450.0,288.75,0.15
2015-09-08 10:30:00,2.05,101435.0,289.25,0.15
2015-09-08 10:45:00,1.9,101430.0,289.35,0.15
2015-09-08 11:00:00,1.8,101430.0,289.5,0.15
2015-09-08 11:15:00,2.6,101430.0,289.25,0.15
2015-09-08 11:30:00,2.7,101420.0,289.2,0.15
2015-09-08 11:45:00,2.8,101420.0,289.35,0.15
2015-09-08 12:00:00,2.6500000000000004,101415.0,289.0,0.15
2015-09-08 12:15:00,1.5,101410.0,288.65,0.15
2015-09-08 12:30:00,2.5,101400.0,289.1,0.15
2015-09-08 12:45:00,2.7,101400.0,289.54999999999995,0.15
2015-09-08 13:00:00,2.95,101390.0,289.35,0.15
2015-09-08 13:15:00,1.9,101380.0,289.75,0.15
2015-09-08 13:30:00,1.2000000000000002,101365.0,289.85,0.15
2015-09-08 13:45:00,1.1,101350.0,290.25,0.15
2015-09-08 14:00:00,1.5,101335.0,289.9,0.15
2015-09-08 14:15:00,1.2,101330.0,289.85,0.15
2015-09-08 14:30:00,1.95,101320.0,289.7,0.15
2015-09-08 14:45:00,1.5,101320.0,289.45,0.15
2015-09-08 15:00:00,1.7000000000000002,101295.0,289.15,0.15
2015-09-08 15:15:00,1.9,101280.0,289.04999999999995,0.15
2015-09-08 15:30:00,1.8,101275.0,289.1,0.15
2015-09-08 15:45:00,1.2,101280.0,289.25,0.15
2015-09-08 16:00:00,1.05,101275.0,289.1,0.15
2015-09-08 16:15:00,0.8,101260.0,289.04999999999995,0.15
2015-09-08 16:30:00,0.95,101255.0,288.9,0.15
2015-09-08 16:45:00,1.4,101240.0,288.75,0.15
2015-09-08 17:00:00,0.95,101240.0,288.75,0.15
2015-09-08 17:15:00,0.9,101230.0,288.75,0.15
2015-09-08 17:30:00,0.9,101225.0,288.65,0.15
2015-09-08 17:45:00,0.3,101220.0,288.54999999999995,0.15
2015-09-08 18:00:00,0.7,101220.0,288.29999999999995,0.15
2015-09-08 18:15:00,0.6,101230.0,288.15,0.15
2015-09-08 18:30:00,0.55,101230.0,288.04999999999995,0.15
2015-09-08 18:45:00,0.8,101240.0,288.04999999999995,0.15
2015-09-08 19:00:00,1.05,101245.0,287.95,0.15
2015-09-08 19:15:00,1.0,101250.0,287.95,0.15
2015-09-08 19:30:00,0.8,101250.0,288.0,0.15
2015-09-08 19:45:00,0.7,101240.0,287.95,0.15
2015-09-08 20:00:00,0.55,101240.0,287.79999999999995,0.15
2015-09-08 20:15:00,0.5,101240.0,287.75,0.15
2015-09-08 20:30:00,0.8,101240.0,287.7,0.15
2015-09-08 20:45:00,0.8,101250.0,287.25,0.15
2015-09-08 21:00:00,0.8,101250.0,287.5,0.15
2015-09-08 21:15:00,0.6,101250.0,287.45,0.15
2015-09-08 21:30:00,0.8500000000000001,101250.0,287.54999999999995,0.15
2015-09-08 21:45:00,1.2,101250.0,287.45,0.15
2015-09-08 22:00:00,0.8,101245.0,287.5,0.15
2015-09-08 22:15:00,0.3,101240.0,287.65,0.15
2015-09-08 22:30:00,0.7,101245.0,287.45,0.15
2015-09-08 22:45:00,0.4,101250.0,287.25,0.15
2015-09-08 23:00:00,0.45,101245.0,287.29999999999995,0.15
2015-09-08 23:15:00,0.3,101250.0,287.35,0.15
2015-09-08 23:30:00,0.55,101235.0,287.35,0.15
2015-09-08 23:45:00,0.6,101240.0,287.45,0.15
2015-09-09 00:00:00,0.6499999999999999,101225.0,287.4,0.15
2015-09-09 00:15:00,0.6,101220.0,287.15,0.15
2015-09-09 00:30:00,0.7,101210.0,286.95,0.15
2015-09-09 00:45:00,0.5,101200.0,287.04999999999995,0.15
2015-09-09 01:00:00,0.5,101195.0,287.0,0.15
2015-09-09 01:15:00,0.8,101180.0,286.75,0.15
2015-09-09 01:30:00,0.75,101175.0,286.79999999999995,0.15
2015-09-09 01:45:00,1.0,101160.0,286.65,0.15
2015-09-09 02:00:00,1.15,101155.0,286.45,0.15
2015-09-09 02:15:00,1.1,101160.0,286.54999999999995,0.15
2015-09-09 02:30:00,0.7,101150.0,286.25,0.15
2015-09-09 02:45:00,0.5,101140.0,286.35,0.15
2015-09-09 03:00:00,0.35,101140.0,286.29999999999995,0.15
2015-09-09 03:15:00,0.8,101140.0,286.15,0.15
2015-09-09 03:30:00,1.05,101140.0,286.1,0.15
2015-09-09 03:45:00,0.9,101140.0,286.25,0.15
2015-09-09 04:00:00,0.4,101135.0,286.1,0.15
2015-09-09 04:15:00,0.6,101120.0,286.25,0.15
2015-09-09 04:30:00,0.55,101120.0,286.1,0.15
2015-09-09 04:45:00,0.7,101120.0,286.04999999999995,0.15
2015-09-09 05:00:00,0.6,101140.0,285.9,0.15
2015-09-09 05:15:00,0.6,101120.0,286.15,0.15
2015-09-09 05:30:00,0.55,101110.0,286.1,0.15
2015-09-09 05:45:00,0.1,101110.0,286.35,0.15
2015-09-09 06:00:00,0.6,101135.0,286.04999999999995,0.15
2015-09-09 06:15:00,0.5,101140.0,286.65,0.15
2015-09-09 06:30:00,0.35,101140.0,288.0,0.15
2015-09-09 06:45:00,0.4,101150.0,288.45,0.15
2015-09-09 07:00:00,1.1,101155.0,288.85,0.15
2015-09-09 07:15:00,1.5,101150.0,289.04999999999995,0.15
2015-09-09 07:30:00,2.4,101150.0,289.79999999999995,0.15
2015-09-09 07:45:00,2.6,101150.0,290.54999999999995,0.15
2015-09-09 08:00:00,2.8,101150.0,290.25,0.15
2015-09-09 08:15:00,3.4,101160.0,290.45,0.15
2015-09-09 08:30:00,3.1,101160.0,290.9,0.15
2015-09-09 08:45:00,2.8,101160.0,291.35,0.15
2015-09-09 09:00:00,3.3,101155.0,291.4,0.15
2015-09-09 09:15:00,3.1,101140.0,291.75,0.15
2015-09-09 09:30:00,2.35,101150.0,292.35,0.15
2015-09-09 09:45:00,2.6,101140.0,292.75,0.15
2015-09-09 10:00:00,3.25,101135.0,292.5,0.15
2015-09-09 10:15:00,3.5,101140.0,292.54999999999995,0.15
2015-09-09 10:30:00,2.85,101130.0,292.54999999999995,0.15
2015-09-09 10:45:00,2.8,101130.0,292.25,0.15
2015-09-09 11:00:00,2.45,101125.0,292.7,0.15
2015-09-09 11:15:00,2.3,101110.0,292.15,0.15
2015-09-09 11:30:00,2.35,101110.0,293.35,0.15
2015-09-09 11:45:00,2.4,101100.0,293.75,0.15
2015-09-09 12:00:00,3.25,101110.0,293.29999999999995,0.15
2015-09-09 12:15:00,3.8,101100.0,293.65,0.15
2015-09-09 12:30:00,3.25,101085.0,293.9,0.15
2015-09-09 12:45:00,2.8,101070.0,294.25,0.15
2015-09-09 13:00:00,3.7,101050.0,293.85,0.15
2015-09-09 13:15:00,4.2,101050.0,293.95,0.15
2015-09-09 13:30:00,4.15,101050.0,294.0,0.15
2015-09-09 13:45:00,4.0,101040.0,294.15,0.15
2015-09-09 14:00:00,3.7,101030.0,294.25,0.15
2015-09-09 14:15:00,3.7,101030.0,294.54999999999995,0.15
2015-09-09 14:30:00,2.95,101020.0,294.29999999999995,0.15
2015-09-09 14:45:00,3.2,101000.0,294.45,0.15
2015-09-09 15:00:00,3.4,101010.0,294.15,0.15
2015-09-09 15:15:00,3.8,101000.0,294.35,0.15
2015-09-09 15:30:00,4.65,101000.0,293.7,0.15
2015-09-09 15:45:00,4.9,101000.0,292.45,0.15
2015-09-09 16:00:00,3.55,100985.0,292.79999999999995,0.15
2015-09-09 16:15:00,3.6,100980.0,293.25,0.15
2015-09-09 16:30:00,4.1,100980.0,293.1,0.15
2015-09-09 16:45:00,3.2,100980.0,292.75,0.15
2015-09-09 17:00:00,3.3,100985.0,292.2,0.15
2015-09-09 17:15:00,3.3,100990.0,291.65,0.15
2015-09-09 17:30:00,3.45,101000.0,291.2,0.15
2015-09-09 17:45:00,4.1,101010.0,290.65,0.15
2015-09-09 18:00:00,3.45,101025.0,290.04999999999995,0.15
2015-09-09 18:15:00,3.3,101030.0,289.35,0.15
2015-09-09 18:30:00,3.4,101045.0,289.4,0.15
2015-09-09 18:45:00,3.4,101070.0,289.04999999999995,0.15
2015-09-09 19:00:00,3.0,101085.0,288.7,0.15
2015-09-09 19:15:00,3.1,101090.0,288.15,0.15
2015-09-09 19:30:00,2.25,101090.0,287.7,0.15
2015-09-09 19:45:00,1.8,101090.0,286.95,0.15
2015-09-09 20:00:00,1.7,101095.0,286.2,0.15
2015-09-09 20:15:00,1.8,101100.0,286.54999999999995,0.15
2015-09-09 20:30:00,1.85,101095.0,286.29999999999995,0.15
2015-09-09 20:45:00,1.8,101090.0,286.15,0.15
2015-09-09 21:00:00,1.9,101090.0,285.6,0.15
2015-09-09 21:15:00,2.1,101100.0,285.54999999999995,0.15
2015-09-09 21:30:00,1.9,101110.0,285.04999999999995,0.15
2015-09-09 21:45:00,2.2,101110.0,284.75,0.15
2015-09-09 22:00:00,2.5,101120.0,285.2,0.15
2015-09-09 22:15:00,2.1,101120.0,285.25,0.15
2015-09-09 22:30:00,1.55,101120.0,285.6,0.15
2015-09-09 22:45:00,1.0,101130.0,285.45,0.15
2015-09-09 23:00:00,0.9,101135.0,283.75,0.15
2015-09-09 23:15:00,0.8,101140.0,284.54999999999995,0.15
2015-09-09 23:30:00,1.25,101135.0,284.35,0.15
2015-09-09 23:45:00,0.9,101130.0,284.54999999999995,0.15
2015-09-10 00:00:00,0.55,101125.0,282.75,0.15
2015-09-10 00:15:00,1.2,101120.0,283.04999999999995,0.15
2015-09-10 00:30:00,1.7000000000000002,101125.0,284.35,0.15
2015-09-10 00:45:00,1.2,101120.0,285.15,0.15
2015-09-10 01:00:00,1.95,101125.0,285.04999999999995,0.15
2015-09-10 01:15:00,2.5,101120.0,285.15,0.15
2015-09-10 01:30:00,2.5,101110.0,285.0,0.15
2015-09-10 01:45:00,2.9,101100.0,285.15,0.15
2015-09-10 02:00:00,2.7,101105.0,285.15,0.15
2015-09-10 02:15:00,2.8,101110.0,284.95,0.15
2015-09-10 02:30:00,2.7,101110.0,284.79999999999995,0.15
2015-09-10 02:45:00,2.5,101100.0,284.75,0.15
2015-09-10 03:00:00,2.3,101105.0,284.75,0.15
2015-09-10 03:15:00,2.0,101100.0,284.85,0.15
2015-09-10 03:30:00,2.1,101095.0,284.9,0.15
2015-09-10 03:45:00,2.1,101100.0,284.75,0.15
2015-09-10 04:00:00,1.9,101100.0,284.65,0.15
2015-09-10 04:15:00,1.3,101110.0,284.75,0.15
2015-09-10 04:30:00,1.6,101105.0,284.4,0.15
2015-09-10 04:45:00,1.6,101110.0,284.45,0.15
2015-09-10 05:00:00,1.6,101120.0,282.25,0.15
2015-09-10 05:15:00,1.4,101120.0,281.85,0.15
2015-09-10 05:30:00,0.75,101130.0,282.0,0.15
2015-09-10 05:45:00,0.0,101130.0,282.04999999999995,0.15
2015-09-10 06:00:00,0.7,101115.0,284.5,0.15
2015-09-10 06:15:00,0.8,101110.0,285.75,0.15
2015-09-10 06:30:00,1.05,101115.0,286.29999999999995,0.15
2015-09-10 06:45:00,1.1,101110.0,286.85,0.15
2015-09-10 07:00:00,1.35,101120.0,287.35,0.15
2015-09-10 07:15:00,1.9,101120.0,287.85,0.15
2015-09-10 07:30:00,3.1500000000000004,101110.0,288.25,0.15
2015-09-10 07:45:00,3.6,101120.0,288.85,0.15
2015-09-10 08:00:00,3.45,101115.0,289.25,0.15
2015-09-10 08:15:00,4.1,101110.0,289.54999999999995,0.15
2015-09-10 08:30:00,4.05,101120.0,290.0,0.15
2015-09-10 08:45:00,5.4,101120.0,290.54999999999995,0.15
2015-09-10 09:00:00,4.5,101120.0,290.4,0.15
2015-09-10 09:15:00,4.1,101110.0,290.54999999999995,0.15
2015-09-10 09:30:00,4.6,101105.0,291.04999999999995,0.15
2015-09-10 09:45:00,4.3,101100.0,291.25,0.15
2015-09-10 10:00:00,4.85,101075.0,291.7,0.15
2015-09-10 10:15:00,5.0,101060.0,292.04999999999995,0.15
2015-09-10 10:30:00,5.15,101060.0,291.85,0.15
2015-09-10 10:45:00,5.0,101050.0,291.85,0.15
2015-09-10 11:00:00,4.5,101040.0,292.29999999999995,0.15
2015-09-10 11:15:00,5.1,101040.0,293.04999999999995,0.15
2015-09-10 11:30:00,5.800000000000001,101040.0,292.9,0.15
2015-09-10 11:45:00,5.6,101030.0,293.04999999999995,0.15
2015-09-10 12:00:00,5.25,101015.0,293.1,0.15
2015-09-10 12:15:00,4.6,101010.0,292.15,0.15
2015-09-10 12:30:00,4.7,101000.0,292.35,0.15
2015-09-10 12:45:00,3.9,100990.0,293.15,0.15
2015-09-10 13:00:00,4.8,100975.0,293.35,0.15
2015-09-10 13:15:00,4.3,100950.0,293.35,0.15
2015-09-10 13:30:00,3.6,100950.0,292.79999999999995,0.15
2015-09-10 13:45:00,4.3,100940.0,293.15,0.15
2015-09-10 14:00:00,3.95,100920.0,293.54999999999995,0.15
2015-09-10 14:15:00,4.0,100910.0,293.65,0.15
2015-09-10 14:30:00,4.1,100905.0,293.45,0.15
2015-09-10 14:45:00,4.8,100890.0,293.15,0.15
2015-09-10 15:00:00,4.4,100875.0,293.4,0.15
2015-09-10 15:15:00,4.4,100860.0,293.15,0.15
2015-09-10 15:30:00,4.2,100855.0,292.29999999999995,0.15
2015-09-10 15:45:00,3.7,100840.0,292.95,0.15
2015-09-10 16:00:00,4.5,100840.0,293.04999999999995,0.15
2015-09-10 16:15:00,4.3,100840.0,292.75,0.15
2015-09-10 16:30:00,4.05,100840.0,292.6,0.15
2015-09-10 16:45:00,3.9,100840.0,292.35,0.15
2015-09-10 17:00:00,3.9,100830.0,291.95,0.15
2015-09-10 17:15:00,2.9,100840.0,291.54999999999995,0.15
2015-09-10 17:30:00,2.35,100830.0,290.85,0.15
2015-09-10 17:45:00,2.4,100820.0,289.45,0.15
2015-09-10 18:00:00,1.9,100830.0,288.6,0.15
2015-09-10 18:15:00,1.7,100840.0,288.54999999999995,0.15
2015-09-10 18:30:00,1.35,100845.0,287.2,0.15
2015-09-10 18:45:00,1.0,100850.0,286.54999999999995,0.15
2015-09-10 19:00:00,1.3,100860.0,286.85,0.15
2015-09-10 19:15:00,1.9,100860.0,287.25,0.15
2015-09-10 19:30:00,1.35,100865.0,287.29999999999995,0.15
2015-09-10 19:45:00,1.0,100870.0,285.75,0.15
2015-09-10 20:00:00,1.2999999999999998,100870.0,285.1,0.15
2015-09-10 20:15:00,1.5,100870.0,285.25,0.15
2015-09-10 20:30:00,1.9,100860.0,285.95,0.15
2015-09-10 20:45:00,2.0,100850.0,286.45,0.15
2015-09-10 21:00:00,2.5,100835.0,286.25,0.15
2015-09-10 21:15:00,2.4,100830.0,286.45,0.15
2015-09-10 21:30:00,1.55,100840.0,286.2,0.15
2015-09-10 21:45:00,1.4,100840.0,285.95,0.15
2015-09-10 22:00:00,1.7999999999999998,100850.0,284.6,0.15
2015-09-10 22:15:00,1.7,100860.0,282.75,0.15
2015-09-10 22:30:00,1.1,100855.0,283.35,0.15
2015-09-10 22:45:00,0.8,100850.0,282.54999999999995,0.15
2015-09-10 23:00:00,1.65,100840.0,283.15,0.15
2015-09-10 23:15:00,1.6,100820.0,281.85,0.15
2015-09-10 23:30:00,1.25,100820.0,282.04999999999995,0.15
2015-09-10 23:45:00,1.1,100810.0,281.75,0.15
2015-09-11 00:00:00,1.35,100800.0,281.79999999999995,0.15
2015-09-11 00:15:00,1.7,100790.0,281.65,0.15
2015-09-11 00:30:00,1.85,100775.0,281.85,0.15
2015-09-11 00:45:00,1.2,100760.0,282.54999999999995,0.15
2015-09-11 01:00:00,1.2000000000000002,100745.0,280.6,0.15
2015-09-11 01:15:00,1.2,100740.0,280.65,0.15
2015-09-11 01:30:00,1.6,100735.0,280.4,0.15
2015-09-11 01:45:00,1.2,100720.0,281.45,0.15
2015-09-11 02:00:00,1.2,100735.0,281.4,0.15
2015-09-11 02:15:00,0.8,100730.0,281.25,0.15
2015-09-11 02:30:00,0.8,100720.0,280.95,0.15
2015-09-11 02:45:00,0.7,100720.0,281.25,0.15
2015-09-11 03:00:00,0.95,100725.0,280.79999999999995,0.15
2015-09-11 03:15:00,1.4,100720.0,280.04999999999995,0.15
2015-09-11 03:30:00,1.4,100715.0,280.79999999999995,0.15
2015-09-11 03:45:00,0.8,100710.0,279.25,0.15
2015-09-11 04:00:00,0.55,100700.0,279.6,0.15
2015-09-11 04:15:00,1.2,100700.0,280.25,0.15
2015-09-11 04:30:00,1.15,100685.0,280.0,0.15
2015-09-11 04:45:00,1.1,100690.0,279.54999999999995,0.15
2015-09-11 05:00:00,1.0,100680.0,280.0,0.15
2015-09-11 05:15:00,1.1,100680.0,279.25,0.15
2015-09-11 05:30:00,1.4,100685.0,280.04999999999995,0.15
2015-09-11 05:45:00,1.5,100690.0,279.85,0.15
2015-09-11 06:00:00,1.4,100690.0,281.04999999999995,0.15
2015-09-11 06:15:00,1.5,100690.0,281.85,0.15
2015-09-11 06:30:00,1.05,100690.0,283.2,0.15
2015-09-11 06:45:00,0.8,100710.0,283.85,0.15
2015-09-11 07:00:00,1.05,100710.0,284.6,0.15
2015-09-11 07:15:00,1.1,100710.0,284.75,0.15
2015-09-11 07:30:00,1.25,100710.0,285.85,0.15
2015-09-11 07:45:00,1.7,100710.0,286.45,0.15
2015-09-11 08:00:00,1.8,100710.0,287.15,0.15
2015-09-11 08:15:00,2.0,100710.0,287.65,0.15
2015-09-11 08:30:00,1.7999999999999998,100695.0,288.0,0.15
2015-09-11 08:45:00,1.6,100690.0,288.85,0.15
2015-09-11 09:00:00,3.0,100675.0,289.04999999999995,0.15
2015-09-11 09:15:00,3.5,100670.0,289.54999999999995,0.15
2015-09-11 09:30:00,2.8,100655.0,290.04999999999995,0.15
2015-09-11 09:45:00,1.9,100640.0,290.15,0.15
2015-09-11 10:00:00,2.2,100625.0,290.65,0.15
2015-09-11 10:15:00,2.1,100610.0,291.15,0.15
2015-09-11 10:30:00,1.9,100585.0,291.45,0.15
2015-09-11 10:45:00,2.8,100570.0,292.15,0.15
2015-09-11 11:00:00,2.65,100560.0,292.15,0.15
2015-09-11 11:15:00,2.4,100550.0,293.15,0.15
2015-09-11 11:30:00,2.15,100545.0,292.85,0.15
2015-09-11 11:45:00,3.0,100530.0,293.35,0.15
2015-09-11 12:00:00,2.3,100525.0,293.29999999999995,0.15
2015-09-11 12:15:00,2.4,100520.0,293.54999999999995,0.15
2015-09-11 12:30:00,2.5,100500.0,293.4,0.15
2015-09-11 12:45:00,2.5,100490.0,293.65,0.15
2015-09-11 13:00:00,2.3,100480.0,294.0,0.15
2015-09-11 13:15:00,2.6,100470.0,293.95,0.15
2015-09-11 13:30:00,2.6,100460.0,294.04999999999995,0.15
2015-09-11 13:45:00,3.6,100460.0,293.85,0.15
2015-09-11 14:00:00,2.0,100455.0,293.95,0.15
2015-09-11 14:15:00,2.2,100440.0,294.45,0.15
2015-09-11 14:30:00,1.75,100435.0,294.45,0.15
2015-09-11 14:45:00,2.8,100430.0,294.54999999999995,0.15
2015-09-11 15:00:00,3.0,100420.0,294.5,0.15
2015-09-11 15:15:00,2.6,100420.0,293.95,0.15
2015-09-11 15:30:00,2.7,100415.0,294.45,0.15
2015-09-11 15:45:00,2.4,100420.0,294.15,0.15
2015-09-11 16:00:00,2.5,100425.0,293.4,0.15
2015-09-11 16:15:00,2.0,100420.0,293.45,0.15
2015-09-11 16:30:00,2.1,100420.0,293.45,0.15
2015-09-11 16:45:00,2.2,100420.0,292.95,0.15
2015-09-11 17:00:00,2.3,100410.0,292.7,0.15
2015-09-11 17:15:00,2.0,100410.0,291.75,0.15
2015-09-11 17:30:00,1.9,100410.0,290.9,0.15
2015-09-11 17:45:00,2.1,100420.0,290.45,0.15
2015-09-11 18:00:00,2.1,100430.0,289.9,0.15
2015-09-11 18:15:00,2.1,100430.0,289.45,0.15
2015-09-11 18:30:00,1.8,100440.0,288.85,0.15
2015-09-11 18:45:00,1.5,100440.0,288.65,0.15
2015-09-11 19:00:00,1.4,100445.0,288.9,0.15
2015-09-11 19:15:00,1.6,100450.0,288.45,0.15
2015-09-11 19:30:00,2.35,100440.0,288.7,0.15
2015-09-11 19:45:00,3.0,100450.0,288.75,0.15
2015-09-11 20:00:00,3.2,100450.0,288.5,0.15
2015-09-11 20:15:00,3.0,100440.0,288.15,0.15
2015-09-11 20:30:00,3.0,100430.0,287.9,0.15
2015-09-11 20:45:00,2.9,100430.0,287.85,0.15
2015-09-11 21:00:00,2.9,100430.0,287.45,0.15
2015-09-11 21:15:00,2.9,100430.0,287.25,0.15
2015-09-11 21:30:00,2.8,100420.0,287.25,0.15
2015-09-11 21:45:00,2.8,100430.0,287.25,0.15
2015-09-11 22:00:00,2.7,100430.0,286.95,0.15
2015-09-11 22:15:00,2.4,100430.0,286.75,0.15
2015-09-11 22:30:00,2.4,100425.0,286.6,0.15
2015-09-11 22:45:00,2.6,100410.0,286.54999999999995,0.15
2015-09-11 23:00:00,2.4000000000000004,100410.0,286.4,0.15
2015-09-11 23:15:00,2.2,100410.0,285.95,0.15
2015-09-11 23:30:00,2.0,100395.0,286.15,0.15
2015-09-11 23:45:00,2.2,100390.0,285.95,0.15
2015-09-12 00:00:00,2.05,100400.0,286.0,0.15
2015-09-12 00:15:00,2.2,100380.0,286.25,0.15
2015-09-12 00:30:00,2.55,100375.0,286.25,0.15
2015-09-12 00:45:00,2.4,100370.0,286.35,0.15
2015-09-12 01:00:00,2.35,100355.0,286.4,0.15
2015-09-12 01:15:00,2.4,100340.0,286.65,0.15
2015-09-12 01:30:00,2.2,100340.0,286.45,0.15
2015-09-12 01:45:00,2.0,100340.0,286.45,0.15
2015-09-12 02:00:00,1.6,100340.0,286.45,0.15
2015-09-12 02:15:00,1.6,100340.0,286.25,0.15
2015-09-12 02:30:00,1.9,100330.0,286.4,0.15
2015-09-12 02:45:00,1.8,100320.0,286.35,0.15
2015-09-12 03:00:00,2.3,100300.0,286.4,0.15
2015-09-12 03:15:00,1.5,100280.0,286.45,0.15
2015-09-12 03:30:00,2.3,100270.0,286.75,0.15
2015-09-12 03:45:00,3.0,100250.0,286.85,0.15
2015-09-12 04:00:00,2.85,100255.0,286.9,0.15
2015-09-12 04:15:00,2.3,100260.0,287.04999999999995,0.15
2015-09-12 04:30:00,2.0,100270.0,287.0,0.15
2015-09-12 04:45:00,3.1,100270.0,287.04999999999995,0.15
2015-09-12 05:00:00,2.8,100285.0,287.1,0.15
2015-09-12 05:15:00,3.3,100280.0,287.25,0.15
2015-09-12 05:30:00,3.45,100280.0,287.65,0.15
2015-09-12 05:45:00,3.7,100260.0,287.75,0.15
2015-09-12 06:00:00,2.6500000000000004,100295.0,287.9,0.15
2015-09-12 06:15:00,1.9,100310.0,287.75,0.15
2015-09-12 06:30:00,2.7,100275.0,287.79999999999995,0.15
2015-09-12 06:45:00,2.6,100270.0,287.75,0.15
2015-09-12 07:00:00,3.75,100245.0,287.79999999999995,0.15
2015-09-12 07:15:00,3.6,100250.0,287.95,0.15
2015-09-12 07:30:00,4.449999999999999,100230.0,288.25,0.15
2015-09-12 07:45:00,3.9,100230.0,288.45,0.15
2015-09-12 08:00:00,4.550000000000001,100235.0,288.79999999999995,0.15
2015-09-12 08:15:00,4.6,100230.0,288.95,0.15
2015-09-12 08:30:00,4.3,100230.0,289.15,0.15
2015-09-12 08:45:00,5.1,100230.0,289.45,0.15
2015-09-12 09:00:00,5.15,100210.0,290.29999999999995,0.15
2015-09-12 09:15:00,5.1,100200.0,290.65,0.15
2015-09-12 09:30:00,4.75,100210.0,291.79999999999995,0.15
2015-09-12 09:45:00,5.0,100190.0,291.65,0.15
2015-09-12 10:00:00,4.6,100180.0,291.79999999999995,0.15
2015-09-12 10:15:00,4.6,100170.0,291.75,0.15
2015-09-12 10:30:00,3.75,100165.0,291.54999999999995,0.15
2015-09-12 10:45:00,3.2,100170.0,291.75,0.15
2015-09-12 11:00:00,3.35,100160.0,292.5,0.15
2015-09-12 11:15:00,4.1,100150.0,292.25,0.15
2015-09-12 11:30:00,4.3,100145.0,292.95,0.15
2015-09-12 11:45:00,5.5,100150.0,293.65,0.15
2015-09-12 12:00:00,5.05,100140.0,294.0,0.15
2015-09-12 12:15:00,4.3,100140.0,294.65,0.15
2015-09-12 12:30:00,3.8,100115.0,295.5,0.15
2015-09-12 12:45:00,3.8,100100.0,296.04999999999995,0.15
2015-09-12 13:00:00,4.1,100080.0,296.6,0.15
2015-09-12 13:15:00,4.1,100070.0,296.65,0.15
2015-09-12 13:30:00,3.85,100070.0,295.79999999999995,0.15
2015-09-12 13:45:00,2.6,100060.0,295.45,0.15
2015-09-12 14:00:00,2.0,100070.0,295.35,0.15
2015-09-12 14:15:00,0.9,100060.0,295.75,0.15
2015-09-12 14:30:00,2.5,100055.0,296.35,0.15
2015-09-12 14:45:00,2.1,100040.0,296.35,0.15
2015-09-12 15:00:00,1.7,100025.0,296.35,0.15
2015-09-12 15:15:00,1.3,100020.0,295.85,0.15
2015-09-12 15:30:00,1.3,100010.0,295.25,0.15
2015-09-12 15:45:00,1.3,100000.0,295.15,0.15
2015-09-12 16:00:00,1.5499999999999998,99990.0,294.65,0.15
2015-09-12 16:15:00,2.2,99980.0,294.65,0.15
2015-09-12 16:30:00,2.25,99965.0,294.65,0.15
2015-09-12 16:45:00,1.9,99960.0,294.35,0.15
2015-09-12 17:00:00,3.45,100000.0,292.79999999999995,0.15
2015-09-12 17:15:00,8.2,100070.0,291.04999999999995,0.15
2015-09-12 17:30:00,4.1,100100.0,290.29999999999995,0.15
2015-09-12 17:45:00,3.1,100090.0,290.04999999999995,0.15
2015-09-12 18:00:00,0.8500000000000001,100115.0,289.95,0.15
2015-09-12 18:15:00,1.1,100120.0,289.85,0.15
2015-09-12 18:30:00,3.25,100100.0,289.79999999999995,0.15
2015-09-12 18:45:00,3.5,100090.0,289.85,0.15
2015-09-12 19:00:00,3.05,100095.0,289.75,0.15
2015-09-12 19:15:00,2.7,100080.0,289.75,0.15
2015-09-12 19:30:00,3.1,100080.0,289.75,0.15
2015-09-12 19:45:00,2.5,100080.0,289.75,0.15
2015-09-12 20:00:00,2.4,100095.0,289.7,0.15
2015-09-12 20:15:00,2.3,100080.0,289.65,0.15
2015-09-12 20:30:00,2.5,100095.0,289.6,0.15
2015-09-12 20:45:00,2.1,100130.0,289.54999999999995,0.15
2015-09-12 21:00:00,2.05,100110.0,289.54999999999995,0.15
2015-09-12 21:15:00,2.1,100120.0,289.54999999999995,0.15
2015-09-12 21:30:00,2.2,100120.0,289.54999999999995,0.15
2015-09-12 21:45:00,2.3,100100.0,289.45,0.15
2015-09-12 22:00:00,2.35,100105.0,289.4,0.15
2015-09-12 22:15:00,2.9,100110.0,289.54999999999995,0.15
2015-09-12 22:30:00,3.1,100105.0,289.75,0.15
2015-09-12 22:45:00,3.1,100100.0,289.85,0.15
2015-09-12 23:00:00,3.0,100100.0,289.79999999999995,0.15
2015-09-12 23:15:00,3.2,100090.0,289.85,0.15
2015-09-12 23:30:00,2.45,100085.0,290.0,0.15
2015-09-12 23:45:00,2.8,100100.0,290.04999999999995,0.15
2015-09-13 00:00:00,2.85,100095.0,290.15,0.15
2015-09-13 00:15:00,2.3,100090.0,290.35,0.15
2015-09-13 00:30:00,2.45,100080.0,290.65,0.15
2015-09-13 00:45:00,2.9,100080.0,290.65,0.15
2015-09-13 01:00:00,3.25,100070.0,290.5,0.15
2015-09-13 01:15:00,3.0,100050.0,290.45,0.15
2015-09-13 01:30:00,2.5,100050.0,290.15,0.15
2015-09-13 01:45:00,2.9,100050.0,289.95,0.15
2015-09-13 02:00:00,3.55,100040.0,290.15,0.15
2015-09-13 02:15:00,3.4,100030.0,290.04999999999995,0.15
2015-09-13 02:30:00,3.1,100025.0,289.65,0.15
2015-09-13 02:45:00,3.3,100010.0,289.65,0.15
2015-09-13 03:00:00,2.75,100010.0,289.54999999999995,0.15
2015-09-13 03:15:00,2.6,100010.0,289.65,0.15
2015-09-13 03:30:00,2.9,100010.0,289.7,0.15
2015-09-13 03:45:00,3.1,99980.0,289.65,0.15
2015-09-13 04:00:00,2.95,99975.0,289.65,0.15
2015-09-13 04:15:00,2.6,99970.0,289.54999999999995,0.15
2015-09-13 04:30:00,2.6,99965.0,289.5,0.15
2015-09-13 04:45:00,2.3,99980.0,289.54999999999995,0.15
2015-09-13 05:00:00,2.6500000000000004,99980.0,289.54999999999995,0.15
2015-09-13 05:15:00,2.6,99980.0,289.65,0.15
2015-09-13 05:30:00,2.2,99985.0,289.65,0.15
2015-09-13 05:45:00,2.6,99990.0,289.75,0.15
2015-09-13 06:00:00,2.15,99995.0,289.9,0.15
2015-09-13 06:15:00,1.6,100000.0,290.15,0.15
2015-09-13 06:30:00,0.75,99985.0,290.35,0.15
2015-09-13 06:45:00,1.0,99980.0,290.65,0.15
2015-09-13 07:00:00,1.2000000000000002,99975.0,290.9,0.15
2015-09-13 07:15:00,1.6,99950.0,291.25,0.15
2015-09-13 07:30:00,2.45,99945.0,291.65,0.15
2015-09-13 07:45:00,3.3,99930.0,291.65,0.15
2015-09-13 08:00:00,3.15,99925.0,292.2,0.15
2015-09-13 08:15:00,3.0,99910.0,292.15,0.15
2015-09-13 08:30:00,3.1,99900.0,292.15,0.15
2015-09-13 08:45:00,2.9,99920.0,292.35,0.15
2015-09-13 09:00:00,2.95,99900.0,292.45,0.15
2015-09-13 09:15:00,3.3,99870.0,292.95,0.15
2015-09-13 09:30:00,4.15,99870.0,293.1,0.15
2015-09-13 09:45:00,4.2,99830.0,293.54999999999995,0.15
2015-09-13 10:00:00,4.6,99820.0,293.0,0.15
2015-09-13 10:15:00,3.9,99790.0,292.75,0.15
2015-09-13 10:30:00,3.45,99780.0,292.85,0.15
2015-09-13 10:45:00,3.9,99780.0,292.95,0.15
2015-09-13 11:00:00,3.8,99780.0,293.25,0.15
2015-09-13 11:15:00,4.7,99750.0,293.25,0.15
2015-09-13 11:30:00,4.550000000000001,99765.0,293.04999999999995,0.15
2015-09-13 11:45:00,5.3,99730.0,293.04999999999995,0.15
2015-09-13 12:00:00,4.15,99725.0,292.65,0.15
2015-09-13 12:15:00,4.7,99720.0,292.45,0.15
2015-09-13 12:30:00,4.1,99700.0,292.2,0.15
2015-09-13 12:45:00,4.7,99700.0,291.54999999999995,0.15
2015-09-13 13:00:00,4.300000000000001,99685.0,291.25,0.15
2015-09-13 13:15:00,3.8,99660.0,290.95,0.15
2015-09-13 13:30:00,4.05,99645.0,291.1,0.15
2015-09-13 13:45:00,4.3,99620.0,291.25,0.15
2015-09-13 14:00:00,4.5,99615.0,291.4,0.15
2015-09-13 14:15:00,4.5,99600.0,291.45,0.15
2015-09-13 14:30:00,4.55,99585.0,291.35,0.15
2015-09-13 14:45:00,4.5,99560.0,291.35,0.15
2015-09-13 15:00:00,4.550000000000001,99530.0,291.29999999999995,0.15
2015-09-13 15:15:00,4.8,99480.0,291.35,0.15
2015-09-13 15:30:00,4.9,99440.0,291.6,0.15
2015-09-13 15:45:00,5.1,99410.0,291.75,0.15
2015-09-13 16:00:00,5.35,99380.0,292.2,0.15
2015-09-13 16:15:00,5.0,99360.0,292.04999999999995,0.15
2015-09-13 16:30:00,4.85,99355.0,292.0,0.15
2015-09-13 16:45:00,4.4,99340.0,291.65,0.15
2015-09-13 17:00:00,4.9,99330.0,291.54999999999995,0.15
2015-09-13 17:15:00,4.2,99320.0,291.54999999999995,0.15
2015-09-13 17:30:00,3.9,99305.0,291.25,0.15
2015-09-13 17:45:00,3.1,99290.0,290.75,0.15
2015-09-13 18:00:00,1.6,99295.0,290.54999999999995,0.15
2015-09-13 18:15:00,1.7,99300.0,290.45,0.15
2015-09-13 18:30:00,2.2,99300.0,290.1,0.15
2015-09-13 18:45:00,1.4,99280.0,290.04999999999995,0.15
2015-09-13 19:00:00,2.25,99285.0,290.04999999999995,0.15
2015-09-13 19:15:00,3.0,99260.0,290.15,0.15
2015-09-13 19:30:00,3.0,99255.0,290.6,0.15
2015-09-13 19:45:00,3.1,99240.0,290.65,0.15
2015-09-13 20:00:00,2.9,99240.0,290.9,0.15
2015-09-13 20:15:00,3.0,99230.0,291.04999999999995,0.15
2015-09-13 20:30:00,2.35,99225.0,291.04999999999995,0.15
2015-09-13 20:45:00,2.0,99230.0,291.15,0.15
2015-09-13 21:00:00,2.55,99235.0,291.15,0.15
2015-09-13 21:15:00,3.0,99240.0,291.04999999999995,0.15
2015-09-13 21:30:00,2.5,99255.0,290.79999999999995,0.15
2015-09-13 21:45:00,2.5,99270.0,290.35,0.15
2015-09-13 22:00:00,2.7,99255.0,290.35,0.15
2015-09-13 22:15:00,2.7,99250.0,290.54999999999995,0.15
2015-09-13 22:30:00,2.5,99225.0,290.35,0.15
2015-09-13 22:45:00,2.5,99210.0,290.65,0.15
2015-09-13 23:00:00,2.8,99230.0,290.25,0.15
2015-09-13 23:15:00,2.3,99220.0,290.45,0.15
2015-09-13 23:30:00,1.65,99195.0,290.6,0.15
2015-09-13 23:45:00,2.0,99180.0,290.25,0.15
2015-09-14 00:00:00,1.7999999999999998,99165.0,290.2,0.15
2015-09-14 00:15:00,2.7,99160.0,290.35,0.15
2015-09-14 00:30:00,2.65,99160.0,290.2,0.15
2015-09-14 00:45:00,3.0,99170.0,290.25,0.15
2015-09-14 01:00:00,2.85,99180.0,290.2,0.15
2015-09-14 01:15:00,2.7,99180.0,290.15,0.15
2015-09-14 01:30:00,2.5,99155.0,290.0,0.15
2015-09-14 01:45:00,2.6,99150.0,289.85,0.15
2015-09-14 02:00:00,2.6,99135.0,289.75,0.15
2015-09-14 02:15:00,2.3,99120.0,289.75,0.15
2015-09-14 02:30:00,2.85,99115.0,289.85,0.15
2015-09-14 02:45:00,2.0,99100.0,289.85,0.15
2015-09-14 03:00:00,2.25,99085.0,289.75,0.15
2015-09-14 03:15:00,3.3,99070.0,289.65,0.15
2015-09-14 03:30:00,2.65,99065.0,289.6,0.15
2015-09-14 03:45:00,2.5,99050.0,289.65,0.15
2015-09-14 04:00:00,3.0,99050.0,289.6,0.15
2015-09-14 04:15:00,3.0,99050.0,289.65,0.15
2015-09-14 04:30:00,3.2,99020.0,289.5,0.15
2015-09-14 04:45:00,3.7,99030.0,289.45,0.15
2015-09-14 05:00:00,3.75,99060.0,289.35,0.15
2015-09-14 05:15:00,4.2,99070.0,289.45,0.15
2015-09-14 05:30:00,3.55,99045.0,289.5,0.15
2015-09-14 05:45:00,3.3,99070.0,289.45,0.15
2015-09-14 06:00:00,3.65,99060.0,289.6,0.15
2015-09-14 06:15:00,3.1,99060.0,289.65,0.15
2015-09-14 06:30:00,2.8,99035.0,289.7,0.15
2015-09-14 06:45:00,2.9,99030.0,289.85,0.15
2015-09-14 07:00:00,3.0,99015.0,290.0,0.15
2015-09-14 07:15:00,3.3,99020.0,289.95,0.15
2015-09-14 07:30:00,3.65,99045.0,290.0,0.15
2015-09-14 07:45:00,3.3,99040.0,290.35,0.15
2015-09-14 08:00:00,3.5,99070.0,291.0,0.15
2015-09-14 08:15:00,3.5,99060.0,291.15,0.15
2015-09-14 08:30:00,3.25,99065.0,292.29999999999995,0.15
2015-09-14 08:45:00,4.1,99060.0,292.65,0.15
2015-09-14 09:00:00,5.800000000000001,99065.0,292.85,0.15
2015-09-14 09:15:00,5.8,99060.0,292.54999999999995,0.15
2015-09-14 09:30:00,5.35,99060.0,293.6,0.15
2015-09-14 09:45:00,6.2,99070.0,292.75,0.15
2015-09-14 10:00:00,6.1,99030.0,293.2,0.15
2015-09-14 10:15:00,6.6,99030.0,293.04999999999995,0.15
2015-09-14 10:30:00,6.85,99025.0,293.45,0.15
2015-09-14 10:45:00,5.3,99020.0,293.75,0.15
2015-09-14 11:00:00,4.65,99010.0,293.4,0.15
2015-09-14 11:15:00,4.2,98990.0,293.54999999999995,0.15
2015-09-14 11:30:00,5.949999999999999,98975.0,294.29999999999995,0.15
2015-09-14 11:45:00,6.5,98970.0,294.15,0.15
2015-09-14 12:00:00,7.05,98950.0,294.65,0.15
2015-09-14 12:15:00,7.9,98940.0,294.85,0.15
2015-09-14 12:30:00,6.45,98935.0,294.25,0.15
2015-09-14 12:45:00,7.5,98950.0,294.85,0.15
2015-09-14 13:00:00,6.85,98945.0,294.04999999999995,0.15
2015-09-14 13:15:00,5.3,98950.0,293.75,0.15
2015-09-14 13:30:00,4.85,98945.0,293.1,0.15
2015-09-14 13:45:00,4.3,98960.0,292.54999999999995,0.15
2015-09-14 14:00:00,6.3,99010.0,290.35,0.15
2015-09-14 14:15:00,4.5,99000.0,290.54999999999995,0.15
2015-09-14 14:30:00,4.4,99005.0,290.95,0.15
2015-09-14 14:45:00,3.9,99000.0,292.04999999999995,0.15
2015-09-14 15:00:00,4.35,98990.0,291.5,0.15
2015-09-14 15:15:00,4.6,99000.0,291.35,0.15
2015-09-14 15:30:00,5.25,99010.0,291.65,0.15
2015-09-14 15:45:00,7.1,99040.0,292.04999999999995,0.15
2015-09-14 16:00:00,7.15,99040.0,291.65,0.15
2015-09-14 16:15:00,6.5,99050.0,291.35,0.15
2015-09-14 16:30:00,6.0,99045.0,292.0,0.15
2015-09-14 16:45:00,5.7,99050.0,291.85,0.15
2015-09-14 17:00:00,6.6,99065.0,291.79999999999995,0.15
2015-09-14 17:15:00,6.8,99080.0,291.45,0.15
2015-09-14 17:30:00,5.0,99110.0,290.85,0.15
2015-09-14 17:45:00,4.2,99130.0,290.54999999999995,0.15
2015-09-14 18:00:00,5.85,99145.0,290.75,0.15
2015-09-14 18:15:00,4.8,99170.0,290.15,0.15
2015-09-14 18:30:00,5.65,99195.0,290.1,0.15
2015-09-14 18:45:00,4.8,99230.0,289.95,0.15
2015-09-14 19:00:00,5.35,99250.0,290.0,0.15
2015-09-14 19:15:00,4.5,99260.0,289.54999999999995,0.15
2015-09-14 19:30:00,3.75,99295.0,289.25,0.15
2015-09-14 19:45:00,4.1,99320.0,288.54999999999995,0.15
2015-09-14 20:00:00,4.449999999999999,99335.0,288.75,0.15
2015-09-14 20:15:00,4.7,99360.0,287.95,0.15
2015-09-14 20:30:00,2.9,99375.0,287.4,0.15
2015-09-14 20:45:00,3.1,99390.0,286.75,0.15
2015-09-14 21:00:00,4.0,99425.0,287.65,0.15
2015-09-14 21:15:00,4.7,99470.0,287.65,0.15
2015-09-14 21:30:00,5.4,99475.0,287.45,0.15
2015-09-14 21:45:00,5.4,99460.0,287.15,0.15
2015-09-14 22:00:00,4.6,99475.0,286.95,0.15
2015-09-14 22:15:00,4.5,99500.0,286.75,0.15
2015-09-14 22:30:00,4.550000000000001,99505.0,286.45,0.15
2015-09-14 22:45:00,4.8,99510.0,286.54999999999995,0.15
2015-09-14 23:00:00,4.3,99495.0,286.4,0.15
2015-09-14 23:15:00,5.4,99490.0,286.35,0.15
2015-09-14 23:30:00,4.3,99495.0,285.79999999999995,0.15
2015-09-14 23:45:00,4.1,99500.0,285.75,0.15
2015-09-15 00:00:00,3.8,99525.0,286.2,0.15
2015-09-15 00:15:00,3.4,99500.0,286.65,0.15
2015-09-15 00:30:00,3.3,99510.0,286.45,0.15
2015-09-15 00:45:00,3.3,99510.0,285.75,0.15
2015-09-15 01:00:00,3.45,99490.0,285.15,0.15
2015-09-15 01:15:00,3.8,99490.0,284.65,0.15
2015-09-15 01:30:00,3.25,99475.0,284.7,0.15
2015-09-15 01:45:00,2.9,99480.0,284.85,0.15
2015-09-15 02:00:00,3.25,99480.0,284.4,0.15
2015-09-15 02:15:00,3.3,99480.0,284.04999999999995,0.15
2015-09-15 02:30:00,3.35,99475.0,284.85,0.15
2015-09-15 02:45:00,2.9,99460.0,284.35,0.15
2015-09-15 03:00:00,2.85,99470.0,284.6,0.15
2015-09-15 03:15:00,3.3,99440.0,284.65,0.15
2015-09-15 03:30:00,3.8,99430.0,284.95,0.15
2015-09-15 03:45:00,4.0,99420.0,284.95,0.15
2015-09-15 04:00:00,3.75,99410.0,285.4,0.15
2015-09-15 04:15:00,3.6,99400.0,285.85,0.15
2015-09-15 04:30:00,2.95,99410.0,285.65,0.15
2015-09-15 04:45:00,2.5,99410.0,285.75,0.15
2015-09-15 05:00:00,3.2,99400.0,285.79999999999995,0.15
2015-09-15 05:15:00,2.7,99380.0,285.85,0.15
2015-09-15 05:30:00,3.35,99370.0,285.85,0.15
2015-09-15 05:45:00,3.8,99360.0,285.85,0.15
2015-09-15 06:00:00,4.449999999999999,99365.0,286.1,0.15
2015-09-15 06:15:00,4.6,99360.0,286.15,0.15
2015-09-15 06:30:00,4.4,99345.0,286.04999999999995,0.15
2015-09-15 06:45:00,4.0,99350.0,286.15,0.15
2015-09-15 07:00:00,4.4,99320.0,286.29999999999995,0.15
2015-09-15 07:15:00,3.9,99330.0,286.45,0.15
2015-09-15 07:30:00,3.95,99330.0,286.6,0.15
2015-09-15 07:45:00,4.9,99330.0,286.54999999999995,0.15
2015-09-15 08:00:00,4.25,99325.0,286.45,0.15
2015-09-15 08:15:00,4.6,99300.0,286.25,0.15
2015-09-15 08:30:00,3.8,99290.0,286.2,0.15
2015-09-15 08:45:00,4.8,99310.0,286.75,0.15
2015-09-15 09:00:00,4.9,99310.0,287.1,0.15
2015-09-15 09:15:00,3.2,99310.0,287.25,0.15
2015-09-15 09:30:00,4.8,99300.0,287.7,0.15
2015-09-15 09:45:00,6.4,99300.0,287.75,0.15
2015-09-15 10:00:00,5.75,99290.0,287.95,0.15
2015-09-15 10:15:00,5.6,99280.0,287.75,0.15
2015-09-15 10:30:00,6.4,99285.0,288.4,0.15
2015-09-15 10:45:00,5.7,99290.0,289.25,0.15
2015-09-15 11:00:00,6.75,99295.0,289.1,0.15
2015-09-15 11:15:00,7.7,99270.0,289.35,0.15
2015-09-15 11:30:00,7.5,99285.0,289.45,0.15
2015-09-15 11:45:00,7.7,99300.0,289.95,0.15
2015-09-15 12:00:00,8.5,99300.0,290.7,0.15
2015-09-15 12:15:00,7.8,99290.0,291.04999999999995,0.15
2015-09-15 12:30:00,8.45,99295.0,291.4,0.15
2015-09-15 12:45:00,8.0,99310.0,291.54999999999995,0.15
2015-09-15 13:00:00,7.2,99315.0,291.45,0.15
2015-09-15 13:15:00,8.0,99320.0,291.25,0.15
2015-09-15 13:30:00,8.05,99320.0,291.75,0.15
2015-09-15 13:45:00,8.7,99310.0,291.95,0.15
2015-09-15 14:00:00,7.5,99315.0,291.5,0.15
2015-09-15 14:15:00,7.6,99320.0,291.85,0.15
2015-09-15 14:30:00,8.55,99315.0,291.79999999999995,0.15
2015-09-15 14:45:00,8.3,99330.0,291.25,0.15
2015-09-15 15:00:00,6.800000000000001,99325.0,291.45,0.15
2015-09-15 15:15:00,5.5,99320.0,291.75,0.15
2015-09-15 15:30:00,6.65,99310.0,291.5,0.15
2015-09-15 15:45:00,7.2,99310.0,291.54999999999995,0.15
2015-09-15 16:00:00,6.9,99300.0,291.54999999999995,0.15
2015-09-15 16:15:00,6.3,99310.0,291.35,0.15
2015-09-15 16:30:00,6.55,99310.0,291.15,0.15
2015-09-15 16:45:00,5.1,99330.0,290.95,0.15
2015-09-15 17:00:00,5.0,99340.0,290.5,0.15
2015-09-15 17:15:00,4.9,99360.0,289.85,0.15
2015-09-15 17:30:00,3.95,99370.0,289.65,0.15
2015-09-15 17:45:00,3.7,99360.0,288.85,0.15
2015-09-15 18:00:00,3.6,99360.0,288.5,0.15
2015-09-15 18:15:00,3.1,99340.0,288.15,0.15
2015-09-15 18:30:00,3.0,99320.0,287.45,0.15
2015-09-15 18:45:00,2.8,99330.0,287.85,0.15
2015-09-15 19:00:00,3.6,99325.0,288.1,0.15
2015-09-15 19:15:00,3.3,99310.0,287.85,0.15
2015-09-15 19:30:00,3.4,99315.0,287.45,0.15
2015-09-15 19:45:00,3.5,99340.0,287.25,0.15
2015-09-15 20:00:00,3.5,99305.0,287.54999999999995,0.15
2015-09-15 20:15:00,3.6,99310.0,286.95,0.15
2015-09-15 20:30:00,3.5,99285.0,286.9,0.15
2015-09-15 20:45:00,3.7,99250.0,287.04999999999995,0.15
2015-09-15 21:00:00,3.8,99250.0,286.95,0.15
2015-09-15 21:15:00,3.5,99240.0,287.04999999999995,0.15
2015-09-15 21:30:00,3.3,99210.0,286.9,0.15
2015-09-15 21:45:00,3.4,99230.0,287.04999999999995,0.15
2015-09-15 22:00:00,3.65,99210.0,286.9,0.15
2015-09-15 22:15:00,4.0,99200.0,286.85,0.15
2015-09-15 22:30:00,3.85,99190.0,286.85,0.15
2015-09-15 22:45:00,3.4,99180.0,286.95,0.15
2015-09-15 23:00:00,2.85,99145.0,286.95,0.15
2015-09-15 23:15:00,2.5,99120.0,286.85,0.15
2015-09-15 23:30:00,2.35,99105.0,286.9,0.15
2015-09-15 23:45:00,3.1,99090.0,286.54999999999995,0.15
2015-09-16 00:00:00,3.85,99085.0,286.4,0.15
2015-09-16 00:15:00,4.3,99090.0,286.15,0.15
2015-09-16 00:30:00,4.65,99085.0,286.1,0.15
2015-09-16 00:45:00,3.9,99070.0,286.04999999999995,0.15
2015-09-16 01:00:00,3.35,99045.0,286.1,0.15
2015-09-16 01:15:00,3.4,99030.0,286.15,0.15
2015-09-16 01:30:00,3.75,99000.0,286.1,0.15
2015-09-16 01:45:00,4.3,98960.0,286.04999999999995,0.15
2015-09-16 02:00:00,4.75,98955.0,286.1,0.15
2015-09-16 02:15:00,5.7,98880.0,286.04999999999995,0.15
2015-09-16 02:30:00,5.95,98875.0,286.2,0.15
2015-09-16 02:45:00,5.9,98830.0,286.25,0.15
2015-09-16 03:00:00,5.550000000000001,98810.0,286.4,0.15
2015-09-16 03:15:00,5.2,98770.0,286.45,0.15
2015-09-16 03:30:00,5.6,98725.0,286.6,0.15
2015-09-16 03:45:00,6.9,98700.0,286.65,0.15
2015-09-16 04:00:00,6.9,98675.0,286.5,0.15
2015-09-16 04:15:00,5.9,98650.0,286.45,0.15
2015-09-16 04:30:00,5.4,98620.0,286.6,0.15
2015-09-16 04:45:00,5.3,98580.0,286.65,0.15
2015-09-16 05:00:00,5.15,98555.0,286.9,0.15
2015-09-16 05:15:00,5.3,98550.0,287.15,0.15
2015-09-16 05:30:00,4.9,98560.0,287.29999999999995,0.15
2015-09-16 05:45:00,4.5,98560.0,287.45,0.15
2015-09-16 06:00:00,5.55,98550.0,287.5,0.15
2015-09-16 06:15:00,5.6,98530.0,287.54999999999995,0.15
2015-09-16 06:30:00,6.25,98525.0,287.65,0.15
2015-09-16 06:45:00,5.3,98520.0,287.85,0.15
2015-09-16 07:00:00,5.449999999999999,98525.0,288.1,0.15
2015-09-16 07:15:00,5.6,98520.0,288.15,0.15
2015-09-16 07:30:00,6.1,98510.0,288.25,0.15
2015-09-16 07:45:00,5.5,98510.0,288.45,0.15
2015-09-16 08:00:00,5.300000000000001,98505.0,288.75,0.15
2015-09-16 08:15:00,5.5,98530.0,288.85,0.15
2015-09-16 08:30:00,5.300000000000001,98530.0,289.04999999999995,0.15
2015-09-16 08:45:00,5.3,98520.0,289.25,0.15
2015-09-16 09:00:00,5.550000000000001,98500.0,289.04999999999995,0.15
2015-09-16 09:15:00,5.5,98500.0,288.75,0.15
2015-09-16 09:30:00,5.75,98480.0,288.9,0.15
2015-09-16 09:45:00,6.3,98470.0,289.04999999999995,0.15
2015-09-16 10:00:00,5.699999999999999,98465.0,289.2,0.15
2015-09-16 10:15:00,5.6,98460.0,289.15,0.15
2015-09-16 10:30:00,5.05,98450.0,289.29999999999995,0.15
2015-09-16 10:45:00,6.5,98440.0,289.45,0.15
2015-09-16 11:00:00,6.449999999999999,98410.0,289.4,0.15
2015-09-16 11:15:00,6.4,98400.0,289.35,0.15
2015-09-16 11:30:00,6.449999999999999,98395.0,289.45,0.15
2015-09-16 11:45:00,5.9,98400.0,289.65,0.15
2015-09-16 12:00:00,6.35,98365.0,289.95,0.15
2015-09-16 12:15:00,6.0,98340.0,290.04999999999995,0.15
2015-09-16 12:30:00,5.9,98335.0,290.35,0.15
2015-09-16 12:45:00,6.2,98340.0,290.85,0.15
2015-09-16 13:00:00,6.4,98335.0,291.2,0.15
2015-09-16 13:15:00,5.9,98320.0,291.45,0.15
2015-09-16 13:30:00,6.25,98310.0,291.7,0.15
2015-09-16 13:45:00,6.8,98300.0,291.85,0.15
2015-09-16 14:00:00,6.75,98295.0,292.35,0.15
2015-09-16 14:15:00,7.0,98270.0,292.54999999999995,0.15
2015-09-16 14:30:00,6.15,98250.0,292.6,0.15
2015-09-16 14:45:00,5.7,98200.0,292.75,0.15
2015-09-16 15:00:00,6.15,98230.0,292.9,0.15
2015-09-16 15:15:00,7.5,98210.0,293.15,0.15
2015-09-16 15:30:00,6.65,98225.0,292.7,0.15
2015-09-16 15:45:00,6.3,98200.0,292.35,0.15
2015-09-16 16:00:00,6.300000000000001,98210.0,292.04999999999995,0.15
2015-09-16 16:15:00,4.2,98180.0,291.54999999999995,0.15
2015-09-16 16:30:00,4.05,98225.0,291.5,0.15
2015-09-16 16:45:00,4.4,98200.0,291.35,0.15
2015-09-16 17:00:00,4.1,98110.0,291.29999999999995,0.15
2015-09-16 17:15:00,3.6,98230.0,291.35,0.15
2015-09-16 17:30:00,5.4,98230.0,291.75,0.15
2015-09-16 17:45:00,5.8,98170.0,291.65,0.15
2015-09-16 18:00:00,4.9,98170.0,291.29999999999995,0.15
2015-09-16 18:15:00,4.9,98220.0,290.85,0.15
2015-09-16 18:30:00,5.65,98280.0,291.4,0.15
2015-09-16 18:45:00,6.1,98280.0,291.95,0.15
2015-09-16 19:00:00,6.35,98310.0,292.15,0.15
2015-09-16 19:15:00,5.9,98280.0,292.15,0.15
2015-09-16 19:30:00,5.5,98305.0,292.2,0.15
2015-09-16 19:45:00,5.4,98350.0,292.15,0.15
2015-09-16 20:00:00,6.95,98310.0,292.35,0.15
2015-09-16 20:15:00,7.0,98320.0,292.45,0.15
2015-09-16 20:30:00,7.95,98365.0,291.9,0.15
2015-09-16 20:45:00,7.1,98400.0,291.85,0.15
2015-09-16 21:00:00,6.85,98425.0,291.79999999999995,0.15
2015-09-16 21:15:00,6.6,98420.0,291.54999999999995,0.15
2015-09-16 21:30:00,4.35,98440.0,291.35,0.15
2015-09-16 21:45:00,6.6,98410.0,291.45,0.15
2015-09-16 22:00:00,11.45,98320.0,291.35,0.15
2015-09-16 22:15:00,10.2,98270.0,290.75,0.15
2015-09-16 22:30:00,7.85,98370.0,290.9,0.15
2015-09-16 22:45:00,7.9,98360.0,291.25,0.15
2015-09-16 23:00:00,7.5,98400.0,290.95,0.15
2015-09-16 23:15:00,7.2,98430.0,290.45,0.15
2015-09-16 23:30:00,5.85,98420.0,290.35,0.15
2015-09-16 23:45:00,5.9,98440.0,289.45,0.15
2015-09-17 00:00:00,4.699999999999999,98470.0,289.29999999999995,0.15
2015-09-17 00:15:00,4.0,98460.0,289.04999999999995,0.15
2015-09-17 00:30:00,4.4,98475.0,289.15,0.15
2015-09-17 00:45:00,4.3,98500.0,289.15,0.15
2015-09-17 01:00:00,5.75,98560.0,289.35,0.15
2015-09-17 01:15:00,6.1,98540.0,289.54999999999995,0.15
2015-09-17 01:30:00,7.15,98535.0,289.4,0.15
2015-09-17 01:45:00,7.0,98510.0,289.15,0.15
2015-09-17 02:00:00,5.8,98530.0,289.04999999999995,0.15
2015-09-17 02:15:00,4.8,98530.0,289.25,0.15
2015-09-17 02:30:00,4.0,98495.0,289.35,0.15
2015-09-17 02:45:00,3.7,98500.0,289.25,0.15
2015-09-17 03:00:00,4.25,98500.0,289.15,0.15
2015-09-17 03:15:00,5.0,98460.0,289.95,0.15
2015-09-17 03:30:00,5.3,98495.0,289.9,0.15
2015-09-17 03:45:00,5.6,98460.0,290.15,0.15
2015-09-17 04:00:00,4.550000000000001,98475.0,289.85,0.15
2015-09-17 04:15:00,4.4,98470.0,290.25,0.15
2015-09-17 04:30:00,4.6,98510.0,290.2,0.15
2015-09-17 04:45:00,5.0,98540.0,290.25,0.15
2015-09-17 05:00:00,4.0,98560.0,290.15,0.15
2015-09-17 05:15:00,4.3,98580.0,289.65,0.15
2015-09-17 05:30:00,4.35,98600.0,289.75,0.15
2015-09-17 05:45:00,4.7,98570.0,289.45,0.15
2015-09-17 06:00:00,4.4,98600.0,289.5,0.15
2015-09-17 06:15:00,4.0,98570.0,289.54999999999995,0.15
2015-09-17 06:30:00,3.95,98635.0,289.35,0.15
2015-09-17 06:45:00,4.3,98580.0,289.65,0.15
2015-09-17 07:00:00,3.2,98620.0,289.9,0.15
2015-09-17 07:15:00,3.5,98660.0,289.54999999999995,0.15
2015-09-17 07:30:00,2.7,98725.0,289.7,0.15
2015-09-17 07:45:00,2.7,98730.0,290.35,0.15
2015-09-17 08:00:00,3.2,98640.0,290.35,0.15
2015-09-17 08:15:00,2.9,98750.0,290.15,0.15
2015-09-17 08:30:00,2.8,98770.0,290.54999999999995,0.15
2015-09-17 08:45:00,3.1,98730.0,290.95,0.15
2015-09-17 09:00:00,3.8,98730.0,291.0,0.15
2015-09-17 09:15:00,5.4,98800.0,291.35,0.15
2015-09-17 09:30:00,6.4,98820.0,291.5,0.15
2015-09-17 09:45:00,5.6,98820.0,291.54999999999995,0.15
2015-09-17 10:00:00,6.4,98885.0,291.35,0.15
2015-09-17 10:15:00,5.8,98880.0,291.35,0.15
2015-09-17 10:30:00,6.5,98870.0,291.2,0.15
2015-09-17 10:45:00,5.1,98870.0,291.25,0.15
2015-09-17 11:00:00,5.65,98925.0,291.15,0.15
2015-09-17 11:15:00,5.6,98930.0,291.25,0.15
2015-09-17 11:30:00,6.75,98965.0,291.04999999999995,0.15
2015-09-17 11:45:00,6.1,98990.0,291.04999999999995,0.15
2015-09-17 12:00:00,5.9,98980.0,291.0,0.15
2015-09-17 12:15:00,6.2,99010.0,290.95,0.15
2015-09-17 12:30:00,7.4,99045.0,290.9,0.15
2015-09-17 12:45:00,5.2,99010.0,290.95,0.15
2015-09-17 13:00:00,5.25,99065.0,291.04999999999995,0.15
2015-09-17 13:15:00,5.3,99050.0,291.45,0.15
2015-09-17 13:30:00,5.2,99045.0,291.15,0.15
2015-09-17 13:45:00,5.4,99110.0,290.95,0.15
2015-09-17 14:00:00,5.85,99140.0,290.85,0.15
2015-09-17 14:15:00,5.1,99170.0,290.15,0.15
2015-09-17 14:30:00,5.6,99180.0,289.4,0.15
2015-09-17 14:45:00,5.0,99150.0,289.95,0.15
2015-09-17 15:00:00,4.55,99165.0,289.85,0.15
2015-09-17 15:15:00,3.3,99180.0,289.75,0.15
2015-09-17 15:30:00,4.65,99230.0,289.45,0.15
2015-09-17 15:45:00,3.4,99300.0,288.75,0.15
2015-09-17 16:00:00,4.85,99355.0,288.29999999999995,0.15
2015-09-17 16:15:00,5.7,99410.0,288.25,0.15
2015-09-17 16:30:00,4.5,99450.0,288.0,0.15
2015-09-17 16:45:00,3.6,99490.0,287.85,0.15
2015-09-17 17:00:00,2.45,99525.0,287.85,0.15
2015-09-17 17:15:00,3.2,99560.0,287.95,0.15
2015-09-17 17:30:00,3.4000000000000004,99600.0,287.9,0.15
2015-09-17 17:45:00,2.4,99650.0,287.65,0.15
2015-09-17 18:00:00,1.95,99670.0,287.5,0.15
2015-09-17 18:15:00,1.2,99690.0,287.54999999999995,0.15
2015-09-17 18:30:00,2.2,99710.0,287.25,0.15
2015-09-17 18:45:00,2.1,99740.0,286.75,0.15
2015-09-17 19:00:00,1.4500000000000002,99765.0,286.6,0.15
2015-09-17 19:15:00,2.1,99770.0,286.35,0.15
2015-09-17 19:30:00,2.0,99785.0,286.5,0.15
2015-09-17 19:45:00,1.8,99810.0,285.35,0.15
2015-09-17 20:00:00,1.7999999999999998,99840.0,284.65,0.15
2015-09-17 20:15:00,2.3,99860.0,284.45,0.15
2015-09-17 20:30:00,2.05,99885.0,285.15,0.15
2015-09-17 20:45:00,1.8,99900.0,284.85,0.15
2015-09-17 21:00:00,1.35,99905.0,285.1,0.15
2015-09-17 21:15:00,2.3,99910.0,284.65,0.15
2015-09-17 21:30:00,1.75,99930.0,284.95,0.15
2015-09-17 21:45:00,2.5,99960.0,284.65,0.15
2015-09-17 22:00:00,1.8,99975.0,284.6,0.15
2015-09-17 22:15:00,1.5,100000.0,284.95,0.15
2015-09-17 22:30:00,2.35,100010.0,285.5,0.15
2015-09-17 22:45:00,2.1,100010.0,285.85,0.15
2015-09-17 23:00:00,2.7,100025.0,285.75,0.15
2015-09-17 23:15:00,2.6,100030.0,285.65,0.15
2015-09-17 23:30:00,2.25,100040.0,285.85,0.15
2015-09-17 23:45:00,2.6,100050.0,285.75,0.15
2015-09-18 00:00:00,2.1,100040.0,285.9,0.15
2015-09-18 00:15:00,2.2,100050.0,285.95,0.15
2015-09-18 00:30:00,1.85,100050.0,285.95,0.15
2015-09-18 00:45:00,1.7,100050.0,285.95,0.15
2015-09-18 01:00:00,0.9,100060.0,286.0,0.15
2015-09-18 01:15:00,1.0,100060.0,286.15,0.15
2015-09-18 01:30:00,1.4,100070.0,286.1,0.15
2015-09-18 01:45:00,1.7,100090.0,285.75,0.15
2015-09-18 02:00:00,2.6,100105.0,285.65,0.15
2015-09-18 02:15:00,3.0,100100.0,285.65,0.15
2015-09-18 02:30:00,2.8,100105.0,285.79999999999995,0.15
2015-09-18 02:45:00,1.9,100120.0,285.54999999999995,0.15
2015-09-18 03:00:00,2.1,100135.0,285.79999999999995,0.15
2015-09-18 03:15:00,2.4,100140.0,285.45,0.15
2015-09-18 03:30:00,2.25,100155.0,285.35,0.15
2015-09-18 03:45:00,1.3,100160.0,284.75,0.15
2015-09-18 04:00:00,1.95,100160.0,284.85,0.15
2015-09-18 04:15:00,2.1,100160.0,284.75,0.15
2015-09-18 04:30:00,2.4000000000000004,100180.0,284.29999999999995,0.15
2015-09-18 04:45:00,2.2,100190.0,285.04999999999995,0.15
2015-09-18 05:00:00,2.35,100205.0,285.25,0.15
2015-09-18 05:15:00,2.2,100210.0,284.95,0.15
2015-09-18 05:30:00,1.05,100230.0,282.95,0.15
2015-09-18 05:45:00,1.8,100250.0,284.85,0.15
2015-09-18 06:00:00,1.7,100250.0,286.0,0.15
2015-09-18 06:15:00,1.7,100250.0,286.35,0.15
2015-09-18 06:30:00,1.95,100265.0,286.9,0.15
2015-09-18 06:45:00,1.8,100280.0,287.45,0.15
2015-09-18 07:00:00,2.8,100290.0,288.1,0.15
2015-09-18 07:15:00,2.8,100310.0,288.35,0.15
2015-09-18 07:30:00,3.15,100325.0,288.79999999999995,0.15
2015-09-18 07:45:00,3.2,100330.0,288.85,0.15
2015-09-18 08:00:00,3.45,100350.0,288.85,0.15
2015-09-18 08:15:00,3.0,100350.0,289.15,0.15
2015-09-18 08:30:00,3.05,100365.0,289.25,0.15
2015-09-18 08:45:00,3.5,100370.0,289.65,0.15
2015-09-18 09:00:00,3.75,100380.0,289.9,0.15
2015-09-18 09:15:00,4.4,100380.0,289.85,0.15
2015-09-18 09:30:00,4.949999999999999,100385.0,291.25,0.15
2015-09-18 09:45:00,5.9,100390.0,291.25,0.15
2015-09-18 10:00:00,4.1,100390.0,291.45,0.15
2015-09-18 10:15:00,4.2,100390.0,292.15,0.15
2015-09-18 10:30:00,5.2,100395.0,291.9,0.15
2015-09-18 10:45:00,5.2,100390.0,292.45,0.15
2015-09-18 11:00:00,6.5,100400.0,292.75,0.15
2015-09-18 11:15:00,5.9,100410.0,293.04999999999995,0.15
2015-09-18 11:30:00,5.5,100405.0,293.35,0.15
2015-09-18 11:45:00,6.5,100420.0,293.85,0.15
2015-09-18 12:00:00,6.45,100420.0,293.2,0.15
2015-09-18 12:15:00,6.3,100430.0,292.25,0.15
2015-09-18 12:30:00,5.75,100435.0,292.75,0.15
2015-09-18 12:45:00,5.9,100440.0,292.95,0.15
2015-09-18 13:00:00,6.15,100440.0,292.75,0.15
2015-09-18 13:15:00,5.1,100430.0,292.54999999999995,0.15
2015-09-18 13:30:00,4.6,100425.0,293.04999999999995,0.15
2015-09-18 13:45:00,4.2,100420.0,293.25,0.15
2015-09-18 14:00:00,4.0,100405.0,292.85,0.15
2015-09-18 14:15:00,4.2,100390.0,292.85,0.15
2015-09-18 14:30:00,4.85,100395.0,292.75,0.15
2015-09-18 14:45:00,3.6,100390.0,292.75,0.15
2015-09-18 15:00:00,3.25,100390.0,292.7,0.15
2015-09-18 15:15:00,4.5,100390.0,292.35,0.15
2015-09-18 15:30:00,5.449999999999999,100395.0,292.2,0.15
2015-09-18 15:45:00,3.8,100400.0,292.04999999999995,0.15
2015-09-18 16:00:00,3.1,100405.0,291.75,0.15
2015-09-18 16:15:00,3.4,100410.0,291.35,0.15
2015-09-18 16:30:00,3.1500000000000004,100420.0,291.2,0.15
2015-09-18 16:45:00,3.5,100420.0,290.15,0.15
2015-09-18 17:00:00,2.75,100430.0,290.29999999999995,0.15
2015-09-18 17:15:00,1.6,100450.0,290.75,0.15
2015-09-18 17:30:00,2.45,100470.0,290.1,0.15
2015-09-18 17:45:00,2.4,100490.0,290.25,0.15
2015-09-18 18:00:00,2.3,100500.0,290.15,0.15
2015-09-18 18:15:00,2.6,100520.0,289.45,0.15
2015-09-18 18:30:00,2.9,100535.0,289.35,0.15
2015-09-18 18:45:00,3.2,100540.0,289.15,0.15
2015-09-18 19:00:00,2.6,100550.0,288.85,0.15
2015-09-18 19:15:00,3.2,100570.0,289.04999999999995,0.15
2015-09-18 19:30:00,2.1500000000000004,100570.0,287.95,0.15
2015-09-18 19:45:00,2.3,100570.0,288.04999999999995,0.15
2015-09-18 20:00:00,2.3,100575.0,288.25,0.15
2015-09-18 20:15:00,2.1,100580.0,288.15,0.15
2015-09-18 20:30:00,2.45,100590.0,287.9,0.15
2015-09-18 20:45:00,2.7,100580.0,288.25,0.15
2015-09-18 21:00:00,2.9,100590.0,287.54999999999995,0.15
2015-09-18 21:15:00,1.6,100620.0,287.95,0.15
2015-09-18 21:30:00,1.0,100615.0,288.0,0.15
2015-09-18 21:45:00,0.7,100630.0,287.54999999999995,0.15
2015-09-18 22:00:00,1.35,100630.0,287.4,0.15
2015-09-18 22:15:00,2.3,100640.0,287.54999999999995,0.15
2015-09-18 22:30:00,2.55,100640.0,287.4,0.15
2015-09-18 22:45:00,2.1,100640.0,287.25,0.15
2015-09-18 23:00:00,1.8,100640.0,287.04999999999995,0.15
2015-09-18 23:15:00,1.9,100640.0,286.95,0.15
2015-09-18 23:30:00,2.3,100640.0,286.9,0.15
2015-09-18 23:45:00,1.9,100650.0,286.75,0.15
2015-09-19 00:00:00,2.45,100660.0,286.54999999999995,0.15
2015-09-19 00:15:00,2.8,100670.0,286.65,0.15
2015-09-19 00:30:00,2.45,100670.0,286.6,0.15
2015-09-19 00:45:00,2.0,100680.0,286.85,0.15
2015-09-19 01:00:00,2.35,100680.0,286.29999999999995,0.15
2015-09-19 01:15:00,2.5,100680.0,286.04999999999995,0.15
2015-09-19 01:30:00,2.5,100695.0,286.15,0.15
2015-09-19 01:45:00,2.7,100700.0,286.35,0.15
2015-09-19 02:00:00,2.45,100700.0,286.45,0.15
2015-09-19 02:15:00,2.3,100700.0,286.45,0.15
2015-09-19 02:30:00,2.6,100705.0,286.29999999999995,0.15
2015-09-19 02:45:00,2.6,100710.0,286.25,0.15
2015-09-19 03:00:00,2.45,100705.0,286.15,0.15
2015-09-19 03:15:00,2.4,100710.0,286.04999999999995,0.15
2015-09-19 03:30:00,2.3,100710.0,285.9,0.15
2015-09-19 03:45:00,2.1,100700.0,285.85,0.15
2015-09-19 04:00:00,1.8,100705.0,285.79999999999995,0.15
2015-09-19 04:15:00,1.8,100710.0,285.45,0.15
2015-09-19 04:30:00,2.55,100715.0,285.35,0.15
2015-09-19 04:45:00,2.2,100720.0,285.45,0.15
2015-09-19 05:00:00,1.35,100735.0,285.6,0.15
2015-09-19 05:15:00,1.0,100740.0,285.45,0.15
2015-09-19 05:30:00,2.05,100755.0,285.75,0.15
2015-09-19 05:45:00,1.5,100780.0,286.04999999999995,0.15
2015-09-19 06:00:00,1.5,100795.0,286.04999999999995,0.15
2015-09-19 06:15:00,1.4,100810.0,286.15,0.15
2015-09-19 06:30:00,1.35,100820.0,286.45,0.15
2015-09-19 06:45:00,1.4,100830.0,286.75,0.15
2015-09-19 07:00:00,1.15,100840.0,286.85,0.15
2015-09-19 07:15:00,1.6,100850.0,287.15,0.15
2015-09-19 07:30:00,1.5,100870.0,287.7,0.15
2015-09-19 07:45:00,1.5,100890.0,287.95,0.15
2015-09-19 08:00:00,1.2,100890.0,288.29999999999995,0.15
2015-09-19 08:15:00,1.1,100890.0,289.04999999999995,0.15
2015-09-19 08:30:00,1.45,100895.0,289.35,0.15
2015-09-19 08:45:00,2.1,100900.0,289.65,0.15
2015-09-19 09:00:00,2.1,100905.0,289.65,0.15
2015-09-19 09:15:00,1.6,100920.0,289.04999999999995,0.15
2015-09-19 09:30:00,1.7000000000000002,100920.0,290.65,0.15
2015-09-19 09:45:00,3.3,100920.0,291.35,0.15
2015-09-19 10:00:00,3.2,100925.0,289.65,0.15
2015-09-19 10:15:00,3.2,100930.0,289.25,0.15
2015-09-19 10:30:00,2.5,100940.0,289.7,0.15
2015-09-19 10:45:00,2.4,100940.0,290.54999999999995,0.15
2015-09-19 11:00:00,2.6500000000000004,100945.0,290.79999999999995,0.15
2015-09-19 11:15:00,2.1,100960.0,291.45,0.15
2015-09-19 11:30:00,2.65,100960.0,292.15,0.15
2015-09-19 11:45:00,3.1,100960.0,291.85,0.15
2015-09-19 12:00:00,4.15,100975.0,289.54999999999995,0.15
2015-09-19 12:15:00,3.8,100990.0,288.85,0.15
2015-09-19 12:30:00,3.05,101000.0,288.7,0.15
2015-09-19 12:45:00,2.8,101000.0,289.15,0.15
2015-09-19 13:00:00,3.3,100990.0,289.79999999999995,0.15
2015-09-19 13:15:00,3.3,100990.0,289.95,0.15
2015-09-19 13:30:00,3.05,100990.0,289.9,0.15
2015-09-19 13:45:00,2.8,100990.0,289.95,0.15
2015-09-19 14:00:00,2.95,100990.0,290.04999999999995,0.15
2015-09-19 14:15:00,3.2,101000.0,290.25,0.15
2015-09-19 14:30:00,2.9,100995.0,290.4,0.15
2015-09-19 14:45:00,2.6,101010.0,290.35,0.15
2015-09-19 15:00:00,2.8,101010.0,290.25,0.15
2015-09-19 15:15:00,2.7,101020.0,290.15,0.15
2015-09-19 15:30:00,2.55,101015.0,290.0,0.15
2015-09-19 15:45:00,2.4,101020.0,289.75,0.15
2015-09-19 16:00:00,2.2,101035.0,289.65,0.15
2015-09-19 16:15:00,2.5,101050.0,289.54999999999995,0.15
2015-09-19 16:30:00,2.75,101065.0,288.85,0.15
2015-09-19 16:45:00,2.2,101070.0,288.75,0.15
2015-09-19 17:00:00,1.75,101075.0,288.54999999999995,0.15
2015-09-19 17:15:00,2.2,101090.0,288.35,0.15
2015-09-19 17:30:00,2.2,101110.0,288.2,0.15
2015-09-19 17:45:00,1.8,101130.0,288.04999999999995,0.15
2015-09-19 18:00:00,1.95,101145.0,287.7,0.15
2015-09-19 18:15:00,1.8,101170.0,287.65,0.15
2015-09-19 18:30:00,2.35,101195.0,287.79999999999995,0.15
2015-09-19 18:45:00,3.6,101210.0,287.85,0.15
2015-09-19 19:00:00,2.2,101225.0,287.5,0.15
2015-09-19 19:15:00,2.1,101230.0,287.35,0.15
2015-09-19 19:30:00,1.35,101235.0,287.2,0.15
2015-09-19 19:45:00,1.2,101250.0,287.15,0.15
2015-09-19 20:00:00,1.65,101265.0,287.0,0.15
2015-09-19 20:15:00,1.5,101280.0,286.65,0.15
2015-09-19 20:30:00,1.35,101290.0,286.85,0.15
2015-09-19 20:45:00,1.1,101300.0,287.15,0.15
2015-09-19 21:00:00,1.05,101310.0,286.85,0.15
2015-09-19 21:15:00,1.1,101310.0,286.45,0.15
2015-09-19 21:30:00,1.95,101310.0,286.29999999999995,0.15
2015-09-19 21:45:00,2.2,101320.0,286.45,0.15
2015-09-19 22:00:00,2.0,101305.0,286.6,0.15
2015-09-19 22:15:00,1.8,101310.0,286.45,0.15
2015-09-19 22:30:00,1.0499999999999998,101300.0,286.5,0.15
2015-09-19 22:45:00,0.8,101310.0,286.45,0.15
2015-09-19 23:00:00,1.4,101310.0,286.04999999999995,0.15
2015-09-19 23:15:00,0.9,101310.0,285.95,0.15
2015-09-19 23:30:00,0.45,101310.0,285.75,0.15
2015-09-19 23:45:00,0.1,101310.0,285.25,0.15
2015-09-20 00:00:00,0.05,101300.0,285.0,0.15
2015-09-20 00:15:00,0.1,101310.0,284.95,0.15
2015-09-20 00:30:00,0.25,101310.0,284.9,0.15
2015-09-20 00:45:00,0.7,101310.0,283.85,0.15
2015-09-20 01:00:00,0.75,101320.0,284.5,0.15
2015-09-20 01:15:00,1.2,101320.0,284.95,0.15
2015-09-20 01:30:00,0.55,101310.0,285.1,0.15
2015-09-20 01:45:00,0.6,101310.0,285.15,0.15
2015-09-20 02:00:00,0.75,101310.0,285.15,0.15
2015-09-20 02:15:00,0.5,101320.0,285.04999999999995,0.15
2015-09-20 02:30:00,0.25,101315.0,285.15,0.15
2015-09-20 02:45:00,0.3,101310.0,285.15,0.15
2015-09-20 03:00:00,0.75,101310.0,285.04999999999995,0.15
2015-09-20 03:15:00,2.0,101320.0,285.15,0.15
2015-09-20 03:30:00,1.65,101305.0,285.1,0.15
2015-09-20 03:45:00,1.4,101310.0,285.15,0.15
2015-09-20 04:00:00,1.85,101310.0,285.15,0.15
2015-09-20 04:15:00,1.7,101310.0,285.25,0.15
2015-09-20 04:30:00,1.4500000000000002,101320.0,285.15,0.15
2015-09-20 04:45:00,1.6,101320.0,285.25,0.15
2015-09-20 05:00:00,1.4,101325.0,285.2,0.15
2015-09-20 05:15:00,1.5,101350.0,285.35,0.15
2015-09-20 05:30:00,1.35,101360.0,285.4,0.15
2015-09-20 05:45:00,1.0,101360.0,285.45,0.15
2015-09-20 06:00:00,0.95,101370.0,285.54999999999995,0.15
2015-09-20 06:15:00,1.2,101380.0,285.75,0.15
2015-09-20 06:30:00,1.7,101385.0,285.75,0.15
2015-09-20 06:45:00,1.8,101390.0,285.75,0.15
2015-09-20 07:00:00,1.4500000000000002,101380.0,285.79999999999995,0.15
2015-09-20 07:15:00,1.2,101390.0,285.85,0.15
2015-09-20 07:30:00,0.75,101400.0,285.9,0.15
2015-09-20 07:45:00,0.9,101410.0,286.04999999999995,0.15
2015-09-20 08:00:00,0.75,101405.0,286.45,0.15
2015-09-20 08:15:00,1.3,101400.0,286.85,0.15
2015-09-20 08:30:00,1.5499999999999998,101395.0,287.54999999999995,0.15
2015-09-20 08:45:00,1.2,101390.0,288.04999999999995,0.15
2015-09-20 09:00:00,2.1,101380.0,287.85,0.15
2015-09-20 09:15:00,3.0,101370.0,287.95,0.15
2015-09-20 09:30:00,2.45,101365.0,288.04999999999995,0.15
2015-09-20 09:45:00,1.8,101370.0,288.25,0.15
2015-09-20 10:00:00,2.05,101360.0,289.0,0.15
2015-09-20 10:15:00,2.1,101350.0,289.04999999999995,0.15
2015-09-20 10:30:00,2.0,101345.0,289.7,0.15
2015-09-20 10:45:00,2.3,101340.0,289.54999999999995,0.15
2015-09-20 11:00:00,2.0,101335.0,289.45,0.15
2015-09-20 11:15:00,2.6,101340.0,289.85,0.15
2015-09-20 11:30:00,2.7,101325.0,289.85,0.15
2015-09-20 11:45:00,2.5,101320.0,290.45,0.15
2015-09-20 12:00:00,3.0,101310.0,290.1,0.15
2015-09-20 12:15:00,2.8,101310.0,289.85,0.15
2015-09-20 12:30:00,2.95,101300.0,289.7,0.15
2015-09-20 12:45:00,3.0,101290.0,289.85,0.15
2015-09-20 13:00:00,2.95,101280.0,290.04999999999995,0.15
2015-09-20 13:15:00,3.7,101270.0,289.45,0.15
2015-09-20 13:30:00,2.5,101270.0,289.4,0.15
2015-09-20 13:45:00,1.7,101260.0,289.45,0.15
2015-09-20 14:00:00,1.85,101250.0,289.5,0.15
2015-09-20 14:15:00,2.5,101250.0,289.54999999999995,0.15
2015-09-20 14:30:00,2.25,101240.0,289.7,0.15
2015-09-20 14:45:00,2.2,101230.0,289.54999999999995,0.15
2015-09-20 15:00:00,1.9,101215.0,289.65,0.15
2015-09-20 15:15:00,1.8,101210.0,289.75,0.15
2015-09-20 15:30:00,1.85,101195.0,289.45,0.15
2015-09-20 15:45:00,1.7,101190.0,289.25,0.15
2015-09-20 16:00:00,1.35,101180.0,289.2,0.15
2015-09-20 16:15:00,0.9,101180.0,288.85,0.15
2015-09-20 16:30:00,0.9,101160.0,288.9,0.15
2015-09-20 16:45:00,1.0,101150.0,288.65,0.15
2015-09-20 17:00:00,1.15,101140.0,288.0,0.15
2015-09-20 17:15:00,1.1,101140.0,287.35,0.15
2015-09-20 17:30:00,1.0,101130.0,287.04999999999995,0.15
2015-09-20 17:45:00,1.1,101130.0,286.54999999999995,0.15
2015-09-20 18:00:00,1.1,101135.0,286.29999999999995,0.15
2015-09-20 18:15:00,1.0,101130.0,285.95,0.15
2015-09-20 18:30:00,0.9,101135.0,285.95,0.15
2015-09-20 18:45:00,0.9,101130.0,285.54999999999995,0.15
2015-09-20 19:00:00,0.75,101135.0,285.79999999999995,0.15
2015-09-20 19:15:00,1.6,101130.0,285.25,0.15
2015-09-20 19:30:00,1.55,101130.0,286.1,0.15
2015-09-20 19:45:00,1.9,101120.0,286.35,0.15
2015-09-20 20:00:00,1.7000000000000002,101125.0,286.35,0.15
2015-09-20 20:15:00,1.2,101120.0,286.45,0.15
2015-09-20 20:30:00,0.7,101120.0,285.9,0.15
2015-09-20 20:45:00,0.6,101110.0,285.85,0.15
2015-09-20 21:00:00,1.2999999999999998,101095.0,285.75,0.15
2015-09-20 21:15:00,0.8,101080.0,285.45,0.15
2015-09-20 21:30:00,0.6499999999999999,101075.0,285.2,0.15
2015-09-20 21:45:00,0.8,101060.0,285.15,0.15
2015-09-20 22:00:00,1.4,101050.0,285.5,0.15
2015-09-20 22:15:00,1.5,101030.0,285.45,0.15
2015-09-20 22:30:00,1.2000000000000002,101030.0,285.35,0.15
2015-09-20 22:45:00,1.1,101020.0,285.35,0.15
2015-09-20 23:00:00,0.9,101000.0,285.45,0.15
2015-09-20 23:15:00,0.9,100990.0,285.54999999999995,0.15
2015-09-20 23:30:00,1.55,100975.0,285.4,0.15
2015-09-20 23:45:00,1.9,100960.0,284.95,0.15
2015-09-21 00:00:00,1.5,100945.0,285.1,0.15
2015-09-21 00:15:00,1.0,100940.0,285.35,0.15
2015-09-21 00:30:00,1.35,100930.0,285.4,0.15
2015-09-21 00:45:00,1.6,100920.0,285.45,0.15
2015-09-21 01:00:00,1.35,100915.0,285.25,0.15
2015-09-21 01:15:00,1.6,100900.0,285.15,0.15
2015-09-21 01:30:00,1.65,100885.0,285.04999999999995,0.15
2015-09-21 01:45:00,1.5,100870.0,284.85,0.15
2015-09-21 02:00:00,1.55,100855.0,284.25,0.15
2015-09-21 02:15:00,1.5,100840.0,283.95,0.15
2015-09-21 02:30:00,1.7000000000000002,100825.0,283.79999999999995,0.15
2015-09-21 02:45:00,1.6,100810.0,282.75,0.15
2015-09-21 03:00:00,1.9,100805.0,282.15,0.15
2015-09-21 03:15:00,2.0,100810.0,281.15,0.15
2015-09-21 03:30:00,1.15,100795.0,282.29999999999995,0.15
2015-09-21 03:45:00,1.3,100790.0,283.25,0.15
2015-09-21 04:00:00,1.45,100785.0,283.15,0.15
2015-09-21 04:15:00,1.3,100780.0,283.15,0.15
2015-09-21 04:30:00,1.4,100780.0,283.15,0.15
2015-09-21 04:45:00,1.5,100780.0,283.35,0.15
2015-09-21 05:00:00,1.3,100770.0,283.25,0.15
2015-09-21 05:15:00,1.5,100760.0,283.25,0.15
2015-09-21 05:30:00,1.2999999999999998,100760.0,283.4,0.15
2015-09-21 05:45:00,1.6,100760.0,281.04999999999995,0.15
2015-09-21 06:00:00,1.4,100755.0,282.1,0.15
2015-09-21 06:15:00,1.2,100740.0,282.45,0.15
2015-09-21 06:30:00,1.4,100730.0,284.0,0.15
2015-09-21 06:45:00,1.7,100720.0,284.95,0.15
2015-09-21 07:00:00,1.5499999999999998,100715.0,285.15,0.15
2015-09-21 07:15:00,1.4,100700.0,285.54999999999995,0.15
2015-09-21 07:30:00,1.85,100705.0,285.95,0.15
2015-09-21 07:45:00,2.0,100700.0,286.54999999999995,0.15
2015-09-21 08:00:00,1.85,100685.0,287.29999999999995,0.15
2015-09-21 08:15:00,1.7,100670.0,287.65,0.15
2015-09-21 08:30:00,1.55,100665.0,288.35,0.15
2015-09-21 08:45:00,1.3,100640.0,288.95,0.15
2015-09-21 09:00:00,1.65,100635.0,289.75,0.15
2015-09-21 09:15:00,1.5,100620.0,289.95,0.15
2015-09-21 09:30:00,2.25,100600.0,290.35,0.15
2015-09-21 09:45:00,1.2,100590.0,290.85,0.15
2015-09-21 10:00:00,1.7999999999999998,100560.0,290.85,0.15
2015-09-21 10:15:00,1.5,100530.0,291.75,0.15
2015-09-21 10:30:00,2.5,100520.0,291.0,0.15
2015-09-21 10:45:00,2.5,100490.0,291.65,0.15
2015-09-21 11:00:00,1.2,100455.0,291.79999999999995,0.15
2015-09-21 11:15:00,2.0,100450.0,292.25,0.15
2015-09-21 11:30:00,1.4,100430.0,291.6,0.15
2015-09-21 11:45:00,1.4,100400.0,292.25,0.15
2015-09-21 12:00:00,1.4,100385.0,291.9,0.15
2015-09-21 12:15:00,1.1,100350.0,292.65,0.15
2015-09-21 12:30:00,1.25,100325.0,292.5,0.15
2015-09-21 12:45:00,1.9,100310.0,292.15,0.15
2015-09-21 13:00:00,1.3,100285.0,291.9,0.15
2015-09-21 13:15:00,1.5,100260.0,292.35,0.15
2015-09-21 13:30:00,1.35,100250.0,292.15,0.15
2015-09-21 13:45:00,1.7,100240.0,292.35,0.15
2015-09-21 14:00:00,1.95,100225.0,292.0,0.15
2015-09-21 14:15:00,1.9,100210.0,292.04999999999995,0.15
2015-09-21 14:30:00,1.75,100185.0,292.2,0.15
2015-09-21 14:45:00,1.9,100170.0,291.95,0.15
2015-09-21 15:00:00,2.7,100160.0,292.0,0.15
2015-09-21 15:15:00,3.1,100140.0,291.85,0.15
2015-09-21 15:30:00,2.6,100110.0,291.6,0.15
2015-09-21 15:45:00,2.5,100090.0,291.15,0.15
2015-09-21 16:00:00,2.9,100090.0,291.35,0.15
2015-09-21 16:15:00,3.1,100080.0,291.15,0.15
2015-09-21 16:30:00,3.2,100065.0,290.45,0.15
2015-09-21 16:45:00,3.2,100050.0,289.85,0.15
2015-09-21 17:00:00,2.1,100025.0,289.25,0.15
2015-09-21 17:15:00,1.5,100000.0,289.15,0.15
2015-09-21 17:30:00,2.1500000000000004,99990.0,288.54999999999995,0.15
2015-09-21 17:45:00,2.2,99980.0,288.45,0.15
2015-09-21 18:00:00,2.1500000000000004,99975.0,288.29999999999995,0.15
2015-09-21 18:15:00,1.9,99970.0,287.85,0.15
2015-09-21 18:30:00,2.1,99965.0,288.1,0.15
2015-09-21 18:45:00,2.7,99950.0,288.35,0.15
2015-09-21 19:00:00,2.5,99935.0,288.2,0.15
2015-09-21 19:15:00,2.3,99930.0,288.65,0.15
2015-09-21 19:30:00,2.15,99925.0,287.65,0.15
2015-09-21 19:45:00,2.1,99910.0,287.15,0.15
2015-09-21 20:00:00,2.2,99895.0,287.2,0.15
2015-09-21 20:15:00,2.3,99890.0,286.85,0.15
2015-09-21 20:30:00,2.0,99890.0,286.95,0.15
2015-09-21 20:45:00,1.7,99870.0,287.15,0.15
2015-09-21 21:00:00,2.35,99850.0,286.95,0.15
2015-09-21 21:15:00,2.3,99830.0,286.75,0.15
2015-09-21 21:30:00,2.5,99825.0,287.45,0.15
2015-09-21 21:45:00,2.9,99810.0,287.65,0.15
2015-09-21 22:00:00,2.8,99805.0,287.45,0.15
2015-09-21 22:15:00,2.9,99770.0,287.04999999999995,0.15
2015-09-21 22:30:00,2.25,99755.0,287.04999999999995,0.15
2015-09-21 22:45:00,2.6,99750.0,286.95,0.15
2015-09-21 23:00:00,2.6500000000000004,99725.0,287.15,0.15
2015-09-21 23:15:00,2.9,99700.0,287.25,0.15
2015-09-21 23:30:00,2.6500000000000004,99680.0,287.7,0.15
2015-09-21 23:45:00,2.0,99660.0,287.25,0.15
2015-09-22 00:00:00,2.5,99635.0,287.04999999999995,0.15
2015-09-22 00:15:00,2.6,99620.0,286.75,0.15
2015-09-22 00:30:00,1.9,99605.0,286.4,0.15
2015-09-22 00:45:00,1.4,99580.0,285.85,0.15
2015-09-22 01:00:00,2.2,99560.0,285.85,0.15
2015-09-22 01:15:00,3.0,99540.0,286.25,0.15
2015-09-22 01:30:00,2.9,99535.0,285.7,0.15
2015-09-22 01:45:00,2.4,99520.0,285.54999999999995,0.15
2015-09-22 02:00:00,2.75,99495.0,286.04999999999995,0.15
2015-09-22 02:15:00,2.7,99480.0,285.95,0.15
2015-09-22 02:30:00,3.1,99455.0,286.04999999999995,0.15
2015-09-22 02:45:00,3.2,99440.0,285.85,0.15
2015-09-22 03:00:00,3.1500000000000004,99420.0,285.85,0.15
2015-09-22 03:15:00,3.1,99410.0,285.75,0.15
2015-09-22 03:30:00,2.95,99395.0,285.85,0.15
2015-09-22 03:45:00,2.7,99380.0,285.75,0.15
2015-09-22 04:00:00,2.45,99370.0,285.95,0.15
2015-09-22 04:15:00,2.7,99350.0,286.04999999999995,0.15
2015-09-22 04:30:00,2.35,99340.0,286.04999999999995,0.15
2015-09-22 04:45:00,1.6,99320.0,285.95,0.15
2015-09-22 05:00:00,2.05,99300.0,285.79999999999995,0.15
2015-09-22 05:15:00,2.3,99280.0,286.04999999999995,0.15
2015-09-22 05:30:00,1.7999999999999998,99285.0,286.04999999999995,0.15
2015-09-22 05:45:00,2.4,99270.0,286.04999999999995,0.15
2015-09-22 06:00:00,3.05,99235.0,286.35,0.15
2015-09-22 06:15:00,2.1,99250.0,286.45,0.15
2015-09-22 06:30:00,1.95,99245.0,286.45,0.15
2015-09-22 06:45:00,2.2,99230.0,286.54999999999995,0.15
2015-09-22 07:00:00,2.45,99215.0,286.75,0.15
2015-09-22 07:15:00,3.0,99190.0,286.75,0.15
2015-09-22 07:30:00,2.5,99185.0,286.85,0.15
2015-09-22 07:45:00,2.2,99180.0,286.85,0.15
2015-09-22 08:00:00,1.75,99175.0,286.75,0.15
2015-09-22 08:15:00,1.7,99170.0,286.75,0.15
2015-09-22 08:30:00,1.65,99160.0,286.7,0.15
2015-09-22 08:45:00,1.8,99150.0,286.75,0.15
2015-09-22 09:00:00,1.2,99135.0,286.79999999999995,0.15
2015-09-22 09:15:00,4.0,99180.0,286.15,0.15
2015-09-22 09:30:00,1.8,99145.0,285.45,0.15
2015-09-22 09:45:00,2.2,99120.0,285.65,0.15
2015-09-22 10:00:00,2.7,99130.0,285.95,0.15
2015-09-22 10:15:00,2.7,99110.0,286.15,0.15
2015-09-22 10:30:00,2.85,99085.0,286.1,0.15
2015-09-22 10:45:00,2.0,99070.0,286.25,0.15
2015-09-22 11:00:00,2.15,99065.0,286.45,0.15
2015-09-22 11:15:00,2.2,99040.0,287.04999999999995,0.15
2015-09-22 11:30:00,2.1500000000000004,99040.0,287.4,0.15
2015-09-22 11:45:00,1.7,99050.0,287.85,0.15
2015-09-22 12:00:00,2.8,99035.0,288.95,0.15
2015-09-22 12:15:00,2.8,99010.0,289.75,0.15
2015-09-22 12:30:00,2.85,98960.0,290.04999999999995,0.15
2015-09-22 12:45:00,2.4,98920.0,290.04999999999995,0.15
2015-09-22 13:00:00,2.25,98910.0,289.9,0.15
2015-09-22 13:15:00,2.6,98890.0,290.25,0.15
2015-09-22 13:30:00,3.85,98890.0,290.0,0.15
2015-09-22 13:45:00,3.7,98890.0,290.04999999999995,0.15
2015-09-22 14:00:00,3.7,98890.0,289.79999999999995,0.15
2015-09-22 14:15:00,3.5,98870.0,290.04999999999995,0.15
2015-09-22 14:30:00,3.9,98860.0,290.0,0.15
2015-09-22 14:45:00,3.4,98850.0,289.75,0.15
2015-09-22 15:00:00,2.8,98840.0,289.65,0.15
2015-09-22 15:15:00,3.0,98850.0,289.65,0.15
2015-09-22 15:30:00,3.7,98855.0,289.29999999999995,0.15
2015-09-22 15:45:00,4.6,98860.0,288.54999999999995,0.15
2015-09-22 16:00:00,3.4,98875.0,287.95,0.15
2015-09-22 16:15:00,5.1,98890.0,286.54999999999995,0.15
2015-09-22 16:30:00,3.65,98870.0,286.9,0.15
2015-09-22 16:45:00,3.2,98870.0,286.95,0.15
2015-09-22 17:00:00,3.4,98870.0,286.75,0.15
2015-09-22 17:15:00,2.6,98860.0,286.54999999999995,0.15
2015-09-22 17:30:00,2.45,98865.0,286.25,0.15
2015-09-22 17:45:00,1.6,98890.0,286.15,0.15
2015-09-22 18:00:00,1.95,98920.0,286.25,0.15
2015-09-22 18:15:00,1.6,98930.0,286.45,0.15
2015-09-22 18:30:00,1.65,98940.0,286.35,0.15
2015-09-22 18:45:00,1.6,98950.0,286.25,0.15
2015-09-22 19:00:00,1.6,98965.0,286.29999999999995,0.15
2015-09-22 19:15:00,1.6,98970.0,286.04999999999995,0.15
2015-09-22 19:30:00,1.65,98970.0,285.85,0.15
2015-09-22 19:45:00,2.0,98990.0,285.54999999999995,0.15
2015-09-22 20:00:00,2.5,99000.0,285.6,0.15
2015-09-22 20:15:00,2.8,99010.0,285.45,0.15
2015-09-22 20:30:00,2.35,99030.0,284.45,0.15
2015-09-22 20:45:00,2.1,99060.0,283.85,0.15
2015-09-22 21:00:00,2.0,99065.0,283.85,0.15
2015-09-22 21:15:00,2.1,99070.0,284.04999999999995,0.15
2015-09-22 21:30:00,2.35,99080.0,283.95,0.15
2015-09-22 21:45:00,1.8,99080.0,283.25,0.15
2015-09-22 22:00:00,2.15,99095.0,283.04999999999995,0.15
2015-09-22 22:15:00,2.6,99110.0,282.35,0.15
2015-09-22 22:30:00,2.3,99125.0,282.6,0.15
2015-09-22 22:45:00,1.9,99140.0,283.25,0.15
2015-09-22 23:00:00,1.6,99130.0,283.7,0.15
2015-09-22 23:15:00,1.3,99140.0,284.04999999999995,0.15
2015-09-22 23:30:00,1.5,99145.0,284.04999999999995,0.15
2015-09-22 23:45:00,1.2,99150.0,283.95,0.15
2015-09-23 00:00:00,2.25,99160.0,284.15,0.15
2015-09-23 00:15:00,1.9,99160.0,283.65,0.15
2015-09-23 00:30:00,1.6,99160.0,283.29999999999995,0.15
2015-09-23 00:45:00,1.5,99170.0,282.54999999999995,0.15
2015-09-23 01:00:00,1.95,99170.0,282.65,0.15
2015-09-23 01:15:00,2.1,99180.0,282.95,0.15
2015-09-23 01:30:00,2.2,99185.0,283.25,0.15
2015-09-23 01:45:00,2.2,99200.0,283.85,0.15
2015-09-23 02:00:00,1.95,99215.0,284.2,0.15
2015-09-23 02:15:00,2.6,99230.0,284.35,0.15
2015-09-23 02:30:00,2.3,99250.0,284.45,0.15
2015-09-23 02:45:00,2.4,99270.0,284.45,0.15
2015-09-23 03:00:00,1.65,99285.0,284.35,0.15
2015-09-23 03:15:00,1.5,99300.0,284.35,0.15
2015-09-23 03:30:00,1.6,99315.0,284.2,0.15
2015-09-23 03:45:00,2.1,99320.0,284.15,0.15
2015-09-23 04:00:00,1.75,99335.0,284.15,0.15
2015-09-23 04:15:00,1.5,99350.0,284.15,0.15
2015-09-23 04:30:00,1.75,99360.0,284.15,0.15
2015-09-23 04:45:00,2.0,99380.0,284.04999999999995,0.15
2015-09-23 05:00:00,1.65,99385.0,284.15,0.15
2015-09-23 05:15:00,2.4,99400.0,284.15,0.15
2015-09-23 05:30:00,2.1,99425.0,284.25,0.15
2015-09-23 05:45:00,1.7,99430.0,284.45,0.15
2015-09-23 06:00:00,1.55,99450.0,284.5,0.15
2015-09-23 06:15:00,2.0,99450.0,284.75,0.15
2015-09-23 06:30:00,2.1,99465.0,284.9,0.15
2015-09-23 06:45:00,2.3,99480.0,284.95,0.15
2015-09-23 07:00:00,2.05,99495.0,285.1,0.15
2015-09-23 07:15:00,1.4,99510.0,285.25,0.15
2015-09-23 07:30:00,1.75,99530.0,285.4,0.15
2015-09-23 07:45:00,2.6,99550.0,285.54999999999995,0.15
2015-09-23 08:00:00,3.2,99570.0,285.7,0.15
2015-09-23 08:15:00,3.3,99580.0,286.15,0.15
2015-09-23 08:30:00,2.75,99600.0,286.45,0.15
2015-09-23 08:45:00,3.3,99620.0,286.54999999999995,0.15
2015-09-23 09:00:00,3.55,99635.0,286.15,0.15
2015-09-23 09:15:00,2.5,99660.0,286.35,0.15
2015-09-23 09:30:00,2.95,99670.0,286.6,0.15
2015-09-23 09:45:00,3.3,99680.0,287.04999999999995,0.15
2015-09-23 10:00:00,3.3,99685.0,286.9,0.15
2015-09-23 10:15:00,3.1,99700.0,286.75,0.15
2015-09-23 10:30:00,2.45,99720.0,286.95,0.15
2015-09-23 10:45:00,2.5,99730.0,287.35,0.15
2015-09-23 11:00:00,3.1500000000000004,99735.0,287.35,0.15
2015-09-23 11:15:00,2.7,99750.0,287.35,0.15
2015-09-23 11:30:00,1.8,99760.0,288.1,0.15
2015-09-23 11:45:00,2.2,99770.0,288.45,0.15
2015-09-23 12:00:00,3.6,99775.0,289.0,0.15
2015-09-23 12:15:00,4.3,99780.0,289.95,0.15
2015-09-23 12:30:00,5.3,99775.0,289.85,0.15
2015-09-23 12:45:00,6.2,99800.0,290.15,0.15
2015-09-23 13:00:00,5.5,99815.0,289.0,0.15
2015-09-23 13:15:00,5.5,99820.0,288.75,0.15
2015-09-23 13:30:00,4.25,99835.0,288.7,0.15
2015-09-23 13:45:00,4.2,99850.0,288.54999999999995,0.15
2015-09-23 14:00:00,4.8,99870.0,288.45,0.15
2015-09-23 14:15:00,4.8,99890.0,288.15,0.15
2015-09-23 14:30:00,3.55,99915.0,288.0,0.15
2015-09-23 14:45:00,2.9,99930.0,288.25,0.15
2015-09-23 15:00:00,2.7,99955.0,287.7,0.15
2015-09-23 15:15:00,2.3,99970.0,287.85,0.15
2015-09-23 15:30:00,4.1,99995.0,288.7,0.15
2015-09-23 15:45:00,4.6,100010.0,288.65,0.15
2015-09-23 16:00:00,4.1,100025.0,288.4,0.15
2015-09-23 16:15:00,3.0,100050.0,288.25,0.15
2015-09-23 16:30:00,4.65,100065.0,288.2,0.15
2015-09-23 16:45:00,4.2,100080.0,288.04999999999995,0.15
2015-09-23 17:00:00,3.6,100100.0,287.95,0.15
2015-09-23 17:15:00,3.2,100120.0,287.85,0.15
2015-09-23 17:30:00,5.25,100140.0,287.65,0.15
2015-09-23 17:45:00,3.8,100170.0,287.35,0.15
2015-09-23 18:00:00,4.75,100200.0,287.15,0.15
2015-09-23 18:15:00,4.5,100220.0,286.95,0.15
2015-09-23 18:30:00,3.55,100260.0,286.9,0.15
2015-09-23 18:45:00,3.4,100290.0,286.85,0.15
2015-09-23 19:00:00,2.6,100310.0,286.79999999999995,0.15
2015-09-23 19:15:00,3.2,100330.0,286.65,0.15
2015-09-23 19:30:00,2.0,100340.0,286.6,0.15
2015-09-23 19:45:00,1.4,100360.0,286.54999999999995,0.15
2015-09-23 20:00:00,1.15,100385.0,286.45,0.15
2015-09-23 20:15:00,0.5,100390.0,286.54999999999995,0.15
2015-09-23 20:30:00,0.9,100405.0,286.54999999999995,0.15
2015-09-23 20:45:00,1.5,100420.0,286.65,0.15
2015-09-23 21:00:00,1.2000000000000002,100425.0,286.54999999999995,0.15
2015-09-23 21:15:00,1.2,100440.0,286.45,0.15
2015-09-23 21:30:00,1.15,100445.0,286.45,0.15
2015-09-23 21:45:00,1.0,100450.0,286.25,0.15
2015-09-23 22:00:00,1.4,100450.0,286.29999999999995,0.15
2015-09-23 22:15:00,1.4,100460.0,286.65,0.15
2015-09-23 22:30:00,1.4,100475.0,286.54999999999995,0.15
2015-09-23 22:45:00,1.3,100470.0,286.65,0.15
2015-09-23 23:00:00,0.95,100480.0,286.4,0.15
2015-09-23 23:15:00,1.1,100490.0,285.95,0.15
2015-09-23 23:30:00,1.2000000000000002,100490.0,286.2,0.15
2015-09-23 23:45:00,1.6,100500.0,286.04999999999995,0.15
2015-09-24 00:00:00,1.95,100505.0,285.2,0.15
2015-09-24 00:15:00,1.9,100510.0,284.95,0.15
2015-09-24 00:30:00,2.0,100510.0,285.4,0.15
2015-09-24 00:45:00,2.4,100520.0,284.35,0.15
2015-09-24 01:00:00,2.5,100520.0,284.5,0.15
2015-09-24 01:15:00,2.6,100540.0,284.75,0.15
2015-09-24 01:30:00,2.6,100535.0,285.0,0.15
2015-09-24 01:45:00,3.0,100540.0,284.95,0.15
2015-09-24 02:00:00,2.6,100540.0,284.5,0.15
2015-09-24 02:15:00,2.8,100540.0,284.25,0.15
2015-09-24 02:30:00,2.7,100525.0,284.2,0.15
2015-09-24 02:45:00,2.3,100530.0,284.04999999999995,0.15
2015-09-24 03:00:00,2.05,100520.0,283.5,0.15
2015-09-24 03:15:00,2.3,100520.0,283.75,0.15
2015-09-24 03:30:00,2.45,100530.0,283.85,0.15
2015-09-24 03:45:00,2.6,100530.0,284.35,0.15
2015-09-24 04:00:00,2.7,100540.0,284.35,0.15
2015-09-24 04:15:00,2.8,100550.0,284.35,0.15
2015-09-24 04:30:00,3.2,100540.0,284.54999999999995,0.15
2015-09-24 04:45:00,3.6,100550.0,284.25,0.15
2015-09-24 05:00:00,4.199999999999999,100570.0,284.5,0.15
2015-09-24 05:15:00,3.6,100590.0,284.45,0.15
2015-09-24 05:30:00,3.45,100605.0,284.35,0.15
2015-09-24 05:45:00,2.9,100610.0,284.25,0.15
2015-09-24 06:00:00,3.5,100620.0,284.4,0.15
2015-09-24 06:15:00,4.0,100620.0,284.54999999999995,0.15
2015-09-24 06:30:00,3.75,100630.0,284.9,0.15
2015-09-24 06:45:00,3.7,100640.0,285.35,0.15
2015-09-24 07:00:00,3.7,100645.0,285.5,0.15
2015-09-24 07:15:00,3.8,100640.0,285.65,0.15
2015-09-24 07:30:00,3.3,100645.0,285.85,0.15
2015-09-24 07:45:00,3.2,100650.0,286.54999999999995,0.15
2015-09-24 08:00:00,3.8,100650.0,287.35,0.15
2015-09-24 08:15:00,4.4,100660.0,288.04999999999995,0.15
2015-09-24 08:30:00,4.2,100665.0,288.15,0.15
2015-09-24 08:45:00,4.6,100670.0,288.04999999999995,0.15
2015-09-24 09:00:00,4.4,100675.0,288.95,0.15
2015-09-24 09:15:00,4.7,100670.0,289.45,0.15
2015-09-24 09:30:00,4.6,100665.0,289.4,0.15
2015-09-24 09:45:00,3.7,100660.0,289.35,0.15
2015-09-24 10:00:00,3.95,100645.0,290.15,0.15
2015-09-24 10:15:00,4.4,100630.0,289.95,0.15
2015-09-24 10:30:00,5.0,100645.0,290.4,0.15
2015-09-24 10:45:00,4.5,100650.0,290.45,0.15
2015-09-24 11:00:00,4.55,100650.0,290.75,0.15
2015-09-24 11:15:00,2.9,100640.0,290.54999999999995,0.15
2015-09-24 11:30:00,4.35,100645.0,290.7,0.15
2015-09-24 11:45:00,4.7,100640.0,290.75,0.15
2015-09-24 12:00:00,4.45,100640.0,290.9,0.15
2015-09-24 12:15:00,5.0,100630.0,291.35,0.15
2015-09-24 12:30:00,5.1,100625.0,291.85,0.15
2015-09-24 12:45:00,5.4,100620.0,291.45,0.15
2015-09-24 13:00:00,4.25,100610.0,291.4,0.15
2015-09-24 13:15:00,4.4,100610.0,291.54999999999995,0.15
2015-09-24 13:30:00,4.35,100595.0,291.75,0.15
2015-09-24 13:45:00,4.8,100580.0,292.45,0.15
2015-09-24 14:00:00,5.550000000000001,100585.0,292.2,0.15
2015-09-24 14:15:00,5.1,100590.0,291.95,0.15
2015-09-24 14:30:00,4.95,100580.0,292.04999999999995,0.15
2015-09-24 14:45:00,3.8,100570.0,292.95,0.15
2015-09-24 15:00:00,4.75,100580.0,292.4,0.15
2015-09-24 15:15:00,4.5,100590.0,292.35,0.15
2015-09-24 15:30:00,4.550000000000001,100580.0,292.04999999999995,0.15
2015-09-24 15:45:00,4.3,100590.0,292.25,0.15
2015-09-24 16:00:00,4.15,100605.0,291.85,0.15
2015-09-24 16:15:00,3.7,100620.0,291.45,0.15
2015-09-24 16:30:00,3.55,100635.0,291.04999999999995,0.15
2015-09-24 16:45:00,3.3,100640.0,290.45,0.15
2015-09-24 17:00:00,2.85,100655.0,290.4,0.15
2015-09-24 17:15:00,3.7,100670.0,290.54999999999995,0.15
2015-09-24 17:30:00,3.0,100675.0,290.75,0.15
2015-09-24 17:45:00,3.1,100690.0,290.04999999999995,0.15
2015-09-24 18:00:00,3.1,100695.0,290.25,0.15
2015-09-24 18:15:00,2.4,100710.0,289.95,0.15
2015-09-24 18:30:00,3.1,100720.0,290.04999999999995,0.15
2015-09-24 18:45:00,2.9,100730.0,290.04999999999995,0.15
2015-09-24 19:00:00,1.95,100735.0,289.54999999999995,0.15
2015-09-24 19:15:00,2.3,100740.0,289.45,0.15
2015-09-24 19:30:00,2.25,100745.0,289.65,0.15
2015-09-24 19:45:00,2.6,100760.0,289.25,0.15
2015-09-24 20:00:00,1.95,100760.0,289.1,0.15
2015-09-24 20:15:00,1.7,100760.0,289.45,0.15
2015-09-24 20:30:00,2.0,100765.0,289.29999999999995,0.15
2015-09-24 20:45:00,2.2,100770.0,288.95,0.15
2015-09-24 21:00:00,2.1,100780.0,288.95,0.15
2015-09-24 21:15:00,2.2,100780.0,288.85,0.15
2015-09-24 21:30:00,2.6,100795.0,289.04999999999995,0.15
2015-09-24 21:45:00,2.3,100800.0,288.95,0.15
2015-09-24 22:00:00,1.7999999999999998,100815.0,288.7,0.15
2015-09-24 22:15:00,1.5,100820.0,288.54999999999995,0.15
2015-09-24 22:30:00,1.35,100825.0,288.4,0.15
2015-09-24 22:45:00,0.7,100820.0,288.25,0.15
2015-09-24 23:00:00,0.85,100825.0,288.1,0.15
2015-09-24 23:15:00,0.8,100830.0,287.95,0.15
2015-09-24 23:30:00,2.3,100830.0,288.1,0.15
2015-09-24 23:45:00,2.2,100830.0,287.85,0.15
2015-09-25 00:00:00,1.75,100840.0,287.75,0.15
2015-09-25 00:15:00,1.2,100830.0,287.65,0.15
2015-09-25 00:30:00,1.05,100835.0,287.54999999999995,0.15
2015-09-25 00:45:00,1.2,100840.0,287.95,0.15
2015-09-25 01:00:00,0.75,100840.0,287.85,0.15
2015-09-25 01:15:00,0.6,100830.0,287.95,0.15
2015-09-25 01:30:00,0.4,100815.0,287.5,0.15
2015-09-25 01:45:00,0.6,100820.0,287.75,0.15
2015-09-25 02:00:00,1.35,100820.0,287.75,0.15
2015-09-25 02:15:00,1.7,100830.0,287.35,0.15
2015-09-25 02:30:00,1.8,100835.0,287.4,0.15
2015-09-25 02:45:00,1.9,100840.0,287.25,0.15
2015-09-25 03:00:00,2.05,100845.0,286.75,0.15
2015-09-25 03:15:00,1.8,100840.0,286.04999999999995,0.15
2015-09-25 03:30:00,1.65,100850.0,286.29999999999995,0.15
2015-09-25 03:45:00,1.4,100850.0,285.75,0.15
2015-09-25 04:00:00,1.25,100865.0,285.29999999999995,0.15
2015-09-25 04:15:00,0.9,100870.0,285.04999999999995,0.15
2015-09-25 04:30:00,1.25,100875.0,285.65,0.15
2015-09-25 04:45:00,1.6,100890.0,285.04999999999995,0.15
2015-09-25 05:00:00,1.1,100900.0,285.04999999999995,0.15
2015-09-25 05:15:00,0.8,100910.0,285.35,0.15
2015-09-25 05:30:00,1.0,100925.0,285.5,0.15
2015-09-25 05:45:00,1.5,100940.0,285.75,0.15
2015-09-25 06:00:00,1.4,100955.0,285.65,0.15
2015-09-25 06:15:00,1.3,100970.0,285.45,0.15
2015-09-25 06:30:00,1.35,100975.0,286.04999999999995,0.15
2015-09-25 06:45:00,1.3,100980.0,286.75,0.15
2015-09-25 07:00:00,1.85,100990.0,287.04999999999995,0.15
2015-09-25 07:15:00,1.9,100990.0,287.45,0.15
2015-09-25 07:30:00,1.75,101005.0,287.95,0.15
2015-09-25 07:45:00,1.9,101020.0,288.15,0.15
2015-09-25 08:00:00,1.55,101035.0,288.0,0.15
2015-09-25 08:15:00,2.0,101040.0,288.35,0.15
2015-09-25 08:30:00,1.7999999999999998,101055.0,288.15,0.15
2015-09-25 08:45:00,1.8,101070.0,288.85,0.15
2015-09-25 09:00:00,1.2999999999999998,101075.0,288.9,0.15
2015-09-25 09:15:00,1.3,101070.0,289.04999999999995,0.15
2015-09-25 09:30:00,1.7000000000000002,101070.0,289.1,0.15
2015-09-25 09:45:00,1.6,101070.0,289.75,0.15
2015-09-25 10:00:00,1.05,101060.0,289.45,0.15
2015-09-25 10:15:00,2.0,101070.0,289.75,0.15
2015-09-25 10:30:00,1.75,101065.0,290.15,0.15
2015-09-25 10:45:00,1.8,101060.0,290.15,0.15
2015-09-25 11:00:00,1.2999999999999998,101040.0,290.45,0.15
2015-09-25 11:15:00,2.3,101040.0,290.45,0.15
2015-09-25 11:30:00,2.2,101045.0,290.15,0.15
2015-09-25 11:45:00,1.6,101040.0,290.54999999999995,0.15
2015-09-25 12:00:00,1.8,101040.0,290.6,0.15
2015-09-25 12:15:00,1.9,101030.0,291.04999999999995,0.15
2015-09-25 12:30:00,1.25,101030.0,290.95,0.15
2015-09-25 12:45:00,0.7,101030.0,290.95,0.15
2015-09-25 13:00:00,1.7000000000000002,101030.0,290.5,0.15
2015-09-25 13:15:00,3.6,101020.0,290.35,0.15
2015-09-25 13:30:00,3.1,101025.0,290.9,0.15
2015-09-25 13:45:00,2.8,101030.0,290.85,0.15
2015-09-25 14:00:00,3.2,101030.0,290.95,0.15
2015-09-25 14:15:00,3.0,101030.0,290.85,0.15
2015-09-25 14:30:00,3.05,101025.0,291.29999999999995,0.15
2015-09-25 14:45:00,2.3,101020.0,290.95,0.15
2015-09-25 15:00:00,3.9,101025.0,290.45,0.15
2015-09-25 15:15:00,3.4,101050.0,289.95,0.15
2015-09-25 15:30:00,3.45,101050.0,289.79999999999995,0.15
2015-09-25 15:45:00,4.0,101060.0,289.54999999999995,0.15
2015-09-25 16:00:00,2.95,101065.0,289.29999999999995,0.15
2015-09-25 16:15:00,2.7,101080.0,289.45,0.15
2015-09-25 16:30:00,2.6500000000000004,101085.0,289.29999999999995,0.15
2015-09-25 16:45:00,3.0,101100.0,288.85,0.15
2015-09-25 17:00:00,2.35,101110.0,288.54999999999995,0.15
2015-09-25 17:15:00,1.6,101120.0,287.85,0.15
2015-09-25 17:30:00,1.9,101135.0,287.79999999999995,0.15
2015-09-25 17:45:00,2.2,101150.0,287.45,0.15
2015-09-25 18:00:00,1.65,101165.0,286.6,0.15
2015-09-25 18:15:00,2.1,101190.0,286.15,0.15
2015-09-25 18:30:00,2.6500000000000004,101205.0,285.29999999999995,0.15
2015-09-25 18:45:00,2.5,101210.0,285.15,0.15
2015-09-25 19:00:00,1.4,101225.0,284.54999999999995,0.15
2015-09-25 19:15:00,0.6,101240.0,284.35,0.15
2015-09-25 19:30:00,1.05,101250.0,283.45,0.15
2015-09-25 19:45:00,1.5,101260.0,284.65,0.15
2015-09-25 20:00:00,1.7000000000000002,101260.0,284.4,0.15
2015-09-25 20:15:00,0.9,101270.0,284.15,0.15
2015-09-25 20:30:00,0.8500000000000001,101280.0,283.29999999999995,0.15
2015-09-25 20:45:00,1.6,101280.0,283.95,0.15
2015-09-25 21:00:00,1.45,101285.0,283.75,0.15
2015-09-25 21:15:00,1.7,101290.0,283.85,0.15
2015-09-25 21:30:00,1.65,101300.0,283.15,0.15
2015-09-25 21:45:00,1.6,101300.0,283.54999999999995,0.15
2015-09-25 22:00:00,1.2000000000000002,101300.0,283.35,0.15
2015-09-25 22:15:00,0.1,101300.0,283.04999999999995,0.15
2015-09-25 22:30:00,0.9,101300.0,283.29999999999995,0.15
2015-09-25 22:45:00,1.5,101300.0,283.04999999999995,0.15
2015-09-25 23:00:00,1.55,101300.0,282.79999999999995,0.15
2015-09-25 23:15:00,2.1,101310.0,282.25,0.15
2015-09-25 23:30:00,1.45,101300.0,282.7,0.15
2015-09-25 23:45:00,1.3,101310.0,282.04999999999995,0.15
2015-09-26 00:00:00,1.5499999999999998,101315.0,282.04999999999995,0.15
2015-09-26 00:15:00,1.1,101320.0,281.95,0.15
2015-09-26 00:30:00,0.65,101315.0,281.6,0.15
2015-09-26 00:45:00,1.0,101320.0,281.54999999999995,0.15
2015-09-26 01:00:00,1.4,101330.0,282.15,0.15
2015-09-26 01:15:00,1.7,101330.0,281.95,0.15
2015-09-26 01:30:00,1.7,101340.0,282.29999999999995,0.15
2015-09-26 01:45:00,1.6,101330.0,281.95,0.15
2015-09-26 02:00:00,1.9,101335.0,281.75,0.15
2015-09-26 02:15:00,1.7,101340.0,281.35,0.15
2015-09-26 02:30:00,1.9,101335.0,281.54999999999995,0.15
2015-09-26 02:45:00,2.1,101330.0,280.85,0.15
2015-09-26 03:00:00,2.0,101340.0,280.95,0.15
2015-09-26 03:15:00,1.4,101330.0,280.65,0.15
2015-09-26 03:30:00,1.75,101330.0,280.95,0.15
2015-09-26 03:45:00,1.6,101330.0,281.54999999999995,0.15
2015-09-26 04:00:00,1.15,101340.0,281.4,0.15
2015-09-26 04:15:00,1.0,101340.0,281.25,0.15
2015-09-26 04:30:00,1.1,101350.0,281.25,0.15
2015-09-26 04:45:00,1.1,101360.0,281.25,0.15
2015-09-26 05:00:00,1.15,101380.0,281.35,0.15
2015-09-26 05:15:00,1.1,101400.0,281.04999999999995,0.15
2015-09-26 05:30:00,1.15,101410.0,281.25,0.15
2015-09-26 05:45:00,1.3,101420.0,281.25,0.15
2015-09-26 06:00:00,0.9,101425.0,281.6,0.15
2015-09-26 06:15:00,1.1,101440.0,281.75,0.15
2015-09-26 06:30:00,0.75,101445.0,282.0,0.15
2015-09-26 06:45:00,0.6,101440.0,282.35,0.15
2015-09-26 07:00:00,0.7,101455.0,282.75,0.15
2015-09-26 07:15:00,0.3,101460.0,283.35,0.15
2015-09-26 07:30:00,0.35,101465.0,283.65,0.15
2015-09-26 07:45:00,0.7,101470.0,284.25,0.15
2015-09-26 08:00:00,1.1,101475.0,285.25,0.15
2015-09-26 08:15:00,1.2,101490.0,285.75,0.15
2015-09-26 08:30:00,1.4,101500.0,286.5,0.15
2015-09-26 08:45:00,1.5,101500.0,287.04999999999995,0.15
2015-09-26 09:00:00,1.3,101495.0,287.54999999999995,0.15
2015-09-26 09:15:00,1.1,101490.0,288.25,0.15
2015-09-26 09:30:00,1.25,101490.0,288.45,0.15
2015-09-26 09:45:00,1.1,101490.0,288.65,0.15
2015-09-26 10:00:00,1.35,101490.0,288.79999999999995,0.15
2015-09-26 10:15:00,2.2,101480.0,288.45,0.15
2015-09-26 10:30:00,2.35,101475.0,288.1,0.15
2015-09-26 10:45:00,2.5,101470.0,288.25,0.15
2015-09-26 11:00:00,2.8,101475.0,288.4,0.15
2015-09-26 11:15:00,2.5,101470.0,288.65,0.15
2015-09-26 11:30:00,2.25,101480.0,288.75,0.15
2015-09-26 11:45:00,2.2,101480.0,289.15,0.15
2015-09-26 12:00:00,3.1,101485.0,289.04999999999995,0.15
2015-09-26 12:15:00,4.0,101490.0,289.04999999999995,0.15
2015-09-26 12:30:00,3.35,101500.0,289.1,0.15
2015-09-26 12:45:00,3.1,101500.0,288.95,0.15
2015-09-26 13:00:00,2.8,101505.0,289.0,0.15
2015-09-26 13:15:00,3.4,101510.0,288.75,0.15
2015-09-26 13:30:00,3.85,101510.0,288.65,0.15
2015-09-26 13:45:00,3.7,101510.0,288.65,0.15
2015-09-26 14:00:00,2.75,101505.0,288.75,0.15
2015-09-26 14:15:00,3.4,101500.0,288.85,0.15
2015-09-26 14:30:00,3.7,101505.0,288.95,0.15
2015-09-26 14:45:00,3.2,101510.0,288.95,0.15
2015-09-26 15:00:00,3.55,101515.0,288.85,0.15
2015-09-26 15:15:00,1.8,101520.0,288.85,0.15
2015-09-26 15:30:00,2.1,101525.0,288.7,0.15
2015-09-26 15:45:00,3.2,101530.0,288.54999999999995,0.15
2015-09-26 16:00:00,2.8,101535.0,288.35,0.15
2015-09-26 16:15:00,2.8,101540.0,288.25,0.15
2015-09-26 16:30:00,2.5,101550.0,288.0,0.15
2015-09-26 16:45:00,2.2,101550.0,287.65,0.15
2015-09-26 17:00:00,2.2,101560.0,287.54999999999995,0.15
2015-09-26 17:15:00,2.1,101560.0,287.35,0.15
2015-09-26 17:30:00,1.85,101560.0,286.75,0.15
2015-09-26 17:45:00,1.4,101570.0,286.54999999999995,0.15
2015-09-26 18:00:00,1.4500000000000002,101595.0,286.25,0.15
2015-09-26 18:15:00,0.8,101600.0,286.04999999999995,0.15
2015-09-26 18:30:00,0.95,101610.0,285.75,0.15
2015-09-26 18:45:00,1.3,101630.0,284.45,0.15
2015-09-26 19:00:00,0.8,101630.0,284.79999999999995,0.15
2015-09-26 19:15:00,0.8,101640.0,284.65,0.15
2015-09-26 19:30:00,1.05,101655.0,284.29999999999995,0.15
2015-09-26 19:45:00,0.8,101670.0,284.45,0.15
2015-09-26 20:00:00,0.2,101680.0,284.25,0.15
2015-09-26 20:15:00,0.4,101680.0,284.35,0.15
2015-09-26 20:30:00,0.45,101680.0,284.0,0.15
2015-09-26 20:45:00,0.5,101680.0,283.95,0.15
2015-09-26 21:00:00,1.1,101690.0,283.04999999999995,0.15
2015-09-26 21:15:00,1.1,101690.0,282.65,0.15
2015-09-26 21:30:00,1.25,101695.0,282.7,0.15
2015-09-26 21:45:00,1.5,101700.0,281.54999999999995,0.15
2015-09-26 22:00:00,1.25,101710.0,282.15,0.15
2015-09-26 22:15:00,1.2,101720.0,282.04999999999995,0.15
2015-09-26 22:30:00,1.4,101710.0,282.25,0.15
2015-09-26 22:45:00,1.4,101720.0,280.25,0.15
2015-09-26 23:00:00,1.65,101720.0,281.35,0.15
2015-09-26 23:15:00,1.7,101730.0,280.95,0.15
2015-09-26 23:30:00,1.25,101740.0,281.04999999999995,0.15
2015-09-26 23:45:00,1.1,101760.0,280.04999999999995,0.15
2015-09-27 00:00:00,0.8,101760.0,280.85,0.15
2015-09-27 00:15:00,0.5,101760.0,281.15,0.15
2015-09-27 00:30:00,1.0,101755.0,280.85,0.15
2015-09-27 00:45:00,1.0,101750.0,280.45,0.15
2015-09-27 01:00:00,1.2,101760.0,279.79999999999995,0.15
2015-09-27 01:15:00,0.3,101760.0,279.54999999999995,0.15
2015-09-27 01:30:00,0.8,101775.0,278.65,0.15
2015-09-27 01:45:00,1.4,101770.0,279.35,0.15
2015-09-27 02:00:00,1.0,101780.0,279.95,0.15
2015-09-27 02:15:00,1.4,101790.0,279.85,0.15
2015-09-27 02:30:00,1.75,101795.0,279.75,0.15
2015-09-27 02:45:00,1.5,101800.0,278.95,0.15
2015-09-27 03:00:00,1.5499999999999998,101810.0,278.6,0.15
2015-09-27 03:15:00,1.6,101800.0,277.95,0.15
2015-09-27 03:30:00,1.2999999999999998,101810.0,278.15,0.15
2015-09-27 03:45:00,0.9,101820.0,278.15,0.15
2015-09-27 04:00:00,0.6499999999999999,101825.0,278.5,0.15
2015-09-27 04:15:00,0.6,101840.0,278.45,0.15
2015-09-27 04:30:00,1.15,101850.0,277.79999999999995,0.15
2015-09-27 04:45:00,1.4,101860.0,277.75,0.15
2015-09-27 05:00:00,1.2,101885.0,277.54999999999995,0.15
2015-09-27 05:15:00,0.5,101890.0,278.25,0.15
2015-09-27 05:30:00,1.15,101910.0,277.85,0.15
2015-09-27 05:45:00,1.6,101930.0,278.04999999999995,0.15
2015-09-27 06:00:00,1.55,101930.0,278.04999999999995,0.15
2015-09-27 06:15:00,1.9,101960.0,277.54999999999995,0.15
2015-09-27 06:30:00,1.25,101970.0,279.04999999999995,0.15
2015-09-27 06:45:00,0.5,101990.0,280.25,0.15
2015-09-27 07:00:00,0.55,101995.0,281.5,0.15
2015-09-27 07:15:00,0.3,102010.0,282.15,0.15
2015-09-27 07:30:00,0.7,102010.0,283.45,0.15
2015-09-27 07:45:00,0.8,102030.0,283.75,0.15
2015-09-27 08:00:00,0.75,102045.0,284.5,0.15
2015-09-27 08:15:00,0.7,102050.0,284.95,0.15
2015-09-27 08:30:00,0.6499999999999999,102050.0,286.04999999999995,0.15
2015-09-27 08:45:00,0.7,102050.0,286.25,0.15
2015-09-27 09:00:00,0.75,102060.0,287.2,0.15
2015-09-27 09:15:00,0.7,102060.0,287.45,0.15
2015-09-27 09:30:00,1.2000000000000002,102060.0,288.2,0.15
2015-09-27 09:45:00,1.1,102050.0,288.75,0.15
2015-09-27 10:00:00,1.5,102050.0,289.1,0.15
2015-09-27 10:15:00,1.4,102050.0,290.15,0.15
2015-09-27 10:30:00,1.5,102050.0,290.85,0.15
2015-09-27 10:45:00,4.6,102050.0,290.54999999999995,0.15
2015-09-27 11:00:00,4.25,102050.0,290.35,0.15
2015-09-27 11:15:00,4.0,102050.0,290.35,0.15
2015-09-27 11:30:00,4.35,102055.0,290.04999999999995,0.15
2015-09-27 11:45:00,3.8,102050.0,290.95,0.15
2015-09-27 12:00:00,4.2,102055.0,291.29999999999995,0.15
2015-09-27 12:15:00,4.3,102050.0,291.35,0.15
2015-09-27 12:30:00,3.5,102045.0,291.7,0.15
2015-09-27 12:45:00,4.3,102040.0,291.65,0.15
2015-09-27 13:00:00,3.95,102020.0,291.5,0.15
2015-09-27 13:15:00,4.0,102020.0,290.85,0.15
2015-09-27 13:30:00,3.9,102020.0,291.5,0.15
2015-09-27 13:45:00,4.0,102030.0,291.35,0.15
2015-09-27 14:00:00,4.35,102030.0,291.25,0.15
2015-09-27 14:15:00,4.3,102030.0,291.75,0.15
2015-09-27 14:30:00,4.75,102030.0,291.4,0.15
2015-09-27 14:45:00,4.7,102040.0,291.35,0.15
2015-09-27 15:00:00,4.65,102050.0,291.35,0.15
2015-09-27 15:15:00,4.5,102050.0,290.95,0.15
2015-09-27 15:30:00,4.5,102060.0,290.85,0.15
2015-09-27 15:45:00,4.1,102060.0,290.65,0.15
2015-09-27 16:00:00,4.25,102075.0,290.35,0.15
2015-09-27 16:15:00,4.4,102090.0,289.85,0.15
2015-09-27 16:30:00,4.25,102110.0,289.5,0.15
2015-09-27 16:45:00,3.9,102120.0,288.54999999999995,0.15
2015-09-27 17:00:00,3.5,102130.0,288.1,0.15
2015-09-27 17:15:00,3.6,102140.0,287.54999999999995,0.15
2015-09-27 17:30:00,2.9000000000000004,102150.0,287.04999999999995,0.15
2015-09-27 17:45:00,2.9,102160.0,285.65,0.15
2015-09-27 18:00:00,2.8,102180.0,285.75,0.15
2015-09-27 18:15:00,2.7,102200.0,285.15,0.15
2015-09-27 18:30:00,2.6500000000000004,102215.0,285.25,0.15
2015-09-27 18:45:00,3.3,102220.0,285.35,0.15
2015-09-27 19:00:00,3.65,102235.0,285.1,0.15
2015-09-27 19:15:00,3.1,102240.0,284.75,0.15
2015-09-27 19:30:00,3.85,102245.0,284.75,0.15
2015-09-27 19:45:00,3.6,102270.0,284.54999999999995,0.15
2015-09-27 20:00:00,3.35,102270.0,284.9,0.15
2015-09-27 20:15:00,2.9,102280.0,285.25,0.15
2015-09-27 20:30:00,2.75,102280.0,285.2,0.15
2015-09-27 20:45:00,3.5,102290.0,285.04999999999995,0.15
2015-09-27 21:00:00,2.95,102295.0,284.79999999999995,0.15
2015-09-27 21:15:00,2.2,102310.0,284.54999999999995,0.15
2015-09-27 21:30:00,1.5,102315.0,284.45,0.15
2015-09-27 21:45:00,0.4,102320.0,284.25,0.15
2015-09-27 22:00:00,0.75,102320.0,284.0,0.15
2015-09-27 22:15:00,0.8,102320.0,282.65,0.15
2015-09-27 22:30:00,0.8500000000000001,102315.0,281.4,0.15
2015-09-27 22:45:00,0.9,102320.0,280.95,0.15
2015-09-27 23:00:00,0.75,102330.0,280.7,0.15
2015-09-27 23:15:00,0.6,102340.0,280.65,0.15
2015-09-27 23:30:00,0.6,102330.0,280.5,0.15
2015-09-27 23:45:00,0.6,102330.0,279.75,0.15
2015-09-28 00:00:00,1.0,102330.0,279.7,0.15
2015-09-28 00:15:00,0.9,102350.0,279.04999999999995,0.15
2015-09-28 00:30:00,0.8999999999999999,102345.0,279.9,0.15
2015-09-28 00:45:00,0.8,102360.0,279.95,0.15
2015-09-28 01:00:00,1.05,102355.0,278.85,0.15
2015-09-28 01:15:00,1.1,102350.0,279.04999999999995,0.15
2015-09-28 01:30:00,1.1,102360.0,279.0,0.15
2015-09-28 01:45:00,1.2,102350.0,279.04999999999995,0.15
2015-09-28 02:00:00,0.95,102360.0,278.79999999999995,0.15
2015-09-28 02:15:00,1.2,102360.0,278.75,0.15
2015-09-28 02:30:00,1.5,102355.0,278.5,0.15
2015-09-28 02:45:00,0.5,102370.0,277.35,0.15
2015-09-28 03:00:00,1.4500000000000002,102345.0,277.9,0.15
2015-09-28 03:15:00,1.7,102350.0,278.54999999999995,0.15
2015-09-28 03:30:00,0.8,102360.0,278.4,0.15
2015-09-28 03:45:00,0.3,102370.0,278.35,0.15
2015-09-28 04:00:00,0.95,102365.0,278.0,0.15
2015-09-28 04:15:00,1.2,102380.0,278.04999999999995,0.15
2015-09-28 04:30:00,1.4500000000000002,102390.0,278.04999999999995,0.15
2015-09-28 04:45:00,1.6,102390.0,277.54999999999995,0.15
2015-09-28 05:00:00,1.4,102395.0,277.2,0.15
2015-09-28 05:15:00,1.1,102410.0,277.15,0.15
2015-09-28 05:30:00,1.15,102415.0,277.85,0.15
2015-09-28 05:45:00,1.3,102450.0,277.75,0.15
2015-09-28 06:00:00,1.35,102465.0,277.75,0.15
2015-09-28 06:15:00,1.4,102470.0,278.25,0.15
2015-09-28 06:30:00,1.3,102475.0,279.35,0.15
2015-09-28 06:45:00,1.2,102470.0,279.75,0.15
2015-09-28 07:00:00,0.55,102490.0,281.25,0.15
2015-09-28 07:15:00,0.1,102510.0,283.35,0.15
2015-09-28 07:30:00,0.7,102510.0,283.1,0.15
2015-09-28 07:45:00,1.1,102530.0,283.45,0.15
2015-09-28 08:00:00,0.85,102545.0,284.04999999999995,0.15
2015-09-28 08:15:00,0.4,102550.0,285.15,0.15
2015-09-28 08:30:00,0.8,102545.0,285.65,0.15
2015-09-28 08:45:00,0.7,102540.0,286.75,0.15
2015-09-28 09:00:00,1.0,102550.0,287.45,0.15
2015-09-28 09:15:00,1.2,102540.0,287.45,0.15
2015-09-28 09:30:00,0.7,102525.0,288.79999999999995,0.15
2015-09-28 09:45:00,0.8,102530.0,289.25,0.15
2015-09-28 10:00:00,1.05,102525.0,288.9,0.15
2015-09-28 10:15:00,4.3,102510.0,289.85,0.15
2015-09-28 10:30:00,4.65,102490.0,289.9,0.15
2015-09-28 10:45:00,3.7,102480.0,290.54999999999995,0.15
2015-09-28 11:00:00,4.05,102465.0,290.54999999999995,0.15
2015-09-28 11:15:00,3.3,102440.0,289.75,0.15
2015-09-28 11:30:00,4.05,102450.0,290.7,0.15
2015-09-28 11:45:00,3.2,102450.0,291.04999999999995,0.15
2015-09-28 12:00:00,4.5,102430.0,291.15,0.15
2015-09-28 12:15:00,4.1,102410.0,291.35,0.15
2015-09-28 12:30:00,3.9,102390.0,291.29999999999995,0.15
2015-09-28 12:45:00,3.8,102380.0,291.35,0.15
2015-09-28 13:00:00,3.8,102365.0,291.6,0.15
2015-09-28 13:15:00,3.5,102350.0,291.54999999999995,0.15
2015-09-28 13:30:00,3.95,102330.0,291.65,0.15
2015-09-28 13:45:00,3.4,102330.0,292.04999999999995,0.15
2015-09-28 14:00:00,3.25,102320.0,291.85,0.15
2015-09-28 14:15:00,2.5,102310.0,291.65,0.15
2015-09-28 14:30:00,3.2,102300.0,291.75,0.15
2015-09-28 14:45:00,3.3,102290.0,291.85,0.15
2015-09-28 15:00:00,3.1,102275.0,291.95,0.15
2015-09-28 15:15:00,3.0,102270.0,291.85,0.15
2015-09-28 15:30:00,3.55,102270.0,291.79999999999995,0.15
2015-09-28 15:45:00,3.2,102260.0,291.54999999999995,0.15
2015-09-28 16:00:00,2.85,102270.0,291.45,0.15
2015-09-28 16:15:00,2.7,102270.0,290.95,0.15
2015-09-28 16:30:00,2.9,102290.0,290.45,0.15
2015-09-28 16:45:00,3.1,102310.0,289.54999999999995,0.15
2015-09-28 17:00:00,3.1500000000000004,102325.0,288.4,0.15
2015-09-28 17:15:00,2.7,102340.0,287.15,0.15
2015-09-28 17:30:00,2.45,102350.0,287.29999999999995,0.15
2015-09-28 17:45:00,1.8,102370.0,287.25,0.15
2015-09-28 18:00:00,2.35,102375.0,287.0,0.15
2015-09-28 18:15:00,2.8,102380.0,287.04999999999995,0.15
2015-09-28 18:30:00,2.7,102370.0,286.9,0.15
2015-09-28 18:45:00,3.0,102380.0,286.35,0.15
2015-09-28 19:00:00,2.6,102390.0,285.75,0.15
2015-09-28 19:15:00,2.6,102400.0,285.25,0.15
2015-09-28 19:30:00,2.1,102390.0,284.9,0.15
2015-09-28 19:45:00,1.7,102390.0,285.15,0.15
2015-09-28 20:00:00,1.0,102395.0,284.75,0.15
2015-09-28 20:15:00,0.5,102380.0,284.35,0.15
2015-09-28 20:30:00,0.3,102380.0,284.29999999999995,0.15
2015-09-28 20:45:00,0.4,102390.0,282.35,0.15
2015-09-28 21:00:00,0.4,102390.0,281.35,0.15
2015-09-28 21:15:00,0.3,102400.0,281.45,0.15
2015-09-28 21:30:00,0.85,102400.0,281.25,0.15
2015-09-28 21:45:00,1.0,102390.0,281.15,0.15
2015-09-28 22:00:00,1.15,102390.0,281.54999999999995,0.15
2015-09-28 22:15:00,0.7,102380.0,281.54999999999995,0.15
2015-09-28 22:30:00,0.6,102375.0,281.65,0.15
2015-09-28 22:45:00,0.9,102370.0,280.04999999999995,0.15
2015-09-28 23:00:00,0.65,102360.0,281.29999999999995,0.15
2015-09-28 23:15:00,0.1,102360.0,281.65,0.15
2015-09-28 23:30:00,0.25,102365.0,280.6,0.15
2015-09-28 23:45:00,0.4,102380.0,279.75,0.15
2015-09-29 00:00:00,0.6000000000000001,102370.0,278.95,0.15
2015-09-29 00:15:00,0.5,102370.0,279.85,0.15
2015-09-29 00:30:00,0.6499999999999999,102375.0,279.95,0.15
2015-09-29 00:45:00,1.0,102350.0,280.45,0.15
2015-09-29 01:00:00,1.0,102340.0,278.9,0.15
2015-09-29 01:15:00,1.0,102340.0,279.04999999999995,0.15
2015-09-29 01:30:00,1.15,102340.0,279.1,0.15
2015-09-29 01:45:00,0.7,102330.0,278.95,0.15
2015-09-29 02:00:00,0.9,102330.0,277.5,0.15
2015-09-29 02:15:00,0.4,102320.0,278.35,0.15
2015-09-29 02:30:00,0.25,102315.0,278.85,0.15
2015-09-29 02:45:00,0.5,102310.0,279.45,0.15
2015-09-29 03:00:00,0.05,102300.0,278.85,0.15
2015-09-29 03:15:00,0.5,102290.0,277.95,0.15
2015-09-29 03:30:00,0.35,102285.0,278.29999999999995,0.15
2015-09-29 03:45:00,0.5,102290.0,278.45,0.15
2015-09-29 04:00:00,0.85,102310.0,278.5,0.15
2015-09-29 04:15:00,1.4,102320.0,278.35,0.15
2015-09-29 04:30:00,1.15,102300.0,277.79999999999995,0.15
2015-09-29 04:45:00,1.2,102300.0,277.54999999999995,0.15
2015-09-29 05:00:00,1.1,102305.0,278.15,0.15
2015-09-29 05:15:00,0.9,102310.0,278.04999999999995,0.15
2015-09-29 05:30:00,0.85,102325.0,277.35,0.15
2015-09-29 05:45:00,0.2,102330.0,277.65,0.15
2015-09-29 06:00:00,0.35,102340.0,277.75,0.15
2015-09-29 06:15:00,1.4,102340.0,276.85,0.15
2015-09-29 06:30:00,1.1,102340.0,279.45,0.15
2015-09-29 06:45:00,0.8,102340.0,280.95,0.15
2015-09-29 07:00:00,0.6,102340.0,282.2,0.15
2015-09-29 07:15:00,0.5,102350.0,282.65,0.15
2015-09-29 07:30:00,0.4499999999999999,102360.0,284.45,0.15
2015-09-29 07:45:00,0.3,102360.0,286.95,0.15
2015-09-29 08:00:00,1.35,102355.0,287.35,0.15
2015-09-29 08:15:00,3.8,102350.0,287.85,0.15
2015-09-29 08:30:00,4.550000000000001,102360.0,288.25,0.15
2015-09-29 08:45:00,5.5,102360.0,288.95,0.15
2015-09-29 09:00:00,5.1,102360.0,289.29999999999995,0.15
2015-09-29 09:15:00,4.9,102350.0,289.95,0.15
2015-09-29 09:30:00,4.949999999999999,102330.0,289.9,0.15
2015-09-29 09:45:00,6.4,102330.0,289.95,0.15
2015-09-29 10:00:00,7.6,102330.0,290.15,0.15
2015-09-29 10:15:00,6.6,102330.0,290.65,0.15
2015-09-29 10:30:00,7.1,102330.0,290.29999999999995,0.15
2015-09-29 10:45:00,7.1,102310.0,290.85,0.15
2015-09-29 11:00:00,7.15,102290.0,290.5,0.15
2015-09-29 11:15:00,6.5,102280.0,290.75,0.15
2015-09-29 11:30:00,6.1,102270.0,291.4,0.15
2015-09-29 11:45:00,5.7,102260.0,291.25,0.15
2015-09-29 12:00:00,5.75,102240.0,291.54999999999995,0.15
2015-09-29 12:15:00,6.1,102230.0,291.54999999999995,0.15
2015-09-29 12:30:00,5.95,102215.0,291.5,0.15
2015-09-29 12:45:00,5.9,102210.0,291.54999999999995,0.15
2015-09-29 13:00:00,5.85,102200.0,291.7,0.15
2015-09-29 13:15:00,5.8,102180.0,291.35,0.15
2015-09-29 13:30:00,6.35,102170.0,292.0,0.15
2015-09-29 13:45:00,6.2,102170.0,291.75,0.15
2015-09-29 14:00:00,7.05,102160.0,291.65,0.15
2015-09-29 14:15:00,6.9,102150.0,291.65,0.15
2015-09-29 14:30:00,5.949999999999999,102135.0,291.5,0.15
2015-09-29 14:45:00,5.8,102130.0,291.65,0.15
2015-09-29 15:00:00,5.65,102120.0,291.25,0.15
2015-09-29 15:15:00,6.1,102110.0,291.15,0.15
2015-09-29 15:30:00,7.05,102120.0,290.95,0.15
2015-09-29 15:45:00,5.7,102120.0,290.85,0.15
2015-09-29 16:00:00,5.5,102120.0,290.6,0.15
2015-09-29 16:15:00,4.0,102120.0,290.15,0.15
2015-09-29 16:30:00,5.65,102120.0,289.79999999999995,0.15
2015-09-29 16:45:00,5.4,102130.0,289.54999999999995,0.15
2015-09-29 17:00:00,4.0,102135.0,288.7,0.15
2015-09-29 17:15:00,5.1,102140.0,288.54999999999995,0.15
2015-09-29 17:30:00,3.7,102140.0,287.9,0.15
2015-09-29 17:45:00,2.9,102150.0,287.45,0.15
2015-09-29 18:00:00,3.0,102140.0,286.85,0.15
2015-09-29 18:15:00,3.0,102140.0,286.45,0.15
2015-09-29 18:30:00,3.1,102130.0,286.15,0.15
2015-09-29 18:45:00,3.6,102130.0,286.65,0.15
2015-09-29 19:00:00,3.75,102130.0,286.65,0.15
2015-09-29 19:15:00,4.1,102130.0,286.65,0.15
2015-09-29 19:30:00,3.6,102140.0,286.4,0.15
2015-09-29 19:45:00,3.1,102140.0,286.25,0.15
2015-09-29 20:00:00,3.5,102145.0,286.04999999999995,0.15
2015-09-29 20:15:00,3.4,102160.0,285.85,0.15
2015-09-29 20:30:00,3.0,102165.0,285.79999999999995,0.15
2015-09-29 20:45:00,2.6,102170.0,285.54999999999995,0.15
2015-09-29 21:00:00,1.5,102170.0,285.4,0.15
2015-09-29 21:15:00,1.9,102180.0,285.25,0.15
2015-09-29 21:30:00,1.55,102175.0,285.2,0.15
2015-09-29 21:45:00,1.2,102190.0,285.04999999999995,0.15
2015-09-29 22:00:00,1.5499999999999998,102180.0,285.45,0.15
2015-09-29 22:15:00,1.7,102180.0,285.35,0.15
2015-09-29 22:30:00,1.9,102165.0,285.15,0.15
2015-09-29 22:45:00,2.2,102160.0,284.95,0.15
2015-09-29 23:00:00,2.1,102170.0,284.54999999999995,0.15
2015-09-29 23:15:00,1.9,102170.0,284.04999999999995,0.15
2015-09-29 23:30:00,1.3,102185.0,283.54999999999995,0.15
2015-09-29 23:45:00,1.1,102190.0,283.15,0.15
2015-09-30 00:00:00,1.65,102190.0,283.35,0.15
2015-09-30 00:15:00,2.3,102180.0,283.75,0.15
2015-09-30 00:30:00,2.15,102180.0,282.65,0.15
2015-09-30 00:45:00,1.8,102180.0,280.95,0.15
2015-09-30 01:00:00,1.5,102180.0,282.75,0.15
2015-09-30 01:15:00,0.8,102180.0,281.85,0.15
2015-09-30 01:30:00,0.8,102185.0,280.7,0.15
2015-09-30 01:45:00,1.4,102180.0,281.25,0.15
2015-09-30 02:00:00,2.05,102190.0,281.54999999999995,0.15
2015-09-30 02:15:00,1.9,102180.0,281.15,0.15
2015-09-30 02:30:00,2.15,102175.0,280.9,0.15
2015-09-30 02:45:00,2.4,102170.0,281.65,0.15
2015-09-30 03:00:00,2.35,102165.0,282.54999999999995,0.15
2015-09-30 03:15:00,2.2,102160.0,282.65,0.15
2015-09-30 03:30:00,2.55,102165.0,282.6,0.15
2015-09-30 03:45:00,2.7,102160.0,282.75,0.15
2015-09-30 04:00:00,2.2,102160.0,282.54999999999995,0.15
2015-09-30 04:15:00,1.8,102160.0,282.35,0.15
2015-09-30 04:30:00,1.7000000000000002,102160.0,282.5,0.15
2015-09-30 04:45:00,1.5,102170.0,282.45,0.15
2015-09-30 05:00:00,1.7999999999999998,102165.0,282.79999999999995,0.15
2015-09-30 05:15:00,2.0,102180.0,282.95,0.15
2015-09-30 05:30:00,2.1,102185.0,282.65,0.15
2015-09-30 05:45:00,2.2,102180.0,282.45,0.15
2015-09-30 06:00:00,2.2,102185.0,282.95,0.15
2015-09-30 06:15:00,2.1,102180.0,283.35,0.15
2015-09-30 06:30:00,1.65,102190.0,283.79999999999995,0.15
2015-09-30 06:45:00,1.0,102200.0,284.25,0.15
2015-09-30 07:00:00,1.5,102200.0,284.75,0.15
2015-09-30 07:15:00,2.7,102200.0,285.25,0.15
2015-09-30 07:30:00,3.25,102225.0,285.7,0.15
2015-09-30 07:45:00,4.3,102240.0,286.15,0.15
2015-09-30 08:00:00,3.75,102240.0,286.75,0.15
2015-09-30 08:15:00,3.9,102240.0,286.95,0.15
2015-09-30 08:30:00,4.75,102240.0,287.4,0.15
2015-09-30 08:45:00,4.7,102240.0,287.95,0.15
2015-09-30 09:00:00,4.9,102235.0,288.35,0.15
2015-09-30 09:15:00,5.8,102230.0,288.54999999999995,0.15
2015-09-30 09:30:00,5.25,102220.0,288.95,0.15
2015-09-30 09:45:00,5.6,102200.0,289.35,0.15
2015-09-30 10:00:00,4.7,102180.0,289.7,0.15
2015-09-30 10:15:00,7.1,102160.0,290.04999999999995,0.15
2015-09-30 10:30:00,6.65,102175.0,289.95,0.15
2015-09-30 10:45:00,7.0,102150.0,290.15,0.15
2015-09-30 11:00:00,6.8,102155.0,290.04999999999995,0.15
2015-09-30 11:15:00,5.6,102140.0,290.04999999999995,0.15
2015-09-30 11:30:00,6.35,102120.0,290.29999999999995,0.15
2015-09-30 11:45:00,5.8,102100.0,290.65,0.15
2015-09-30 12:00:00,5.4,102100.0,290.85,0.15
2015-09-30 12:15:00,5.8,102090.0,290.85,0.15
2015-09-30 12:30:00,5.65,102060.0,291.04999999999995,0.15
2015-09-30 12:45:00,6.7,102050.0,291.04999999999995,0.15
2015-09-30 13:00:00,5.55,102030.0,291.15,0.15
2015-09-30 13:15:00,5.7,102020.0,291.04999999999995,0.15
2015-09-30 13:30:00,5.3,102020.0,291.4,0.15
2015-09-30 13:45:00,4.9,102010.0,291.45,0.15
2015-09-30 14:00:00,4.85,101995.0,291.6,0.15
2015-09-30 14:15:00,5.1,101990.0,291.65,0.15
2015-09-30 14:30:00,5.6,101985.0,291.7,0.15
2015-09-30 14:45:00,5.3,101970.0,291.54999999999995,0.15
2015-09-30 15:00:00,4.45,101965.0,291.35,0.15
2015-09-30 15:15:00,4.5,101950.0,291.04999999999995,0.15
2015-09-30 15:30:00,4.95,101940.0,291.0,0.15
2015-09-30 15:45:00,4.2,101930.0,290.95,0.15
2015-09-30 16:00:00,3.8,101930.0,290.65,0.15
2015-09-30 16:15:00,3.5,101940.0,290.25,0.15
2015-09-30 16:30:00,3.25,101945.0,289.85,0.15
2015-09-30 16:45:00,4.1,101960.0,289.25,0.15
2015-09-30 17:00:00,3.35,101965.0,288.4,0.15
2015-09-30 17:15:00,3.0,101970.0,287.45,0.15
2015-09-30 17:30:00,2.6500000000000004,101985.0,286.15,0.15
2015-09-30 17:45:00,2.6,102000.0,285.25,0.15
2015-09-30 18:00:00,2.15,102000.0,285.79999999999995,0.15
2015-09-30 18:15:00,2.5,102010.0,285.75,0.15
2015-09-30 18:30:00,2.35,102010.0,284.54999999999995,0.15
2015-09-30 18:45:00,1.6,102020.0,284.04999999999995,0.15
2015-09-30 19:00:00,1.7999999999999998,102025.0,283.35,0.15
2015-09-30 19:15:00,1.8,102040.0,283.45,0.15
2015-09-30 19:30:00,1.7,102040.0,282.85,0.15
2015-09-30 19:45:00,1.3,102040.0,282.25,0.15
2015-09-30 20:00:00,1.25,102040.0,281.9,0.15
2015-09-30 20:15:00,1.0,102040.0,280.65,0.15
2015-09-30 20:30:00,1.1,102040.0,281.75,0.15
2015-09-30 20:45:00,1.7,102040.0,283.04999999999995,0.15
2015-09-30 21:00:00,3.05,102025.0,284.15,0.15
2015-09-30 21:15:00,3.8,102030.0,284.45,0.15
2015-09-30 21:30:00,3.7,102025.0,284.5,0.15
2015-09-30 21:45:00,3.6,102020.0,284.35,0.15
2015-09-30 22:00:00,3.45,102020.0,284.25,0.15
2015-09-30 22:15:00,3.5,102020.0,284.04999999999995,0.15
2015-09-30 22:30:00,3.0,102015.0,283.85,0.15
2015-09-30 22:45:00,2.1,102010.0,283.75,0.15
2015-09-30 23:00:00,2.1500000000000004,102000.0,283.6,0.15
2015-09-30 23:15:00,2.2,101990.0,283.95,0.15
2015-09-30 23:30:00,2.55,101990.0,283.75,0.15
2015-09-30 23:45:00,2.1,101990.0,283.45,0.15
2015-10-01 00:00:00,2.4,101980.0,283.35,0.15
2015-10-01 00:15:00,2.2,101980.0,283.04999999999995,0.15
2015-10-01 00:30:00,2.4000000000000004,101965.0,282.45,0.15
2015-10-01 00:45:00,2.7,101960.0,281.95,0.15
2015-10-01 01:00:00,2.8,101960.0,282.25,0.15
2015-10-01 01:15:00,2.3,101940.0,282.75,0.15
2015-10-01 01:30:00,2.4000000000000004,101930.0,282.65,0.15
2015-10-01 01:45:00,2.8,101930.0,282.54999999999995,0.15
2015-10-01 02:00:00,2.1,101910.0,282.29999999999995,0.15
2015-10-01 02:15:00,2.0,101910.0,282.15,0.15
2015-10-01 02:30:00,1.95,101900.0,281.95,0.15
2015-10-01 02:45:00,1.6,101890.0,281.54999999999995,0.15
2015-10-01 03:00:00,1.7,101895.0,280.2,0.15
2015-10-01 03:15:00,1.4,101890.0,279.54999999999995,0.15
2015-10-01 03:30:00,1.5,101885.0,279.95,0.15
2015-10-01 03:45:00,1.8,101880.0,280.04999999999995,0.15
2015-10-01 04:00:00,1.65,101890.0,278.7,0.15
2015-10-01 04:15:00,1.6,101890.0,278.85,0.15
2015-10-01 04:30:00,1.65,101880.0,279.6,0.15
2015-10-01 04:45:00,1.4,101890.0,279.95,0.15
2015-10-01 05:00:00,2.05,101905.0,280.1,0.15
2015-10-01 05:15:00,1.6,101910.0,280.25,0.15
2015-10-01 05:30:00,1.25,101900.0,280.35,0.15
2015-10-01 05:45:00,0.9,101910.0,280.15,0.15
2015-10-01 06:00:00,0.75,101905.0,279.9,0.15
2015-10-01 06:15:00,0.7,101910.0,280.54999999999995,0.15
2015-10-01 06:30:00,0.6,101910.0,281.2,0.15
2015-10-01 06:45:00,0.7,101920.0,281.54999999999995,0.15
2015-10-01 07:00:00,0.3,101925.0,282.7,0.15
2015-10-01 07:15:00,0.7,101940.0,282.95,0.15
2015-10-01 07:30:00,1.8,101930.0,283.6,0.15
2015-10-01 07:45:00,2.9,101930.0,284.15,0.15
2015-10-01 08:00:00,2.55,101905.0,284.79999999999995,0.15
2015-10-01 08:15:00,2.1,101890.0,285.85,0.15
2015-10-01 08:30:00,2.7,101885.0,286.04999999999995,0.15
2015-10-01 08:45:00,2.8,101880.0,286.35,0.15
2015-10-01 09:00:00,3.4,101885.0,286.65,0.15
2015-10-01 09:15:00,4.0,101880.0,286.85,0.15
2015-10-01 09:30:00,3.8,101880.0,287.29999999999995,0.15
2015-10-01 09:45:00,4.8,101860.0,287.95,0.15
2015-10-01 10:00:00,4.75,101845.0,288.04999999999995,0.15
2015-10-01 10:15:00,5.1,101860.0,288.35,0.15
2015-10-01 10:30:00,5.699999999999999,101855.0,288.45,0.15
2015-10-01 10:45:00,5.9,101850.0,288.65,0.15
2015-10-01 11:00:00,6.050000000000001,101830.0,288.85,0.15
2015-10-01 11:15:00,5.3,101810.0,289.15,0.15
2015-10-01 11:30:00,4.45,101790.0,289.5,0.15
2015-10-01 11:45:00,4.6,101790.0,289.54999999999995,0.15
2015-10-01 12:00:00,4.75,101770.0,289.7,0.15
2015-10-01 12:15:00,4.9,101750.0,290.04999999999995,0.15
2015-10-01 12:30:00,4.35,101720.0,290.2,0.15
2015-10-01 12:45:00,5.0,101710.0,290.75,0.15
2015-10-01 13:00:00,4.55,101690.0,290.5,0.15
2015-10-01 13:15:00,3.7,101690.0,290.75,0.15
2015-10-01 13:30:00,4.449999999999999,101685.0,290.75,0.15
2015-10-01 13:45:00,3.7,101690.0,290.75,0.15
2015-10-01 14:00:00,3.95,101675.0,290.9,0.15
2015-10-01 14:15:00,4.9,101650.0,291.04999999999995,0.15
2015-10-01 14:30:00,4.05,101650.0,290.79999999999995,0.15
2015-10-01 14:45:00,4.7,101640.0,290.85,0.15
2015-10-01 15:00:00,4.699999999999999,101635.0,290.75,0.15
2015-10-01 15:15:00,5.3,101640.0,290.65,0.15
2015-10-01 15:30:00,4.6,101625.0,290.45,0.15
2015-10-01 15:45:00,4.5,101620.0,290.35,0.15
2015-10-01 16:00:00,4.0,101630.0,290.0,0.15
2015-10-01 16:15:00,2.9,101640.0,289.45,0.15
2015-10-01 16:30:00,2.55,101640.0,289.0,0.15
2015-10-01 16:45:00,1.7,101650.0,288.65,0.15
2015-10-01 17:00:00,2.1,101655.0,286.65,0.15
2015-10-01 17:15:00,1.5,101660.0,285.45,0.15
2015-10-01 17:30:00,1.0,101670.0,284.5,0.15
2015-10-01 17:45:00,1.6,101680.0,283.54999999999995,0.15
2015-10-01 18:00:00,2.1500000000000004,101685.0,283.4,0.15
2015-10-01 18:15:00,2.1,101690.0,282.75,0.15
2015-10-01 18:30:00,1.9,101710.0,282.54999999999995,0.15
2015-10-01 18:45:00,1.7,101710.0,281.25,0.15
2015-10-01 19:00:00,1.9,101710.0,283.25,0.15
2015-10-01 19:15:00,2.1,101710.0,283.75,0.15
2015-10-01 19:30:00,2.7,101710.0,283.54999999999995,0.15
2015-10-01 19:45:00,3.4,101710.0,283.65,0.15
2015-10-01 20:00:00,3.35,101715.0,283.0,0.15
2015-10-01 20:15:00,2.7,101690.0,283.25,0.15
2015-10-01 20:30:00,2.25,101680.0,283.54999999999995,0.15
2015-10-01 20:45:00,1.9,101670.0,280.15,0.15
2015-10-01 21:00:00,0.9,101695.0,281.15,0.15
2015-10-01 21:15:00,0.6,101700.0,280.35,0.15
2015-10-01 21:30:00,1.0,101695.0,280.15,0.15
2015-10-01 21:45:00,1.6,101700.0,279.95,0.15
2015-10-01 22:00:00,1.75,101690.0,279.9,0.15
2015-10-01 22:15:00,1.9,101680.0,279.95,0.15
2015-10-01 22:30:00,1.4,101670.0,279.15,0.15
2015-10-01 22:45:00,1.1,101660.0,278.75,0.15
2015-10-01 23:00:00,1.9,101655.0,279.04999999999995,0.15
2015-10-01 23:15:00,1.8,101650.0,278.35,0.15
2015-10-01 23:30:00,0.8,101635.0,278.29999999999995,0.15
2015-10-01 23:45:00,0.4,101630.0,277.85,0.15
2015-10-02 00:00:00,1.1,101620.0,277.85,0.15
2015-10-02 00:15:00,1.3,101610.0,278.54999999999995,0.15
2015-10-02 00:30:00,0.95,101605.0,278.0,0.15
2015-10-02 00:45:00,0.4,101600.0,277.85,0.15
2015-10-02 01:00:00,1.2,101590.0,278.15,0.15
2015-10-02 01:15:00,1.7,101600.0,278.54999999999995,0.15
2015-10-02 01:30:00,1.65,101590.0,277.15,0.15
2015-10-02 01:45:00,1.8,101570.0,277.35,0.15
2015-10-02 02:00:00,1.25,101560.0,276.95,0.15
2015-10-02 02:15:00,1.6,101560.0,277.45,0.15
2015-10-02 02:30:00,1.85,101545.0,277.1,0.15
2015-10-02 02:45:00,2.0,101540.0,276.45,0.15
2015-10-02 03:00:00,1.8,101530.0,277.25,0.15
2015-10-02 03:15:00,1.8,101530.0,277.45,0.15
2015-10-02 03:30:00,1.7999999999999998,101520.0,276.6,0.15
2015-10-02 03:45:00,2.3,101520.0,276.65,0.15
2015-10-02 04:00:00,2.35,101520.0,276.4,0.15
2015-10-02 04:15:00,2.2,101530.0,276.54999999999995,0.15
2015-10-02 04:30:00,1.95,101520.0,277.29999999999995,0.15
2015-10-02 04:45:00,2.4,101520.0,277.35,0.15
2015-10-02 05:00:00,1.85,101505.0,276.1,0.15
2015-10-02 05:15:00,2.0,101490.0,276.25,0.15
2015-10-02 05:30:00,2.05,101480.0,276.29999999999995,0.15
2015-10-02 05:45:00,1.6,101470.0,276.85,0.15
2015-10-02 06:00:00,1.7,101460.0,276.6,0.15
2015-10-02 06:15:00,1.5,101450.0,276.85,0.15
2015-10-02 06:30:00,1.6,101455.0,277.2,0.15
2015-10-02 06:45:00,1.0,101460.0,277.65,0.15
2015-10-02 07:00:00,0.7,101455.0,279.9,0.15
2015-10-02 07:15:00,0.9,101460.0,281.45,0.15
2015-10-02 07:30:00,0.8500000000000001,101450.0,282.04999999999995,0.15
2015-10-02 07:45:00,1.1,101450.0,282.54999999999995,0.15
2015-10-02 08:00:00,0.9,101445.0,283.2,0.15
2015-10-02 08:15:00,0.6,101450.0,283.85,0.15
2015-10-02 08:30:00,0.7,101440.0,284.35,0.15
2015-10-02 08:45:00,0.7,101420.0,284.54999999999995,0.15
2015-10-02 09:00:00,0.7,101415.0,285.45,0.15
2015-10-02 09:15:00,0.9,101390.0,286.25,0.15
2015-10-02 09:30:00,1.0,101375.0,286.9,0.15
2015-10-02 09:45:00,1.1,101370.0,287.15,0.15
2015-10-02 10:00:00,1.05,101345.0,288.35,0.15
2015-10-02 10:15:00,0.9,101330.0,288.65,0.15
2015-10-02 10:30:00,1.15,101290.0,289.25,0.15
2015-10-02 10:45:00,0.9,101280.0,290.25,0.15
2015-10-02 11:00:00,1.2999999999999998,101255.0,290.79999999999995,0.15
2015-10-02 11:15:00,1.2,101220.0,291.25,0.15
2015-10-02 11:30:00,1.75,101200.0,291.15,0.15
2015-10-02 11:45:00,2.5,101180.0,291.85,0.15
2015-10-02 12:00:00,3.1500000000000004,101150.0,292.15,0.15
2015-10-02 12:15:00,2.7,101120.0,292.85,0.15
2015-10-02 12:30:00,2.25,101105.0,292.79999999999995,0.15
2015-10-02 12:45:00,2.7,101060.0,293.04999999999995,0.15
2015-10-02 13:00:00,2.2,101030.0,293.5,0.15
2015-10-02 13:15:00,1.8,101020.0,294.25,0.15
2015-10-02 13:30:00,2.95,100990.0,293.9,0.15
2015-10-02 13:45:00,2.0,100970.0,294.45,0.15
2015-10-02 14:00:00,1.9,100945.0,294.4,0.15
2015-10-02 14:15:00,2.1,100930.0,294.45,0.15
2015-10-02 14:30:00,2.1,100915.0,294.5,0.15
2015-10-02 14:45:00,2.0,100890.0,294.54999999999995,0.15
2015-10-02 15:00:00,2.25,100865.0,294.6,0.15
2015-10-02 15:15:00,1.5,100840.0,294.45,0.15
2015-10-02 15:30:00,1.8,100815.0,294.5,0.15
2015-10-02 15:45:00,1.5,100800.0,294.35,0.15
2015-10-02 16:00:00,1.9,100780.0,293.85,0.15
2015-10-02 16:15:00,2.0,100760.0,292.15,0.15
2015-10-02 16:30:00,1.65,100760.0,291.2,0.15
2015-10-02 16:45:00,1.1,100760.0,289.75,0.15
2015-10-02 17:00:00,0.75,100750.0,289.0,0.15
2015-10-02 17:15:00,0.8,100750.0,287.35,0.15
2015-10-02 17:30:00,1.6,100765.0,287.1,0.15
2015-10-02 17:45:00,2.8,100770.0,285.65,0.15
2015-10-02 18:00:00,2.25,100785.0,286.04999999999995,0.15
2015-10-02 18:15:00,2.0,100780.0,286.04999999999995,0.15
2015-10-02 18:30:00,1.65,100770.0,286.65,0.15
2015-10-02 18:45:00,1.2,100750.0,285.95,0.15
2015-10-02 19:00:00,0.75,100745.0,287.0,0.15
2015-10-02 19:15:00,0.7,100740.0,285.85,0.15
2015-10-02 19:30:00,1.2999999999999998,100735.0,285.9,0.15
2015-10-02 19:45:00,2.0,100720.0,283.04999999999995,0.15
2015-10-02 20:00:00,2.35,100720.0,283.35,0.15
2015-10-02 20:15:00,2.0,100710.0,283.95,0.15
2015-10-02 20:30:00,2.5,100700.0,283.6,0.15
2015-10-02 20:45:00,2.2,100690.0,283.45,0.15
2015-10-02 21:00:00,2.25,100680.0,283.6,0.15
2015-10-02 21:15:00,1.2,100690.0,281.35,0.15
2015-10-02 21:30:00,0.45,100690.0,282.29999999999995,0.15
2015-10-02 21:45:00,0.7,100700.0,282.54999999999995,0.15
2015-10-02 22:00:00,1.75,100675.0,282.4,0.15
2015-10-02 22:15:00,2.1,100660.0,281.25,0.15
2015-10-02 22:30:00,1.5,100660.0,281.45,0.15
2015-10-02 22:45:00,1.2,100660.0,281.04999999999995,0.15
2015-10-02 23:00:00,1.7,100645.0,281.25,0.15
2015-10-02 23:15:00,1.9,100640.0,279.95,0.15
2015-10-02 23:30:00,1.95,100630.0,280.54999999999995,0.15
2015-10-02 23:45:00,2.3,100620.0,280.85,0.15
2015-10-03 00:00:00,2.25,100615.0,280.15,0.15
2015-10-03 00:15:00,2.1,100620.0,279.65,0.15
2015-10-03 00:30:00,1.95,100595.0,279.95,0.15
2015-10-03 00:45:00,2.2,100580.0,280.04999999999995,0.15
2015-10-03 01:00:00,2.05,100575.0,279.95,0.15
2015-10-03 01:15:00,1.9,100560.0,280.15,0.15
2015-10-03 01:30:00,1.7999999999999998,100550.0,280.6,0.15
2015-10-03 01:45:00,1.8,100530.0,280.35,0.15
2015-10-03 02:00:00,1.35,100530.0,280.85,0.15
2015-10-03 02:15:00,1.7,100520.0,282.25,0.15
2015-10-03 02:30:00,1.35,100515.0,279.54999999999995,0.15
2015-10-03 02:45:00,1.6,100500.0,280.04999999999995,0.15
2015-10-03 03:00:00,1.35,100480.0,280.75,0.15
2015-10-03 03:15:00,1.7,100460.0,280.75,0.15
2015-10-03 03:30:00,2.4000000000000004,100470.0,278.35,0.15
2015-10-03 03:45:00,2.9,100450.0,280.75,0.15
2015-10-03 04:00:00,1.95,100450.0,281.4,0.15
2015-10-03 04:15:00,0.9,100450.0,281.85,0.15
2015-10-03 04:30:00,0.6499999999999999,100430.0,282.0,0.15
2015-10-03 04:45:00,1.6,100420.0,280.65,0.15
2015-10-03 05:00:00,1.35,100410.0,280.2,0.15
2015-10-03 05:15:00,2.1,100410.0,279.95,0.15
2015-10-03 05:30:00,2.7,100405.0,279.29999999999995,0.15
2015-10-03 05:45:00,2.6,100400.0,279.25,0.15
2015-10-03 06:00:00,2.5,100395.0,279.45,0.15
2015-10-03 06:15:00,2.7,100400.0,279.25,0.15
2015-10-03 06:30:00,2.6,100400.0,281.7,0.15
2015-10-03 06:45:00,2.4,100410.0,281.45,0.15
2015-10-03 07:00:00,2.35,100400.0,281.75,0.15
2015-10-03 07:15:00,2.0,100400.0,282.25,0.15
2015-10-03 07:30:00,1.6,100405.0,285.04999999999995,0.15
2015-10-03 07:45:00,1.7,100410.0,285.95,0.15
2015-10-03 08:00:00,2.7,100420.0,286.75,0.15
2015-10-03 08:15:00,3.3,100410.0,287.35,0.15
2015-10-03 08:30:00,3.45,100415.0,288.15,0.15
2015-10-03 08:45:00,3.8,100410.0,288.75,0.15
2015-10-03 09:00:00,2.9,100395.0,289.25,0.15
2015-10-03 09:15:00,2.6,100400.0,289.65,0.15
2015-10-03 09:30:00,2.5,100380.0,289.95,0.15
2015-10-03 09:45:00,2.6,100380.0,290.15,0.15
2015-10-03 10:00:00,2.05,100370.0,290.7,0.15
2015-10-03 10:15:00,2.1,100350.0,291.25,0.15
2015-10-03 10:30:00,1.45,100340.0,291.85,0.15
2015-10-03 10:45:00,1.1,100330.0,292.54999999999995,0.15
2015-10-03 11:00:00,1.4500000000000002,100320.0,292.9,0.15
2015-10-03 11:15:00,0.7,100300.0,293.85,0.15
2015-10-03 11:30:00,1.15,100285.0,293.7,0.15
2015-10-03 11:45:00,0.8,100270.0,294.85,0.15
2015-10-03 12:00:00,0.9,100255.0,293.9,0.15
2015-10-03 12:15:00,1.1,100240.0,294.54999999999995,0.15
2015-10-03 12:30:00,1.2999999999999998,100220.0,294.15,0.15
2015-10-03 12:45:00,0.7,100210.0,294.04999999999995,0.15
2015-10-03 13:00:00,1.4,100180.0,295.0,0.15
2015-10-03 13:15:00,1.3,100190.0,294.45,0.15
2015-10-03 13:30:00,1.3,100190.0,294.65,0.15
2015-10-03 13:45:00,1.0,100180.0,294.75,0.15
2015-10-03 14:00:00,0.7,100170.0,294.65,0.15
2015-10-03 14:15:00,1.0,100170.0,294.85,0.15
2015-10-03 14:30:00,1.05,100160.0,294.4,0.15
2015-10-03 14:45:00,0.8,100170.0,293.25,0.15
2015-10-03 15:00:00,1.35,100165.0,292.95,0.15
2015-10-03 15:15:00,1.9,100170.0,292.75,0.15
2015-10-03 15:30:00,1.4,100185.0,293.0,0.15
2015-10-03 15:45:00,1.2,100200.0,292.85,0.15
2015-10-03 16:00:00,2.05,100205.0,292.25,0.15
2015-10-03 16:15:00,2.0,100200.0,292.04999999999995,0.15
2015-10-03 16:30:00,1.2,100190.0,291.29999999999995,0.15
2015-10-03 16:45:00,0.5,100170.0,291.25,0.15
2015-10-03 17:00:00,1.2000000000000002,100155.0,290.79999999999995,0.15
2015-10-03 17:15:00,1.5,100160.0,290.25,0.15
2015-10-03 17:30:00,2.5,100185.0,288.79999999999995,0.15
2015-10-03 17:45:00,2.3,100200.0,287.85,0.15
2015-10-03 18:00:00,1.45,100215.0,287.7,0.15
2015-10-03 18:15:00,1.5,100230.0,286.54999999999995,0.15
2015-10-03 18:30:00,1.85,100240.0,286.7,0.15
2015-10-03 18:45:00,1.4,100250.0,286.75,0.15
2015-10-03 19:00:00,1.05,100250.0,287.2,0.15
2015-10-03 19:15:00,0.9,100250.0,286.95,0.15
2015-10-03 19:30:00,0.8,100265.0,286.95,0.15
2015-10-03 19:45:00,1.5,100270.0,286.54999999999995,0.15
2015-10-03 20:00:00,1.9,100275.0,286.7,0.15
2015-10-03 20:15:00,1.7,100280.0,285.65,0.15
2015-10-03 20:30:00,1.75,100285.0,286.29999999999995,0.15
2015-10-03 20:45:00,1.7,100280.0,285.54999999999995,0.15
2015-10-03 21:00:00,1.7,100285.0,285.29999999999995,0.15
2015-10-03 21:15:00,1.7,100280.0,284.95,0.15
2015-10-03 21:30:00,2.1,100290.0,284.85,0.15
2015-10-03 21:45:00,2.1,100290.0,286.04999999999995,0.15
2015-10-03 22:00:00,1.65,100285.0,285.79999999999995,0.15
2015-10-03 22:15:00,1.3,100280.0,285.25,0.15
2015-10-03 22:30:00,1.95,100295.0,283.85,0.15
2015-10-03 22:45:00,2.0,100310.0,284.45,0.15
2015-10-03 23:00:00,1.9,100310.0,283.5,0.15
2015-10-03 23:15:00,1.8,100310.0,285.15,0.15
2015-10-03 23:30:00,1.95,100320.0,283.9,0.15
2015-10-03 23:45:00,1.8,100330.0,282.75,0.15
2015-10-04 00:00:00,1.75,100325.0,283.04999999999995,0.15
2015-10-04 00:15:00,2.1,100330.0,284.25,0.15
2015-10-04 00:30:00,1.65,100345.0,283.5,0.15
2015-10-04 00:45:00,1.4,100360.0,283.75,0.15
2015-10-04 01:00:00,1.6,100350.0,282.75,0.15
2015-10-04 01:15:00,1.6,100340.0,282.75,0.15
2015-10-04 01:30:00,1.6,100355.0,282.9,0.15
2015-10-04 01:45:00,2.4,100370.0,282.04999999999995,0.15
2015-10-04 02:00:00,1.5499999999999998,100355.0,282.45,0.15
2015-10-04 02:15:00,1.8,100350.0,282.35,0.15
2015-10-04 02:30:00,2.3,100340.0,283.1,0.15
2015-10-04 02:45:00,1.3,100350.0,283.25,0.15
2015-10-04 03:00:00,1.6,100365.0,282.75,0.15
2015-10-04 03:15:00,1.4,100370.0,282.75,0.15
2015-10-04 03:30:00,1.35,100380.0,282.79999999999995,0.15
2015-10-04 03:45:00,1.2,100390.0,282.75,0.15
2015-10-04 04:00:00,1.95,100395.0,282.5,0.15
2015-10-04 04:15:00,2.2,100410.0,282.85,0.15
2015-10-04 04:30:00,2.3,100415.0,282.6,0.15
2015-10-04 04:45:00,1.8,100420.0,282.85,0.15
2015-10-04 05:00:00,2.35,100425.0,282.2,0.15
2015-10-04 05:15:00,2.7,100430.0,283.15,0.15
2015-10-04 05:30:00,2.15,100435.0,281.7,0.15
2015-10-04 05:45:00,1.8,100450.0,282.54999999999995,0.15
2015-10-04 06:00:00,1.8,100450.0,283.75,0.15
2015-10-04 06:15:00,1.3,100470.0,284.85,0.15
2015-10-04 06:30:00,1.65,100480.0,285.35,0.15
2015-10-04 06:45:00,2.2,100500.0,285.85,0.15
2015-10-04 07:00:00,2.05,100515.0,285.35,0.15
2015-10-04 07:15:00,2.7,100520.0,285.75,0.15
2015-10-04 07:30:00,2.05,100535.0,286.04999999999995,0.15
2015-10-04 07:45:00,1.3,100530.0,286.75,0.15
2015-10-04 08:00:00,1.75,100550.0,286.75,0.15
2015-10-04 08:15:00,3.4,100550.0,286.75,0.15
2015-10-04 08:30:00,3.4,100555.0,287.04999999999995,0.15
2015-10-04 08:45:00,3.1,100560.0,287.35,0.15
2015-10-04 09:00:00,3.05,100570.0,287.6,0.15
2015-10-04 09:15:00,2.8,100580.0,288.25,0.15
2015-10-04 09:30:00,2.8,100580.0,288.6,0.15
2015-10-04 09:45:00,2.5,100570.0,288.95,0.15
2015-10-04 10:00:00,2.5,100560.0,289.2,0.15
2015-10-04 10:15:00,2.5,100560.0,289.35,0.15
2015-10-04 10:30:00,3.15,100555.0,289.54999999999995,0.15
2015-10-04 10:45:00,2.7,100540.0,290.15,0.15
2015-10-04 11:00:00,2.0,100530.0,290.35,0.15
2015-10-04 11:15:00,2.6,100520.0,290.45,0.15
2015-10-04 11:30:00,2.75,100520.0,291.35,0.15
2015-10-04 11:45:00,3.9,100520.0,291.65,0.15
2015-10-04 12:00:00,3.75,100515.0,291.35,0.15
2015-10-04 12:15:00,3.9,100520.0,291.35,0.15
2015-10-04 12:30:00,4.35,100515.0,291.6,0.15
2015-10-04 12:45:00,5.8,100500.0,292.35,0.15
2015-10-04 13:00:00,5.05,100510.0,291.04999999999995,0.15
2015-10-04 13:15:00,4.5,100500.0,291.54999999999995,0.15
2015-10-04 13:30:00,5.4,100500.0,292.25,0.15
2015-10-04 13:45:00,4.9,100510.0,291.75,0.15
2015-10-04 14:00:00,4.699999999999999,100490.0,291.85,0.15
2015-10-04 14:15:00,5.2,100480.0,292.04999999999995,0.15
2015-10-04 14:30:00,4.15,100465.0,291.95,0.15
2015-10-04 14:45:00,3.5,100450.0,291.54999999999995,0.15
2015-10-04 15:00:00,4.0,100450.0,291.65,0.15
2015-10-04 15:15:00,3.6,100440.0,291.45,0.15
2015-10-04 15:30:00,3.8,100430.0,291.54999999999995,0.15
2015-10-04 15:45:00,3.2,100420.0,291.15,0.15
2015-10-04 16:00:00,3.05,100430.0,290.75,0.15
2015-10-04 16:15:00,2.8,100430.0,289.85,0.15
2015-10-04 16:30:00,2.5,100425.0,289.1,0.15
2015-10-04 16:45:00,2.6,100410.0,289.15,0.15
2015-10-04 17:00:00,2.75,100415.0,288.7,0.15
2015-10-04 17:15:00,2.6,100420.0,288.25,0.15
2015-10-04 17:30:00,2.6,100420.0,288.2,0.15
2015-10-04 17:45:00,2.9,100410.0,288.25,0.15
2015-10-04 18:00:00,2.55,100430.0,287.65,0.15
2015-10-04 18:15:00,2.9,100450.0,287.04999999999995,0.15
2015-10-04 18:30:00,3.05,100455.0,287.25,0.15
2015-10-04 18:45:00,3.3,100430.0,287.15,0.15
2015-10-04 19:00:00,3.25,100445.0,287.25,0.15
2015-10-04 19:15:00,2.8,100460.0,286.15,0.15
2015-10-04 19:30:00,2.8,100460.0,286.25,0.15
2015-10-04 19:45:00,2.9,100460.0,286.65,0.15
2015-10-04 20:00:00,2.7,100465.0,285.5,0.15
2015-10-04 20:15:00,3.1,100460.0,285.35,0.15
2015-10-04 20:30:00,2.5,100460.0,285.79999999999995,0.15
2015-10-04 20:45:00,1.9,100450.0,285.95,0.15
2015-10-04 21:00:00,2.5,100435.0,285.7,0.15
2015-10-04 21:15:00,3.2,100420.0,285.15,0.15
2015-10-04 21:30:00,3.6,100410.0,285.6,0.15
2015-10-04 21:45:00,3.6,100420.0,285.35,0.15
2015-10-04 22:00:00,3.4,100420.0,285.25,0.15
2015-10-04 22:15:00,3.5,100420.0,285.35,0.15
2015-10-04 22:30:00,3.5,100430.0,285.1,0.15
2015-10-04 22:45:00,3.6,100420.0,284.95,0.15
2015-10-04 23:00:00,3.35,100420.0,284.9,0.15
2015-10-04 23:15:00,3.4,100410.0,284.65,0.15
2015-10-04 23:30:00,3.1500000000000004,100390.0,284.7,0.15
2015-10-04 23:45:00,2.9,100390.0,284.65,0.15
2015-10-05 00:00:00,2.3,100390.0,284.35,0.15
2015-10-05 00:15:00,1.8,100390.0,284.35,0.15
2015-10-05 00:30:00,2.1,100390.0,284.4,0.15
2015-10-05 00:45:00,2.2,100380.0,284.35,0.15
2015-10-05 01:00:00,2.05,100375.0,284.54999999999995,0.15
2015-10-05 01:15:00,1.8,100390.0,284.35,0.15
2015-10-05 01:30:00,2.55,100380.0,284.2,0.15
2015-10-05 01:45:00,2.3,100370.0,284.25,0.15
2015-10-05 02:00:00,2.8,100355.0,284.04999999999995,0.15
2015-10-05 02:15:00,2.9,100340.0,284.35,0.15
2015-10-05 02:30:00,3.1,100320.0,284.29999999999995,0.15
2015-10-05 02:45:00,3.4,100300.0,284.45,0.15
2015-10-05 03:00:00,3.6,100295.0,284.5,0.15
2015-10-05 03:15:00,3.2,100290.0,284.54999999999995,0.15
2015-10-05 03:30:00,2.85,100295.0,284.4,0.15
2015-10-05 03:45:00,3.2,100280.0,284.45,0.15
2015-10-05 04:00:00,3.4,100270.0,284.2,0.15
2015-10-05 04:15:00,2.9,100280.0,284.15,0.15
2015-10-05 04:30:00,2.45,100275.0,284.45,0.15
2015-10-05 04:45:00,2.9,100260.0,284.35,0.15
2015-10-05 05:00:00,2.45,100285.0,284.65,0.15
2015-10-05 05:15:00,2.0,100280.0,284.65,0.15
2015-10-05 05:30:00,1.5,100275.0,284.75,0.15
2015-10-05 05:45:00,2.2,100270.0,284.75,0.15
2015-10-05 06:00:00,3.2,100275.0,284.75,0.15
2015-10-05 06:15:00,3.5,100270.0,284.85,0.15
2015-10-05 06:30:00,3.55,100275.0,285.04999999999995,0.15
2015-10-05 06:45:00,4.6,100280.0,285.25,0.15
2015-10-05 07:00:00,5.8,100245.0,285.45,0.15
2015-10-05 07:15:00,5.3,100250.0,285.75,0.15
2015-10-05 07:30:00,5.050000000000001,100285.0,286.29999999999995,0.15
2015-10-05 07:45:00,5.1,100280.0,286.35,0.15
2015-10-05 08:00:00,4.449999999999999,100285.0,286.7,0.15
2015-10-05 08:15:00,4.9,100250.0,286.85,0.15
2015-10-05 08:30:00,4.9,100255.0,287.29999999999995,0.15
2015-10-05 08:45:00,5.1,100280.0,287.65,0.15
2015-10-05 09:00:00,4.65,100305.0,287.9,0.15
2015-10-05 09:15:00,5.4,100310.0,288.04999999999995,0.15
2015-10-05 09:30:00,5.55,100265.0,288.7,0.15
2015-10-05 09:45:00,6.5,100230.0,288.65,0.15
2015-10-05 10:00:00,6.05,100190.0,289.2,0.15
2015-10-05 10:15:00,6.7,100190.0,289.04999999999995,0.15
2015-10-05 10:30:00,6.8,100190.0,289.54999999999995,0.15
2015-10-05 10:45:00,5.7,100180.0,289.45,0.15
2015-10-05 11:00:00,5.300000000000001,100155.0,289.95,0.15
2015-10-05 11:15:00,5.8,100150.0,289.75,0.15
2015-10-05 11:30:00,4.75,100130.0,289.85,0.15
2015-10-05 11:45:00,4.8,100120.0,290.25,0.15
2015-10-05 12:00:00,5.4,100100.0,290.25,0.15
2015-10-05 12:15:00,5.5,100100.0,290.15,0.15
2015-10-05 12:30:00,5.800000000000001,100095.0,290.04999999999995,0.15
2015-10-05 12:45:00,5.8,100070.0,289.95,0.15
2015-10-05 13:00:00,4.8,100085.0,289.95,0.15
2015-10-05 13:15:00,5.2,100080.0,289.85,0.15
2015-10-05 13:30:00,5.35,100040.0,289.79999999999995,0.15
2015-10-05 13:45:00,5.1,100020.0,289.85,0.15
2015-10-05 14:00:00,3.9,100025.0,289.7,0.15
2015-10-05 14:15:00,4.9,100000.0,289.65,0.15
2015-10-05 14:30:00,5.5,99960.0,289.79999999999995,0.15
2015-10-05 14:45:00,5.7,99930.0,289.95,0.15
2015-10-05 15:00:00,4.699999999999999,99905.0,289.95,0.15
2015-10-05 15:15:00,4.8,99870.0,289.95,0.15
2015-10-05 15:30:00,4.5,99865.0,289.9,0.15
2015-10-05 15:45:00,4.8,99830.0,289.85,0.15
2015-10-05 16:00:00,4.6,99835.0,289.65,0.15
2015-10-05 16:15:00,4.8,99820.0,289.45,0.15
2015-10-05 16:30:00,3.9,99815.0,289.2,0.15
2015-10-05 16:45:00,3.4,99790.0,289.25,0.15
2015-10-05 17:00:00,2.9000000000000004,99795.0,289.15,0.15
2015-10-05 17:15:00,2.7,99790.0,289.15,0.15
2015-10-05 17:30:00,2.5,99775.0,289.1,0.15
2015-10-05 17:45:00,2.7,99770.0,289.15,0.15
2015-10-05 18:00:00,2.1500000000000004,99760.0,289.2,0.15
2015-10-05 18:15:00,2.4,99750.0,289.04999999999995,0.15
2015-10-05 18:30:00,2.1,99735.0,289.04999999999995,0.15
2015-10-05 18:45:00,2.1,99720.0,289.15,0.15
2015-10-05 19:00:00,1.35,99705.0,289.2,0.15
2015-10-05 19:15:00,1.2,99680.0,289.35,0.15
2015-10-05 19:30:00,1.15,99670.0,289.35,0.15
2015-10-05 19:45:00,2.2,99660.0,289.35,0.15
2015-10-05 20:00:00,2.5,99645.0,288.85,0.15
2015-10-05 20:15:00,2.5,99620.0,288.54999999999995,0.15
2015-10-05 20:30:00,2.6500000000000004,99615.0,288.45,0.15
2015-10-05 20:45:00,2.7,99600.0,288.25,0.15
2015-10-05 21:00:00,3.1,99590.0,288.15,0.15
2015-10-05 21:15:00,2.8,99570.0,288.04999999999995,0.15
2015-10-05 21:30:00,3.0,99540.0,287.85,0.15
2015-10-05 21:45:00,3.6,99510.0,287.85,0.15
2015-10-05 22:00:00,3.25,99490.0,288.1,0.15
2015-10-05 22:15:00,3.4,99450.0,288.15,0.15
2015-10-05 22:30:00,2.75,99425.0,288.04999999999995,0.15
2015-10-05 22:45:00,3.0,99400.0,288.04999999999995,0.15
2015-10-05 23:00:00,4.199999999999999,99375.0,288.15,0.15
2015-10-05 23:15:00,5.1,99350.0,288.15,0.15
2015-10-05 23:30:00,5.75,99325.0,288.1,0.15
2015-10-05 23:45:00,5.8,99300.0,287.95,0.15
2015-10-06 00:00:00,5.55,99275.0,287.95,0.15
2015-10-06 00:15:00,5.9,99240.0,288.04999999999995,0.15
2015-10-06 00:30:00,5.75,99230.0,288.2,0.15
2015-10-06 00:45:00,5.6,99220.0,288.45,0.15
2015-10-06 01:00:00,6.35,99215.0,288.6,0.15
2015-10-06 01:15:00,5.9,99210.0,288.65,0.15
2015-10-06 01:30:00,5.949999999999999,99185.0,288.6,0.15
2015-10-06 01:45:00,5.2,99180.0,288.54999999999995,0.15
2015-10-06 02:00:00,4.95,99160.0,288.65,0.15
2015-10-06 02:15:00,5.2,99160.0,288.75,0.15
2015-10-06 02:30:00,5.05,99165.0,288.85,0.15
2015-10-06 02:45:00,4.6,99160.0,288.65,0.15
2015-10-06 03:00:00,4.1,99150.0,288.9,0.15
2015-10-06 03:15:00,3.9,99150.0,289.04999999999995,0.15
2015-10-06 03:30:00,3.85,99145.0,289.15,0.15
2015-10-06 03:45:00,4.2,99170.0,289.04999999999995,0.15
2015-10-06 04:00:00,3.95,99170.0,289.04999999999995,0.15
2015-10-06 04:15:00,4.2,99170.0,289.25,0.15
2015-10-06 04:30:00,3.6,99170.0,289.29999999999995,0.15
2015-10-06 04:45:00,3.8,99180.0,289.15,0.15
2015-10-06 05:00:00,4.2,99180.0,289.54999999999995,0.15
2015-10-06 05:15:00,3.9,99180.0,289.75,0.15
2015-10-06 05:30:00,4.0,99170.0,289.9,0.15
2015-10-06 05:45:00,4.1,99180.0,289.85,0.15
2015-10-06 06:00:00,3.85,99190.0,290.0,0.15
2015-10-06 06:15:00,3.5,99200.0,290.04999999999995,0.15
2015-10-06 06:30:00,3.3,99200.0,290.1,0.15
2015-10-06 06:45:00,3.3,99210.0,290.15,0.15
2015-10-06 07:00:00,3.85,99195.0,290.35,0.15
2015-10-06 07:15:00,3.7,99180.0,290.54999999999995,0.15
2015-10-06 07:30:00,3.2,99205.0,290.75,0.15
2015-10-06 07:45:00,4.2,99220.0,290.75,0.15
2015-10-06 08:00:00,3.05,99225.0,290.95,0.15
2015-10-06 08:15:00,3.5,99230.0,290.95,0.15
2015-10-06 08:30:00,3.1,99255.0,291.04999999999995,0.15
2015-10-06 08:45:00,2.9,99250.0,291.04999999999995,0.15
2015-10-06 09:00:00,3.1,99260.0,290.95,0.15
2015-10-06 09:15:00,3.2,99260.0,291.45,0.15
2015-10-06 09:30:00,3.05,99250.0,291.79999999999995,0.15
2015-10-06 09:45:00,2.7,99260.0,292.45,0.15
2015-10-06 10:00:00,3.35,99255.0,292.75,0.15
2015-10-06 10:15:00,3.4,99260.0,293.75,0.15
2015-10-06 10:30:00,3.85,99255.0,293.45,0.15
2015-10-06 10:45:00,3.7,99250.0,293.54999999999995,0.15
2015-10-06 11:00:00,3.95,99260.0,293.7,0.15
2015-10-06 11:15:00,3.4,99250.0,293.45,0.15
2015-10-06 11:30:00,3.4,99235.0,294.15,0.15
2015-10-06 11:45:00,2.8,99210.0,294.04999999999995,0.15
2015-10-06 12:00:00,2.65,99190.0,294.29999999999995,0.15
2015-10-06 12:15:00,2.5,99180.0,294.25,0.15
2015-10-06 12:30:00,2.5,99160.0,294.29999999999995,0.15
2015-10-06 12:45:00,3.0,99160.0,294.45,0.15
2015-10-06 13:00:00,3.1,99155.0,294.54999999999995,0.15
2015-10-06 13:15:00,3.6,99140.0,294.04999999999995,0.15
2015-10-06 13:30:00,3.4,99145.0,293.5,0.15
2015-10-06 13:45:00,4.9,99160.0,292.15,0.15
2015-10-06 14:00:00,3.2,99145.0,291.9,0.15
2015-10-06 14:15:00,1.7,99110.0,291.85,0.15
2015-10-06 14:30:00,3.05,99075.0,292.0,0.15
2015-10-06 14:45:00,2.9,99100.0,291.95,0.15
2015-10-06 15:00:00,3.45,99115.0,292.1,0.15
2015-10-06 15:15:00,2.6,99150.0,292.04999999999995,0.15
2015-10-06 15:30:00,2.1,99160.0,291.9,0.15
2015-10-06 15:45:00,1.9,99160.0,291.75,0.15
2015-10-06 16:00:00,2.55,99180.0,291.79999999999995,0.15
2015-10-06 16:15:00,3.1,99200.0,291.54999999999995,0.15
2015-10-06 16:30:00,2.65,99200.0,291.54999999999995,0.15
2015-10-06 16:45:00,2.6,99220.0,291.35,0.15
2015-10-06 17:00:00,2.9,99220.0,290.95,0.15
2015-10-06 17:15:00,2.9,99250.0,290.25,0.15
2015-10-06 17:30:00,2.9000000000000004,99270.0,290.1,0.15
2015-10-06 17:45:00,2.8,99290.0,290.35,0.15
2015-10-06 18:00:00,2.95,99295.0,290.15,0.15
2015-10-06 18:15:00,2.7,99320.0,289.95,0.15
2015-10-06 18:30:00,2.4,99335.0,289.79999999999995,0.15
2015-10-06 18:45:00,2.5,99350.0,289.45,0.15
2015-10-06 19:00:00,3.15,99340.0,289.65,0.15
2015-10-06 19:15:00,3.2,99350.0,289.75,0.15
2015-10-06 19:30:00,3.4000000000000004,99340.0,290.15,0.15
2015-10-06 19:45:00,3.8,99330.0,290.25,0.15
2015-10-06 20:00:00,3.4,99345.0,290.25,0.15
2015-10-06 20:15:00,3.0,99340.0,290.15,0.15
2015-10-06 20:30:00,3.7,99365.0,290.25,0.15
2015-10-06 20:45:00,4.0,99360.0,290.25,0.15
2015-10-06 21:00:00,3.2,99365.0,290.35,0.15
2015-10-06 21:15:00,2.8,99370.0,290.35,0.15
2015-10-06 21:30:00,2.85,99370.0,290.25,0.15
2015-10-06 21:45:00,2.5,99370.0,290.15,0.15
2015-10-06 22:00:00,2.65,99380.0,290.25,0.15
2015-10-06 22:15:00,2.4,99380.0,290.15,0.15
2015-10-06 22:30:00,2.9,99390.0,289.79999999999995,0.15
2015-10-06 22:45:00,3.0,99400.0,289.65,0.15
2015-10-06 23:00:00,2.9000000000000004,99400.0,289.85,0.15
2015-10-06 23:15:00,2.8,99410.0,289.85,0.15
2015-10-06 23:30:00,2.95,99415.0,289.9,0.15
2015-10-06 23:45:00,2.8,99420.0,290.04999999999995,0.15
2015-10-07 00:00:00,3.05,99430.0,289.35,0.15
2015-10-07 00:15:00,3.0,99440.0,288.75,0.15
2015-10-07 00:30:00,2.6,99465.0,289.29999999999995,0.15
2015-10-07 00:45:00,2.7,99460.0,289.35,0.15
2015-10-07 01:00:00,2.85,99470.0,289.35,0.15
2015-10-07 01:15:00,3.2,99460.0,289.04999999999995,0.15
2015-10-07 01:30:00,2.85,99470.0,288.95,0.15
2015-10-07 01:45:00,1.8,99490.0,288.95,0.15
2015-10-07 02:00:00,1.9,99505.0,288.79999999999995,0.15
2015-10-07 02:15:00,2.4,99510.0,288.65,0.15
2015-10-07 02:30:00,2.35,99525.0,288.54999999999995,0.15
2015-10-07 02:45:00,3.1,99540.0,288.54999999999995,0.15
2015-10-07 03:00:00,2.8,99535.0,289.1,0.15
2015-10-07 03:15:00,1.7,99530.0,289.25,0.15
2015-10-07 03:30:00,1.7999999999999998,99545.0,288.95,0.15
2015-10-07 03:45:00,1.8,99550.0,288.45,0.15
2015-10-07 04:00:00,0.5,99565.0,288.7,0.15
2015-10-07 04:15:00,1.4,99580.0,288.45,0.15
2015-10-07 04:30:00,2.4000000000000004,99615.0,288.7,0.15
2015-10-07 04:45:00,0.9,99640.0,288.65,0.15
2015-10-07 05:00:00,1.35,99650.0,288.5,0.15
2015-10-07 05:15:00,2.1,99660.0,288.45,0.15
2015-10-07 05:30:00,2.4000000000000004,99665.0,288.4,0.15
2015-10-07 05:45:00,2.9,99680.0,288.35,0.15
2015-10-07 06:00:00,2.5,99680.0,288.25,0.15
2015-10-07 06:15:00,2.9,99690.0,288.25,0.15
2015-10-07 06:30:00,2.7,99715.0,288.25,0.15
2015-10-07 06:45:00,2.5,99720.0,288.25,0.15
2015-10-07 07:00:00,1.75,99745.0,288.75,0.15
2015-10-07 07:15:00,1.8,99760.0,289.04999999999995,0.15
2015-10-07 07:30:00,2.4000000000000004,99790.0,289.2,0.15
2015-10-07 07:45:00,3.1,99810.0,289.25,0.15
2015-10-07 08:00:00,3.1,99825.0,290.15,0.15
2015-10-07 08:15:00,2.9,99840.0,290.85,0.15
2015-10-07 08:30:00,3.2,99855.0,290.95,0.15
2015-10-07 08:45:00,4.3,99870.0,290.75,0.15
2015-10-07 09:00:00,3.7,99875.0,290.6,0.15
2015-10-07 09:15:00,3.4,99890.0,290.75,0.15
2015-10-07 09:30:00,3.65,99900.0,290.7,0.15
2015-10-07 09:45:00,4.3,99910.0,290.75,0.15
2015-10-07 10:00:00,3.7,99915.0,290.95,0.15
2015-10-07 10:15:00,4.2,99930.0,290.95,0.15
2015-10-07 10:30:00,3.85,99945.0,291.2,0.15
2015-10-07 10:45:00,4.2,99960.0,292.35,0.15
2015-10-07 11:00:00,4.0,99960.0,291.9,0.15
2015-10-07 11:15:00,3.6,99970.0,291.45,0.15
2015-10-07 11:30:00,3.8,99980.0,291.6,0.15
2015-10-07 11:45:00,3.7,99990.0,291.04999999999995,0.15
2015-10-07 12:00:00,3.4000000000000004,100005.0,291.2,0.15
2015-10-07 12:15:00,3.7,100010.0,291.15,0.15
2015-10-07 12:30:00,3.3,100010.0,291.1,0.15
2015-10-07 12:45:00,2.1,100020.0,290.85,0.15
2015-10-07 13:00:00,2.45,100040.0,290.7,0.15
2015-10-07 13:15:00,2.2,100050.0,290.95,0.15
2015-10-07 13:30:00,3.15,100055.0,291.2,0.15
2015-10-07 13:45:00,3.4,100060.0,291.45,0.15
2015-10-07 14:00:00,4.6,100065.0,291.25,0.15
2015-10-07 14:15:00,4.4,100080.0,291.35,0.15
2015-10-07 14:30:00,4.6,100085.0,291.29999999999995,0.15
2015-10-07 14:45:00,4.6,100100.0,291.04999999999995,0.15
2015-10-07 15:00:00,4.2,100105.0,290.9,0.15
2015-10-07 15:15:00,3.5,100110.0,290.75,0.15
2015-10-07 15:30:00,3.1,100125.0,290.54999999999995,0.15
2015-10-07 15:45:00,3.1,100140.0,290.54999999999995,0.15
2015-10-07 16:00:00,4.75,100160.0,290.29999999999995,0.15
2015-10-07 16:15:00,5.1,100180.0,290.04999999999995,0.15
2015-10-07 16:30:00,3.5500000000000003,100200.0,289.75,0.15
2015-10-07 16:45:00,2.0,100220.0,289.35,0.15
2015-10-07 17:00:00,1.9,100240.0,289.45,0.15
2015-10-07 17:15:00,1.3,100270.0,289.35,0.15
2015-10-07 17:30:00,1.55,100295.0,289.0,0.15
2015-10-07 17:45:00,2.0,100310.0,288.85,0.15
2015-10-07 18:00:00,1.6,100330.0,288.79999999999995,0.15
2015-10-07 18:15:00,1.5,100350.0,288.85,0.15
2015-10-07 18:30:00,2.5,100365.0,288.75,0.15
2015-10-07 18:45:00,3.3,100380.0,288.54999999999995,0.15
2015-10-07 19:00:00,1.6,100390.0,288.65,0.15
2015-10-07 19:15:00,1.4,100400.0,288.65,0.15
2015-10-07 19:30:00,1.9,100420.0,288.7,0.15
2015-10-07 19:45:00,1.9,100430.0,288.54999999999995,0.15
2015-10-07 20:00:00,1.9,100435.0,288.54999999999995,0.15
2015-10-07 20:15:00,2.5,100440.0,288.54999999999995,0.15
2015-10-07 20:30:00,2.2,100445.0,288.4,0.15
2015-10-07 20:45:00,2.8,100460.0,288.45,0.15
2015-10-07 21:00:00,2.6,100465.0,288.4,0.15
2015-10-07 21:15:00,3.1,100470.0,288.35,0.15
2015-10-07 21:30:00,3.5,100485.0,288.29999999999995,0.15
2015-10-07 21:45:00,3.3,100490.0,288.25,0.15
2015-10-07 22:00:00,2.95,100505.0,288.15,0.15
2015-10-07 22:15:00,2.1,100520.0,288.04999999999995,0.15
2015-10-07 22:30:00,2.25,100520.0,287.9,0.15
2015-10-07 22:45:00,2.8,100520.0,287.85,0.15
2015-10-07 23:00:00,2.7,100525.0,287.79999999999995,0.15
2015-10-07 23:15:00,2.7,100530.0,287.35,0.15
2015-10-07 23:30:00,3.05,100520.0,287.5,0.15
2015-10-07 23:45:00,3.2,100520.0,287.54999999999995,0.15
2015-10-08 00:00:00,3.0,100530.0,287.54999999999995,0.15
2015-10-08 00:15:00,2.5,100530.0,287.65,0.15
2015-10-08 00:30:00,1.9,100535.0,287.6,0.15
2015-10-08 00:45:00,1.5,100540.0,287.54999999999995,0.15
2015-10-08 01:00:00,1.65,100545.0,287.54999999999995,0.15
2015-10-08 01:15:00,1.7,100550.0,287.54999999999995,0.15
2015-10-08 01:30:00,2.8,100550.0,287.54999999999995,0.15
2015-10-08 01:45:00,3.3,100550.0,287.25,0.15
2015-10-08 02:00:00,2.75,100550.0,287.0,0.15
2015-10-08 02:15:00,2.7,100560.0,286.45,0.15
2015-10-08 02:30:00,2.6,100560.0,286.2,0.15
2015-10-08 02:45:00,3.1,100570.0,286.04999999999995,0.15
2015-10-08 03:00:00,2.05,100570.0,285.9,0.15
2015-10-08 03:15:00,1.5,100570.0,285.75,0.15
2015-10-08 03:30:00,1.15,100585.0,285.79999999999995,0.15
2015-10-08 03:45:00,1.2,100590.0,285.85,0.15
2015-10-08 04:00:00,1.5,100600.0,285.85,0.15
2015-10-08 04:15:00,1.8,100590.0,285.85,0.15
2015-10-08 04:30:00,2.1500000000000004,100600.0,285.79999999999995,0.15
2015-10-08 04:45:00,1.9,100610.0,285.75,0.15
2015-10-08 05:00:00,1.35,100620.0,285.7,0.15
2015-10-08 05:15:00,1.3,100630.0,285.65,0.15
2015-10-08 05:30:00,1.55,100650.0,285.65,0.15
2015-10-08 05:45:00,2.0,100660.0,285.65,0.15
2015-10-08 06:00:00,1.4,100670.0,285.65,0.15
2015-10-08 06:15:00,1.2,100680.0,285.65,0.15
2015-10-08 06:30:00,1.35,100690.0,285.75,0.15
2015-10-08 06:45:00,1.8,100690.0,285.75,0.15
2015-10-08 07:00:00,2.3,100715.0,285.79999999999995,0.15
2015-10-08 07:15:00,2.9,100730.0,285.75,0.15
2015-10-08 07:30:00,2.4,100745.0,285.85,0.15
2015-10-08 07:45:00,2.5,100760.0,285.85,0.15
2015-10-08 08:00:00,3.2,100780.0,285.65,0.15
2015-10-08 08:15:00,3.2,100780.0,285.65,0.15
2015-10-08 08:30:00,3.1,100795.0,285.7,0.15
2015-10-08 08:45:00,3.0,100810.0,285.65,0.15
2015-10-08 09:00:00,2.75,100820.0,285.65,0.15
2015-10-08 09:15:00,2.2,100820.0,285.65,0.15
2015-10-08 09:30:00,2.5,100830.0,285.85,0.15
2015-10-08 09:45:00,2.4,100840.0,285.85,0.15
2015-10-08 10:00:00,2.6,100845.0,286.0,0.15
2015-10-08 10:15:00,2.6,100860.0,286.15,0.15
2015-10-08 10:30:00,2.85,100870.0,286.15,0.15
2015-10-08 10:45:00,2.5,100880.0,286.25,0.15
2015-10-08 11:00:00,2.5,100880.0,286.35,0.15
2015-10-08 11:15:00,2.1,100880.0,286.45,0.15
2015-10-08 11:30:00,2.75,100885.0,286.35,0.15
2015-10-08 11:45:00,2.4,100890.0,286.45,0.15
2015-10-08 12:00:00,2.75,100900.0,286.5,0.15
2015-10-08 12:15:00,2.9,100910.0,286.54999999999995,0.15
2015-10-08 12:30:00,2.4000000000000004,100910.0,286.5,0.15
2015-10-08 12:45:00,2.4,100920.0,286.54999999999995,0.15
2015-10-08 13:00:00,2.45,100925.0,286.15,0.15
2015-10-08 13:15:00,2.0,100940.0,286.04999999999995,0.15
2015-10-08 13:30:00,1.65,100930.0,286.29999999999995,0.15
2015-10-08 13:45:00,2.2,100940.0,286.25,0.15
2015-10-08 14:00:00,2.2,100940.0,286.2,0.15
2015-10-08 14:15:00,1.7,100940.0,286.25,0.15
2015-10-08 14:30:00,1.4,100940.0,286.25,0.15
2015-10-08 14:45:00,2.3,100950.0,286.35,0.15
2015-10-08 15:00:00,2.25,100950.0,286.2,0.15
2015-10-08 15:15:00,2.3,100950.0,286.15,0.15
2015-10-08 15:30:00,2.8,100950.0,286.1,0.15
2015-10-08 15:45:00,3.1,100940.0,286.04999999999995,0.15
2015-10-08 16:00:00,3.05,100945.0,286.04999999999995,0.15
2015-10-08 16:15:00,3.1,100950.0,285.95,0.15
2015-10-08 16:30:00,2.6,100960.0,285.79999999999995,0.15
2015-10-08 16:45:00,2.2,100970.0,285.75,0.15
2015-10-08 17:00:00,1.7999999999999998,100980.0,285.6,0.15
2015-10-08 17:15:00,1.3,100990.0,285.54999999999995,0.15
2015-10-08 17:30:00,1.2,101005.0,285.54999999999995,0.15
2015-10-08 17:45:00,0.9,101020.0,285.54999999999995,0.15
2015-10-08 18:00:00,1.15,101020.0,285.65,0.15
2015-10-08 18:15:00,1.2,101030.0,285.65,0.15
2015-10-08 18:30:00,0.9,101030.0,285.65,0.15
2015-10-08 18:45:00,0.4,101040.0,285.75,0.15
2015-10-08 19:00:00,0.6,101040.0,285.75,0.15
2015-10-08 19:15:00,0.5,101030.0,285.65,0.15
2015-10-08 19:30:00,0.9,101035.0,285.65,0.15
2015-10-08 19:45:00,1.1,101030.0,285.65,0.15
2015-10-08 20:00:00,1.0499999999999998,101035.0,285.7,0.15
2015-10-08 20:15:00,0.5,101040.0,285.54999999999995,0.15
2015-10-08 20:30:00,0.6499999999999999,101035.0,285.7,0.15
2015-10-08 20:45:00,1.2,101040.0,285.65,0.15
2015-10-08 21:00:00,0.9,101045.0,285.65,0.15
2015-10-08 21:15:00,0.6,101050.0,285.65,0.15
2015-10-08 21:30:00,0.8,101060.0,285.7,0.15
2015-10-08 21:45:00,0.8,101060.0,285.75,0.15
2015-10-08 22:00:00,0.4499999999999999,101050.0,285.79999999999995,0.15
2015-10-08 22:15:00,0.4,101040.0,285.75,0.15
2015-10-08 22:30:00,0.8,101040.0,285.65,0.15
2015-10-08 22:45:00,1.0,101040.0,285.65,0.15
2015-10-08 23:00:00,0.8,101035.0,285.7,0.15
2015-10-08 23:15:00,0.8,101040.0,285.65,0.15
2015-10-08 23:30:00,0.9,101035.0,285.75,0.15
2015-10-08 23:45:00,1.0,101040.0,285.75,0.15
2015-10-09 00:00:00,0.8500000000000001,101035.0,285.85,0.15
2015-10-09 00:15:00,0.6,101030.0,285.75,0.15
2015-10-09 00:30:00,0.25,101030.0,285.7,0.15
2015-10-09 00:45:00,0.6,101030.0,285.65,0.15
2015-10-09 01:00:00,0.3,101030.0,285.54999999999995,0.15
2015-10-09 01:15:00,0.3,101030.0,285.65,0.15
2015-10-09 01:30:00,0.7,101025.0,285.54999999999995,0.15
2015-10-09 01:45:00,0.2,101020.0,285.65,0.15
2015-10-09 02:00:00,0.6,101020.0,285.54999999999995,0.15
2015-10-09 02:15:00,0.6,101010.0,285.54999999999995,0.15
2015-10-09 02:30:00,0.4499999999999999,101005.0,285.54999999999995,0.15
2015-10-09 02:45:00,0.3,101010.0,285.45,0.15
2015-10-09 03:00:00,0.5,101005.0,285.25,0.15
2015-10-09 03:15:00,0.5,101000.0,285.35,0.15
2015-10-09 03:30:00,0.05,100990.0,285.35,0.15
2015-10-09 03:45:00,0.1,100990.0,285.35,0.15
2015-10-09 04:00:00,0.4,100985.0,285.35,0.15
2015-10-09 04:15:00,0.9,100980.0,285.45,0.15
2015-10-09 04:30:00,0.8,100980.0,285.35,0.15
2015-10-09 04:45:00,0.7,100970.0,285.25,0.15
2015-10-09 05:00:00,0.4,100970.0,285.25,0.15
2015-10-09 05:15:00,0.8,100970.0,285.15,0.15
2015-10-09 05:30:00,1.05,100970.0,285.2,0.15
2015-10-09 05:45:00,0.9,100980.0,285.25,0.15
2015-10-09 06:00:00,1.05,100995.0,285.25,0.15
2015-10-09 06:15:00,0.8,101000.0,285.15,0.15
2015-10-09 06:30:00,0.3999999999999999,100995.0,285.2,0.15
2015-10-09 06:45:00,0.0,101000.0,285.35,0.15
2015-10-09 07:00:00,0.1,101010.0,285.6,0.15
2015-10-09 07:15:00,0.4,101020.0,285.75,0.15
2015-10-09 07:30:00,0.55,101020.0,285.9,0.15
2015-10-09 07:45:00,1.4,101030.0,285.95,0.15
2015-10-09 08:00:00,1.35,101030.0,286.1,0.15
2015-10-09 08:15:00,1.3,101040.0,286.35,0.15
2015-10-09 08:30:00,0.95,101040.0,286.45,0.15
2015-10-09 08:45:00,1.1,101040.0,286.65,0.15
2015-10-09 09:00:00,1.05,101040.0,286.85,0.15
2015-10-09 09:15:00,1.5,101040.0,286.95,0.15
2015-10-09 09:30:00,1.4,101040.0,287.04999999999995,0.15
2015-10-09 09:45:00,1.7,101030.0,287.25,0.15
2015-10-09 10:00:00,1.7000000000000002,101025.0,287.35,0.15
2015-10-09 10:15:00,1.5,101020.0,287.35,0.15
2015-10-09 10:30:00,1.9,101030.0,287.4,0.15
2015-10-09 10:45:00,2.7,101020.0,287.35,0.15
2015-10-09 11:00:00,2.35,101020.0,287.45,0.15
2015-10-09 11:15:00,2.3,101010.0,287.45,0.15
2015-10-09 11:30:00,2.9000000000000004,100995.0,287.6,0.15
2015-10-09 11:45:00,3.3,100990.0,287.45,0.15
2015-10-09 12:00:00,3.2,100985.0,287.2,0.15
2015-10-09 12:15:00,3.1,100990.0,287.15,0.15
2015-10-09 12:30:00,2.15,100985.0,287.1,0.15
2015-10-09 12:45:00,2.2,100980.0,287.35,0.15
2015-10-09 13:00:00,2.1,100965.0,287.5,0.15
2015-10-09 13:15:00,2.4,100960.0,287.75,0.15
2015-10-09 13:30:00,2.35,100945.0,287.85,0.15
2015-10-09 13:45:00,2.6,100940.0,287.85,0.15
2015-10-09 14:00:00,2.5,100935.0,288.1,0.15
2015-10-09 14:15:00,2.8,100940.0,288.35,0.15
2015-10-09 14:30:00,3.0,100940.0,288.2,0.15
2015-10-09 14:45:00,3.0,100940.0,288.15,0.15
2015-10-09 15:00:00,2.6,100935.0,288.15,0.15
2015-10-09 15:15:00,2.6,100920.0,288.04999999999995,0.15
2015-10-09 15:30:00,2.6500000000000004,100920.0,287.95,0.15
2015-10-09 15:45:00,2.4,100930.0,287.95,0.15
2015-10-09 16:00:00,2.9,100920.0,287.5,0.15
2015-10-09 16:15:00,2.7,100920.0,287.25,0.15
2015-10-09 16:30:00,2.45,100925.0,287.35,0.15
2015-10-09 16:45:00,2.2,100920.0,287.15,0.15
2015-10-09 17:00:00,2.1,100920.0,286.85,0.15
2015-10-09 17:15:00,2.1,100930.0,286.45,0.15
2015-10-09 17:30:00,1.95,100940.0,286.4,0.15
2015-10-09 17:45:00,1.7,100940.0,286.35,0.15
2015-10-09 18:00:00,1.65,100930.0,286.25,0.15
2015-10-09 18:15:00,1.9,100930.0,286.25,0.15
2015-10-09 18:30:00,2.05,100930.0,286.2,0.15
2015-10-09 18:45:00,1.3,100930.0,286.15,0.15
2015-10-09 19:00:00,1.5,100930.0,286.15,0.15
2015-10-09 19:15:00,1.7,100930.0,286.15,0.15
2015-10-09 19:30:00,1.65,100930.0,286.04999999999995,0.15
2015-10-09 19:45:00,1.8,100930.0,286.04999999999995,0.15
2015-10-09 20:00:00,1.75,100930.0,286.0,0.15
2015-10-09 20:15:00,1.9,100920.0,285.95,0.15
2015-10-09 20:30:00,1.75,100920.0,285.95,0.15
2015-10-09 20:45:00,2.0,100920.0,285.85,0.15
2015-10-09 21:00:00,1.6,100910.0,285.79999999999995,0.15
2015-10-09 21:15:00,1.8,100900.0,285.75,0.15
2015-10-09 21:30:00,1.9,100900.0,285.6,0.15
2015-10-09 21:45:00,1.8,100890.0,285.65,0.15
2015-10-09 22:00:00,1.55,100885.0,285.5,0.15
2015-10-09 22:15:00,1.7,100870.0,285.15,0.15
2015-10-09 22:30:00,1.7000000000000002,100870.0,284.9,0.15
2015-10-09 22:45:00,1.3,100870.0,285.04999999999995,0.15
2015-10-09 23:00:00,1.2,100855.0,285.29999999999995,0.15
2015-10-09 23:15:00,1.6,100850.0,285.35,0.15
2015-10-09 23:30:00,1.7000000000000002,100845.0,285.2,0.15
2015-10-09 23:45:00,1.6,100840.0,285.35,0.15
2015-10-10 00:00:00,1.7,100850.0,285.2,0.15
2015-10-10 00:15:00,1.2,100850.0,285.35,0.15
2015-10-10 00:30:00,0.8500000000000001,100850.0,285.25,0.15
2015-10-10 00:45:00,0.6,100850.0,285.35,0.15
2015-10-10 01:00:00,0.9,100850.0,285.2,0.15
2015-10-10 01:15:00,0.6,100850.0,285.25,0.15
2015-10-10 01:30:00,1.05,100845.0,285.2,0.15
2015-10-10 01:45:00,1.1,100850.0,285.25,0.15
2015-10-10 02:00:00,0.95,100845.0,285.2,0.15
2015-10-10 02:15:00,1.0,100840.0,284.85,0.15
2015-10-10 02:30:00,0.5,100830.0,284.65,0.15
2015-10-10 02:45:00,0.3,100830.0,284.65,0.15
2015-10-10 03:00:00,0.5,100820.0,284.79999999999995,0.15
2015-10-10 03:15:00,0.2,100810.0,284.85,0.15
2015-10-10 03:30:00,0.15,100810.0,284.65,0.15
2015-10-10 03:45:00,0.2,100810.0,285.04999999999995,0.15
2015-10-10 04:00:00,0.85,100810.0,284.95,0.15
2015-10-10 04:15:00,0.9,100810.0,285.45,0.15
2015-10-10 04:30:00,1.45,100800.0,285.6,0.15
2015-10-10 04:45:00,2.2,100800.0,285.54999999999995,0.15
2015-10-10 05:00:00,1.7000000000000002,100795.0,285.35,0.15
2015-10-10 05:15:00,1.9,100790.0,285.25,0.15
2015-10-10 05:30:00,1.45,100800.0,284.75,0.15
2015-10-10 05:45:00,1.2,100800.0,284.54999999999995,0.15
2015-10-10 06:00:00,1.5,100790.0,284.6,0.15
2015-10-10 06:15:00,1.8,100780.0,284.95,0.15
2015-10-10 06:30:00,1.6,100790.0,285.1,0.15
2015-10-10 06:45:00,1.8,100790.0,285.35,0.15
2015-10-10 07:00:00,2.5,100815.0,285.7,0.15
2015-10-10 07:15:00,3.5,100810.0,286.04999999999995,0.15
2015-10-10 07:30:00,2.6500000000000004,100815.0,286.25,0.15
2015-10-10 07:45:00,2.9,100820.0,286.45,0.15
2015-10-10 08:00:00,3.15,100815.0,286.6,0.15
2015-10-10 08:15:00,2.6,100810.0,286.75,0.15
2015-10-10 08:30:00,2.7,100805.0,286.9,0.15
2015-10-10 08:45:00,2.5,100800.0,287.04999999999995,0.15
2015-10-10 09:00:00,2.3,100795.0,287.2,0.15
2015-10-10 09:15:00,2.2,100800.0,287.35,0.15
2015-10-10 09:30:00,1.95,100785.0,287.35,0.15
2015-10-10 09:45:00,2.2,100770.0,287.45,0.15
2015-10-10 10:00:00,2.6,100755.0,287.6,0.15
2015-10-10 10:15:00,2.5,100750.0,287.54999999999995,0.15
2015-10-10 10:30:00,1.75,100745.0,287.75,0.15
2015-10-10 10:45:00,2.5,100730.0,287.65,0.15
2015-10-10 11:00:00,2.95,100715.0,287.54999999999995,0.15
2015-10-10 11:15:00,2.8,100700.0,287.65,0.15
2015-10-10 11:30:00,2.2,100700.0,287.9,0.15
2015-10-10 11:45:00,2.1,100690.0,287.65,0.15
2015-10-10 12:00:00,2.3,100665.0,287.85,0.15
2015-10-10 12:15:00,1.5,100650.0,288.25,0.15
2015-10-10 12:30:00,1.35,100635.0,288.45,0.15
2015-10-10 12:45:00,1.6,100630.0,288.65,0.15
2015-10-10 13:00:00,1.1,100615.0,288.85,0.15
2015-10-10 13:15:00,0.3,100600.0,288.75,0.15
2015-10-10 13:30:00,1.15,100580.0,289.7,0.15
2015-10-10 13:45:00,1.1,100560.0,290.04999999999995,0.15
2015-10-10 14:00:00,2.5,100560.0,289.54999999999995,0.15
2015-10-10 14:15:00,2.5,100560.0,289.25,0.15
2015-10-10 14:30:00,3.1500000000000004,100560.0,289.15,0.15
2015-10-10 14:45:00,2.8,100560.0,288.95,0.15
2015-10-10 15:00:00,2.1,100555.0,289.45,0.15
2015-10-10 15:15:00,2.8,100540.0,289.35,0.15
2015-10-10 15:30:00,3.45,100530.0,289.0,0.15
2015-10-10 15:45:00,3.5,100540.0,288.54999999999995,0.15
2015-10-10 16:00:00,3.25,100550.0,287.85,0.15
2015-10-10 16:15:00,3.1,100550.0,287.15,0.15
2015-10-10 16:30:00,3.0,100550.0,286.25,0.15
2015-10-10 16:45:00,2.6,100560.0,285.65,0.15
2015-10-10 17:00:00,2.0,100570.0,285.4,0.15
2015-10-10 17:15:00,2.4,100570.0,285.65,0.15
2015-10-10 17:30:00,2.4,100575.0,285.45,0.15
2015-10-10 17:45:00,2.5,100590.0,285.15,0.15
2015-10-10 18:00:00,3.6,100600.0,284.95,0.15
2015-10-10 18:15:00,3.4,100600.0,284.35,0.15
2015-10-10 18:30:00,2.95,100600.0,283.95,0.15
2015-10-10 18:45:00,2.4,100600.0,283.35,0.15
2015-10-10 19:00:00,2.65,100605.0,283.4,0.15
2015-10-10 19:15:00,2.7,100620.0,283.15,0.15
2015-10-10 19:30:00,2.5,100615.0,282.95,0.15
2015-10-10 19:45:00,2.4,100620.0,282.25,0.15
2015-10-10 20:00:00,1.8,100630.0,281.85,0.15
2015-10-10 20:15:00,0.7,100640.0,281.75,0.15
2015-10-10 20:30:00,1.5,100650.0,281.75,0.15
2015-10-10 20:45:00,3.3,100640.0,281.54999999999995,0.15
2015-10-10 21:00:00,2.75,100630.0,281.35,0.15
2015-10-10 21:15:00,3.3,100630.0,281.95,0.15
2015-10-10 21:30:00,2.5,100630.0,281.9,0.15
2015-10-10 21:45:00,2.4,100620.0,281.75,0.15
2015-10-10 22:00:00,2.35,100620.0,280.75,0.15
2015-10-10 22:15:00,1.8,100620.0,280.25,0.15
2015-10-10 22:30:00,1.6,100600.0,280.5,0.15
2015-10-10 22:45:00,0.9,100600.0,280.75,0.15
2015-10-10 23:00:00,1.5,100590.0,280.45,0.15
2015-10-10 23:15:00,2.0,100580.0,280.35,0.15
2015-10-10 23:30:00,1.5,100565.0,280.2,0.15
2015-10-10 23:45:00,1.6,100550.0,280.45,0.15
2015-10-11 00:00:00,1.7999999999999998,100555.0,280.29999999999995,0.15
2015-10-11 00:15:00,1.6,100550.0,280.35,0.15
2015-10-11 00:30:00,1.25,100565.0,279.2,0.15
2015-10-11 00:45:00,0.8,100560.0,279.15,0.15
2015-10-11 01:00:00,0.3,100550.0,279.1,0.15
2015-10-11 01:15:00,0.3,100550.0,278.35,0.15
2015-10-11 01:30:00,0.5,100535.0,278.4,0.15
2015-10-11 01:45:00,0.9,100530.0,278.15,0.15
2015-10-11 02:00:00,0.8500000000000001,100525.0,278.5,0.15
2015-10-11 02:15:00,0.6,100510.0,278.85,0.15
2015-10-11 02:30:00,0.6499999999999999,100515.0,277.29999999999995,0.15
2015-10-11 02:45:00,0.6,100510.0,277.25,0.15
2015-10-11 03:00:00,0.8500000000000001,100515.0,277.45,0.15
2015-10-11 03:15:00,1.0,100530.0,276.95,0.15
2015-10-11 03:30:00,0.3,100530.0,277.2,0.15
2015-10-11 03:45:00,0.2,100530.0,277.25,0.15
2015-10-11 04:00:00,0.9,100535.0,277.29999999999995,0.15
2015-10-11 04:15:00,0.8,100540.0,277.15,0.15
2015-10-11 04:30:00,1.0,100530.0,276.7,0.15
2015-10-11 04:45:00,0.8,100520.0,276.25,0.15
2015-10-11 05:00:00,0.75,100530.0,275.85,0.15
2015-10-11 05:15:00,0.9,100520.0,275.85,0.15
2015-10-11 05:30:00,1.35,100530.0,276.4,0.15
2015-10-11 05:45:00,1.4,100530.0,275.85,0.15
2015-10-11 06:00:00,1.3,100525.0,275.5,0.15
2015-10-11 06:15:00,0.8,100540.0,275.65,0.15
2015-10-11 06:30:00,0.2,100555.0,276.15,0.15
2015-10-11 06:45:00,0.1,100570.0,277.45,0.15
2015-10-11 07:00:00,0.2,100580.0,277.35,0.15
2015-10-11 07:15:00,0.1,100580.0,277.45,0.15
2015-10-11 07:30:00,0.15,100590.0,279.1,0.15
2015-10-11 07:45:00,0.3,100580.0,280.85,0.15
2015-10-11 08:00:00,0.8,100585.0,281.25,0.15
2015-10-11 08:15:00,2.3,100570.0,281.95,0.15
2015-10-11 08:30:00,2.9000000000000004,100570.0,282.2,0.15
2015-10-11 08:45:00,2.4,100570.0,282.65,0.15
2015-10-11 09:00:00,3.45,100570.0,283.1,0.15
2015-10-11 09:15:00,3.3,100560.0,283.35,0.15
2015-10-11 09:30:00,3.1500000000000004,100565.0,283.65,0.15
2015-10-11 09:45:00,3.5,100560.0,284.35,0.15
2015-10-11 10:00:00,3.3,100540.0,284.45,0.15
2015-10-11 10:15:00,3.3,100540.0,284.75,0.15
2015-10-11 10:30:00,3.3,100535.0,285.29999999999995,0.15
2015-10-11 10:45:00,3.1,100510.0,285.65,0.15
2015-10-11 11:00:00,2.75,100505.0,286.04999999999995,0.15
2015-10-11 11:15:00,2.8,100490.0,286.35,0.15
2015-10-11 11:30:00,2.8,100480.0,286.7,0.15
2015-10-11 11:45:00,3.4,100470.0,286.85,0.15
2015-10-11 12:00:00,3.25,100445.0,287.25,0.15
2015-10-11 12:15:00,3.7,100440.0,287.25,0.15
2015-10-11 12:30:00,3.05,100435.0,287.6,0.15
2015-10-11 12:45:00,2.1,100420.0,287.75,0.15
2015-10-11 13:00:00,2.65,100410.0,288.04999999999995,0.15
2015-10-11 13:15:00,3.2,100400.0,288.15,0.15
2015-10-11 13:30:00,3.4,100390.0,288.4,0.15
2015-10-11 13:45:00,3.5,100380.0,288.45,0.15
2015-10-11 14:00:00,3.35,100380.0,288.6,0.15
2015-10-11 14:15:00,3.7,100370.0,288.85,0.15
2015-10-11 14:30:00,3.65,100375.0,288.7,0.15
2015-10-11 14:45:00,3.3,100380.0,288.54999999999995,0.15
2015-10-11 15:00:00,3.25,100390.0,288.35,0.15
2015-10-11 15:15:00,4.2,100400.0,288.04999999999995,0.15
2015-10-11 15:30:00,3.7,100415.0,287.79999999999995,0.15
2015-10-11 15:45:00,3.2,100420.0,287.35,0.15
2015-10-11 16:00:00,3.65,100430.0,286.6,0.15
2015-10-11 16:15:00,3.7,100440.0,285.95,0.15
2015-10-11 16:30:00,3.55,100455.0,285.29999999999995,0.15
2015-10-11 16:45:00,3.1,100470.0,284.65,0.15
2015-10-11 17:00:00,3.2,100485.0,284.0,0.15
2015-10-11 17:15:00,2.9,100500.0,283.04999999999995,0.15
2015-10-11 17:30:00,3.2,100510.0,282.35,0.15
2015-10-11 17:45:00,3.7,100520.0,283.04999999999995,0.15
2015-10-11 18:00:00,4.35,100530.0,283.04999999999995,0.15
2015-10-11 18:15:00,2.9,100540.0,282.65,0.15
2015-10-11 18:30:00,3.3,100550.0,282.1,0.15
2015-10-11 18:45:00,1.9,100550.0,281.65,0.15
2015-10-11 19:00:00,1.8,100560.0,281.1,0.15
2015-10-11 19:15:00,2.1,100570.0,281.04999999999995,0.15
2015-10-11 19:30:00,2.95,100570.0,280.65,0.15
2015-10-11 19:45:00,2.9,100570.0,280.25,0.15
2015-10-11 20:00:00,2.9,100570.0,280.2,0.15
2015-10-11 20:15:00,2.4,100580.0,280.04999999999995,0.15
2015-10-11 20:30:00,1.9,100580.0,279.85,0.15
2015-10-11 20:45:00,1.9,100590.0,279.54999999999995,0.15
2015-10-11 21:00:00,1.75,100590.0,279.35,0.15
2015-10-11 21:15:00,1.8,100600.0,279.15,0.15
2015-10-11 21:30:00,2.0,100600.0,278.95,0.15
2015-10-11 21:45:00,2.4,100590.0,279.04999999999995,0.15
2015-10-11 22:00:00,2.3,100585.0,278.9,0.15
2015-10-11 22:15:00,1.8,100580.0,278.85,0.15
2015-10-11 22:30:00,1.95,100580.0,278.54999999999995,0.15
2015-10-11 22:45:00,1.9,100580.0,278.45,0.15
2015-10-11 23:00:00,1.4500000000000002,100580.0,278.2,0.15
2015-10-11 23:15:00,1.3,100580.0,277.75,0.15
2015-10-11 23:30:00,1.55,100590.0,277.79999999999995,0.15
2015-10-11 23:45:00,1.8,100580.0,277.75,0.15
2015-10-12 00:00:00,2.1,100580.0,277.65,0.15
2015-10-12 00:15:00,1.9,100590.0,277.45,0.15
2015-10-12 00:30:00,1.5499999999999998,100585.0,277.4,0.15
2015-10-12 00:45:00,1.4,100590.0,277.45,0.15
2015-10-12 01:00:00,2.1,100600.0,277.0,0.15
2015-10-12 01:15:00,2.0,100590.0,277.04999999999995,0.15
2015-10-12 01:30:00,1.4,100580.0,277.0,0.15
2015-10-12 01:45:00,1.1,100580.0,277.25,0.15
2015-10-12 02:00:00,1.6,100585.0,277.04999999999995,0.15
2015-10-12 02:15:00,1.9,100580.0,277.15,0.15
2015-10-12 02:30:00,1.9,100580.0,276.9,0.15
2015-10-12 02:45:00,1.4,100600.0,276.35,0.15
2015-10-12 03:00:00,1.55,100600.0,276.04999999999995,0.15
2015-10-12 03:15:00,1.3,100600.0,276.25,0.15
2015-10-12 03:30:00,1.05,100600.0,275.95,0.15
2015-10-12 03:45:00,1.4,100600.0,275.35,0.15
2015-10-12 04:00:00,0.95,100620.0,274.85,0.15
2015-10-12 04:15:00,0.9,100630.0,274.95,0.15
2015-10-12 04:30:00,0.9,100640.0,275.35,0.15
2015-10-12 04:45:00,1.4,100650.0,273.75,0.15
2015-10-12 05:00:00,1.6,100640.0,273.65,0.15
2015-10-12 05:15:00,2.0,100640.0,275.45,0.15
2015-10-12 05:30:00,2.1,100650.0,275.95,0.15
2015-10-12 05:45:00,1.6,100650.0,275.65,0.15
2015-10-12 06:00:00,1.4,100655.0,275.6,0.15
2015-10-12 06:15:00,1.2,100660.0,275.65,0.15
2015-10-12 06:30:00,2.15,100650.0,275.85,0.15
2015-10-12 06:45:00,2.3,100660.0,276.65,0.15
2015-10-12 07:00:00,1.55,100660.0,277.54999999999995,0.15
2015-10-12 07:15:00,1.7,100680.0,278.15,0.15
2015-10-12 07:30:00,2.75,100685.0,278.7,0.15
2015-10-12 07:45:00,3.5,100680.0,279.15,0.15
2015-10-12 08:00:00,3.45,100675.0,279.54999999999995,0.15
2015-10-12 08:15:00,3.6,100690.0,280.04999999999995,0.15
2015-10-12 08:30:00,3.9,100690.0,280.5,0.15
2015-10-12 08:45:00,3.3,100680.0,280.65,0.15
2015-10-12 09:00:00,3.6,100685.0,281.29999999999995,0.15
2015-10-12 09:15:00,3.0,100690.0,281.75,0.15
2015-10-12 09:30:00,3.75,100700.0,282.2,0.15
2015-10-12 09:45:00,3.1,100700.0,282.95,0.15
2015-10-12 10:00:00,3.05,100700.0,282.75,0.15
2015-10-12 10:15:00,2.8,100700.0,283.15,0.15
2015-10-12 10:30:00,2.9,100695.0,283.35,0.15
2015-10-12 10:45:00,2.9,100680.0,283.35,0.15
2015-10-12 11:00:00,2.4,100675.0,283.79999999999995,0.15
2015-10-12 11:15:00,2.2,100670.0,284.15,0.15
2015-10-12 11:30:00,2.45,100645.0,284.29999999999995,0.15
2015-10-12 11:45:00,2.7,100640.0,284.35,0.15
2015-10-12 12:00:00,2.9000000000000004,100625.0,285.04999999999995,0.15
2015-10-12 12:15:00,2.5,100600.0,285.04999999999995,0.15
2015-10-12 12:30:00,3.05,100575.0,285.25,0.15
2015-10-12 12:45:00,3.1,100560.0,285.25,0.15
2015-10-12 13:00:00,2.55,100545.0,285.79999999999995,0.15
2015-10-12 13:15:00,2.4,100540.0,285.54999999999995,0.15
2015-10-12 13:30:00,2.85,100525.0,285.75,0.15
2015-10-12 13:45:00,2.8,100510.0,285.65,0.15
2015-10-12 14:00:00,3.0,100505.0,285.79999999999995,0.15
2015-10-12 14:15:00,2.3,100500.0,285.85,0.15
2015-10-12 14:30:00,2.1,100490.0,285.65,0.15
2015-10-12 14:45:00,1.8,100490.0,285.75,0.15
2015-10-12 15:00:00,1.85,100475.0,285.5,0.15
2015-10-12 15:15:00,2.0,100460.0,285.25,0.15
2015-10-12 15:30:00,2.1500000000000004,100450.0,284.95,0.15
2015-10-12 15:45:00,1.7,100440.0,284.15,0.15
2015-10-12 16:00:00,1.4,100465.0,284.4,0.15
2015-10-12 16:15:00,1.1,100460.0,283.54999999999995,0.15
2015-10-12 16:30:00,1.35,100470.0,283.29999999999995,0.15
2015-10-12 16:45:00,0.9,100490.0,282.15,0.15
2015-10-12 17:00:00,0.95,100515.0,281.79999999999995,0.15
2015-10-12 17:15:00,2.0,100520.0,280.95,0.15
2015-10-12 17:30:00,2.3,100535.0,281.1,0.15
2015-10-12 17:45:00,2.6,100540.0,281.15,0.15
2015-10-12 18:00:00,2.9000000000000004,100540.0,281.75,0.15
2015-10-12 18:15:00,2.3,100540.0,281.04999999999995,0.15
2015-10-12 18:30:00,1.95,100535.0,280.45,0.15
2015-10-12 18:45:00,2.4,100530.0,280.54999999999995,0.15
2015-10-12 19:00:00,2.4,100515.0,280.4,0.15
2015-10-12 19:15:00,2.6,100510.0,280.15,0.15
2015-10-12 19:30:00,2.35,100505.0,279.85,0.15
2015-10-12 19:45:00,2.2,100500.0,279.54999999999995,0.15
2015-10-12 20:00:00,2.35,100485.0,279.25,0.15
2015-10-12 20:15:00,2.6,100480.0,278.95,0.15
2015-10-12 20:30:00,2.4000000000000004,100480.0,279.0,0.15
2015-10-12 20:45:00,1.4,100480.0,277.65,0.15
2015-10-12 21:00:00,1.85,100480.0,276.2,0.15
2015-10-12 21:15:00,1.9,100490.0,277.04999999999995,0.15
2015-10-12 21:30:00,1.5499999999999998,100485.0,276.79999999999995,0.15
2015-10-12 21:45:00,1.9,100480.0,277.45,0.15
2015-10-12 22:00:00,1.7999999999999998,100470.0,278.1,0.15
2015-10-12 22:15:00,1.6,100470.0,278.45,0.15
2015-10-12 22:30:00,1.7,100455.0,278.4,0.15
2015-10-12 22:45:00,1.6,100450.0,278.25,0.15
2015-10-12 23:00:00,1.85,100450.0,277.2,0.15
2015-10-12 23:15:00,2.2,100450.0,276.25,0.15
2015-10-12 23:30:00,2.1500000000000004,100440.0,277.04999999999995,0.15
2015-10-12 23:45:00,1.9,100440.0,277.15,0.15
2015-10-13 00:00:00,1.4,100440.0,276.79999999999995,0.15
2015-10-13 00:15:00,1.4,100440.0,275.35,0.15
2015-10-13 00:30:00,1.65,100435.0,275.15,0.15
2015-10-13 00:45:00,1.3,100420.0,274.95,0.15
2015-10-13 01:00:00,1.45,100410.0,273.79999999999995,0.15
2015-10-13 01:15:00,1.5,100400.0,274.04999999999995,0.15
2015-10-13 01:30:00,1.9,100385.0,274.35,0.15
2015-10-13 01:45:00,1.9,100370.0,275.04999999999995,0.15
2015-10-13 02:00:00,1.6,100360.0,274.4,0.15
2015-10-13 02:15:00,1.4,100360.0,273.95,0.15
2015-10-13 02:30:00,1.5,100360.0,273.4,0.15
2015-10-13 02:45:00,1.9,100350.0,273.45,0.15
2015-10-13 03:00:00,1.95,100335.0,273.95,0.15
2015-10-13 03:15:00,1.7,100330.0,273.85,0.15
2015-10-13 03:30:00,2.2,100330.0,273.15,0.15
2015-10-13 03:45:00,2.7,100330.0,273.35,0.15
2015-10-13 04:00:00,1.7000000000000002,100350.0,273.45,0.15
2015-10-13 04:15:00,1.1,100340.0,274.04999999999995,0.15
2015-10-13 04:30:00,1.35,100340.0,274.35,0.15
2015-10-13 04:45:00,0.7,100360.0,274.65,0.15
2015-10-13 05:00:00,1.3,100365.0,274.2,0.15
2015-10-13 05:15:00,2.1,100360.0,274.35,0.15
2015-10-13 05:30:00,1.8,100365.0,274.15,0.15
2015-10-13 05:45:00,1.3,100380.0,273.65,0.15
2015-10-13 06:00:00,1.7000000000000002,100380.0,274.1,0.15
2015-10-13 06:15:00,1.2,100380.0,274.25,0.15
2015-10-13 06:30:00,1.5,100385.0,273.85,0.15
2015-10-13 06:45:00,1.7,100390.0,274.45,0.15
2015-10-13 07:00:00,1.55,100395.0,275.1,0.15
2015-10-13 07:15:00,1.4,100410.0,275.95,0.15
2015-10-13 07:30:00,1.75,100400.0,276.79999999999995,0.15
2015-10-13 07:45:00,0.7,100410.0,277.35,0.15
2015-10-13 08:00:00,0.55,100400.0,277.85,0.15
2015-10-13 08:15:00,1.2,100410.0,278.25,0.15
2015-10-13 08:30:00,0.65,100425.0,278.1,0.15
2015-10-13 08:45:00,0.2,100430.0,278.85,0.15
2015-10-13 09:00:00,0.55,100435.0,279.04999999999995,0.15
2015-10-13 09:15:00,1.3,100440.0,279.35,0.15
2015-10-13 09:30:00,1.15,100450.0,279.79999999999995,0.15
2015-10-13 09:45:00,1.4,100450.0,280.35,0.15
2015-10-13 10:00:00,1.75,100450.0,280.35,0.15
2015-10-13 10:15:00,1.9,100460.0,280.54999999999995,0.15
2015-10-13 10:30:00,2.1,100455.0,281.2,0.15
2015-10-13 10:45:00,2.4,100450.0,281.35,0.15
2015-10-13 11:00:00,2.8,100455.0,281.7,0.15
2015-10-13 11:15:00,3.1,100450.0,281.95,0.15
2015-10-13 11:30:00,3.75,100450.0,282.45,0.15
2015-10-13 11:45:00,4.2,100450.0,282.75,0.15
2015-10-13 12:00:00,4.15,100445.0,282.5,0.15
2015-10-13 12:15:00,3.8,100450.0,282.45,0.15
2015-10-13 12:30:00,3.4,100450.0,282.15,0.15
2015-10-13 12:45:00,3.4,100460.0,282.04999999999995,0.15
2015-10-13 13:00:00,3.4,100455.0,282.0,0.15
2015-10-13 13:15:00,4.2,100450.0,282.25,0.15
2015-10-13 13:30:00,4.1,100445.0,282.29999999999995,0.15
2015-10-13 13:45:00,4.4,100450.0,281.85,0.15
2015-10-13 14:00:00,4.25,100455.0,281.75,0.15
2015-10-13 14:15:00,4.1,100480.0,281.45,0.15
2015-10-13 14:30:00,4.15,100485.0,281.29999999999995,0.15
2015-10-13 14:45:00,3.9,100500.0,281.25,0.15
2015-10-13 15:00:00,3.7,100510.0,281.15,0.15
2015-10-13 15:15:00,3.8,100520.0,281.15,0.15
2015-10-13 15:30:00,4.1,100515.0,281.1,0.15
2015-10-13 15:45:00,4.4,100520.0,280.85,0.15
2015-10-13 16:00:00,4.4,100535.0,280.7,0.15
2015-10-13 16:15:00,4.1,100550.0,280.45,0.15
2015-10-13 16:30:00,4.55,100560.0,280.29999999999995,0.15
2015-10-13 16:45:00,4.2,100580.0,280.04999999999995,0.15
2015-10-13 17:00:00,4.1,100595.0,279.9,0.15
2015-10-13 17:15:00,5.1,100600.0,279.75,0.15
2015-10-13 17:30:00,4.1,100615.0,279.6,0.15
2015-10-13 17:45:00,3.9,100620.0,279.54999999999995,0.15
2015-10-13 18:00:00,3.6,100625.0,279.4,0.15
2015-10-13 18:15:00,3.4,100630.0,279.25,0.15
2015-10-13 18:30:00,4.2,100645.0,279.1,0.15
2015-10-13 18:45:00,4.1,100650.0,278.95,0.15
2015-10-13 19:00:00,4.1,100650.0,278.85,0.15
2015-10-13 19:15:00,3.4,100670.0,278.85,0.15
2015-10-13 19:30:00,3.5,100685.0,278.79999999999995,0.15
2015-10-13 19:45:00,3.6,100690.0,278.85,0.15
2015-10-13 20:00:00,3.85,100700.0,278.75,0.15
2015-10-13 20:15:00,3.6,100710.0,278.75,0.15
2015-10-13 20:30:00,3.75,100725.0,278.65,0.15
2015-10-13 20:45:00,3.4,100730.0,278.65,0.15
2015-10-13 21:00:00,3.2,100730.0,278.6,0.15
2015-10-13 21:15:00,3.3,100740.0,278.25,0.15
2015-10-13 21:30:00,2.8,100740.0,278.04999999999995,0.15
2015-10-13 21:45:00,2.6,100740.0,278.04999999999995,0.15
2015-10-13 22:00:00,2.45,100740.0,277.95,0.15
2015-10-13 22:15:00,2.3,100730.0,277.95,0.15
2015-10-13 22:30:00,1.95,100735.0,278.0,0.15
2015-10-13 22:45:00,2.4,100730.0,277.95,0.15
2015-10-13 23:00:00,2.7,100730.0,277.95,0.15
2015-10-13 23:15:00,2.5,100730.0,277.95,0.15
2015-10-13 23:30:00,2.5,100740.0,277.85,0.15
2015-10-13 23:45:00,2.9,100740.0,277.95,0.15
2015-10-14 00:00:00,3.4,100740.0,277.9,0.15
2015-10-14 00:15:00,3.9,100740.0,277.85,0.15
2015-10-14 00:30:00,3.5,100740.0,277.85,0.15
2015-10-14 00:45:00,3.2,100730.0,277.85,0.15
2015-10-14 01:00:00,3.1,100730.0,277.79999999999995,0.15
2015-10-14 01:15:00,3.2,100720.0,277.65,0.15
2015-10-14 01:30:00,2.5,100715.0,277.65,0.15
2015-10-14 01:45:00,3.0,100700.0,277.65,0.15
2015-10-14 02:00:00,3.25,100695.0,277.54999999999995,0.15
2015-10-14 02:15:00,3.0,100680.0,277.65,0.15
2015-10-14 02:30:00,2.95,100660.0,277.65,0.15
2015-10-14 02:45:00,2.5,100660.0,277.65,0.15
2015-10-14 03:00:00,2.9000000000000004,100655.0,277.6,0.15
2015-10-14 03:15:00,3.0,100660.0,277.25,0.15
2015-10-14 03:30:00,2.45,100660.0,277.1,0.15
2015-10-14 03:45:00,1.9,100660.0,277.04999999999995,0.15
2015-10-14 04:00:00,1.65,100650.0,277.0,0.15
2015-10-14 04:15:00,1.7,100650.0,276.95,0.15
2015-10-14 04:30:00,2.45,100655.0,277.04999999999995,0.15
2015-10-14 04:45:00,2.8,100660.0,277.04999999999995,0.15
2015-10-14 05:00:00,2.6,100655.0,277.0,0.15
2015-10-14 05:15:00,2.6,100660.0,277.15,0.15
2015-10-14 05:30:00,2.8,100660.0,277.1,0.15
2015-10-14 05:45:00,1.7,100660.0,277.04999999999995,0.15
2015-10-14 06:00:00,2.05,100660.0,277.04999999999995,0.15
2015-10-14 06:15:00,1.9,100660.0,277.04999999999995,0.15
2015-10-14 06:30:00,2.5,100665.0,277.0,0.15
2015-10-14 06:45:00,3.2,100660.0,276.95,0.15
2015-10-14 07:00:00,3.85,100660.0,276.85,0.15
2015-10-14 07:15:00,3.7,100660.0,276.85,0.15
2015-10-14 07:30:00,3.1500000000000004,100660.0,277.0,0.15
2015-10-14 07:45:00,2.8,100660.0,277.15,0.15
2015-10-14 08:00:00,3.2,100655.0,277.2,0.15
2015-10-14 08:15:00,2.7,100650.0,277.35,0.15
2015-10-14 08:30:00,2.75,100640.0,277.45,0.15
2015-10-14 08:45:00,3.2,100630.0,277.45,0.15
2015-10-14 09:00:00,2.8,100640.0,277.45,0.15
2015-10-14 09:15:00,2.6,100640.0,277.45,0.15
2015-10-14 09:30:00,1.95,100620.0,277.75,0.15
2015-10-14 09:45:00,1.9,100610.0,277.95,0.15
2015-10-14 10:00:00,2.55,100615.0,278.25,0.15
2015-10-14 10:15:00,1.9,100610.0,278.45,0.15
2015-10-14 10:30:00,1.55,100590.0,278.65,0.15
2015-10-14 10:45:00,1.8,100580.0,278.85,0.15
2015-10-14 11:00:00,1.55,100590.0,279.0,0.15
2015-10-14 11:15:00,2.1,100570.0,279.25,0.15
2015-10-14 11:30:00,2.95,100565.0,279.04999999999995,0.15
2015-10-14 11:45:00,2.8,100550.0,278.85,0.15
2015-10-14 12:00:00,3.2,100560.0,278.65,0.15
2015-10-14 12:15:00,3.2,100560.0,278.65,0.15
2015-10-14 12:30:00,2.9,100545.0,278.54999999999995,0.15
2015-10-14 12:45:00,2.6,100550.0,278.54999999999995,0.15
2015-10-14 13:00:00,2.55,100545.0,278.65,0.15
2015-10-14 13:15:00,2.1,100540.0,278.95,0.15
2015-10-14 13:30:00,1.85,100540.0,279.0,0.15
2015-10-14 13:45:00,1.8,100540.0,278.95,0.15
2015-10-14 14:00:00,2.1500000000000004,100525.0,279.1,0.15
2015-10-14 14:15:00,1.6,100530.0,279.15,0.15
2015-10-14 14:30:00,1.35,100520.0,279.1,0.15
2015-10-14 14:45:00,1.5,100530.0,279.04999999999995,0.15
2015-10-14 15:00:00,1.6,100530.0,279.0,0.15
2015-10-14 15:15:00,1.4,100540.0,278.95,0.15
2015-10-14 15:30:00,1.05,100545.0,278.95,0.15
2015-10-14 15:45:00,1.0,100560.0,278.85,0.15
2015-10-14 16:00:00,1.2000000000000002,100570.0,278.6,0.15
2015-10-14 16:15:00,1.6,100580.0,278.54999999999995,0.15
2015-10-14 16:30:00,1.0,100585.0,278.54999999999995,0.15
2015-10-14 16:45:00,1.4,100590.0,278.45,0.15
2015-10-14 17:00:00,1.7999999999999998,100585.0,278.35,0.15
2015-10-14 17:15:00,1.7,100590.0,278.35,0.15
2015-10-14 17:30:00,1.55,100600.0,278.4,0.15
2015-10-14 17:45:00,1.4,100610.0,278.45,0.15
2015-10-14 18:00:00,1.55,100610.0,278.54999999999995,0.15
2015-10-14 18:15:00,1.5,100620.0,278.54999999999995,0.15
2015-10-14 18:30:00,1.35,100625.0,278.65,0.15
2015-10-14 18:45:00,1.8,100630.0,278.54999999999995,0.15
2015-10-14 19:00:00,1.6,100630.0,278.6,0.15
2015-10-14 19:15:00,1.4,100640.0,278.65,0.15
2015-10-14 19:30:00,1.45,100635.0,278.65,0.15
2015-10-14 19:45:00,1.5,100650.0,278.65,0.15
2015-10-14 20:00:00,1.9,100655.0,278.6,0.15
2015-10-14 20:15:00,2.4,100660.0,278.54999999999995,0.15
2015-10-14 20:30:00,2.85,100670.0,278.5,0.15
2015-10-14 20:45:00,1.7,100670.0,278.45,0.15
2015-10-14 21:00:00,1.8,100680.0,278.45,0.15
2015-10-14 21:15:00,2.1,100670.0,278.45,0.15
2015-10-14 21:30:00,2.2,100670.0,278.25,0.15
2015-10-14 21:45:00,1.8,100670.0,278.04999999999995,0.15
2015-10-14 22:00:00,2.5,100665.0,278.0,0.15
2015-10-14 22:15:00,2.0,100650.0,277.85,0.15
2015-10-14 22:30:00,1.65,100645.0,277.7,0.15
2015-10-14 22:45:00,1.7,100640.0,277.75,0.15
2015-10-14 23:00:00,1.5499999999999998,100640.0,277.35,0.15
2015-10-14 23:15:00,1.9,100640.0,277.04999999999995,0.15
2015-10-14 23:30:00,1.5,100655.0,277.2,0.15
2015-10-14 23:45:00,1.2,100670.0,276.75,0.15
2015-10-15 00:00:00,1.15,100670.0,276.65,0.15
2015-10-15 00:15:00,0.8,100660.0,277.04999999999995,0.15
2015-10-15 00:30:00,0.4499999999999999,100660.0,277.1,0.15
2015-10-15 00:45:00,0.7,100670.0,277.15,0.15
2015-10-15 01:00:00,0.5,100655.0,277.2,0.15
2015-10-15 01:15:00,0.3,100650.0,277.25,0.15
2015-10-15 01:30:00,0.5,100640.0,277.29999999999995,0.15
2015-10-15 01:45:00,0.6,100640.0,277.04999999999995,0.15
2015-10-15 02:00:00,0.35,100625.0,277.0,0.15
2015-10-15 02:15:00,1.2,100600.0,276.75,0.15
2015-10-15 02:30:00,2.45,100585.0,276.29999999999995,0.15
2015-10-15 02:45:00,2.2,100580.0,276.15,0.15
2015-10-15 03:00:00,1.9,100585.0,275.9,0.15
2015-10-15 03:15:00,1.7,100580.0,276.04999999999995,0.15
2015-10-15 03:30:00,0.95,100590.0,275.95,0.15
2015-10-15 03:45:00,1.2,100590.0,275.25,0.15
2015-10-15 04:00:00,0.8,100600.0,276.5,0.15
2015-10-15 04:15:00,0.1,100590.0,276.65,0.15
2015-10-15 04:30:00,0.4499999999999999,100580.0,276.75,0.15
2015-10-15 04:45:00,0.7,100580.0,276.54999999999995,0.15
2015-10-15 05:00:00,0.15,100570.0,276.5,0.15
2015-10-15 05:15:00,0.2,100570.0,276.45,0.15
2015-10-15 05:30:00,1.25,100555.0,276.25,0.15
2015-10-15 05:45:00,1.2,100560.0,276.25,0.15
2015-10-15 06:00:00,1.35,100585.0,276.35,0.15
2015-10-15 06:15:00,1.6,100590.0,276.54999999999995,0.15
2015-10-15 06:30:00,1.7999999999999998,100585.0,276.54999999999995,0.15
2015-10-15 06:45:00,1.9,100590.0,276.65,0.15
2015-10-15 07:00:00,2.2,100605.0,276.65,0.15
2015-10-15 07:15:00,1.9,100620.0,276.85,0.15
2015-10-15 07:30:00,2.0,100600.0,276.95,0.15
2015-10-15 07:45:00,2.2,100600.0,277.04999999999995,0.15
2015-10-15 08:00:00,2.2,100585.0,277.0,0.15
2015-10-15 08:15:00,2.3,100580.0,276.95,0.15
2015-10-15 08:30:00,2.6500000000000004,100610.0,276.95,0.15
2015-10-15 08:45:00,3.3,100610.0,277.04999999999995,0.15
2015-10-15 09:00:00,2.75,100615.0,277.0,0.15
2015-10-15 09:15:00,2.8,100600.0,276.95,0.15
2015-10-15 09:30:00,2.7,100600.0,276.95,0.15
2015-10-15 09:45:00,2.9,100590.0,277.04999999999995,0.15
2015-10-15 10:00:00,3.15,100585.0,277.04999999999995,0.15
2015-10-15 10:15:00,3.2,100580.0,277.25,0.15
2015-10-15 10:30:00,2.75,100580.0,277.2,0.15
2015-10-15 10:45:00,3.0,100560.0,277.15,0.15
2015-10-15 11:00:00,2.9,100560.0,277.29999999999995,0.15
2015-10-15 11:15:00,2.8,100550.0,277.45,0.15
2015-10-15 11:30:00,2.5,100530.0,277.79999999999995,0.15
2015-10-15 11:45:00,2.8,100530.0,277.85,0.15
2015-10-15 12:00:00,2.7,100520.0,278.04999999999995,0.15
2015-10-15 12:15:00,2.8,100510.0,278.04999999999995,0.15
2015-10-15 12:30:00,2.7,100495.0,278.1,0.15
2015-10-15 12:45:00,2.4,100500.0,278.25,0.15
2015-10-15 13:00:00,2.2,100495.0,278.45,0.15
2015-10-15 13:15:00,1.9,100520.0,278.45,0.15
2015-10-15 13:30:00,1.7000000000000002,100500.0,278.6,0.15
2015-10-15 13:45:00,2.2,100470.0,278.75,0.15
2015-10-15 14:00:00,2.45,100475.0,278.79999999999995,0.15
2015-10-15 14:15:00,2.1,100470.0,278.75,0.15
2015-10-15 14:30:00,2.35,100455.0,278.79999999999995,0.15
2015-10-15 14:45:00,2.3,100450.0,278.95,0.15
2015-10-15 15:00:00,2.5,100440.0,278.95,0.15
2015-10-15 15:15:00,1.6,100430.0,278.95,0.15
2015-10-15 15:30:00,2.1500000000000004,100425.0,278.95,0.15
2015-10-15 15:45:00,2.3,100410.0,278.75,0.15
2015-10-15 16:00:00,2.6,100420.0,278.75,0.15
2015-10-15 16:15:00,2.8,100420.0,278.85,0.15
2015-10-15 16:30:00,3.05,100405.0,278.9,0.15
2015-10-15 16:45:00,3.0,100390.0,278.95,0.15
2015-10-15 17:00:00,2.85,100405.0,279.0,0.15
2015-10-15 17:15:00,2.3,100430.0,279.15,0.15
2015-10-15 17:30:00,2.65,100435.0,279.15,0.15
2015-10-15 17:45:00,2.4,100450.0,279.15,0.15
2015-10-15 18:00:00,2.65,100450.0,279.15,0.15
2015-10-15 18:15:00,2.8,100450.0,279.15,0.15
2015-10-15 18:30:00,2.5,100445.0,279.25,0.15
2015-10-15 18:45:00,2.4,100470.0,279.25,0.15
2015-10-15 19:00:00,2.0,100475.0,279.35,0.15
2015-10-15 19:15:00,2.3,100480.0,279.45,0.15
2015-10-15 19:30:00,2.15,100490.0,279.45,0.15
2015-10-15 19:45:00,2.7,100500.0,279.35,0.15
2015-10-15 20:00:00,2.3,100510.0,279.45,0.15
2015-10-15 20:15:00,2.5,100500.0,279.35,0.15
2015-10-15 20:30:00,2.75,100500.0,279.35,0.15
2015-10-15 20:45:00,2.6,100490.0,279.35,0.15
2015-10-15 21:00:00,2.8,100500.0,279.29999999999995,0.15
2015-10-15 21:15:00,2.4,100490.0,279.25,0.15
2015-10-15 21:30:00,2.25,100490.0,279.35,0.15
2015-10-15 21:45:00,2.1,100480.0,279.35,0.15
2015-10-15 22:00:00,2.0,100475.0,279.35,0.15
2015-10-15 22:15:00,2.0,100490.0,279.35,0.15
2015-10-15 22:30:00,1.9,100490.0,279.35,0.15
2015-10-15 22:45:00,1.9,100490.0,279.35,0.15
2015-10-15 23:00:00,1.65,100505.0,279.35,0.15
2015-10-15 23:15:00,1.7,100510.0,279.35,0.15
2015-10-15 23:30:00,1.95,100500.0,279.35,0.15
2015-10-15 23:45:00,1.8,100500.0,279.35,0.15
2015-10-16 00:00:00,1.55,100510.0,279.35,0.15
2015-10-16 00:15:00,1.4,100520.0,279.45,0.15
2015-10-16 00:30:00,1.5,100520.0,279.45,0.15
2015-10-16 00:45:00,1.4,100520.0,279.35,0.15
2015-10-16 01:00:00,1.5,100520.0,279.35,0.15
2015-10-16 01:15:00,1.4,100510.0,279.25,0.15
2015-10-16 01:30:00,1.35,100515.0,279.29999999999995,0.15
2015-10-16 01:45:00,0.9,100520.0,279.35,0.15
2015-10-16 02:00:00,0.5,100520.0,279.35,0.15
2015-10-16 02:15:00,0.7,100520.0,279.35,0.15
2015-10-16 02:30:00,1.1,100520.0,279.4,0.15
2015-10-16 02:45:00,1.1,100520.0,279.35,0.15
2015-10-16 03:00:00,0.75,100510.0,279.35,0.15
2015-10-16 03:15:00,1.0,100510.0,279.25,0.15
2015-10-16 03:30:00,0.6,100510.0,279.29999999999995,0.15
2015-10-16 03:45:00,0.8,100510.0,279.35,0.15
2015-10-16 04:00:00,0.8,100525.0,279.35,0.15
2015-10-16 04:15:00,1.0,100550.0,279.25,0.15
2015-10-16 04:30:00,0.7,100535.0,279.5,0.15
2015-10-16 04:45:00,0.7,100540.0,279.54999999999995,0.15
2015-10-16 05:00:00,0.65,100550.0,279.5,0.15
2015-10-16 05:15:00,0.9,100550.0,279.54999999999995,0.15
2015-10-16 05:30:00,1.0,100550.0,279.4,0.15
2015-10-16 05:45:00,1.5,100540.0,279.35,0.15
2015-10-16 06:00:00,1.5499999999999998,100565.0,279.25,0.15
2015-10-16 06:15:00,0.9,100580.0,279.45,0.15
2015-10-16 06:30:00,0.4,100590.0,279.45,0.15
2015-10-16 06:45:00,0.0,100600.0,279.45,0.15
2015-10-16 07:00:00,0.4499999999999999,100620.0,279.5,0.15
2015-10-16 07:15:00,0.8,100650.0,279.54999999999995,0.15
2015-10-16 07:30:00,0.95,100665.0,279.75,0.15
2015-10-16 07:45:00,1.4,100690.0,279.95,0.15
2015-10-16 08:00:00,1.4,100695.0,280.1,0.15
2015-10-16 08:15:00,1.4,100690.0,280.35,0.15
2015-10-16 08:30:00,1.6,100700.0,280.2,0.15
2015-10-16 08:45:00,1.0,100710.0,280.35,0.15
2015-10-16 09:00:00,0.9,100715.0,280.35,0.15
2015-10-16 09:15:00,1.0,100710.0,280.75,0.15
2015-10-16 09:30:00,1.2000000000000002,100695.0,280.7,0.15
2015-10-16 09:45:00,1.3,100700.0,280.75,0.15
2015-10-16 10:00:00,1.2999999999999998,100700.0,280.95,0.15
2015-10-16 10:15:00,1.3,100700.0,281.15,0.15
2015-10-16 10:30:00,1.35,100710.0,281.2,0.15
2015-10-16 10:45:00,1.5,100690.0,281.35,0.15
2015-10-16 11:00:00,1.2000000000000002,100680.0,281.45,0.15
2015-10-16 11:15:00,1.1,100670.0,281.45,0.15
2015-10-16 11:30:00,1.2999999999999998,100665.0,281.75,0.15
2015-10-16 11:45:00,0.8,100660.0,282.04999999999995,0.15
2015-10-16 12:00:00,1.2000000000000002,100650.0,282.04999999999995,0.15
2015-10-16 12:15:00,1.7,100650.0,282.15,0.15
2015-10-16 12:30:00,1.4,100645.0,282.1,0.15
2015-10-16 12:45:00,1.7,100650.0,281.95,0.15
2015-10-16 13:00:00,1.3,100660.0,281.95,0.15
2015-10-16 13:15:00,1.2,100670.0,281.65,0.15
2015-10-16 13:30:00,0.85,100665.0,281.54999999999995,0.15
2015-10-16 13:45:00,1.2,100660.0,281.54999999999995,0.15
2015-10-16 14:00:00,1.15,100655.0,281.75,0.15
2015-10-16 14:15:00,1.6,100660.0,281.95,0.15
2015-10-16 14:30:00,1.5499999999999998,100670.0,281.85,0.15
2015-10-16 14:45:00,1.5,100660.0,281.75,0.15
2015-10-16 15:00:00,1.55,100660.0,281.6,0.15
2015-10-16 15:15:00,1.2,100660.0,281.54999999999995,0.15
2015-10-16 15:30:00,1.45,100660.0,281.5,0.15
2015-10-16 15:45:00,1.2,100660.0,281.35,0.15
2015-10-16 16:00:00,1.5,100660.0,281.35,0.15
2015-10-16 16:15:00,1.4,100650.0,281.25,0.15
2015-10-16 16:30:00,1.35,100645.0,281.2,0.15
2015-10-16 16:45:00,1.7,100650.0,281.15,0.15
2015-10-16 17:00:00,1.5,100640.0,281.15,0.15
2015-10-16 17:15:00,1.6,100650.0,281.04999999999995,0.15
2015-10-16 17:30:00,1.0,100665.0,281.0,0.15
2015-10-16 17:45:00,1.4,100680.0,281.04999999999995,0.15
2015-10-16 18:00:00,1.35,100685.0,280.95,0.15
2015-10-16 18:15:00,1.2,100690.0,280.85,0.15
2015-10-16 18:30:00,1.05,100695.0,280.79999999999995,0.15
2015-10-16 18:45:00,1.1,100700.0,280.75,0.15
2015-10-16 19:00:00,1.15,100700.0,280.75,0.15
2015-10-16 19:15:00,1.2,100700.0,280.65,0.15
2015-10-16 19:30:00,1.0,100700.0,280.65,0.15
2015-10-16 19:45:00,1.1,100700.0,280.54999999999995,0.15
2015-10-16 20:00:00,1.0,100705.0,280.54999999999995,0.15
2015-10-16 20:15:00,1.2,100700.0,280.45,0.15
2015-10-16 20:30:00,1.2999999999999998,100700.0,280.4,0.15
2015-10-16 20:45:00,1.0,100710.0,280.25,0.15
2015-10-16 21:00:00,1.1,100705.0,280.25,0.15
2015-10-16 21:15:00,1.4,100700.0,280.15,0.15
2015-10-16 21:30:00,1.4,100690.0,280.35,0.15
2015-10-16 21:45:00,1.3,100690.0,280.35,0.15
2015-10-16 22:00:00,1.35,100670.0,280.4,0.15
2015-10-16 22:15:00,1.3,100670.0,280.35,0.15
2015-10-16 22:30:00,1.75,100650.0,280.35,0.15
2015-10-16 22:45:00,2.3,100640.0,280.35,0.15
2015-10-16 23:00:00,1.95,100635.0,280.2,0.15
2015-10-16 23:15:00,1.8,100640.0,280.15,0.15
2015-10-16 23:30:00,1.25,100640.0,280.1,0.15
2015-10-16 23:45:00,1.3,100640.0,280.04999999999995,0.15
2015-10-17 00:00:00,1.4,100645.0,280.1,0.15
2015-10-17 00:15:00,1.3,100650.0,280.04999999999995,0.15
2015-10-17 00:30:00,1.45,100650.0,279.95,0.15
2015-10-17 00:45:00,1.3,100640.0,279.95,0.15
2015-10-17 01:00:00,1.15,100635.0,279.85,0.15
2015-10-17 01:15:00,1.1,100620.0,279.75,0.15
2015-10-17 01:30:00,0.95,100615.0,279.85,0.15
2015-10-17 01:45:00,1.0,100610.0,279.95,0.15
2015-10-17 02:00:00,1.5499999999999998,100600.0,279.85,0.15
2015-10-17 02:15:00,1.2,100580.0,279.85,0.15
2015-10-17 02:30:00,1.35,100575.0,279.9,0.15
2015-10-17 02:45:00,1.4,100570.0,279.85,0.15
2015-10-17 03:00:00,1.25,100570.0,279.85,0.15
2015-10-17 03:15:00,1.5,100570.0,279.95,0.15
2015-10-17 03:30:00,1.5,100565.0,279.95,0.15
2015-10-17 03:45:00,1.5,100560.0,279.95,0.15
2015-10-17 04:00:00,1.4500000000000002,100560.0,279.9,0.15
2015-10-17 04:15:00,1.2,100570.0,279.85,0.15
2015-10-17 04:30:00,1.35,100555.0,279.85,0.15
2015-10-17 04:45:00,1.4,100550.0,279.85,0.15
2015-10-17 05:00:00,1.4500000000000002,100540.0,279.85,0.15
2015-10-17 05:15:00,1.5,100540.0,279.85,0.15
2015-10-17 05:30:00,1.55,100540.0,279.79999999999995,0.15
2015-10-17 05:45:00,1.6,100550.0,279.75,0.15
2015-10-17 06:00:00,1.4,100560.0,279.85,0.15
2015-10-17 06:15:00,1.6,100560.0,279.75,0.15
2015-10-17 06:30:00,1.4,100550.0,279.85,0.15
2015-10-17 06:45:00,1.5,100560.0,279.85,0.15
2015-10-17 07:00:00,1.5,100590.0,279.95,0.15
2015-10-17 07:15:00,1.9,100600.0,280.04999999999995,0.15
2015-10-17 07:30:00,1.9,100625.0,280.04999999999995,0.15
2015-10-17 07:45:00,2.1,100630.0,280.04999999999995,0.15
2015-10-17 08:00:00,2.45,100645.0,280.2,0.15
2015-10-17 08:15:00,2.3,100650.0,280.25,0.15
2015-10-17 08:30:00,2.0,100660.0,280.29999999999995,0.15
2015-10-17 08:45:00,1.8,100660.0,280.45,0.15
2015-10-17 09:00:00,2.1500000000000004,100670.0,280.5,0.15
2015-10-17 09:15:00,2.1,100660.0,280.54999999999995,0.15
2015-10-17 09:30:00,2.9000000000000004,100650.0,280.85,0.15
2015-10-17 09:45:00,3.2,100650.0,281.04999999999995,0.15
2015-10-17 10:00:00,3.2,100640.0,281.25,0.15
2015-10-17 10:15:00,3.6,100640.0,281.35,0.15
2015-10-17 10:30:00,3.5,100640.0,281.45,0.15
2015-10-17 10:45:00,3.4,100640.0,281.54999999999995,0.15
2015-10-17 11:00:00,2.7,100630.0,281.6,0.15
2015-10-17 11:15:00,3.0,100620.0,281.85,0.15
2015-10-17 11:30:00,2.25,100615.0,281.79999999999995,0.15
2015-10-17 11:45:00,2.6,100610.0,281.95,0.15
2015-10-17 12:00:00,3.05,100605.0,282.0,0.15
2015-10-17 12:15:00,2.8,100600.0,282.04999999999995,0.15
2015-10-17 12:30:00,2.6,100600.0,282.4,0.15
2015-10-17 12:45:00,2.4,100600.0,282.54999999999995,0.15
2015-10-17 13:00:00,2.85,100600.0,282.35,0.15
2015-10-17 13:15:00,2.7,100580.0,282.75,0.15
2015-10-17 13:30:00,2.8,100585.0,282.6,0.15
2015-10-17 13:45:00,2.3,100590.0,282.54999999999995,0.15
2015-10-17 14:00:00,2.6,100595.0,282.65,0.15
2015-10-17 14:15:00,2.4,100600.0,282.54999999999995,0.15
2015-10-17 14:30:00,2.55,100600.0,282.54999999999995,0.15
2015-10-17 14:45:00,2.4,100610.0,282.45,0.15
2015-10-17 15:00:00,2.0,100610.0,282.29999999999995,0.15
2015-10-17 15:15:00,2.0,100630.0,282.15,0.15
2015-10-17 15:30:00,1.85,100640.0,282.15,0.15
2015-10-17 15:45:00,2.0,100640.0,282.04999999999995,0.15
2015-10-17 16:00:00,1.65,100650.0,281.95,0.15
2015-10-17 16:15:00,1.3,100650.0,281.85,0.15
2015-10-17 16:30:00,1.2,100645.0,281.7,0.15
2015-10-17 16:45:00,1.6,100640.0,281.15,0.15
2015-10-17 17:00:00,1.95,100635.0,280.95,0.15
2015-10-17 17:15:00,1.7,100640.0,281.04999999999995,0.15
2015-10-17 17:30:00,1.55,100640.0,281.0,0.15
2015-10-17 17:45:00,1.7,100640.0,280.75,0.15
2015-10-17 18:00:00,1.9,100640.0,280.5,0.15
2015-10-17 18:15:00,1.8,100640.0,280.15,0.15
2015-10-17 18:30:00,2.05,100640.0,279.85,0.15
2015-10-17 18:45:00,1.7,100650.0,279.75,0.15
2015-10-17 19:00:00,1.2000000000000002,100655.0,279.95,0.15
2015-10-17 19:15:00,1.0,100660.0,279.95,0.15
2015-10-17 19:30:00,1.65,100675.0,280.04999999999995,0.15
2015-10-17 19:45:00,1.9,100680.0,280.35,0.15
2015-10-17 20:00:00,1.8,100685.0,280.45,0.15
2015-10-17 20:15:00,2.3,100700.0,280.45,0.15
2015-10-17 20:30:00,2.1,100710.0,280.45,0.15
2015-10-17 20:45:00,2.4,100710.0,280.45,0.15
2015-10-17 21:00:00,2.25,100715.0,280.45,0.15
2015-10-17 21:15:00,2.0,100720.0,280.54999999999995,0.15
2015-10-17 21:30:00,2.0,100720.0,280.5,0.15
2015-10-17 21:45:00,2.0,100720.0,280.54999999999995,0.15
2015-10-17 22:00:00,1.7999999999999998,100720.0,280.5,0.15
2015-10-17 22:15:00,1.7,100720.0,280.45,0.15
2015-10-17 22:30:00,1.75,100710.0,280.54999999999995,0.15
2015-10-17 22:45:00,2.0,100700.0,280.45,0.15
2015-10-17 23:00:00,1.85,100705.0,280.4,0.15
2015-10-17 23:15:00,1.6,100720.0,280.35,0.15
2015-10-17 23:30:00,1.5,100720.0,280.25,0.15
2015-10-17 23:45:00,1.2,100710.0,280.15,0.15
2015-10-18 00:00:00,1.15,100695.0,279.9,0.15
2015-10-18 00:15:00,0.9,100690.0,279.45,0.15
2015-10-18 00:30:00,0.95,100695.0,279.1,0.15
2015-10-18 00:45:00,1.8,100690.0,279.04999999999995,0.15
2015-10-18 01:00:00,2.1,100690.0,278.75,0.15
2015-10-18 01:15:00,1.5,100700.0,277.54999999999995,0.15
2015-10-18 01:30:00,1.85,100700.0,278.95,0.15
2015-10-18 01:45:00,1.7,100690.0,279.54999999999995,0.15
2015-10-18 02:00:00,1.85,100680.0,279.5,0.15
2015-10-18 02:15:00,2.1,100670.0,278.95,0.15
2015-10-18 02:30:00,2.1,100675.0,279.6,0.15
2015-10-18 02:45:00,1.8,100680.0,279.85,0.15
2015-10-18 03:00:00,2.0,100670.0,279.5,0.15
2015-10-18 03:15:00,2.7,100670.0,279.54999999999995,0.15
2015-10-18 03:30:00,2.35,100665.0,278.9,0.15
2015-10-18 03:45:00,1.9,100680.0,279.25,0.15
2015-10-18 04:00:00,2.0,100675.0,279.2,0.15
2015-10-18 04:15:00,1.9,100680.0,279.04999999999995,0.15
2015-10-18 04:30:00,1.55,100685.0,279.15,0.15
2015-10-18 04:45:00,0.7,100690.0,278.85,0.15
2015-10-18 05:00:00,1.05,100695.0,278.9,0.15
2015-10-18 05:15:00,1.0,100690.0,279.04999999999995,0.15
2015-10-18 05:30:00,0.95,100690.0,279.2,0.15
2015-10-18 05:45:00,1.1,100690.0,279.15,0.15
2015-10-18 06:00:00,0.9,100705.0,279.1,0.15
2015-10-18 06:15:00,0.4,100720.0,279.15,0.15
2015-10-18 06:30:00,1.1,100735.0,279.29999999999995,0.15
2015-10-18 06:45:00,1.2,100750.0,279.65,0.15
2015-10-18 07:00:00,0.95,100770.0,279.79999999999995,0.15
2015-10-18 07:15:00,1.2,100770.0,280.04999999999995,0.15
2015-10-18 07:30:00,0.95,100785.0,280.35,0.15
2015-10-18 07:45:00,1.0,100780.0,280.54999999999995,0.15
2015-10-18 08:00:00,0.9,100795.0,281.15,0.15
2015-10-18 08:15:00,0.9,100790.0,281.54999999999995,0.15
2015-10-18 08:30:00,1.4,100795.0,281.6,0.15
2015-10-18 08:45:00,1.2,100790.0,282.04999999999995,0.15
2015-10-18 09:00:00,0.9,100790.0,282.35,0.15
2015-10-18 09:15:00,0.6,100790.0,282.75,0.15
2015-10-18 09:30:00,0.6,100785.0,283.4,0.15
2015-10-18 09:45:00,0.5,100780.0,283.65,0.15
2015-10-18 10:00:00,1.0,100780.0,283.1,0.15
2015-10-18 10:15:00,0.3,100780.0,283.54999999999995,0.15
2015-10-18 10:30:00,1.1,100770.0,284.15,0.15
2015-10-18 10:45:00,1.1,100760.0,284.25,0.15
2015-10-18 11:00:00,0.6,100755.0,284.0,0.15
2015-10-18 11:15:00,0.5,100740.0,285.15,0.15
2015-10-18 11:30:00,0.6000000000000001,100740.0,284.35,0.15
2015-10-18 11:45:00,1.2,100740.0,284.04999999999995,0.15
2015-10-18 12:00:00,1.0,100735.0,284.15,0.15
2015-10-18 12:15:00,1.0,100730.0,284.35,0.15
2015-10-18 12:30:00,1.0,100720.0,284.4,0.15
2015-10-18 12:45:00,1.0,100720.0,284.75,0.15
2015-10-18 13:00:00,0.75,100715.0,284.4,0.15
2015-10-18 13:15:00,0.9,100720.0,284.45,0.15
2015-10-18 13:30:00,0.6499999999999999,100715.0,284.6,0.15
2015-10-18 13:45:00,2.0,100720.0,284.65,0.15
2015-10-18 14:00:00,2.0,100720.0,284.7,0.15
2015-10-18 14:15:00,2.1,100720.0,284.65,0.15
2015-10-18 14:30:00,2.1,100730.0,284.6,0.15
2015-10-18 14:45:00,1.9,100740.0,284.45,0.15
2015-10-18 15:00:00,1.85,100730.0,284.4,0.15
2015-10-18 15:15:00,1.4,100730.0,284.15,0.15
2015-10-18 15:30:00,1.5499999999999998,100725.0,284.1,0.15
2015-10-18 15:45:00,1.4,100720.0,283.75,0.15
2015-10-18 16:00:00,1.1,100720.0,283.04999999999995,0.15
2015-10-18 16:15:00,1.5,100720.0,283.04999999999995,0.15
2015-10-18 16:30:00,1.15,100735.0,282.79999999999995,0.15
2015-10-18 16:45:00,0.5,100740.0,282.25,0.15
2015-10-18 17:00:00,0.3,100740.0,282.2,0.15
2015-10-18 17:15:00,0.4,100750.0,282.04999999999995,0.15
2015-10-18 17:30:00,0.35,100755.0,282.0,0.15
2015-10-18 17:45:00,1.2,100760.0,282.04999999999995,0.15
2015-10-18 18:00:00,1.2999999999999998,100775.0,281.95,0.15
2015-10-18 18:15:00,1.7,100780.0,282.04999999999995,0.15
2015-10-18 18:30:00,1.9,100785.0,281.9,0.15
2015-10-18 18:45:00,2.0,100800.0,282.25,0.15
2015-10-18 19:00:00,1.9,100800.0,282.04999999999995,0.15
2015-10-18 19:15:00,1.7,100810.0,282.04999999999995,0.15
2015-10-18 19:30:00,1.55,100820.0,281.9,0.15
2015-10-18 19:45:00,1.3,100820.0,281.95,0.15
2015-10-18 20:00:00,1.5,100835.0,281.95,0.15
2015-10-18 20:15:00,1.5,100840.0,281.85,0.15
2015-10-18 20:30:00,1.7000000000000002,100845.0,281.9,0.15
2015-10-18 20:45:00,1.6,100850.0,281.85,0.15
2015-10-18 21:00:00,1.65,100850.0,281.75,0.15
2015-10-18 21:15:00,1.6,100860.0,281.75,0.15
2015-10-18 21:30:00,1.5499999999999998,100860.0,281.75,0.15
2015-10-18 21:45:00,1.3,100860.0,281.75,0.15
2015-10-18 22:00:00,1.2,100855.0,281.75,0.15
2015-10-18 22:15:00,1.2,100850.0,281.75,0.15
2015-10-18 22:30:00,0.65,100835.0,281.65,0.15
2015-10-18 22:45:00,0.3,100830.0,281.65,0.15
2015-10-18 23:00:00,1.1,100830.0,281.7,0.15
2015-10-18 23:15:00,1.2,100830.0,281.65,0.15
2015-10-18 23:30:00,1.1,100830.0,281.7,0.15
2015-10-18 23:45:00,1.0,100840.0,281.75,0.15
2015-10-19 00:00:00,0.95,100825.0,281.75,0.15
2015-10-19 00:15:00,0.5,100820.0,281.75,0.15
2015-10-19 00:30:00,0.8500000000000001,100830.0,281.7,0.15
2015-10-19 00:45:00,0.7,100830.0,281.65,0.15
2015-10-19 01:00:00,0.75,100840.0,281.54999999999995,0.15
2015-10-19 01:15:00,0.8,100840.0,281.65,0.15
2015-10-19 01:30:00,0.8,100840.0,281.65,0.15
2015-10-19 01:45:00,1.0,100830.0,281.54999999999995,0.15
2015-10-19 02:00:00,0.95,100840.0,281.54999999999995,0.15
2015-10-19 02:15:00,0.9,100840.0,281.54999999999995,0.15
2015-10-19 02:30:00,1.1,100840.0,281.54999999999995,0.15
2015-10-19 02:45:00,1.3,100840.0,281.54999999999995,0.15
2015-10-19 03:00:00,1.25,100835.0,281.54999999999995,0.15
2015-10-19 03:15:00,0.9,100830.0,281.54999999999995,0.15
2015-10-19 03:30:00,0.8500000000000001,100835.0,281.54999999999995,0.15
2015-10-19 03:45:00,0.8,100840.0,281.54999999999995,0.15
2015-10-19 04:00:00,0.8500000000000001,100835.0,281.54999999999995,0.15
2015-10-19 04:15:00,1.5,100850.0,281.65,0.15
2015-10-19 04:30:00,1.15,100850.0,281.65,0.15
2015-10-19 04:45:00,1.2,100850.0,281.65,0.15
2015-10-19 05:00:00,1.15,100850.0,281.6,0.15
2015-10-19 05:15:00,1.4,100860.0,281.65,0.15
2015-10-19 05:30:00,1.0,100865.0,281.65,0.15
2015-10-19 05:45:00,0.7,100880.0,281.65,0.15
2015-10-19 06:00:00,0.4499999999999999,100875.0,281.65,0.15
2015-10-19 06:15:00,0.3,100890.0,281.75,0.15
2015-10-19 06:30:00,0.8999999999999999,100925.0,281.75,0.15
2015-10-19 06:45:00,1.4,100930.0,281.75,0.15
2015-10-19 07:00:00,1.35,100940.0,281.79999999999995,0.15
2015-10-19 07:15:00,1.1,100960.0,281.95,0.15
2015-10-19 07:30:00,1.15,100960.0,282.0,0.15
2015-10-19 07:45:00,1.1,100980.0,282.15,0.15
2015-10-19 08:00:00,1.2999999999999998,100990.0,282.35,0.15
2015-10-19 08:15:00,1.2,100990.0,282.54999999999995,0.15
2015-10-19 08:30:00,1.15,101000.0,282.54999999999995,0.15
2015-10-19 08:45:00,1.0,101010.0,282.85,0.15
2015-10-19 09:00:00,0.7,101010.0,283.04999999999995,0.15
2015-10-19 09:15:00,0.5,101010.0,283.25,0.15
2015-10-19 09:30:00,0.5,101005.0,283.4,0.15
2015-10-19 09:45:00,0.7,101010.0,283.54999999999995,0.15
2015-10-19 10:00:00,0.55,101010.0,283.54999999999995,0.15
2015-10-19 10:15:00,0.1,101020.0,283.35,0.15
2015-10-19 10:30:00,0.35,101025.0,283.54999999999995,0.15
2015-10-19 10:45:00,0.4,101020.0,283.95,0.15
2015-10-19 11:00:00,0.4,101015.0,284.1,0.15
2015-10-19 11:15:00,0.2,101020.0,283.75,0.15
2015-10-19 11:30:00,0.5,101015.0,284.04999999999995,0.15
2015-10-19 11:45:00,1.0,101010.0,283.95,0.15
2015-10-19 12:00:00,1.4,101010.0,283.95,0.15
2015-10-19 12:15:00,2.0,101010.0,283.85,0.15
2015-10-19 12:30:00,1.95,101010.0,283.85,0.15
2015-10-19 12:45:00,1.8,101000.0,283.85,0.15
2015-10-19 13:00:00,2.15,100990.0,284.04999999999995,0.15
2015-10-19 13:15:00,2.2,100990.0,284.25,0.15
2015-10-19 13:30:00,2.55,100995.0,284.2,0.15
2015-10-19 13:45:00,2.3,100980.0,284.15,0.15
2015-10-19 14:00:00,2.85,100990.0,284.15,0.15
2015-10-19 14:15:00,2.8,100990.0,283.95,0.15
2015-10-19 14:30:00,2.25,100990.0,284.0,0.15
2015-10-19 14:45:00,2.4,101000.0,284.15,0.15
2015-10-19 15:00:00,2.2,101000.0,284.04999999999995,0.15
2015-10-19 15:15:00,2.0,101010.0,284.04999999999995,0.15
2015-10-19 15:30:00,2.1,101000.0,283.95,0.15
2015-10-19 15:45:00,2.4,101010.0,283.95,0.15
2015-10-19 16:00:00,2.4,100990.0,283.79999999999995,0.15
2015-10-19 16:15:00,2.3,100980.0,283.75,0.15
2015-10-19 16:30:00,2.35,100990.0,283.54999999999995,0.15
2015-10-19 16:45:00,1.9,101000.0,283.45,0.15
2015-10-19 17:00:00,2.1,101010.0,283.29999999999995,0.15
2015-10-19 17:15:00,2.5,101020.0,282.85,0.15
2015-10-19 17:30:00,2.1,101025.0,282.85,0.15
2015-10-19 17:45:00,1.9,101050.0,282.45,0.15
2015-10-19 18:00:00,2.0,101060.0,282.35,0.15
2015-10-19 18:15:00,2.0,101070.0,282.35,0.15
2015-10-19 18:30:00,1.95,101075.0,282.35,0.15
2015-10-19 18:45:00,1.8,101080.0,282.25,0.15
2015-10-19 19:00:00,1.4,101080.0,282.04999999999995,0.15
2015-10-19 19:15:00,1.2,101080.0,281.75,0.15
2015-10-19 19:30:00,0.55,101080.0,281.65,0.15
2015-10-19 19:45:00,1.0,101090.0,281.54999999999995,0.15
2015-10-19 20:00:00,1.05,101090.0,281.5,0.15
2015-10-19 20:15:00,1.1,101090.0,280.85,0.15
2015-10-19 20:30:00,1.1,101100.0,281.2,0.15
2015-10-19 20:45:00,1.3,101100.0,281.54999999999995,0.15
2015-10-19 21:00:00,1.5,101105.0,281.25,0.15
2015-10-19 21:15:00,1.5,101100.0,280.85,0.15
2015-10-19 21:30:00,1.35,101100.0,280.45,0.15
2015-10-19 21:45:00,1.5,101090.0,280.35,0.15
2015-10-19 22:00:00,0.75,101090.0,280.2,0.15
2015-10-19 22:15:00,0.7,101090.0,280.04999999999995,0.15
2015-10-19 22:30:00,0.8,101090.0,279.4,0.15
2015-10-19 22:45:00,0.7,101090.0,279.85,0.15
2015-10-19 23:00:00,1.2,101090.0,279.4,0.15
2015-10-19 23:15:00,1.6,101080.0,279.25,0.15
2015-10-19 23:30:00,1.5,101085.0,279.04999999999995,0.15
2015-10-19 23:45:00,0.4,101080.0,278.95,0.15
2015-10-20 00:00:00,0.2,101080.0,278.15,0.15
2015-10-20 00:15:00,0.1,101080.0,278.15,0.15
2015-10-20 00:30:00,0.1,101080.0,277.9,0.15
2015-10-20 00:45:00,0.6,101080.0,278.25,0.15
2015-10-20 01:00:00,1.1,101095.0,278.75,0.15
2015-10-20 01:15:00,0.8,101100.0,278.35,0.15
2015-10-20 01:30:00,0.4499999999999999,101100.0,279.04999999999995,0.15
2015-10-20 01:45:00,0.6,101100.0,278.95,0.15
2015-10-20 02:00:00,1.2999999999999998,101090.0,279.54999999999995,0.15
2015-10-20 02:15:00,0.6,101090.0,279.15,0.15
2015-10-20 02:30:00,0.85,101085.0,279.4,0.15
2015-10-20 02:45:00,1.1,101080.0,279.45,0.15
2015-10-20 03:00:00,0.8500000000000001,101085.0,279.75,0.15
2015-10-20 03:15:00,1.5,101080.0,279.85,0.15
2015-10-20 03:30:00,1.05,101070.0,279.95,0.15
2015-10-20 03:45:00,0.5,101070.0,279.85,0.15
2015-10-20 04:00:00,1.0,101080.0,279.75,0.15
2015-10-20 04:15:00,1.3,101070.0,279.54999999999995,0.15
2015-10-20 04:30:00,1.2,101065.0,279.45,0.15
2015-10-20 04:45:00,0.9,101070.0,279.25,0.15
2015-10-20 05:00:00,1.1,101070.0,279.75,0.15
2015-10-20 05:15:00,1.9,101060.0,279.95,0.15
2015-10-20 05:30:00,1.4,101065.0,280.1,0.15
2015-10-20 05:45:00,1.4,101060.0,280.25,0.15
2015-10-20 06:00:00,1.4500000000000002,101065.0,280.35,0.15
2015-10-20 06:15:00,1.4,101080.0,280.54999999999995,0.15
2015-10-20 06:30:00,1.7,101080.0,280.7,0.15
2015-10-20 06:45:00,2.1,101060.0,280.95,0.15
2015-10-20 07:00:00,1.05,101075.0,281.15,0.15
2015-10-20 07:15:00,0.7,101090.0,281.15,0.15
2015-10-20 07:30:00,0.8500000000000001,101095.0,281.25,0.15
2015-10-20 07:45:00,1.3,101100.0,281.35,0.15
2015-10-20 08:00:00,1.1,101095.0,281.54999999999995,0.15
2015-10-20 08:15:00,1.0,101100.0,281.65,0.15
2015-10-20 08:30:00,0.6000000000000001,101110.0,281.85,0.15
2015-10-20 08:45:00,0.7,101100.0,282.15,0.15
2015-10-20 09:00:00,0.55,101105.0,282.5,0.15
2015-10-20 09:15:00,0.4,101120.0,282.65,0.15
2015-10-20 09:30:00,0.85,101125.0,282.85,0.15
2015-10-20 09:45:00,0.9,101130.0,283.04999999999995,0.15
2015-10-20 10:00:00,1.0,101120.0,283.29999999999995,0.15
2015-10-20 10:15:00,1.5,101110.0,283.54999999999995,0.15
2015-10-20 10:30:00,2.55,101100.0,283.95,0.15
2015-10-20 10:45:00,3.4,101110.0,283.95,0.15
2015-10-20 11:00:00,2.95,101105.0,284.4,0.15
2015-10-20 11:15:00,3.5,101080.0,284.75,0.15
2015-10-20 11:30:00,3.3,101070.0,284.79999999999995,0.15
2015-10-20 11:45:00,3.6,101070.0,284.95,0.15
2015-10-20 12:00:00,2.85,101055.0,284.65,0.15
2015-10-20 12:15:00,3.0,101050.0,284.35,0.15
2015-10-20 12:30:00,3.0,101055.0,284.25,0.15
2015-10-20 12:45:00,2.5,101060.0,283.95,0.15
2015-10-20 13:00:00,2.35,101065.0,284.0,0.15
2015-10-20 13:15:00,1.8,101070.0,284.15,0.15
2015-10-20 13:30:00,1.85,101075.0,284.15,0.15
2015-10-20 13:45:00,2.8,101080.0,284.04999999999995,0.15
2015-10-20 14:00:00,2.85,101070.0,284.04999999999995,0.15
2015-10-20 14:15:00,2.9,101070.0,284.35,0.15
2015-10-20 14:30:00,2.75,101080.0,284.25,0.15
2015-10-20 14:45:00,2.6,101080.0,284.15,0.15
2015-10-20 15:00:00,2.7,101095.0,284.15,0.15
2015-10-20 15:15:00,2.3,101100.0,284.15,0.15
2015-10-20 15:30:00,2.25,101100.0,283.95,0.15
2015-10-20 15:45:00,1.8,101110.0,283.75,0.15
2015-10-20 16:00:00,1.95,101125.0,283.54999999999995,0.15
2015-10-20 16:15:00,1.6,101140.0,283.54999999999995,0.15
2015-10-20 16:30:00,1.2999999999999998,101145.0,283.29999999999995,0.15
2015-10-20 16:45:00,1.3,101150.0,283.35,0.15
2015-10-20 17:00:00,1.15,101165.0,283.35,0.15
2015-10-20 17:15:00,1.3,101170.0,283.25,0.15
2015-10-20 17:30:00,1.35,101165.0,283.2,0.15
2015-10-20 17:45:00,0.9,101170.0,283.25,0.15
2015-10-20 18:00:00,1.0,101175.0,283.2,0.15
2015-10-20 18:15:00,1.4,101170.0,283.15,0.15
2015-10-20 18:30:00,1.7999999999999998,101185.0,282.95,0.15
2015-10-20 18:45:00,1.3,101190.0,282.95,0.15
2015-10-20 19:00:00,1.4500000000000002,101180.0,282.85,0.15
2015-10-20 19:15:00,1.0,101170.0,282.75,0.15
2015-10-20 19:30:00,0.55,101170.0,282.7,0.15
2015-10-20 19:45:00,0.1,101180.0,282.54999999999995,0.15
2015-10-20 20:00:00,0.2,101180.0,282.5,0.15
2015-10-20 20:15:00,0.0,101180.0,282.54999999999995,0.15
2015-10-20 20:30:00,0.3,101180.0,282.5,0.15
2015-10-20 20:45:00,0.8,101170.0,282.45,0.15
2015-10-20 21:00:00,1.1,101170.0,282.45,0.15
2015-10-20 21:15:00,1.2,101160.0,282.25,0.15
2015-10-20 21:30:00,0.95,101150.0,282.29999999999995,0.15
2015-10-20 21:45:00,1.0,101140.0,282.25,0.15
2015-10-20 22:00:00,0.6,101140.0,282.15,0.15
2015-10-20 22:15:00,0.2,101140.0,282.25,0.15
2015-10-20 22:30:00,0.15,101135.0,282.2,0.15
2015-10-20 22:45:00,0.5,101130.0,282.35,0.15
2015-10-20 23:00:00,0.7,101125.0,282.25,0.15
2015-10-20 23:15:00,0.6,101130.0,282.25,0.15
2015-10-20 23:30:00,0.2,101130.0,282.04999999999995,0.15
2015-10-20 23:45:00,0.0,101120.0,282.04999999999995,0.15
2015-10-21 00:00:00,0.25,101140.0,282.1,0.15
2015-10-21 00:15:00,0.3,101140.0,282.35,0.15
2015-10-21 00:30:00,0.25,101130.0,282.54999999999995,0.15
2015-10-21 00:45:00,0.7,101120.0,282.54999999999995,0.15
2015-10-21 01:00:00,0.6,101105.0,282.7,0.15
2015-10-21 01:15:00,0.4,101100.0,282.75,0.15
2015-10-21 01:30:00,0.6499999999999999,101075.0,282.79999999999995,0.15
2015-10-21 01:45:00,0.9,101070.0,282.85,0.15
2015-10-21 02:00:00,1.05,101065.0,282.85,0.15
2015-10-21 02:15:00,1.0,101070.0,282.75,0.15
2015-10-21 02:30:00,1.6,101085.0,282.79999999999995,0.15
2015-10-21 02:45:00,1.8,101070.0,282.85,0.15
2015-10-21 03:00:00,1.7999999999999998,101065.0,282.85,0.15
2015-10-21 03:15:00,1.6,101060.0,282.75,0.15
2015-10-21 03:30:00,1.05,101055.0,282.7,0.15
2015-10-21 03:45:00,0.7,101040.0,282.75,0.15
2015-10-21 04:00:00,0.6,101025.0,282.7,0.15
2015-10-21 04:15:00,0.8,101020.0,282.75,0.15
2015-10-21 04:30:00,0.6499999999999999,101010.0,282.7,0.15
2015-10-21 04:45:00,0.8,101010.0,282.75,0.15
2015-10-21 05:00:00,0.7,101015.0,282.6,0.15
2015-10-21 05:15:00,0.9,101000.0,282.45,0.15
2015-10-21 05:30:00,1.0,100995.0,282.35,0.15
2015-10-21 05:45:00,0.9,100980.0,282.15,0.15
2015-10-21 06:00:00,0.7,100990.0,282.4,0.15
2015-10-21 06:15:00,0.7,101010.0,282.25,0.15
2015-10-21 06:30:00,0.3,100990.0,282.5,0.15
2015-10-21 06:45:00,0.9,100980.0,282.75,0.15
2015-10-21 07:00:00,1.35,100975.0,282.9,0.15
2015-10-21 07:15:00,1.1,100960.0,283.25,0.15
2015-10-21 07:30:00,1.1,100975.0,283.35,0.15
2015-10-21 07:45:00,1.2,100970.0,283.35,0.15
2015-10-21 08:00:00,1.55,100970.0,283.65,0.15
2015-10-21 08:15:00,1.4,100970.0,283.85,0.15
2015-10-21 08:30:00,0.9,100975.0,284.35,0.15
2015-10-21 08:45:00,0.9,100980.0,284.65,0.15
2015-10-21 09:00:00,0.9,100975.0,284.5,0.15
2015-10-21 09:15:00,1.0,100980.0,285.04999999999995,0.15
2015-10-21 09:30:00,1.15,100980.0,284.7,0.15
2015-10-21 09:45:00,1.1,100980.0,284.95,0.15
2015-10-21 10:00:00,1.2,100975.0,285.1,0.15
2015-10-21 10:15:00,1.2,100960.0,285.65,0.15
2015-10-21 10:30:00,1.25,100955.0,285.65,0.15
2015-10-21 10:45:00,1.3,100940.0,286.15,0.15
2015-10-21 11:00:00,1.25,100915.0,286.5,0.15
2015-10-21 11:15:00,0.8,100910.0,287.25,0.15
2015-10-21 11:30:00,1.25,100895.0,286.45,0.15
2015-10-21 11:45:00,1.0,100880.0,286.65,0.15
2015-10-21 12:00:00,1.6,100860.0,286.75,0.15
2015-10-21 12:15:00,2.0,100830.0,286.75,0.15
2015-10-21 12:30:00,2.25,100795.0,286.85,0.15
2015-10-21 12:45:00,2.2,100770.0,287.45,0.15
2015-10-21 13:00:00,2.5,100760.0,287.25,0.15
2015-10-21 13:15:00,2.1,100740.0,287.25,0.15
2015-10-21 13:30:00,1.85,100735.0,287.6,0.15
2015-10-21 13:45:00,2.3,100720.0,287.54999999999995,0.15
2015-10-21 14:00:00,2.1,100710.0,287.2,0.15
2015-10-21 14:15:00,1.9,100700.0,287.04999999999995,0.15
2015-10-21 14:30:00,1.8,100690.0,287.0,0.15
2015-10-21 14:45:00,1.6,100700.0,286.85,0.15
2015-10-21 15:00:00,1.65,100700.0,286.7,0.15
2015-10-21 15:15:00,1.3,100700.0,286.65,0.15
2015-10-21 15:30:00,1.3,100700.0,286.5,0.15
2015-10-21 15:45:00,1.0,100700.0,286.25,0.15
2015-10-21 16:00:00,1.1,100695.0,285.95,0.15
2015-10-21 16:15:00,1.1,100680.0,285.75,0.15
2015-10-21 16:30:00,1.5499999999999998,100670.0,285.0,0.15
2015-10-21 16:45:00,1.2,100670.0,284.25,0.15
2015-10-21 17:00:00,1.25,100665.0,284.9,0.15
2015-10-21 17:15:00,1.2,100670.0,284.15,0.15
2015-10-21 17:30:00,0.9,100650.0,284.25,0.15
2015-10-21 17:45:00,0.7,100660.0,284.04999999999995,0.15
2015-10-21 18:00:00,1.3,100640.0,284.15,0.15
2015-10-21 18:15:00,2.3,100620.0,283.65,0.15
2015-10-21 18:30:00,2.05,100610.0,283.5,0.15
2015-10-21 18:45:00,1.7,100620.0,283.65,0.15
2015-10-21 19:00:00,2.05,100605.0,283.65,0.15
2015-10-21 19:15:00,2.6,100590.0,283.85,0.15
2015-10-21 19:30:00,2.35,100585.0,283.6,0.15
2015-10-21 19:45:00,2.4,100580.0,283.75,0.15
2015-10-21 20:00:00,2.05,100570.0,284.15,0.15
2015-10-21 20:15:00,1.8,100570.0,283.85,0.15
2015-10-21 20:30:00,1.8,100565.0,283.7,0.15
2015-10-21 20:45:00,2.1,100560.0,283.75,0.15
2015-10-21 21:00:00,2.25,100545.0,284.04999999999995,0.15
2015-10-21 21:15:00,2.3,100540.0,284.25,0.15
2015-10-21 21:30:00,2.45,100530.0,284.2,0.15
2015-10-21 21:45:00,2.8,100520.0,284.04999999999995,0.15
2015-10-21 22:00:00,2.5,100520.0,284.0,0.15
2015-10-21 22:15:00,2.3,100510.0,284.04999999999995,0.15
2015-10-21 22:30:00,2.1500000000000004,100500.0,284.04999999999995,0.15
2015-10-21 22:45:00,2.8,100490.0,284.04999999999995,0.15
2015-10-21 23:00:00,2.6,100485.0,283.7,0.15
2015-10-21 23:15:00,2.5,100470.0,283.45,0.15
2015-10-21 23:30:00,2.1,100470.0,283.35,0.15
2015-10-21 23:45:00,2.3,100470.0,283.15,0.15
2015-10-22 00:00:00,2.5,100450.0,283.1,0.15
2015-10-22 00:15:00,2.7,100440.0,283.04999999999995,0.15
2015-10-22 00:30:00,2.75,100425.0,283.04999999999995,0.15
2015-10-22 00:45:00,2.8,100420.0,283.04999999999995,0.15
2015-10-22 01:00:00,2.75,100420.0,283.04999999999995,0.15
2015-10-22 01:15:00,3.0,100410.0,283.04999999999995,0.15
2015-10-22 01:30:00,2.6500000000000004,100405.0,283.04999999999995,0.15
2015-10-22 01:45:00,2.6,100390.0,283.04999999999995,0.15
2015-10-22 02:00:00,2.7,100375.0,283.04999999999995,0.15
2015-10-22 02:15:00,2.3,100370.0,283.15,0.15
2015-10-22 02:30:00,2.3,100360.0,283.15,0.15
2015-10-22 02:45:00,2.3,100340.0,283.15,0.15
2015-10-22 03:00:00,2.6,100325.0,283.15,0.15
2015-10-22 03:15:00,2.2,100310.0,283.15,0.15
2015-10-22 03:30:00,2.1,100305.0,283.15,0.15
2015-10-22 03:45:00,2.1,100300.0,283.25,0.15
2015-10-22 04:00:00,2.7,100295.0,283.25,0.15
2015-10-22 04:15:00,2.6,100300.0,283.25,0.15
2015-10-22 04:30:00,3.1500000000000004,100315.0,283.4,0.15
2015-10-22 04:45:00,3.0,100320.0,283.35,0.15
2015-10-22 05:00:00,3.1,100310.0,283.29999999999995,0.15
2015-10-22 05:15:00,2.9,100300.0,283.35,0.15
2015-10-22 05:30:00,2.7,100300.0,283.35,0.15
2015-10-22 05:45:00,2.7,100300.0,283.35,0.15
2015-10-22 06:00:00,2.25,100295.0,283.35,0.15
2015-10-22 06:15:00,1.5,100300.0,283.35,0.15
2015-10-22 06:30:00,1.6,100310.0,283.5,0.15
2015-10-22 06:45:00,2.4,100310.0,283.54999999999995,0.15
2015-10-22 07:00:00,2.25,100310.0,283.7,0.15
2015-10-22 07:15:00,2.7,100300.0,283.95,0.15
2015-10-22 07:30:00,2.75,100315.0,284.0,0.15
2015-10-22 07:45:00,2.9,100330.0,284.04999999999995,0.15
2015-10-22 08:00:00,2.55,100330.0,284.35,0.15
2015-10-22 08:15:00,2.3,100330.0,284.54999999999995,0.15
2015-10-22 08:30:00,2.7,100335.0,284.65,0.15
2015-10-22 08:45:00,1.8,100350.0,284.85,0.15
2015-10-22 09:00:00,1.65,100360.0,284.85,0.15
2015-10-22 09:15:00,1.7,100370.0,284.95,0.15
2015-10-22 09:30:00,2.15,100365.0,284.95,0.15
2015-10-22 09:45:00,2.3,100360.0,285.15,0.15
2015-10-22 10:00:00,2.25,100360.0,285.04999999999995,0.15
2015-10-22 10:15:00,2.2,100370.0,285.25,0.15
2015-10-22 10:30:00,2.45,100370.0,285.29999999999995,0.15
2015-10-22 10:45:00,2.5,100360.0,285.54999999999995,0.15
2015-10-22 11:00:00,2.65,100335.0,286.2,0.15
2015-10-22 11:15:00,2.8,100330.0,286.65,0.15
2015-10-22 11:30:00,1.95,100310.0,286.54999999999995,0.15
2015-10-22 11:45:00,1.6,100300.0,286.85,0.15
2015-10-22 12:00:00,1.55,100300.0,286.9,0.15
2015-10-22 12:15:00,2.0,100310.0,287.25,0.15
2015-10-22 12:30:00,1.75,100325.0,287.5,0.15
2015-10-22 12:45:00,1.6,100330.0,287.85,0.15
2015-10-22 13:00:00,1.5,100340.0,287.75,0.15
2015-10-22 13:15:00,3.3,100350.0,287.75,0.15
2015-10-22 13:30:00,2.85,100365.0,287.7,0.15
2015-10-22 13:45:00,2.8,100380.0,287.35,0.15
2015-10-22 14:00:00,3.8,100375.0,287.54999999999995,0.15
2015-10-22 14:15:00,3.9,100390.0,287.65,0.15
2015-10-22 14:30:00,4.3,100395.0,287.7,0.15
2015-10-22 14:45:00,4.5,100410.0,287.75,0.15
2015-10-22 15:00:00,3.9,100420.0,287.85,0.15
2015-10-22 15:15:00,3.6,100430.0,287.75,0.15
2015-10-22 15:30:00,2.45,100440.0,287.75,0.15
2015-10-22 15:45:00,2.6,100450.0,287.75,0.15
2015-10-22 16:00:00,3.3,100465.0,287.6,0.15
2015-10-22 16:15:00,3.1,100490.0,287.15,0.15
2015-10-22 16:30:00,3.0,100515.0,287.04999999999995,0.15
2015-10-22 16:45:00,2.5,100530.0,287.04999999999995,0.15
2015-10-22 17:00:00,2.7,100550.0,287.0,0.15
2015-10-22 17:15:00,3.9,100580.0,286.75,0.15
2015-10-22 17:30:00,3.9,100605.0,286.6,0.15
2015-10-22 17:45:00,3.6,100630.0,286.65,0.15
2015-10-22 18:00:00,2.6,100645.0,286.45,0.15
2015-10-22 18:15:00,1.6,100660.0,286.54999999999995,0.15
2015-10-22 18:30:00,1.95,100665.0,286.2,0.15
2015-10-22 18:45:00,1.8,100680.0,286.25,0.15
2015-10-22 19:00:00,1.65,100700.0,286.35,0.15
2015-10-22 19:15:00,2.2,100730.0,286.25,0.15
2015-10-22 19:30:00,2.1,100750.0,286.45,0.15
2015-10-22 19:45:00,2.1,100780.0,286.45,0.15
2015-10-22 20:00:00,2.45,100785.0,286.5,0.15
2015-10-22 20:15:00,3.4,100810.0,286.45,0.15
2015-10-22 20:30:00,3.7,100825.0,286.2,0.15
2015-10-22 20:45:00,2.8,100840.0,285.85,0.15
2015-10-22 21:00:00,2.2,100865.0,285.54999999999995,0.15
2015-10-22 21:15:00,2.5,100870.0,285.54999999999995,0.15
2015-10-22 21:30:00,2.3,100885.0,285.4,0.15
2015-10-22 21:45:00,2.6,100900.0,285.45,0.15
2015-10-22 22:00:00,2.5,100915.0,285.35,0.15
2015-10-22 22:15:00,2.7,100930.0,285.25,0.15
2015-10-22 22:30:00,2.6500000000000004,100945.0,285.1,0.15
2015-10-22 22:45:00,1.9,100960.0,285.15,0.15
2015-10-22 23:00:00,1.95,100970.0,284.95,0.15
2015-10-22 23:15:00,1.9,100980.0,284.85,0.15
2015-10-22 23:30:00,1.4500000000000002,100990.0,284.79999999999995,0.15
2015-10-22 23:45:00,1.2,101010.0,284.95,0.15
2015-10-23 00:00:00,1.0,101030.0,284.65,0.15
2015-10-23 00:15:00,1.0,101040.0,284.25,0.15
2015-10-23 00:30:00,0.45,101060.0,284.29999999999995,0.15
2015-10-23 00:45:00,1.2,101060.0,284.54999999999995,0.15
2015-10-23 01:00:00,1.2000000000000002,101060.0,284.65,0.15
2015-10-23 01:15:00,1.5,101070.0,284.35,0.15
2015-10-23 01:30:00,1.2999999999999998,101080.0,284.4,0.15
2015-10-23 01:45:00,1.7,101080.0,284.35,0.15
2015-10-23 02:00:00,0.95,101080.0,284.5,0.15
2015-10-23 02:15:00,0.4,101090.0,284.25,0.15
2015-10-23 02:30:00,1.0499999999999998,101095.0,284.5,0.15
2015-10-23 02:45:00,1.0,101100.0,284.35,0.15
2015-10-23 03:00:00,0.5,101110.0,284.45,0.15
2015-10-23 03:15:00,0.3,101110.0,284.15,0.15
2015-10-23 03:30:00,1.05,101110.0,284.0,0.15
2015-10-23 03:45:00,1.4,101120.0,283.95,0.15
2015-10-23 04:00:00,1.4,101135.0,283.6,0.15
2015-10-23 04:15:00,1.1,101140.0,283.75,0.15
2015-10-23 04:30:00,1.0,101155.0,283.65,0.15
2015-10-23 04:45:00,1.3,101170.0,283.65,0.15
2015-10-23 05:00:00,1.4,101175.0,283.6,0.15
2015-10-23 05:15:00,1.5,101180.0,283.25,0.15
2015-10-23 05:30:00,1.4500000000000002,101185.0,283.2,0.15
2015-10-23 05:45:00,1.4,101190.0,283.25,0.15
2015-10-23 06:00:00,1.6,101195.0,283.25,0.15
2015-10-23 06:15:00,1.3,101210.0,282.85,0.15
2015-10-23 06:30:00,1.9,101210.0,283.15,0.15
2015-10-23 06:45:00,1.7,101230.0,283.15,0.15
2015-10-23 07:00:00,1.9,101250.0,283.6,0.15
2015-10-23 07:15:00,0.9,101270.0,283.95,0.15
2015-10-23 07:30:00,1.6,101285.0,284.25,0.15
2015-10-23 07:45:00,1.9,101310.0,284.35,0.15
2015-10-23 08:00:00,2.4000000000000004,101320.0,285.04999999999995,0.15
2015-10-23 08:15:00,2.4,101320.0,285.54999999999995,0.15
2015-10-23 08:30:00,1.5,101330.0,286.29999999999995,0.15
2015-10-23 08:45:00,1.5,101320.0,286.75,0.15
2015-10-23 09:00:00,1.3,101330.0,287.2,0.15
2015-10-23 09:15:00,1.6,101330.0,287.15,0.15
2015-10-23 09:30:00,1.55,101340.0,287.7,0.15
2015-10-23 09:45:00,2.0,101350.0,287.54999999999995,0.15
2015-10-23 10:00:00,2.05,101325.0,287.54999999999995,0.15
2015-10-23 10:15:00,2.2,101310.0,288.15,0.15
2015-10-23 10:30:00,2.45,101305.0,288.04999999999995,0.15
2015-10-23 10:45:00,2.7,101290.0,288.45,0.15
2015-10-23 11:00:00,2.45,101280.0,288.65,0.15
2015-10-23 11:15:00,2.0,101260.0,288.65,0.15
2015-10-23 11:30:00,2.35,101245.0,289.2,0.15
2015-10-23 11:45:00,2.1,101230.0,289.35,0.15
2015-10-23 12:00:00,1.85,101230.0,289.45,0.15
2015-10-23 12:15:00,1.7,101230.0,289.75,0.15
2015-10-23 12:30:00,2.35,101215.0,289.54999999999995,0.15
2015-10-23 12:45:00,2.1,101210.0,289.45,0.15
2015-10-23 13:00:00,1.95,101205.0,288.95,0.15
2015-10-23 13:15:00,2.3,101190.0,288.95,0.15
2015-10-23 13:30:00,1.95,101170.0,288.75,0.15
2015-10-23 13:45:00,2.4,101180.0,288.65,0.15
2015-10-23 14:00:00,2.85,101155.0,288.65,0.15
2015-10-23 14:15:00,2.6,101150.0,288.35,0.15
2015-10-23 14:30:00,2.1,101140.0,288.29999999999995,0.15
2015-10-23 14:45:00,2.3,101140.0,288.25,0.15
2015-10-23 15:00:00,1.9,101130.0,288.0,0.15
2015-10-23 15:15:00,2.2,101130.0,287.75,0.15
2015-10-23 15:30:00,1.85,101110.0,287.75,0.15
2015-10-23 15:45:00,1.5,101100.0,287.65,0.15
2015-10-23 16:00:00,1.3,101100.0,287.45,0.15
2015-10-23 16:15:00,1.5,101110.0,287.15,0.15
2015-10-23 16:30:00,1.5,101105.0,287.0,0.15
2015-10-23 16:45:00,1.8,101110.0,287.04999999999995,0.15
2015-10-23 17:00:00,1.8,101105.0,286.54999999999995,0.15
2015-10-23 17:15:00,2.5,101110.0,286.54999999999995,0.15
2015-10-23 17:30:00,2.25,101105.0,286.7,0.15
2015-10-23 17:45:00,2.4,101090.0,286.65,0.15
2015-10-23 18:00:00,3.1,101080.0,286.6,0.15
2015-10-23 18:15:00,2.5,101090.0,286.25,0.15
2015-10-23 18:30:00,2.85,101085.0,286.25,0.15
2015-10-23 18:45:00,2.6,101100.0,285.95,0.15
2015-10-23 19:00:00,2.6,101105.0,285.54999999999995,0.15
2015-10-23 19:15:00,2.7,101090.0,285.85,0.15
2015-10-23 19:30:00,2.7,101090.0,285.7,0.15
2015-10-23 19:45:00,2.4,101110.0,285.95,0.15
2015-10-23 20:00:00,2.6,101110.0,285.95,0.15
2015-10-23 20:15:00,2.8,101120.0,285.75,0.15
2015-10-23 20:30:00,3.05,101120.0,285.75,0.15
2015-10-23 20:45:00,3.6,101110.0,285.65,0.15
2015-10-23 21:00:00,3.1,101110.0,285.54999999999995,0.15
2015-10-23 21:15:00,2.6,101100.0,285.45,0.15
2015-10-23 21:30:00,3.1,101090.0,285.45,0.15
2015-10-23 21:45:00,3.8,101070.0,285.45,0.15
2015-10-23 22:00:00,3.85,101055.0,285.4,0.15
2015-10-23 22:15:00,3.5,101030.0,285.35,0.15
2015-10-23 22:30:00,3.4,101010.0,285.29999999999995,0.15
2015-10-23 22:45:00,3.0,101010.0,285.04999999999995,0.15
2015-10-23 23:00:00,3.15,101000.0,284.79999999999995,0.15
2015-10-23 23:15:00,3.0,101000.0,284.65,0.15
2015-10-23 23:30:00,3.0,100985.0,284.79999999999995,0.15
2015-10-23 23:45:00,3.1,100980.0,284.75,0.15
2015-10-24 00:00:00,2.9,100965.0,284.65,0.15
2015-10-24 00:15:00,2.7,100980.0,284.54999999999995,0.15
2015-10-24 00:30:00,2.7,100970.0,284.6,0.15
2015-10-24 00:45:00,2.6,100960.0,284.54999999999995,0.15
2015-10-24 01:00:00,2.4,100960.0,283.95,0.15
2015-10-24 01:15:00,2.3,100940.0,283.95,0.15
2015-10-24 01:30:00,2.95,100915.0,284.2,0.15
2015-10-24 01:45:00,2.8,100910.0,284.25,0.15
2015-10-24 02:00:00,2.7,100895.0,284.1,0.15
2015-10-24 02:15:00,3.5,100870.0,284.35,0.15
2015-10-24 02:30:00,3.55,100845.0,284.4,0.15
2015-10-24 02:45:00,3.5,100840.0,284.45,0.15
2015-10-24 03:00:00,4.05,100820.0,284.29999999999995,0.15
2015-10-24 03:15:00,3.5,100790.0,284.35,0.15
2015-10-24 03:30:00,3.8,100765.0,284.25,0.15
2015-10-24 03:45:00,3.4,100750.0,283.95,0.15
2015-10-24 04:00:00,2.75,100745.0,284.15,0.15
2015-10-24 04:15:00,2.9,100740.0,284.25,0.15
2015-10-24 04:30:00,2.9,100740.0,284.0,0.15
2015-10-24 04:45:00,3.5,100740.0,284.15,0.15
2015-10-24 05:00:00,3.05,100745.0,284.15,0.15
2015-10-24 05:15:00,2.9,100750.0,284.15,0.15
2015-10-24 05:30:00,2.75,100755.0,284.25,0.15
2015-10-24 05:45:00,2.1,100750.0,283.95,0.15
2015-10-24 06:00:00,1.95,100740.0,283.95,0.15
2015-10-24 06:15:00,2.3,100720.0,283.95,0.15
2015-10-24 06:30:00,2.6500000000000004,100730.0,283.95,0.15
2015-10-24 06:45:00,2.7,100720.0,283.85,0.15
2015-10-24 07:00:00,3.0,100715.0,284.04999999999995,0.15
2015-10-24 07:15:00,3.5,100700.0,284.15,0.15
2015-10-24 07:30:00,3.8,100690.0,284.2,0.15
2015-10-24 07:45:00,3.6,100680.0,284.35,0.15
2015-10-24 08:00:00,3.2,100685.0,284.45,0.15
2015-10-24 08:15:00,3.6,100680.0,284.45,0.15
2015-10-24 08:30:00,3.8,100660.0,284.65,0.15
2015-10-24 08:45:00,3.7,100640.0,284.95,0.15
2015-10-24 09:00:00,3.75,100620.0,285.15,0.15
2015-10-24 09:15:00,4.0,100620.0,285.45,0.15
2015-10-24 09:30:00,4.25,100600.0,285.65,0.15
2015-10-24 09:45:00,4.1,100580.0,285.85,0.15
2015-10-24 10:00:00,4.0,100575.0,286.15,0.15
2015-10-24 10:15:00,3.6,100580.0,286.35,0.15
2015-10-24 10:30:00,3.3,100570.0,286.29999999999995,0.15
2015-10-24 10:45:00,3.1,100550.0,286.65,0.15
2015-10-24 11:00:00,3.5,100525.0,286.85,0.15
2015-10-24 11:15:00,3.4,100520.0,286.95,0.15
2015-10-24 11:30:00,3.1,100520.0,286.79999999999995,0.15
2015-10-24 11:45:00,3.0,100520.0,286.85,0.15
2015-10-24 12:00:00,3.3,100510.0,286.75,0.15
2015-10-24 12:15:00,2.8,100500.0,286.75,0.15
2015-10-24 12:30:00,2.7,100490.0,286.79999999999995,0.15
2015-10-24 12:45:00,3.0,100470.0,286.95,0.15
2015-10-24 13:00:00,2.8,100465.0,287.04999999999995,0.15
2015-10-24 13:15:00,2.4,100460.0,287.15,0.15
2015-10-24 13:30:00,1.85,100465.0,287.15,0.15
2015-10-24 13:45:00,1.4,100450.0,287.15,0.15
2015-10-24 14:00:00,1.95,100455.0,287.35,0.15
2015-10-24 14:15:00,1.8,100460.0,287.45,0.15
2015-10-24 14:30:00,1.5,100470.0,287.45,0.15
2015-10-24 14:45:00,1.2,100470.0,287.35,0.15
2015-10-24 15:00:00,1.35,100470.0,287.5,0.15
2015-10-24 15:15:00,1.5,100480.0,287.25,0.15
2015-10-24 15:30:00,1.4,100480.0,286.79999999999995,0.15
2015-10-24 15:45:00,1.2,100470.0,286.45,0.15
2015-10-24 16:00:00,1.9,100455.0,285.79999999999995,0.15
2015-10-24 16:15:00,1.8,100480.0,285.54999999999995,0.15
2015-10-24 16:30:00,1.75,100480.0,285.0,0.15
2015-10-24 16:45:00,2.0,100470.0,284.45,0.15
2015-10-24 17:00:00,1.7,100495.0,284.25,0.15
2015-10-24 17:15:00,1.9,100480.0,284.65,0.15
2015-10-24 17:30:00,1.85,100500.0,284.9,0.15
2015-10-24 17:45:00,1.3,100520.0,284.35,0.15
2015-10-24 18:00:00,1.35,100520.0,284.54999999999995,0.15
2015-10-24 18:15:00,1.7,100520.0,284.65,0.15
2015-10-24 18:30:00,2.1500000000000004,100520.0,284.2,0.15
2015-10-24 18:45:00,2.0,100530.0,284.54999999999995,0.15
2015-10-24 19:00:00,2.05,100525.0,284.45,0.15
2015-10-24 19:15:00,2.3,100540.0,284.45,0.15
2015-10-24 19:30:00,2.6500000000000004,100545.0,284.29999999999995,0.15
2015-10-24 19:45:00,2.0,100560.0,284.25,0.15
2015-10-24 20:00:00,2.05,100575.0,284.29999999999995,0.15
2015-10-24 20:15:00,2.0,100570.0,284.25,0.15
2015-10-24 20:30:00,1.25,100580.0,284.25,0.15
2015-10-24 20:45:00,1.5,100580.0,284.35,0.15
2015-10-24 21:00:00,1.5,100610.0,284.25,0.15
2015-10-24 21:15:00,2.4,100580.0,284.54999999999995,0.15
2015-10-24 21:30:00,1.65,100605.0,284.4,0.15
2015-10-24 21:45:00,1.1,100640.0,283.75,0.15
2015-10-24 22:00:00,1.2,100620.0,284.25,0.15
2015-10-24 22:15:00,1.2,100630.0,284.35,0.15
2015-10-24 22:30:00,0.95,100645.0,284.35,0.15
2015-10-24 22:45:00,0.5,100680.0,284.35,0.15
2015-10-24 23:00:00,1.2,100680.0,284.35,0.15
2015-10-24 23:15:00,1.8,100680.0,284.54999999999995,0.15
2015-10-24 23:30:00,1.6,100680.0,284.6,0.15
2015-10-24 23:45:00,1.4,100700.0,284.54999999999995,0.15
2015-10-25 00:00:00,0.75,100715.0,284.54999999999995,0.15
2015-10-25 00:15:00,0.5,100730.0,284.65,0.15
2015-10-25 00:30:00,0.9,100735.0,284.85,0.15
2015-10-25 00:45:00,1.0,100740.0,284.95,0.15
2015-10-25 01:00:00,0.65,100765.0,284.65,0.15
2015-10-25 01:15:00,0.5,100780.0,284.85,0.15
2015-10-25 01:30:00,1.15,100780.0,284.79999999999995,0.15
2015-10-25 01:45:00,1.1,100790.0,284.75,0.15
2015-10-25 02:00:00,1.1,100800.0,284.6,0.15
2015-10-25 02:15:00,1.1,100810.0,284.35,0.15
2015-10-25 02:30:00,1.25,100810.0,284.6,0.15
2015-10-25 02:45:00,1.4,100820.0,284.45,0.15
2015-10-25 03:00:00,0.9,100825.0,284.7,0.15
2015-10-25 03:15:00,1.0,100840.0,284.75,0.15
2015-10-25 03:30:00,1.1,100860.0,284.75,0.15
2015-10-25 03:45:00,1.0,100890.0,284.54999999999995,0.15
2015-10-25 04:00:00,1.0,100910.0,284.7,0.15
2015-10-25 04:15:00,1.2,100940.0,284.54999999999995,0.15
2015-10-25 04:30:00,1.1,100950.0,284.65,0.15
2015-10-25 04:45:00,1.5,100950.0,284.75,0.15
2015-10-25 05:00:00,1.1,100960.0,284.45,0.15
2015-10-25 05:15:00,1.1,100960.0,284.45,0.15
2015-10-25 05:30:00,1.7000000000000002,100965.0,284.25,0.15
2015-10-25 05:45:00,1.2,100980.0,283.85,0.15
2015-10-25 06:00:00,0.6,101020.0,284.0,0.15
2015-10-25 06:15:00,0.9,101060.0,284.15,0.15
2015-10-25 06:30:00,1.2000000000000002,101090.0,284.1,0.15
2015-10-25 06:45:00,1.1,101120.0,284.45,0.15
2015-10-25 07:00:00,0.75,101130.0,284.65,0.15
2015-10-25 07:15:00,1.0,101140.0,284.85,0.15
2015-10-25 07:30:00,0.55,101160.0,285.15,0.15
2015-10-25 07:45:00,0.3,101190.0,285.54999999999995,0.15
2015-10-25 08:00:00,0.6,101200.0,285.6,0.15
2015-10-25 08:15:00,0.7,101200.0,285.95,0.15
2015-10-25 08:30:00,0.5,101205.0,286.2,0.15
2015-10-25 08:45:00,1.2,101220.0,286.45,0.15
2015-10-25 09:00:00,2.35,101240.0,286.54999999999995,0.15
2015-10-25 09:15:00,2.2,101240.0,286.45,0.15
2015-10-25 09:30:00,2.35,101250.0,286.54999999999995,0.15
2015-10-25 09:45:00,2.4,101260.0,286.75,0.15
2015-10-25 10:00:00,2.45,101290.0,286.6,0.15
2015-10-25 10:15:00,2.5,101310.0,286.75,0.15
2015-10-25 10:30:00,2.55,101335.0,286.7,0.15
2015-10-25 10:45:00,2.8,101340.0,286.45,0.15
2015-10-25 11:00:00,2.8,101360.0,286.25,0.15
2015-10-25 11:15:00,2.6,101350.0,285.95,0.15
2015-10-25 11:30:00,2.0,101335.0,286.04999999999995,0.15
2015-10-25 11:45:00,1.7,101320.0,285.95,0.15
2015-10-25 12:00:00,1.95,101330.0,286.2,0.15
2015-10-25 12:15:00,1.7,101320.0,286.25,0.15
2015-10-25 12:30:00,1.4500000000000002,101330.0,286.35,0.15
2015-10-25 12:45:00,0.8,101340.0,286.54999999999995,0.15
2015-10-25 13:00:00,1.35,101345.0,286.6,0.15
2015-10-25 13:15:00,1.9,101340.0,286.45,0.15
2015-10-25 13:30:00,1.9,101345.0,286.5,0.15
2015-10-25 13:45:00,2.0,101350.0,286.45,0.15
2015-10-25 14:00:00,2.25,101355.0,286.4,0.15
2015-10-25 14:15:00,1.3,101350.0,286.45,0.15
2015-10-25 14:30:00,1.95,101365.0,286.29999999999995,0.15
2015-10-25 14:45:00,1.6,101360.0,286.25,0.15
2015-10-25 15:00:00,1.8,101360.0,286.2,0.15
2015-10-25 15:15:00,1.9,101380.0,286.15,0.15
2015-10-25 15:30:00,1.25,101390.0,286.1,0.15
2015-10-25 15:45:00,1.4,101380.0,285.85,0.15
2015-10-25 16:00:00,1.25,101375.0,285.85,0.15
2015-10-25 16:15:00,1.0,101370.0,285.65,0.15
2015-10-25 16:30:00,1.35,101370.0,285.4,0.15
2015-10-25 16:45:00,1.1,101370.0,285.25,0.15
2015-10-25 17:00:00,0.8,101380.0,285.25,0.15
2015-10-25 17:15:00,0.6,101390.0,285.04999999999995,0.15
2015-10-25 17:30:00,1.0,101400.0,285.04999999999995,0.15
2015-10-25 17:45:00,0.9,101420.0,284.85,0.15
2015-10-25 18:00:00,1.0,101420.0,285.15,0.15
2015-10-25 18:15:00,1.4,101420.0,285.04999999999995,0.15
2015-10-25 18:30:00,1.15,101420.0,284.95,0.15
2015-10-25 18:45:00,0.8,101430.0,285.04999999999995,0.15
2015-10-25 19:00:00,1.0,101420.0,285.04999999999995,0.15
2015-10-25 19:15:00,1.0,101420.0,284.95,0.15
2015-10-25 19:30:00,1.2,101405.0,284.85,0.15
2015-10-25 19:45:00,0.6,101410.0,284.65,0.15
2015-10-25 20:00:00,0.75,101395.0,284.4,0.15
2015-10-25 20:15:00,0.9,101390.0,284.35,0.15
2015-10-25 20:30:00,1.2999999999999998,101375.0,284.45,0.15
2015-10-25 20:45:00,1.5,101360.0,284.95,0.15
2015-10-25 21:00:00,1.6,101350.0,284.95,0.15
2015-10-25 21:15:00,1.8,101320.0,284.65,0.15
2015-10-25 21:30:00,1.4500000000000002,101300.0,284.45,0.15
2015-10-25 21:45:00,0.9,101290.0,284.45,0.15
2015-10-25 22:00:00,1.25,101275.0,284.29999999999995,0.15
2015-10-25 22:15:00,1.2,101260.0,284.15,0.15
2015-10-25 22:30:00,1.25,101250.0,284.4,0.15
2015-10-25 22:45:00,1.6,101240.0,284.35,0.15
2015-10-25 23:00:00,1.4,101250.0,284.15,0.15
2015-10-25 23:15:00,1.9,101240.0,283.35,0.15
2015-10-25 23:30:00,1.6,101235.0,283.79999999999995,0.15
2015-10-25 23:45:00,1.9,101230.0,283.95,0.15
2015-10-26 00:00:00,2.3,101230.0,283.7,0.15
2015-10-26 00:15:00,2.4,101220.0,283.45,0.15
2015-10-26 00:30:00,2.5,101230.0,283.45,0.15
2015-10-26 00:45:00,2.3,101220.0,283.45,0.15
2015-10-26 01:00:00,2.4,101205.0,283.29999999999995,0.15
2015-10-26 01:15:00,2.3,101190.0,283.04999999999995,0.15
2015-10-26 01:30:00,2.35,101165.0,283.1,0.15
2015-10-26 01:45:00,1.6,101150.0,282.95,0.15
2015-10-26 02:00:00,1.45,101135.0,283.2,0.15
2015-10-26 02:15:00,2.0,101120.0,283.04999999999995,0.15
2015-10-26 02:30:00,1.9,101105.0,282.95,0.15
2015-10-26 02:45:00,2.0,101090.0,282.65,0.15
2015-10-26 03:00:00,1.9,101080.0,282.4,0.15
2015-10-26 03:15:00,1.8,101070.0,282.35,0.15
2015-10-26 03:30:00,1.7000000000000002,101070.0,282.4,0.15
2015-10-26 03:45:00,1.4,101060.0,280.45,0.15
2015-10-26 04:00:00,1.6,101050.0,280.75,0.15
2015-10-26 04:15:00,1.5,101040.0,279.75,0.15
2015-10-26 04:30:00,1.55,101035.0,281.5,0.15
2015-10-26 04:45:00,1.9,101030.0,282.45,0.15
2015-10-26 05:00:00,1.7,101025.0,279.6,0.15
2015-10-26 05:15:00,1.6,101010.0,280.35,0.15
2015-10-26 05:30:00,1.55,101010.0,280.29999999999995,0.15
2015-10-26 05:45:00,1.7,101000.0,279.15,0.15
2015-10-26 06:00:00,1.5,101000.0,278.7,0.15
2015-10-26 06:15:00,1.6,101000.0,279.45,0.15
2015-10-26 06:30:00,1.55,101000.0,280.0,0.15
2015-10-26 06:45:00,1.6,100990.0,281.04999999999995,0.15
2015-10-26 07:00:00,1.75,101000.0,281.1,0.15
2015-10-26 07:15:00,1.9,101010.0,282.15,0.15
2015-10-26 07:30:00,2.4,101005.0,282.1,0.15
2015-10-26 07:45:00,2.1,100990.0,282.95,0.15
2015-10-26 08:00:00,2.4,100990.0,284.04999999999995,0.15
2015-10-26 08:15:00,2.2,100990.0,284.35,0.15
2015-10-26 08:30:00,2.4,100975.0,284.95,0.15
2015-10-26 08:45:00,2.7,100970.0,285.35,0.15
2015-10-26 09:00:00,2.35,100955.0,286.2,0.15
2015-10-26 09:15:00,2.2,100940.0,286.54999999999995,0.15
2015-10-26 09:30:00,2.6,100925.0,287.0,0.15
2015-10-26 09:45:00,2.8,100920.0,287.04999999999995,0.15
2015-10-26 10:00:00,2.8,100905.0,287.75,0.15
2015-10-26 10:15:00,3.1,100890.0,288.04999999999995,0.15
2015-10-26 10:30:00,2.95,100875.0,288.54999999999995,0.15
2015-10-26 10:45:00,3.2,100860.0,289.15,0.15
2015-10-26 11:00:00,3.95,100845.0,289.45,0.15
2015-10-26 11:15:00,6.1,100830.0,289.65,0.15
2015-10-26 11:30:00,5.5,100815.0,290.0,0.15
2015-10-26 11:45:00,6.0,100810.0,289.85,0.15
2015-10-26 12:00:00,6.25,100780.0,289.9,0.15
2015-10-26 12:15:00,6.6,100760.0,289.95,0.15
2015-10-26 12:30:00,5.9,100740.0,290.15,0.15
2015-10-26 12:45:00,5.8,100720.0,290.25,0.15
2015-10-26 13:00:00,6.5,100710.0,290.29999999999995,0.15
2015-10-26 13:15:00,6.9,100680.0,290.35,0.15
2015-10-26 13:30:00,6.15,100680.0,290.45,0.15
2015-10-26 13:45:00,6.2,100670.0,290.54999999999995,0.15
2015-10-26 14:00:00,5.15,100660.0,290.35,0.15
2015-10-26 14:15:00,4.2,100660.0,290.25,0.15
2015-10-26 14:30:00,5.35,100660.0,290.25,0.15
2015-10-26 14:45:00,5.0,100650.0,290.25,0.15
2015-10-26 15:00:00,4.65,100645.0,290.0,0.15
2015-10-26 15:15:00,4.9,100630.0,289.85,0.15
2015-10-26 15:30:00,4.15,100620.0,289.54999999999995,0.15
2015-10-26 15:45:00,3.3,100620.0,289.15,0.15
2015-10-26 16:00:00,3.5,100615.0,288.65,0.15
2015-10-26 16:15:00,3.0,100610.0,288.15,0.15
2015-10-26 16:30:00,3.0,100615.0,287.75,0.15
2015-10-26 16:45:00,3.1,100620.0,287.45,0.15
2015-10-26 17:00:00,2.95,100620.0,287.25,0.15
2015-10-26 17:15:00,3.0,100610.0,286.95,0.15
2015-10-26 17:30:00,2.9,100615.0,286.7,0.15
2015-10-26 17:45:00,2.8,100630.0,286.35,0.15
2015-10-26 18:00:00,2.6500000000000004,100630.0,286.25,0.15
2015-10-26 18:15:00,3.1,100630.0,285.95,0.15
2015-10-26 18:30:00,3.4,100630.0,285.4,0.15
2015-10-26 18:45:00,2.8,100620.0,284.95,0.15
2015-10-26 19:00:00,3.55,100610.0,285.0,0.15
2015-10-26 19:15:00,2.6,100610.0,284.65,0.15
2015-10-26 19:30:00,2.4000000000000004,100610.0,284.5,0.15
2015-10-26 19:45:00,3.0,100620.0,284.35,0.15
2015-10-26 20:00:00,2.95,100605.0,284.5,0.15
2015-10-26 20:15:00,2.2,100600.0,284.45,0.15
2015-10-26 20:30:00,2.1,100605.0,284.45,0.15
2015-10-26 20:45:00,2.6,100610.0,284.25,0.15
2015-10-26 21:00:00,2.3,100610.0,284.04999999999995,0.15
2015-10-26 21:15:00,2.2,100600.0,284.15,0.15
2015-10-26 21:30:00,2.2,100595.0,284.0,0.15
2015-10-26 21:45:00,2.1,100600.0,284.04999999999995,0.15
2015-10-26 22:00:00,2.25,100605.0,283.79999999999995,0.15
2015-10-26 22:15:00,2.2,100610.0,283.54999999999995,0.15
2015-10-26 22:30:00,2.8,100610.0,283.5,0.15
2015-10-26 22:45:00,3.7,100600.0,283.25,0.15
2015-10-26 23:00:00,3.75,100595.0,283.2,0.15
2015-10-26 23:15:00,3.3,100580.0,283.25,0.15
2015-10-26 23:30:00,2.95,100580.0,283.2,0.15
2015-10-26 23:45:00,3.0,100580.0,283.15,0.15
2015-10-27 00:00:00,2.6500000000000004,100590.0,283.1,0.15
2015-10-27 00:15:00,2.1,100590.0,282.95,0.15
2015-10-27 00:30:00,2.55,100585.0,282.25,0.15
2015-10-27 00:45:00,2.3,100580.0,283.04999999999995,0.15
2015-10-27 01:00:00,2.1500000000000004,100580.0,283.0,0.15
2015-10-27 01:15:00,2.6,100570.0,283.04999999999995,0.15
2015-10-27 01:30:00,2.9000000000000004,100550.0,283.0,0.15
2015-10-27 01:45:00,2.6,100540.0,282.95,0.15
2015-10-27 02:00:00,3.45,100535.0,282.9,0.15
2015-10-27 02:15:00,3.5,100520.0,282.85,0.15
2015-10-27 02:30:00,3.6,100520.0,282.95,0.15
2015-10-27 02:45:00,3.7,100510.0,283.04999999999995,0.15
2015-10-27 03:00:00,3.2,100500.0,283.0,0.15
2015-10-27 03:15:00,1.7,100510.0,282.75,0.15
2015-10-27 03:30:00,1.95,100515.0,282.65,0.15
2015-10-27 03:45:00,2.0,100510.0,282.35,0.15
2015-10-27 04:00:00,2.4,100505.0,282.45,0.15
2015-10-27 04:15:00,2.0,100500.0,282.45,0.15
2015-10-27 04:30:00,1.6,100510.0,282.35,0.15
2015-10-27 04:45:00,2.2,100520.0,282.35,0.15
2015-10-27 05:00:00,2.1,100520.0,282.1,0.15
2015-10-27 05:15:00,2.7,100520.0,281.75,0.15
2015-10-27 05:30:00,2.85,100510.0,282.0,0.15
2015-10-27 05:45:00,2.7,100520.0,282.15,0.15
2015-10-27 06:00:00,2.75,100510.0,282.15,0.15
2015-10-27 06:15:00,2.6,100510.0,281.95,0.15
2015-10-27 06:30:00,3.0,100515.0,282.15,0.15
2015-10-27 06:45:00,2.6,100530.0,282.35,0.15
2015-10-27 07:00:00,2.85,100535.0,282.75,0.15
2015-10-27 07:15:00,3.4,100550.0,283.15,0.15
2015-10-27 07:30:00,3.65,100540.0,283.6,0.15
2015-10-27 07:45:00,3.9,100550.0,283.95,0.15
2015-10-27 08:00:00,4.15,100545.0,284.4,0.15
2015-10-27 08:15:00,4.3,100530.0,284.75,0.15
2015-10-27 08:30:00,4.65,100550.0,285.15,0.15
2015-10-27 08:45:00,5.3,100550.0,285.35,0.15
2015-10-27 09:00:00,6.1,100540.0,285.6,0.15
2015-10-27 09:15:00,5.3,100540.0,286.04999999999995,0.15
2015-10-27 09:30:00,5.1,100540.0,286.2,0.15
2015-10-27 09:45:00,5.4,100530.0,286.15,0.15
2015-10-27 10:00:00,4.9,100530.0,286.15,0.15
2015-10-27 10:15:00,6.1,100520.0,286.04999999999995,0.15
2015-10-27 10:30:00,6.5,100510.0,286.15,0.15
2015-10-27 10:45:00,6.6,100500.0,286.25,0.15
2015-10-27 11:00:00,6.1,100495.0,286.65,0.15
2015-10-27 11:15:00,5.1,100500.0,286.65,0.15
2015-10-27 11:30:00,4.9,100485.0,286.95,0.15
2015-10-27 11:45:00,5.1,100460.0,286.85,0.15
2015-10-27 12:00:00,5.4,100435.0,287.35,0.15
2015-10-27 12:15:00,5.0,100430.0,287.45,0.15
2015-10-27 12:30:00,5.75,100415.0,287.9,0.15
2015-10-27 12:45:00,5.2,100410.0,288.35,0.15
2015-10-27 13:00:00,5.15,100390.0,288.6,0.15
2015-10-27 13:15:00,5.9,100380.0,288.54999999999995,0.15
2015-10-27 13:30:00,6.199999999999999,100375.0,288.6,0.15
2015-10-27 13:45:00,5.2,100360.0,288.54999999999995,0.15
2015-10-27 14:00:00,5.2,100350.0,288.5,0.15
2015-10-27 14:15:00,4.5,100340.0,288.45,0.15
2015-10-27 14:30:00,4.800000000000001,100325.0,288.29999999999995,0.15
2015-10-27 14:45:00,3.9,100310.0,288.35,0.15
2015-10-27 15:00:00,4.2,100305.0,288.2,0.15
2015-10-27 15:15:00,4.0,100310.0,287.95,0.15
2015-10-27 15:30:00,3.3,100295.0,287.65,0.15
2015-10-27 15:45:00,3.1,100290.0,287.15,0.15
2015-10-27 16:00:00,4.300000000000001,100290.0,286.6,0.15
2015-10-27 16:15:00,4.0,100300.0,286.04999999999995,0.15
2015-10-27 16:30:00,3.75,100315.0,286.04999999999995,0.15
2015-10-27 16:45:00,3.6,100310.0,285.85,0.15
2015-10-27 17:00:00,3.25,100300.0,285.6,0.15
2015-10-27 17:15:00,2.7,100300.0,285.35,0.15
2015-10-27 17:30:00,2.95,100320.0,285.2,0.15
2015-10-27 17:45:00,3.8,100300.0,284.95,0.15
2015-10-27 18:00:00,2.8,100310.0,284.79999999999995,0.15
2015-10-27 18:15:00,3.0,100310.0,284.85,0.15
2015-10-27 18:30:00,3.35,100295.0,284.7,0.15
2015-10-27 18:45:00,3.6,100290.0,284.45,0.15
2015-10-27 19:00:00,3.45,100285.0,284.45,0.15
2015-10-27 19:15:00,3.6,100280.0,284.35,0.15
2015-10-27 19:30:00,3.45,100280.0,284.25,0.15
2015-10-27 19:45:00,3.5,100280.0,283.95,0.15
2015-10-27 20:00:00,4.8,100300.0,283.4,0.15
2015-10-27 20:15:00,5.1,100300.0,283.04999999999995,0.15
2015-10-27 20:30:00,5.5,100290.0,283.25,0.15
2015-10-27 20:45:00,4.6,100280.0,283.15,0.15
2015-10-27 21:00:00,4.75,100280.0,283.2,0.15
2015-10-27 21:15:00,4.5,100270.0,283.25,0.15
2015-10-27 21:30:00,3.65,100265.0,283.25,0.15
2015-10-27 21:45:00,3.0,100270.0,283.25,0.15
2015-10-27 22:00:00,3.05,100275.0,283.35,0.15
2015-10-27 22:15:00,4.4,100280.0,283.35,0.15
2015-10-27 22:30:00,4.05,100260.0,283.29999999999995,0.15
2015-10-27 22:45:00,4.7,100250.0,283.15,0.15
2015-10-27 23:00:00,5.0,100245.0,283.15,0.15
2015-10-27 23:15:00,3.6,100250.0,283.25,0.15
2015-10-27 23:30:00,4.5,100245.0,283.15,0.15
2015-10-27 23:45:00,4.6,100250.0,282.95,0.15
2015-10-28 00:00:00,3.8,100235.0,282.9,0.15
2015-10-28 00:15:00,3.7,100230.0,282.85,0.15
2015-10-28 00:30:00,4.35,100215.0,282.79999999999995,0.15
2015-10-28 00:45:00,4.1,100220.0,282.75,0.15
2015-10-28 01:00:00,4.05,100210.0,282.7,0.15
2015-10-28 01:15:00,4.8,100200.0,282.65,0.15
2015-10-28 01:30:00,5.449999999999999,100160.0,282.5,0.15
2015-10-28 01:45:00,5.9,100160.0,282.45,0.15
2015-10-28 02:00:00,5.6,100140.0,282.5,0.15
2015-10-28 02:15:00,5.6,100130.0,282.45,0.15
2015-10-28 02:30:00,4.699999999999999,100130.0,282.6,0.15
2015-10-28 02:45:00,3.9,100100.0,282.65,0.15
2015-10-28 03:00:00,4.55,100080.0,282.65,0.15
2015-10-28 03:15:00,4.5,100070.0,282.54999999999995,0.15
2015-10-28 03:30:00,4.300000000000001,100065.0,282.65,0.15
2015-10-28 03:45:00,3.8,100070.0,282.75,0.15
2015-10-28 04:00:00,3.75,100065.0,282.6,0.15
2015-10-28 04:15:00,4.1,100050.0,282.65,0.15
2015-10-28 04:30:00,4.199999999999999,100040.0,282.6,0.15
2015-10-28 04:45:00,4.9,100030.0,282.54999999999995,0.15
2015-10-28 05:00:00,4.15,100035.0,282.54999999999995,0.15
2015-10-28 05:15:00,4.9,100030.0,282.65,0.15
2015-10-28 05:30:00,4.35,100025.0,282.54999999999995,0.15
2015-10-28 05:45:00,4.3,100000.0,282.54999999999995,0.15
2015-10-28 06:00:00,5.05,100025.0,282.5,0.15
2015-10-28 06:15:00,4.9,100000.0,282.35,0.15
2015-10-28 06:30:00,5.1,100015.0,282.35,0.15
2015-10-28 06:45:00,5.5,100050.0,282.45,0.15
2015-10-28 07:00:00,4.9,100060.0,282.6,0.15
2015-10-28 07:15:00,4.7,100070.0,282.65,0.15
2015-10-28 07:30:00,3.9,100065.0,282.75,0.15
2015-10-28 07:45:00,3.7,100060.0,282.85,0.15
2015-10-28 08:00:00,4.85,100045.0,283.0,0.15
2015-10-28 08:15:00,5.7,100020.0,283.15,0.15
2015-10-28 08:30:00,6.6,100000.0,283.29999999999995,0.15
2015-10-28 08:45:00,5.6,100040.0,283.45,0.15
2015-10-28 09:00:00,5.25,100040.0,283.54999999999995,0.15
2015-10-28 09:15:00,5.2,100010.0,283.95,0.15
2015-10-28 09:30:00,5.55,99990.0,284.0,0.15
2015-10-28 09:45:00,6.2,100010.0,284.25,0.15
2015-10-28 10:00:00,5.550000000000001,99980.0,284.25,0.15
2015-10-28 10:15:00,6.2,99970.0,284.35,0.15
2015-10-28 10:30:00,6.0,99970.0,284.7,0.15
2015-10-28 10:45:00,5.3,99980.0,284.75,0.15
2015-10-28 11:00:00,5.8,99950.0,285.15,0.15
2015-10-28 11:15:00,5.5,99930.0,285.25,0.15
2015-10-28 11:30:00,5.449999999999999,99930.0,285.2,0.15
2015-10-28 11:45:00,4.7,99940.0,285.25,0.15
2015-10-28 12:00:00,5.15,99945.0,285.45,0.15
2015-10-28 12:15:00,4.7,99960.0,285.54999999999995,0.15
2015-10-28 12:30:00,5.199999999999999,99940.0,285.35,0.15
2015-10-28 12:45:00,4.3,99960.0,285.45,0.15
2015-10-28 13:00:00,4.65,99950.0,285.5,0.15
2015-10-28 13:15:00,4.6,99940.0,285.35,0.15
2015-10-28 13:30:00,4.5,99905.0,285.35,0.15
2015-10-28 13:45:00,4.5,99890.0,285.25,0.15
2015-10-28 14:00:00,4.05,99905.0,285.15,0.15
2015-10-28 14:15:00,4.8,99910.0,285.15,0.15
2015-10-28 14:30:00,4.4,99910.0,285.29999999999995,0.15
2015-10-28 14:45:00,4.2,99900.0,285.25,0.15
2015-10-28 15:00:00,4.65,99925.0,285.04999999999995,0.15
2015-10-28 15:15:00,4.9,99910.0,285.04999999999995,0.15
2015-10-28 15:30:00,4.449999999999999,99900.0,285.0,0.15
2015-10-28 15:45:00,4.3,99880.0,284.85,0.15
2015-10-28 16:00:00,4.05,99895.0,284.6,0.15
2015-10-28 16:15:00,3.9,99920.0,284.25,0.15
2015-10-28 16:30:00,4.0,99910.0,284.45,0.15
2015-10-28 16:45:00,3.8,99920.0,284.54999999999995,0.15
2015-10-28 17:00:00,3.95,99940.0,284.54999999999995,0.15
2015-10-28 17:15:00,4.6,99950.0,284.65,0.15
2015-10-28 17:30:00,4.800000000000001,99960.0,284.65,0.15
2015-10-28 17:45:00,4.5,99960.0,284.65,0.15
2015-10-28 18:00:00,4.5,99980.0,284.65,0.15
2015-10-28 18:15:00,3.9,99980.0,284.65,0.15
2015-10-28 18:30:00,3.85,99975.0,284.65,0.15
2015-10-28 18:45:00,3.4,99980.0,284.45,0.15
2015-10-28 19:00:00,3.4,99990.0,284.4,0.15
2015-10-28 19:15:00,3.0,99990.0,284.25,0.15
2015-10-28 19:30:00,2.95,100005.0,284.15,0.15
2015-10-28 19:45:00,2.4,100020.0,283.85,0.15
2015-10-28 20:00:00,2.3,100050.0,283.79999999999995,0.15
2015-10-28 20:15:00,2.0,100060.0,283.75,0.15
2015-10-28 20:30:00,2.4,100080.0,283.65,0.15
2015-10-28 20:45:00,2.2,100100.0,283.75,0.15
2015-10-28 21:00:00,1.75,100110.0,283.85,0.15
2015-10-28 21:15:00,1.7,100090.0,283.75,0.15
2015-10-28 21:30:00,2.0,100100.0,283.15,0.15
2015-10-28 21:45:00,2.4,100120.0,283.04999999999995,0.15
2015-10-28 22:00:00,2.95,100120.0,282.85,0.15
2015-10-28 22:15:00,2.8,100150.0,282.75,0.15
2015-10-28 22:30:00,2.5,100135.0,283.25,0.15
2015-10-28 22:45:00,3.7,100150.0,283.45,0.15
2015-10-28 23:00:00,3.6,100155.0,283.45,0.15
2015-10-28 23:15:00,2.7,100160.0,283.54999999999995,0.15
2015-10-28 23:30:00,2.35,100180.0,283.7,0.15
2015-10-28 23:45:00,2.3,100190.0,283.75,0.15
2015-10-29 00:00:00,1.55,100195.0,283.65,0.15
2015-10-29 00:15:00,0.6,100190.0,283.45,0.15
2015-10-29 00:30:00,1.7000000000000002,100210.0,283.35,0.15
2015-10-29 00:45:00,2.1,100210.0,283.54999999999995,0.15
2015-10-29 01:00:00,1.15,100205.0,283.54999999999995,0.15
2015-10-29 01:15:00,1.8,100230.0,283.65,0.15
2015-10-29 01:30:00,1.9,100235.0,283.5,0.15
2015-10-29 01:45:00,2.1,100250.0,283.75,0.15
2015-10-29 02:00:00,1.8,100250.0,283.85,0.15
2015-10-29 02:15:00,1.6,100250.0,283.95,0.15
2015-10-29 02:30:00,1.5499999999999998,100265.0,283.85,0.15
2015-10-29 02:45:00,2.0,100270.0,283.95,0.15
2015-10-29 03:00:00,1.75,100270.0,283.75,0.15
2015-10-29 03:15:00,1.3,100280.0,283.85,0.15
2015-10-29 03:30:00,1.7000000000000002,100295.0,283.79999999999995,0.15
2015-10-29 03:45:00,1.9,100290.0,284.04999999999995,0.15
2015-10-29 04:00:00,1.7,100310.0,284.04999999999995,0.15
2015-10-29 04:15:00,1.8,100350.0,283.95,0.15
2015-10-29 04:30:00,1.55,100375.0,283.95,0.15
2015-10-29 04:45:00,1.3,100380.0,283.95,0.15
2015-10-29 05:00:00,1.45,100405.0,284.0,0.15
2015-10-29 05:15:00,1.5,100410.0,284.04999999999995,0.15
2015-10-29 05:30:00,1.55,100425.0,284.0,0.15
2015-10-29 05:45:00,0.6,100440.0,284.04999999999995,0.15
2015-10-29 06:00:00,1.15,100460.0,284.0,0.15
2015-10-29 06:15:00,1.3,100480.0,284.04999999999995,0.15
2015-10-29 06:30:00,1.65,100490.0,284.1,0.15
2015-10-29 06:45:00,1.0,100500.0,284.25,0.15
2015-10-29 07:00:00,0.75,100535.0,284.15,0.15
2015-10-29 07:15:00,0.7,100550.0,284.35,0.15
2015-10-29 07:30:00,0.85,100555.0,284.54999999999995,0.15
2015-10-29 07:45:00,1.3,100560.0,284.85,0.15
2015-10-29 08:00:00,1.4500000000000002,100585.0,285.04999999999995,0.15
2015-10-29 08:15:00,1.7,100600.0,285.54999999999995,0.15
2015-10-29 08:30:00,1.4500000000000002,100630.0,286.0,0.15
2015-10-29 08:45:00,0.9,100640.0,286.65,0.15
2015-10-29 09:00:00,1.2000000000000002,100650.0,286.85,0.15
2015-10-29 09:15:00,1.3,100660.0,287.04999999999995,0.15
2015-10-29 09:30:00,1.2999999999999998,100680.0,287.29999999999995,0.15
2015-10-29 09:45:00,1.2,100700.0,287.25,0.15
2015-10-29 10:00:00,1.15,100700.0,287.75,0.15
2015-10-29 10:15:00,1.1,100700.0,288.04999999999995,0.15
2015-10-29 10:30:00,1.2000000000000002,100705.0,288.6,0.15
2015-10-29 10:45:00,1.3,100710.0,288.54999999999995,0.15
2015-10-29 11:00:00,1.65,100710.0,288.85,0.15
2015-10-29 11:15:00,2.0,100720.0,289.35,0.15
2015-10-29 11:30:00,2.05,100720.0,290.0,0.15
2015-10-29 11:45:00,2.3,100720.0,289.15,0.15
2015-10-29 12:00:00,2.2,100720.0,288.9,0.15
2015-10-29 12:15:00,1.3,100730.0,289.95,0.15
2015-10-29 12:30:00,1.7999999999999998,100720.0,289.7,0.15
2015-10-29 12:45:00,1.9,100720.0,290.45,0.15
2015-10-29 13:00:00,1.75,100720.0,290.4,0.15
2015-10-29 13:15:00,1.7,100730.0,290.35,0.15
2015-10-29 13:30:00,1.35,100725.0,290.6,0.15
2015-10-29 13:45:00,1.5,100730.0,290.35,0.15
2015-10-29 14:00:00,0.95,100735.0,290.79999999999995,0.15
2015-10-29 14:15:00,1.5,100750.0,290.25,0.15
2015-10-29 14:30:00,0.9,100765.0,290.1,0.15
2015-10-29 14:45:00,1.2,100780.0,289.75,0.15
2015-10-29 15:00:00,1.6,100795.0,289.45,0.15
2015-10-29 15:15:00,1.8,100810.0,289.15,0.15
2015-10-29 15:30:00,2.05,100820.0,288.6,0.15
2015-10-29 15:45:00,1.5,100830.0,287.45,0.15
2015-10-29 16:00:00,1.95,100855.0,286.95,0.15
2015-10-29 16:15:00,2.1,100870.0,286.95,0.15
2015-10-29 16:30:00,2.1,100885.0,287.04999999999995,0.15
2015-10-29 16:45:00,2.4,100900.0,287.15,0.15
2015-10-29 17:00:00,2.9,100890.0,286.79999999999995,0.15
2015-10-29 17:15:00,2.9,100920.0,285.35,0.15
2015-10-29 17:30:00,2.6,100940.0,284.9,0.15
2015-10-29 17:45:00,2.6,100960.0,284.75,0.15
2015-10-29 18:00:00,2.65,100990.0,285.0,0.15
2015-10-29 18:15:00,2.4,100990.0,284.75,0.15
2015-10-29 18:30:00,2.7,100995.0,284.79999999999995,0.15
2015-10-29 18:45:00,1.9,101030.0,284.35,0.15
2015-10-29 19:00:00,1.85,101050.0,284.5,0.15
2015-10-29 19:15:00,2.4,101070.0,284.25,0.15
2015-10-29 19:30:00,2.35,101085.0,284.25,0.15
2015-10-29 19:45:00,2.3,101090.0,284.35,0.15
2015-10-29 20:00:00,2.05,101100.0,284.1,0.15
2015-10-29 20:15:00,1.6,101100.0,284.15,0.15
2015-10-29 20:30:00,1.65,101105.0,283.65,0.15
2015-10-29 20:45:00,2.4,101100.0,282.04999999999995,0.15
2015-10-29 21:00:00,2.2,101115.0,283.54999999999995,0.15
2015-10-29 21:15:00,2.1,101100.0,283.45,0.15
2015-10-29 21:30:00,2.45,101125.0,283.29999999999995,0.15
2015-10-29 21:45:00,2.8,101130.0,283.35,0.15
2015-10-29 22:00:00,1.5,101165.0,283.25,0.15
2015-10-29 22:15:00,1.2,101180.0,283.25,0.15
2015-10-29 22:30:00,2.8,101175.0,282.7,0.15
2015-10-29 22:45:00,2.5,101180.0,282.54999999999995,0.15
2015-10-29 23:00:00,2.6,101190.0,282.4,0.15
2015-10-29 23:15:00,2.1,101190.0,282.35,0.15
2015-10-29 23:30:00,1.4,101200.0,282.15,0.15
2015-10-29 23:45:00,2.0,101210.0,281.95,0.15
2015-10-30 00:00:00,2.0,101230.0,279.5,0.15
2015-10-30 00:15:00,3.0,101220.0,280.85,0.15
2015-10-30 00:30:00,3.25,101225.0,281.1,0.15
2015-10-30 00:45:00,2.6,101220.0,281.15,0.15
2015-10-30 01:00:00,2.25,101240.0,281.2,0.15
2015-10-30 01:15:00,2.4,101240.0,280.65,0.15
2015-10-30 01:30:00,2.8,101220.0,280.85,0.15
2015-10-30 01:45:00,2.7,101210.0,280.95,0.15
2015-10-30 02:00:00,2.75,101195.0,281.04999999999995,0.15
2015-10-30 02:15:00,3.1,101180.0,281.25,0.15
2015-10-30 02:30:00,2.9000000000000004,101200.0,281.2,0.15
2015-10-30 02:45:00,2.8,101210.0,281.15,0.15
2015-10-30 03:00:00,2.9000000000000004,101215.0,281.1,0.15
2015-10-30 03:15:00,3.5,101210.0,281.25,0.15
2015-10-30 03:30:00,2.75,101225.0,280.7,0.15
2015-10-30 03:45:00,1.9,101240.0,279.25,0.15
2015-10-30 04:00:00,2.0,101255.0,280.5,0.15
2015-10-30 04:15:00,2.5,101260.0,280.45,0.15
2015-10-30 04:30:00,2.8,101275.0,280.5,0.15
2015-10-30 04:45:00,2.8,101290.0,279.95,0.15
2015-10-30 05:00:00,2.2,101300.0,280.45,0.15
2015-10-30 05:15:00,2.3,101310.0,280.45,0.15
2015-10-30 05:30:00,3.45,101315.0,280.6,0.15
2015-10-30 05:45:00,3.5,101320.0,281.15,0.15
2015-10-30 06:00:00,3.05,101340.0,281.1,0.15
2015-10-30 06:15:00,3.7,101350.0,280.95,0.15
2015-10-30 06:30:00,3.45,101375.0,280.9,0.15
2015-10-30 06:45:00,3.1,101390.0,281.15,0.15
2015-10-30 07:00:00,3.3,101390.0,281.6,0.15
2015-10-30 07:15:00,3.8,101410.0,281.85,0.15
2015-10-30 07:30:00,3.6,101425.0,282.0,0.15
2015-10-30 07:45:00,2.7,101430.0,282.25,0.15
2015-10-30 08:00:00,3.05,101440.0,282.65,0.15
2015-10-30 08:15:00,3.0,101450.0,283.25,0.15
2015-10-30 08:30:00,3.15,101450.0,283.79999999999995,0.15
2015-10-30 08:45:00,3.2,101460.0,284.35,0.15
2015-10-30 09:00:00,2.9000000000000004,101460.0,284.7,0.15
2015-10-30 09:15:00,3.4,101460.0,285.25,0.15
2015-10-30 09:30:00,2.85,101450.0,285.85,0.15
2015-10-30 09:45:00,3.9,101440.0,286.25,0.15
2015-10-30 10:00:00,4.0,101455.0,286.65,0.15
2015-10-30 10:15:00,4.9,101460.0,286.65,0.15
2015-10-30 10:30:00,5.1,101460.0,286.75,0.15
2015-10-30 10:45:00,4.3,101490.0,286.65,0.15
2015-10-30 11:00:00,3.8,101495.0,286.6,0.15
2015-10-30 11:15:00,3.6,101480.0,286.75,0.15
2015-10-30 11:30:00,3.6,101490.0,286.5,0.15
2015-10-30 11:45:00,3.9,101490.0,286.45,0.15
2015-10-30 12:00:00,5.449999999999999,101460.0,286.75,0.15
2015-10-30 12:15:00,4.6,101450.0,286.75,0.15
2015-10-30 12:30:00,4.45,101440.0,286.79999999999995,0.15
2015-10-30 12:45:00,4.3,101430.0,286.95,0.15
2015-10-30 13:00:00,4.65,101420.0,286.9,0.15
2015-10-30 13:15:00,3.8,101430.0,286.95,0.15
2015-10-30 13:30:00,3.0,101445.0,287.04999999999995,0.15
2015-10-30 13:45:00,3.7,101450.0,286.95,0.15
2015-10-30 14:00:00,3.3,101440.0,286.79999999999995,0.15
2015-10-30 14:15:00,2.8,101450.0,286.65,0.15
2015-10-30 14:30:00,2.5,101445.0,286.54999999999995,0.15
2015-10-30 14:45:00,2.0,101460.0,286.35,0.15
2015-10-30 15:00:00,1.95,101455.0,286.15,0.15
2015-10-30 15:15:00,2.0,101460.0,286.15,0.15
2015-10-30 15:30:00,1.95,101450.0,286.2,0.15
2015-10-30 15:45:00,1.7,101450.0,285.95,0.15
2015-10-30 16:00:00,0.8500000000000001,101455.0,285.25,0.15
2015-10-30 16:15:00,0.5,101460.0,284.04999999999995,0.15
2015-10-30 16:30:00,1.35,101475.0,283.6,0.15
2015-10-30 16:45:00,2.0,101480.0,283.15,0.15
2015-10-30 17:00:00,2.05,101485.0,282.79999999999995,0.15
2015-10-30 17:15:00,1.6,101500.0,282.65,0.15
2015-10-30 17:30:00,1.35,101505.0,282.75,0.15
2015-10-30 17:45:00,2.0,101500.0,282.15,0.15
2015-10-30 18:00:00,1.5,101515.0,281.54999999999995,0.15
2015-10-30 18:15:00,2.1,101520.0,281.15,0.15
2015-10-30 18:30:00,2.6,101520.0,282.4,0.15
2015-10-30 18:45:00,3.3,101510.0,283.45,0.15
2015-10-30 19:00:00,3.0,101495.0,283.54999999999995,0.15
2015-10-30 19:15:00,3.1,101500.0,283.95,0.15
2015-10-30 19:30:00,2.6,101500.0,283.95,0.15
2015-10-30 19:45:00,2.6,101490.0,283.54999999999995,0.15
2015-10-30 20:00:00,2.85,101490.0,283.54999999999995,0.15
2015-10-30 20:15:00,2.5,101480.0,283.25,0.15
2015-10-30 20:30:00,2.35,101490.0,283.2,0.15
2015-10-30 20:45:00,2.1,101490.0,282.95,0.15
2015-10-30 21:00:00,1.95,101490.0,282.79999999999995,0.15
2015-10-30 21:15:00,1.8,101490.0,282.54999999999995,0.15
2015-10-30 21:30:00,1.7000000000000002,101490.0,282.1,0.15
2015-10-30 21:45:00,2.0,101470.0,281.95,0.15
2015-10-30 22:00:00,2.0,101470.0,282.2,0.15
2015-10-30 22:15:00,1.5,101460.0,282.15,0.15
2015-10-30 22:30:00,1.4,101455.0,282.0,0.15
2015-10-30 22:45:00,0.7,101460.0,281.54999999999995,0.15
2015-10-30 23:00:00,0.9,101460.0,281.6,0.15
2015-10-30 23:15:00,1.4,101470.0,281.85,0.15
2015-10-30 23:30:00,1.95,101460.0,281.79999999999995,0.15
2015-10-30 23:45:00,3.1,101450.0,281.85,0.15
2015-10-31 00:00:00,3.95,101445.0,281.29999999999995,0.15
2015-10-31 00:15:00,3.4,101440.0,281.35,0.15
2015-10-31 00:30:00,3.1,101445.0,281.1,0.15
2015-10-31 00:45:00,3.2,101440.0,280.95,0.15
2015-10-31 01:00:00,3.1500000000000004,101430.0,280.9,0.15
2015-10-31 01:15:00,3.2,101420.0,281.04999999999995,0.15
2015-10-31 01:30:00,2.45,101410.0,281.25,0.15
2015-10-31 01:45:00,2.3,101400.0,281.15,0.15
2015-10-31 02:00:00,2.9,101400.0,281.04999999999995,0.15
2015-10-31 02:15:00,2.6,101400.0,281.25,0.15
2015-10-31 02:30:00,2.15,101400.0,281.35,0.15
2015-10-31 02:45:00,2.2,101400.0,281.45,0.15
2015-10-31 03:00:00,3.15,101400.0,281.54999999999995,0.15
2015-10-31 03:15:00,3.0,101400.0,281.35,0.15
2015-10-31 03:30:00,3.6,101410.0,280.75,0.15
2015-10-31 03:45:00,4.0,101400.0,280.95,0.15
2015-10-31 04:00:00,4.25,101400.0,280.75,0.15
2015-10-31 04:15:00,4.6,101400.0,280.54999999999995,0.15
2015-10-31 04:30:00,4.449999999999999,101390.0,280.35,0.15
2015-10-31 04:45:00,4.1,101390.0,280.35,0.15
2015-10-31 05:00:00,3.5,101400.0,281.1,0.15
2015-10-31 05:15:00,3.6,101390.0,281.15,0.15
2015-10-31 05:30:00,3.75,101395.0,281.15,0.15
2015-10-31 05:45:00,4.2,101400.0,281.15,0.15
2015-10-31 06:00:00,4.95,101410.0,281.04999999999995,0.15
2015-10-31 06:15:00,5.3,101430.0,281.25,0.15
2015-10-31 06:30:00,6.6,101450.0,281.35,0.15
2015-10-31 06:45:00,7.5,101470.0,281.45,0.15
2015-10-31 07:00:00,6.7,101495.0,281.65,0.15
2015-10-31 07:15:00,6.5,101510.0,281.75,0.15
2015-10-31 07:30:00,6.8,101530.0,281.9,0.15
2015-10-31 07:45:00,6.6,101530.0,281.95,0.15
2015-10-31 08:00:00,5.75,101545.0,282.1,0.15
2015-10-31 08:15:00,5.7,101560.0,282.35,0.15
2015-10-31 08:30:00,5.15,101565.0,282.5,0.15
2015-10-31 08:45:00,5.7,101570.0,282.54999999999995,0.15
2015-10-31 09:00:00,6.55,101570.0,282.79999999999995,0.15
2015-10-31 09:15:00,7.8,101580.0,282.85,0.15
2015-10-31 09:30:00,7.5,101595.0,282.95,0.15
2015-10-31 09:45:00,7.1,101590.0,283.04999999999995,0.15
2015-10-31 10:00:00,6.25,101600.0,283.15,0.15
2015-10-31 10:15:00,6.3,101580.0,283.15,0.15
2015-10-31 10:30:00,7.35,101565.0,283.25,0.15
2015-10-31 10:45:00,6.8,101550.0,283.25,0.15
2015-10-31 11:00:00,6.65,101550.0,283.65,0.15
2015-10-31 11:15:00,7.7,101550.0,284.45,0.15
2015-10-31 11:30:00,6.8,101545.0,284.45,0.15
2015-10-31 11:45:00,5.8,101530.0,284.45,0.15
2015-10-31 12:00:00,6.6,101545.0,284.2,0.15
2015-10-31 12:15:00,6.3,101530.0,284.25,0.15
2015-10-31 12:30:00,5.4,101525.0,284.54999999999995,0.15
2015-10-31 12:45:00,5.4,101520.0,284.45,0.15
2015-10-31 13:00:00,6.0,101500.0,284.25,0.15
2015-10-31 13:15:00,5.8,101500.0,284.35,0.15
2015-10-31 13:30:00,5.4,101490.0,284.75,0.15
2015-10-31 13:45:00,5.2,101480.0,284.95,0.15
2015-10-31 14:00:00,5.449999999999999,101475.0,284.85,0.15
2015-10-31 14:15:00,5.5,101480.0,284.85,0.15
2015-10-31 14:30:00,5.199999999999999,101495.0,284.5,0.15
2015-10-31 14:45:00,5.2,101500.0,284.54999999999995,0.15
2015-10-31 15:00:00,5.65,101500.0,284.45,0.15
2015-10-31 15:15:00,5.1,101500.0,284.04999999999995,0.15
2015-10-31 15:30:00,4.7,101525.0,283.54999999999995,0.15
2015-10-31 15:45:00,3.0,101540.0,283.45,0.15
2015-10-31 16:00:00,3.8,101555.0,283.15,0.15
2015-10-31 16:15:00,4.2,101570.0,282.95,0.15
2015-10-31 16:30:00,3.7,101585.0,283.0,0.15
2015-10-31 16:45:00,3.6,101590.0,283.25,0.15
2015-10-31 17:00:00,4.2,101595.0,282.9,0.15
2015-10-31 17:15:00,4.1,101610.0,282.65,0.15
2015-10-31 17:30:00,3.15,101625.0,282.29999999999995,0.15
2015-10-31 17:45:00,2.7,101630.0,282.25,0.15
2015-10-31 18:00:00,2.9,101630.0,282.2,0.15
2015-10-31 18:15:00,2.9,101640.0,282.15,0.15
2015-10-31 18:30:00,3.3,101645.0,282.79999999999995,0.15
2015-10-31 18:45:00,3.2,101650.0,282.75,0.15
2015-10-31 19:00:00,3.35,101655.0,282.75,0.15
2015-10-31 19:15:00,2.9,101650.0,282.85,0.15
2015-10-31 19:30:00,3.7,101655.0,282.75,0.15
2015-10-31 19:45:00,3.6,101670.0,282.35,0.15
2015-10-31 20:00:00,2.75,101670.0,281.9,0.15
2015-10-31 20:15:00,3.3,101670.0,281.65,0.15
2015-10-31 20:30:00,3.45,101670.0,281.35,0.15
2015-10-31 20:45:00,3.6,101680.0,281.35,0.15
2015-10-31 21:00:00,3.95,101670.0,281.35,0.15
2015-10-31 21:15:00,3.6,101680.0,281.15,0.15
2015-10-31 21:30:00,3.55,101680.0,281.15,0.15
2015-10-31 21:45:00,3.3,101680.0,281.54999999999995,0.15
2015-10-31 22:00:00,3.1,101695.0,281.45,0.15
2015-10-31 22:15:00,2.5,101700.0,281.35,0.15
2015-10-31 22:30:00,3.2,101705.0,281.25,0.15
2015-10-31 22:45:00,3.2,101710.0,281.25,0.15
2015-10-31 23:00:00,3.05,101715.0,281.35,0.15
2015-10-31 23:15:00,2.6,101720.0,281.35,0.15
2015-10-31 23:30:00,2.95,101725.0,281.4,0.15
2015-10-31 23:45:00,2.5,101720.0,281.65,0.15
2015-11-01 00:00:00,2.7,101720.0,281.5,0.15
2015-11-01 00:15:00,2.4,101730.0,281.45,0.15
2015-11-01 00:30:00,2.45,101720.0,281.29999999999995,0.15
2015-11-01 00:45:00,2.1,101730.0,281.35,0.15
2015-11-01 01:00:00,2.25,101730.0,281.2,0.15
2015-11-01 01:15:00,2.0,101740.0,281.15,0.15
2015-11-01 01:30:00,2.55,101740.0,281.04999999999995,0.15
2015-11-01 01:45:00,1.8,101730.0,281.04999999999995,0.15
2015-11-01 02:00:00,1.6,101730.0,281.04999999999995,0.15
2015-11-01 02:15:00,1.4,101740.0,280.65,0.15
2015-11-01 02:30:00,1.0,101755.0,280.54999999999995,0.15
2015-11-01 02:45:00,1.5,101760.0,280.15,0.15
2015-11-01 03:00:00,1.7999999999999998,101765.0,280.0,0.15
2015-11-01 03:15:00,1.8,101780.0,279.85,0.15
2015-11-01 03:30:00,1.55,101795.0,278.85,0.15
2015-11-01 03:45:00,1.5,101800.0,278.85,0.15
2015-11-01 04:00:00,2.05,101795.0,278.54999999999995,0.15
2015-11-01 04:15:00,2.3,101800.0,279.54999999999995,0.15
2015-11-01 04:30:00,1.95,101815.0,279.35,0.15
2015-11-01 04:45:00,2.1,101810.0,279.35,0.15
2015-11-01 05:00:00,1.95,101810.0,279.75,0.15
2015-11-01 05:15:00,2.3,101810.0,279.85,0.15
2015-11-01 05:30:00,2.0,101835.0,279.85,0.15
2015-11-01 05:45:00,1.8,101840.0,279.95,0.15
2015-11-01 06:00:00,1.6,101845.0,280.04999999999995,0.15
2015-11-01 06:15:00,1.8,101860.0,280.04999999999995,0.15
2015-11-01 06:30:00,1.9,101875.0,280.04999999999995,0.15
2015-11-01 06:45:00,2.1,101890.0,280.15,0.15
2015-11-01 07:00:00,2.7,101915.0,280.15,0.15
2015-11-01 07:15:00,1.8,101940.0,280.25,0.15
2015-11-01 07:30:00,2.0,101945.0,280.35,0.15
2015-11-01 07:45:00,2.8,101960.0,280.35,0.15
2015-11-01 08:00:00,2.85,101965.0,280.5,0.15
2015-11-01 08:15:00,3.2,101970.0,280.45,0.15
2015-11-01 08:30:00,3.05,101970.0,280.54999999999995,0.15
2015-11-01 08:45:00,2.7,101970.0,280.54999999999995,0.15
2015-11-01 09:00:00,3.25,101965.0,280.79999999999995,0.15
2015-11-01 09:15:00,3.0,101970.0,280.75,0.15
2015-11-01 09:30:00,2.9,101970.0,281.15,0.15
2015-11-01 09:45:00,2.8,101970.0,281.35,0.15
2015-11-01 10:00:00,3.1,101950.0,281.5,0.15
2015-11-01 10:15:00,3.2,101930.0,282.15,0.15
2015-11-01 10:30:00,2.85,101920.0,282.79999999999995,0.15
2015-11-01 10:45:00,3.5,101910.0,282.95,0.15
2015-11-01 11:00:00,2.85,101905.0,283.65,0.15
2015-11-01 11:15:00,2.2,101900.0,284.85,0.15
2015-11-01 11:30:00,2.45,101885.0,285.15,0.15
2015-11-01 11:45:00,1.8,101880.0,285.85,0.15
2015-11-01 12:00:00,2.4,101855.0,286.5,0.15
2015-11-01 12:15:00,2.6,101840.0,287.25,0.15
2015-11-01 12:30:00,2.4000000000000004,101840.0,287.5,0.15
2015-11-01 12:45:00,1.4,101840.0,287.85,0.15
2015-11-01 13:00:00,1.2,101840.0,288.29999999999995,0.15
2015-11-01 13:15:00,1.5,101830.0,288.65,0.15
2015-11-01 13:30:00,1.95,101830.0,288.54999999999995,0.15
2015-11-01 13:45:00,2.6,101820.0,288.54999999999995,0.15
2015-11-01 14:00:00,2.05,101825.0,288.79999999999995,0.15
2015-11-01 14:15:00,1.6,101840.0,288.75,0.15
2015-11-01 14:30:00,1.85,101825.0,288.85,0.15
2015-11-01 14:45:00,1.3,101830.0,288.85,0.15
2015-11-01 15:00:00,1.6,101820.0,288.65,0.15
2015-11-01 15:15:00,1.4,101810.0,288.45,0.15
2015-11-01 15:30:00,1.0,101805.0,288.0,0.15
2015-11-01 15:45:00,0.7,101800.0,286.65,0.15
2015-11-01 16:00:00,0.7,101795.0,285.75,0.15
2015-11-01 16:15:00,0.6,101800.0,284.04999999999995,0.15
2015-11-01 16:30:00,1.45,101800.0,283.54999999999995,0.15
2015-11-01 16:45:00,1.9,101800.0,283.65,0.15
2015-11-01 17:00:00,1.2999999999999998,101815.0,284.1,0.15
2015-11-01 17:15:00,1.2,101820.0,283.75,0.15
2015-11-01 17:30:00,1.6,101820.0,282.54999999999995,0.15
2015-11-01 17:45:00,2.1,101820.0,282.25,0.15
2015-11-01 18:00:00,1.7000000000000002,101830.0,281.7,0.15
2015-11-01 18:15:00,2.3,101840.0,281.54999999999995,0.15
2015-11-01 18:30:00,2.2,101840.0,281.04999999999995,0.15
2015-11-01 18:45:00,1.7,101840.0,281.04999999999995,0.15
2015-11-01 19:00:00,2.2,101830.0,280.4,0.15
2015-11-01 19:15:00,1.5,101830.0,280.65,0.15
2015-11-01 19:30:00,2.35,101810.0,281.04999999999995,0.15
2015-11-01 19:45:00,2.2,101810.0,281.95,0.15
2015-11-01 20:00:00,2.45,101810.0,282.1,0.15
2015-11-01 20:15:00,2.0,101810.0,281.85,0.15
2015-11-01 20:30:00,2.2,101805.0,281.1,0.15
2015-11-01 20:45:00,2.0,101810.0,279.75,0.15
2015-11-01 21:00:00,2.1,101810.0,280.4,0.15
2015-11-01 21:15:00,2.1,101800.0,279.95,0.15
2015-11-01 21:30:00,2.05,101790.0,279.35,0.15
2015-11-01 21:45:00,1.6,101780.0,281.15,0.15
2015-11-01 22:00:00,1.75,101765.0,281.7,0.15
2015-11-01 22:15:00,2.0,101750.0,279.85,0.15
2015-11-01 22:30:00,1.7000000000000002,101740.0,280.5,0.15
2015-11-01 22:45:00,1.7,101740.0,281.25,0.15
2015-11-01 23:00:00,1.55,101735.0,281.29999999999995,0.15
2015-11-01 23:15:00,2.0,101720.0,281.25,0.15
2015-11-01 23:30:00,1.65,101710.0,280.5,0.15
2015-11-01 23:45:00,1.5,101710.0,279.65,0.15
2015-11-02 00:00:00,1.9,101705.0,279.2,0.15
2015-11-02 00:15:00,2.2,101700.0,278.75,0.15
2015-11-02 00:30:00,1.2,101690.0,278.95,0.15
2015-11-02 00:45:00,1.6,101690.0,278.85,0.15
2015-11-02 01:00:00,1.5499999999999998,101690.0,279.04999999999995,0.15
2015-11-02 01:15:00,1.7,101680.0,278.85,0.15
2015-11-02 01:30:00,1.65,101675.0,278.6,0.15
2015-11-02 01:45:00,2.9,101660.0,278.25,0.15
2015-11-02 02:00:00,2.85,101645.0,278.6,0.15
2015-11-02 02:15:00,3.0,101630.0,279.04999999999995,0.15
2015-11-02 02:30:00,2.3,101620.0,279.54999999999995,0.15
2015-11-02 02:45:00,2.1,101620.0,278.04999999999995,0.15
2015-11-02 03:00:00,2.05,101615.0,277.54999999999995,0.15
2015-11-02 03:15:00,1.5,101610.0,278.25,0.15
2015-11-02 03:30:00,1.9,101610.0,278.29999999999995,0.15
2015-11-02 03:45:00,2.9,101610.0,277.95,0.15
2015-11-02 04:00:00,2.3,101610.0,277.79999999999995,0.15
2015-11-02 04:15:00,1.8,101600.0,277.75,0.15
2015-11-02 04:30:00,1.75,101590.0,277.85,0.15
2015-11-02 04:45:00,1.6,101580.0,277.85,0.15
2015-11-02 05:00:00,2.1,101585.0,277.6,0.15
2015-11-02 05:15:00,2.4,101580.0,277.45,0.15
2015-11-02 05:30:00,2.7,101575.0,277.45,0.15
2015-11-02 05:45:00,2.3,101580.0,276.95,0.15
2015-11-02 06:00:00,2.25,101580.0,275.9,0.15
2015-11-02 06:15:00,2.9,101590.0,277.35,0.15
2015-11-02 06:30:00,2.6,101595.0,276.65,0.15
2015-11-02 06:45:00,2.6,101610.0,276.25,0.15
2015-11-02 07:00:00,3.1500000000000004,101610.0,276.15,0.15
2015-11-02 07:15:00,3.1,101610.0,276.45,0.15
2015-11-02 07:30:00,2.7,101600.0,277.75,0.15
2015-11-02 07:45:00,2.1,101600.0,279.65,0.15
2015-11-02 08:00:00,2.65,101590.0,281.9,0.15
2015-11-02 08:15:00,2.0,101580.0,282.54999999999995,0.15
2015-11-02 08:30:00,3.4000000000000004,101585.0,282.6,0.15
2015-11-02 08:45:00,3.6,101580.0,282.25,0.15
2015-11-02 09:00:00,3.3,101565.0,283.0,0.15
2015-11-02 09:15:00,2.8,101570.0,283.54999999999995,0.15
2015-11-02 09:30:00,4.4,101580.0,284.5,0.15
2015-11-02 09:45:00,4.2,101580.0,285.15,0.15
2015-11-02 10:00:00,4.800000000000001,101575.0,285.65,0.15
2015-11-02 10:15:00,5.8,101560.0,286.15,0.15
2015-11-02 10:30:00,5.15,101550.0,286.45,0.15
2015-11-02 10:45:00,4.8,101540.0,286.95,0.15
2015-11-02 11:00:00,4.95,101525.0,287.6,0.15
2015-11-02 11:15:00,5.6,101510.0,287.85,0.15
2015-11-02 11:30:00,5.45,101505.0,287.85,0.15
2015-11-02 11:45:00,5.6,101480.0,287.95,0.15
2015-11-02 12:00:00,4.699999999999999,101475.0,288.25,0.15
2015-11-02 12:15:00,4.9,101470.0,288.25,0.15
2015-11-02 12:30:00,6.0,101445.0,288.45,0.15
2015-11-02 12:45:00,5.5,101430.0,288.54999999999995,0.15
2015-11-02 13:00:00,5.5,101420.0,288.6,0.15
2015-11-02 13:15:00,6.3,101420.0,288.65,0.15
2015-11-02 13:30:00,5.7,101395.0,288.7,0.15
2015-11-02 13:45:00,6.0,101400.0,288.54999999999995,0.15
2015-11-02 14:00:00,5.25,101390.0,288.45,0.15
2015-11-02 14:15:00,4.7,101370.0,288.65,0.15
2015-11-02 14:30:00,3.5,101355.0,288.65,0.15
2015-11-02 14:45:00,3.2,101340.0,288.35,0.15
2015-11-02 15:00:00,3.35,101345.0,288.1,0.15
2015-11-02 15:15:00,3.9,101350.0,287.75,0.15
2015-11-02 15:30:00,4.35,101350.0,286.7,0.15
2015-11-02 15:45:00,4.4,101340.0,286.65,0.15
2015-11-02 16:00:00,3.95,101340.0,286.15,0.15
2015-11-02 16:15:00,4.1,101340.0,285.95,0.15
2015-11-02 16:30:00,3.7,101335.0,285.54999999999995,0.15
2015-11-02 16:45:00,4.0,101330.0,285.04999999999995,0.15
2015-11-02 17:00:00,3.5,101340.0,284.85,0.15
2015-11-02 17:15:00,4.0,101330.0,284.65,0.15
2015-11-02 17:30:00,3.85,101330.0,284.5,0.15
2015-11-02 17:45:00,4.6,101320.0,284.04999999999995,0.15
2015-11-02 18:00:00,3.95,101320.0,284.15,0.15
2015-11-02 18:15:00,4.0,101310.0,283.65,0.15
2015-11-02 18:30:00,3.7,101300.0,283.65,0.15
2015-11-02 18:45:00,3.9,101300.0,283.25,0.15
2015-11-02 19:00:00,4.05,101290.0,283.25,0.15
2015-11-02 19:15:00,4.0,101290.0,283.15,0.15
2015-11-02 19:30:00,3.3,101300.0,282.79999999999995,0.15
2015-11-02 19:45:00,3.3,101300.0,282.45,0.15
2015-11-02 20:00:00,3.35,101290.0,282.4,0.15
2015-11-02 20:15:00,3.7,101290.0,282.15,0.15
2015-11-02 20:30:00,3.95,101280.0,282.0,0.15
2015-11-02 20:45:00,3.5,101270.0,281.95,0.15
2015-11-02 21:00:00,3.7,101280.0,281.65,0.15
2015-11-02 21:15:00,3.8,101280.0,281.25,0.15
2015-11-02 21:30:00,3.95,101260.0,281.25,0.15
2015-11-02 21:45:00,3.3,101250.0,281.15,0.15
2015-11-02 22:00:00,3.25,101260.0,280.9,0.15
2015-11-02 22:15:00,3.3,101260.0,281.15,0.15
2015-11-02 22:30:00,3.6,101260.0,281.0,0.15
2015-11-02 22:45:00,3.4,101250.0,281.04999999999995,0.15
2015-11-02 23:00:00,3.3,101255.0,280.95,0.15
2015-11-02 23:15:00,2.9,101270.0,280.85,0.15
2015-11-02 23:30:00,3.05,101265.0,280.45,0.15
2015-11-02 23:45:00,3.1,101260.0,280.35,0.15
2015-11-03 00:00:00,2.5,101250.0,280.0,0.15
2015-11-03 00:15:00,2.7,101250.0,279.15,0.15
2015-11-03 00:30:00,3.4,101215.0,279.45,0.15
2015-11-03 00:45:00,2.9,101220.0,279.35,0.15
2015-11-03 01:00:00,3.1500000000000004,101235.0,277.85,0.15
2015-11-03 01:15:00,2.9,101220.0,278.75,0.15
2015-11-03 01:30:00,3.15,101200.0,278.45,0.15
2015-11-03 01:45:00,3.6,101180.0,278.35,0.15
2015-11-03 02:00:00,2.9000000000000004,101170.0,278.2,0.15
2015-11-03 02:15:00,2.7,101160.0,277.35,0.15
2015-11-03 02:30:00,2.9000000000000004,101130.0,277.65,0.15
2015-11-03 02:45:00,2.2,101130.0,277.35,0.15
2015-11-03 03:00:00,3.05,101115.0,277.0,0.15
2015-11-03 03:15:00,2.6,101130.0,275.75,0.15
2015-11-03 03:30:00,2.6,101115.0,277.1,0.15
2015-11-03 03:45:00,2.3,101130.0,276.54999999999995,0.15
2015-11-03 04:00:00,2.15,101135.0,276.7,0.15
2015-11-03 04:15:00,2.2,101130.0,277.15,0.15
2015-11-03 04:30:00,2.95,101100.0,276.95,0.15
2015-11-03 04:45:00,2.6,101090.0,276.45,0.15
2015-11-03 05:00:00,2.2,101100.0,275.35,0.15
2015-11-03 05:15:00,2.4,101090.0,276.45,0.15
2015-11-03 05:30:00,2.55,101080.0,276.45,0.15
2015-11-03 05:45:00,2.6,101070.0,276.04999999999995,0.15
2015-11-03 06:00:00,2.65,101075.0,276.1,0.15
2015-11-03 06:15:00,2.7,101070.0,276.15,0.15
2015-11-03 06:30:00,2.3,101060.0,275.65,0.15
2015-11-03 06:45:00,2.0,101070.0,275.04999999999995,0.15
2015-11-03 07:00:00,2.5,101080.0,275.6,0.15
2015-11-03 07:15:00,2.7,101080.0,276.45,0.15
2015-11-03 07:30:00,3.5,101075.0,276.9,0.15
2015-11-03 07:45:00,3.7,101050.0,277.85,0.15
2015-11-03 08:00:00,2.8,101030.0,278.6,0.15
2015-11-03 08:15:00,2.9,101030.0,279.45,0.15
2015-11-03 08:30:00,3.5,101030.0,279.9,0.15
2015-11-03 08:45:00,4.0,101030.0,280.54999999999995,0.15
2015-11-03 09:00:00,3.65,101035.0,280.65,0.15
2015-11-03 09:15:00,4.1,101040.0,280.95,0.15
2015-11-03 09:30:00,4.0,101020.0,281.5,0.15
2015-11-03 09:45:00,4.1,100980.0,281.95,0.15
2015-11-03 10:00:00,3.4000000000000004,100970.0,282.75,0.15
2015-11-03 10:15:00,2.4,100940.0,282.95,0.15
2015-11-03 10:30:00,2.05,100950.0,283.5,0.15
2015-11-03 10:45:00,2.1,100940.0,284.54999999999995,0.15
2015-11-03 11:00:00,2.55,100935.0,285.25,0.15
2015-11-03 11:15:00,2.4,100910.0,285.54999999999995,0.15
2015-11-03 11:30:00,2.55,100905.0,285.79999999999995,0.15
2015-11-03 11:45:00,3.0,100880.0,285.35,0.15
2015-11-03 12:00:00,2.9,100860.0,285.85,0.15
2015-11-03 12:15:00,2.1,100860.0,286.75,0.15
2015-11-03 12:30:00,1.9,100845.0,286.75,0.15
2015-11-03 12:45:00,2.0,100840.0,286.95,0.15
2015-11-03 13:00:00,2.3,100825.0,287.25,0.15
2015-11-03 13:15:00,2.0,100820.0,287.35,0.15
2015-11-03 13:30:00,2.4000000000000004,100790.0,287.79999999999995,0.15
2015-11-03 13:45:00,2.3,100770.0,288.04999999999995,0.15
2015-11-03 14:00:00,2.45,100765.0,287.9,0.15
2015-11-03 14:15:00,2.5,100750.0,287.85,0.15
2015-11-03 14:30:00,1.85,100745.0,287.85,0.15
2015-11-03 14:45:00,2.2,100760.0,287.04999999999995,0.15
2015-11-03 15:00:00,1.95,100765.0,286.54999999999995,0.15
2015-11-03 15:15:00,1.8,100760.0,286.25,0.15
2015-11-03 15:30:00,1.45,100755.0,285.75,0.15
2015-11-03 15:45:00,1.8,100780.0,285.54999999999995,0.15
2015-11-03 16:00:00,1.2000000000000002,100780.0,284.54999999999995,0.15
2015-11-03 16:15:00,1.2,100800.0,283.75,0.15
2015-11-03 16:30:00,1.35,100790.0,284.0,0.15
2015-11-03 16:45:00,1.0,100780.0,284.45,0.15
2015-11-03 17:00:00,1.4500000000000002,100795.0,284.2,0.15
2015-11-03 17:15:00,1.4,100800.0,283.95,0.15
2015-11-03 17:30:00,1.35,100790.0,283.45,0.15
2015-11-03 17:45:00,1.7,100800.0,282.54999999999995,0.15
2015-11-03 18:00:00,1.65,100790.0,282.65,0.15
2015-11-03 18:15:00,1.4,100780.0,283.15,0.15
2015-11-03 18:30:00,2.15,100785.0,283.04999999999995,0.15
2015-11-03 18:45:00,2.1,100770.0,283.45,0.15
2015-11-03 19:00:00,2.25,100795.0,283.0,0.15
2015-11-03 19:15:00,3.0,100790.0,282.75,0.15
2015-11-03 19:30:00,2.5,100780.0,282.9,0.15
2015-11-03 19:45:00,3.1,100760.0,283.25,0.15
2015-11-03 20:00:00,1.75,100785.0,283.15,0.15
2015-11-03 20:15:00,2.6,100790.0,283.15,0.15
2015-11-03 20:30:00,1.55,100825.0,282.2,0.15
2015-11-03 20:45:00,1.7,100820.0,282.45,0.15
2015-11-03 21:00:00,1.5,100845.0,282.2,0.15
2015-11-03 21:15:00,1.7,100830.0,282.35,0.15
2015-11-03 21:30:00,2.35,100850.0,282.45,0.15
2015-11-03 21:45:00,2.8,100870.0,281.85,0.15
2015-11-03 22:00:00,3.45,100860.0,282.6,0.15
2015-11-03 22:15:00,3.9,100830.0,282.95,0.15
2015-11-03 22:30:00,2.95,100815.0,283.0,0.15
2015-11-03 22:45:00,2.7,100800.0,283.15,0.15
2015-11-03 23:00:00,2.45,100805.0,283.25,0.15
2015-11-03 23:15:00,2.4,100820.0,283.04999999999995,0.15
2015-11-03 23:30:00,2.4000000000000004,100800.0,282.54999999999995,0.15
2015-11-03 23:45:00,2.0,100810.0,282.54999999999995,0.15
2015-11-04 00:00:00,2.8,100825.0,282.25,0.15
2015-11-04 00:15:00,3.7,100820.0,282.04999999999995,0.15
2015-11-04 00:30:00,2.9,100805.0,282.0,0.15
2015-11-04 00:45:00,3.1,100790.0,281.85,0.15
2015-11-04 01:00:00,2.9,100790.0,281.79999999999995,0.15
2015-11-04 01:15:00,3.0,100790.0,281.75,0.15
2015-11-04 01:30:00,2.6,100780.0,281.7,0.15
2015-11-04 01:45:00,2.2,100770.0,281.54999999999995,0.15
2015-11-04 02:00:00,2.2,100755.0,281.6,0.15
2015-11-04 02:15:00,2.6,100760.0,281.65,0.15
2015-11-04 02:30:00,2.35,100765.0,281.54999999999995,0.15
2015-11-04 02:45:00,2.6,100760.0,281.35,0.15
2015-11-04 03:00:00,3.1,100765.0,281.5,0.15
2015-11-04 03:15:00,2.6,100770.0,281.65,0.15
2015-11-04 03:30:00,2.55,100765.0,281.65,0.15
2015-11-04 03:45:00,2.4,100770.0,281.85,0.15
2015-11-04 04:00:00,3.15,100760.0,281.79999999999995,0.15
2015-11-04 04:15:00,3.3,100760.0,282.04999999999995,0.15
2015-11-04 04:30:00,3.5,100755.0,282.15,0.15
2015-11-04 04:45:00,4.4,100750.0,282.35,0.15
2015-11-04 05:00:00,4.05,100745.0,282.2,0.15
2015-11-04 05:15:00,4.2,100740.0,282.15,0.15
2015-11-04 05:30:00,4.2,100755.0,282.1,0.15
2015-11-04 05:45:00,4.9,100750.0,282.04999999999995,0.15
2015-11-04 06:00:00,4.300000000000001,100760.0,282.0,0.15
2015-11-04 06:15:00,4.3,100760.0,281.65,0.15
2015-11-04 06:30:00,5.7,100765.0,281.95,0.15
2015-11-04 06:45:00,6.1,100770.0,282.15,0.15
2015-11-04 07:00:00,6.199999999999999,100785.0,282.2,0.15
2015-11-04 07:15:00,6.1,100800.0,282.45,0.15
2015-11-04 07:30:00,6.0,100800.0,282.9,0.15
2015-11-04 07:45:00,5.8,100800.0,283.35,0.15
2015-11-04 08:00:00,5.699999999999999,100790.0,283.75,0.15
2015-11-04 08:15:00,5.8,100800.0,283.95,0.15
2015-11-04 08:30:00,5.85,100790.0,284.25,0.15
2015-11-04 08:45:00,6.0,100800.0,284.45,0.15
2015-11-04 09:00:00,6.4,100800.0,284.75,0.15
2015-11-04 09:15:00,5.9,100810.0,285.04999999999995,0.15
2015-11-04 09:30:00,6.75,100790.0,285.5,0.15
2015-11-04 09:45:00,5.8,100800.0,285.85,0.15
2015-11-04 10:00:00,4.85,100790.0,286.0,0.15
2015-11-04 10:15:00,4.3,100790.0,286.25,0.15
2015-11-04 10:30:00,4.2,100785.0,286.29999999999995,0.15
2015-11-04 10:45:00,5.1,100770.0,286.35,0.15
2015-11-04 11:00:00,5.0,100760.0,286.75,0.15
2015-11-04 11:15:00,5.7,100740.0,287.95,0.15
2015-11-04 11:30:00,6.25,100730.0,288.04999999999995,0.15
2015-11-04 11:45:00,4.5,100730.0,287.75,0.15
2015-11-04 12:00:00,4.5,100720.0,287.95,0.15
2015-11-04 12:15:00,4.7,100710.0,288.45,0.15
2015-11-04 12:30:00,4.45,100710.0,288.29999999999995,0.15
2015-11-04 12:45:00,3.8,100700.0,288.54999999999995,0.15
2015-11-04 13:00:00,3.6,100685.0,288.65,0.15
2015-11-04 13:15:00,2.6,100680.0,288.65,0.15
2015-11-04 13:30:00,3.05,100690.0,288.79999999999995,0.15
2015-11-04 13:45:00,4.2,100680.0,288.65,0.15
2015-11-04 14:00:00,3.8,100670.0,288.75,0.15
2015-11-04 14:15:00,3.0,100680.0,288.75,0.15
2015-11-04 14:30:00,2.45,100675.0,288.85,0.15
2015-11-04 14:45:00,2.8,100660.0,288.75,0.15
2015-11-04 15:00:00,3.25,100650.0,288.5,0.15
2015-11-04 15:15:00,3.7,100640.0,288.15,0.15
2015-11-04 15:30:00,3.6,100655.0,287.95,0.15
2015-11-04 15:45:00,3.9,100660.0,287.75,0.15
2015-11-04 16:00:00,4.0,100675.0,287.5,0.15
2015-11-04 16:15:00,4.1,100690.0,287.35,0.15
2015-11-04 16:30:00,3.9,100690.0,287.25,0.15
2015-11-04 16:45:00,3.6,100700.0,287.15,0.15
2015-11-04 17:00:00,3.2,100700.0,286.95,0.15
2015-11-04 17:15:00,3.8,100710.0,286.75,0.15
2015-11-04 17:30:00,3.7,100700.0,286.6,0.15
2015-11-04 17:45:00,4.1,100700.0,286.65,0.15
2015-11-04 18:00:00,3.75,100705.0,286.5,0.15
2015-11-04 18:15:00,3.3,100720.0,286.65,0.15
2015-11-04 18:30:00,3.7,100720.0,286.95,0.15
2015-11-04 18:45:00,3.9,100740.0,286.65,0.15
2015-11-04 19:00:00,4.300000000000001,100740.0,286.35,0.15
2015-11-04 19:15:00,3.7,100740.0,285.95,0.15
2015-11-04 19:30:00,4.25,100745.0,286.15,0.15
2015-11-04 19:45:00,4.3,100760.0,286.15,0.15
2015-11-04 20:00:00,4.0,100770.0,286.1,0.15
2015-11-04 20:15:00,3.8,100780.0,286.04999999999995,0.15
2015-11-04 20:30:00,3.6,100790.0,286.0,0.15
2015-11-04 20:45:00,3.7,100810.0,286.04999999999995,0.15
2015-11-04 21:00:00,3.45,100815.0,286.04999999999995,0.15
2015-11-04 21:15:00,3.4,100820.0,285.95,0.15
2015-11-04 21:30:00,3.25,100820.0,285.95,0.15
2015-11-04 21:45:00,3.0,100820.0,285.75,0.15
2015-11-04 22:00:00,3.1,100820.0,285.7,0.15
2015-11-04 22:15:00,3.0,100820.0,285.75,0.15
2015-11-04 22:30:00,2.6,100815.0,285.9,0.15
2015-11-04 22:45:00,1.3,100820.0,285.85,0.15
2015-11-04 23:00:00,1.05,100830.0,285.75,0.15
2015-11-04 23:15:00,1.5,100830.0,286.04999999999995,0.15
2015-11-04 23:30:00,1.4,100855.0,286.1,0.15
2015-11-04 23:45:00,1.2,100850.0,286.15,0.15
2015-11-05 00:00:00,1.8,100850.0,286.0,0.15
2015-11-05 00:15:00,1.9,100860.0,286.04999999999995,0.15
2015-11-05 00:30:00,1.9,100860.0,285.9,0.15
2015-11-05 00:45:00,2.4,100860.0,285.85,0.15
2015-11-05 01:00:00,2.3,100870.0,285.35,0.15
2015-11-05 01:15:00,2.1,100890.0,285.15,0.15
2015-11-05 01:30:00,2.55,100890.0,285.35,0.15
2015-11-05 01:45:00,3.0,100890.0,285.65,0.15
2015-11-05 02:00:00,3.0,100875.0,286.0,0.15
2015-11-05 02:15:00,3.0,100870.0,286.35,0.15
2015-11-05 02:30:00,2.4000000000000004,100870.0,286.04999999999995,0.15
2015-11-05 02:45:00,2.2,100870.0,285.95,0.15
2015-11-05 03:00:00,2.05,100860.0,286.0,0.15
2015-11-05 03:15:00,2.5,100870.0,285.85,0.15
2015-11-05 03:30:00,2.5,100870.0,285.9,0.15
2015-11-05 03:45:00,2.7,100880.0,286.35,0.15
2015-11-05 04:00:00,2.9000000000000004,100875.0,286.1,0.15
2015-11-05 04:15:00,2.7,100880.0,286.04999999999995,0.15
2015-11-05 04:30:00,3.25,100885.0,286.04999999999995,0.15
2015-11-05 04:45:00,2.8,100890.0,286.15,0.15
2015-11-05 05:00:00,2.65,100875.0,285.79999999999995,0.15
2015-11-05 05:15:00,2.2,100880.0,285.85,0.15
2015-11-05 05:30:00,2.2,100890.0,285.54999999999995,0.15
2015-11-05 05:45:00,1.7,100890.0,285.45,0.15
2015-11-05 06:00:00,1.95,100905.0,285.25,0.15
2015-11-05 06:15:00,2.3,100910.0,285.25,0.15
2015-11-05 06:30:00,2.4000000000000004,100905.0,285.85,0.15
2015-11-05 06:45:00,2.7,100910.0,286.35,0.15
2015-11-05 07:00:00,2.1500000000000004,100925.0,286.15,0.15
2015-11-05 07:15:00,2.6,100930.0,286.54999999999995,0.15
2015-11-05 07:30:00,2.35,100945.0,286.4,0.15
2015-11-05 07:45:00,1.6,100970.0,285.65,0.15
2015-11-05 08:00:00,2.2,100970.0,286.04999999999995,0.15
2015-11-05 08:15:00,2.7,100950.0,286.35,0.15
2015-11-05 08:30:00,2.5,100970.0,286.29999999999995,0.15
2015-11-05 08:45:00,2.9,100960.0,287.15,0.15
2015-11-05 09:00:00,2.95,100960.0,287.0,0.15
2015-11-05 09:15:00,2.9,100960.0,287.65,0.15
2015-11-05 09:30:00,3.3,100965.0,288.2,0.15
2015-11-05 09:45:00,3.8,100960.0,288.54999999999995,0.15
2015-11-05 10:00:00,3.1500000000000004,100970.0,288.54999999999995,0.15
2015-11-05 10:15:00,3.4,100960.0,288.95,0.15
2015-11-05 10:30:00,2.85,100955.0,289.25,0.15
2015-11-05 10:45:00,2.5,100940.0,289.25,0.15
2015-11-05 11:00:00,2.85,100930.0,289.25,0.15
2015-11-05 11:15:00,3.2,100910.0,289.35,0.15
2015-11-05 11:30:00,3.5,100890.0,289.4,0.15
2015-11-05 11:45:00,2.8,100880.0,289.45,0.15
2015-11-05 12:00:00,3.05,100860.0,289.65,0.15
2015-11-05 12:15:00,3.3,100850.0,289.75,0.15
2015-11-05 12:30:00,2.85,100840.0,289.79999999999995,0.15
2015-11-05 12:45:00,3.2,100830.0,290.04999999999995,0.15
2015-11-05 13:00:00,2.7,100830.0,290.04999999999995,0.15
2015-11-05 13:15:00,3.3,100820.0,290.35,0.15
2015-11-05 13:30:00,2.7,100830.0,290.15,0.15
2015-11-05 13:45:00,2.8,100810.0,290.25,0.15
2015-11-05 14:00:00,3.0,100795.0,290.29999999999995,0.15
2015-11-05 14:15:00,3.3,100780.0,290.25,0.15
2015-11-05 14:30:00,2.7,100770.0,290.25,0.15
2015-11-05 14:45:00,2.3,100780.0,290.15,0.15
2015-11-05 15:00:00,2.75,100770.0,290.15,0.15
2015-11-05 15:15:00,2.8,100770.0,289.75,0.15
2015-11-05 15:30:00,2.2,100775.0,289.6,0.15
2015-11-05 15:45:00,2.7,100770.0,289.45,0.15
2015-11-05 16:00:00,2.6500000000000004,100765.0,289.29999999999995,0.15
2015-11-05 16:15:00,2.4,100760.0,289.25,0.15
2015-11-05 16:30:00,2.1500000000000004,100760.0,289.25,0.15
2015-11-05 16:45:00,2.7,100760.0,289.25,0.15
2015-11-05 17:00:00,3.6,100755.0,289.6,0.15
2015-11-05 17:15:00,4.1,100750.0,289.75,0.15
2015-11-05 17:30:00,4.05,100760.0,289.54999999999995,0.15
2015-11-05 17:45:00,3.6,100760.0,289.35,0.15
2015-11-05 18:00:00,3.2,100770.0,289.04999999999995,0.15
2015-11-05 18:15:00,3.4,100760.0,289.54999999999995,0.15
2015-11-05 18:30:00,2.7,100775.0,289.15,0.15
2015-11-05 18:45:00,2.8,100780.0,289.04999999999995,0.15
2015-11-05 19:00:00,3.0,100770.0,289.04999999999995,0.15
2015-11-05 19:15:00,2.7,100760.0,288.95,0.15
2015-11-05 19:30:00,2.95,100745.0,288.85,0.15
2015-11-05 19:45:00,3.1,100740.0,288.75,0.15
2015-11-05 20:00:00,3.05,100750.0,288.4,0.15
2015-11-05 20:15:00,3.2,100770.0,288.25,0.15
2015-11-05 20:30:00,3.25,100780.0,288.29999999999995,0.15
2015-11-05 20:45:00,3.4,100780.0,288.65,0.15
2015-11-05 21:00:00,3.5,100785.0,288.15,0.15
2015-11-05 21:15:00,3.9,100780.0,288.15,0.15
2015-11-05 21:30:00,2.25,100800.0,288.2,0.15
2015-11-05 21:45:00,2.0,100810.0,288.35,0.15
2015-11-05 22:00:00,1.7999999999999998,100810.0,288.2,0.15
2015-11-05 22:15:00,1.9,100820.0,288.04999999999995,0.15
2015-11-05 22:30:00,1.85,100820.0,287.7,0.15
2015-11-05 22:45:00,2.1,100820.0,287.65,0.15
2015-11-05 23:00:00,1.95,100815.0,287.75,0.15
2015-11-05 23:15:00,1.7,100810.0,287.65,0.15
2015-11-05 23:30:00,2.15,100800.0,287.35,0.15
2015-11-05 23:45:00,2.7,100800.0,287.45,0.15
2015-11-06 00:00:00,2.5,100820.0,287.6,0.15
2015-11-06 00:15:00,2.7,100830.0,287.45,0.15
2015-11-06 00:30:00,2.2,100840.0,287.4,0.15
2015-11-06 00:45:00,2.5,100830.0,286.85,0.15
2015-11-06 01:00:00,2.85,100830.0,287.65,0.15
2015-11-06 01:15:00,2.7,100830.0,287.45,0.15
2015-11-06 01:30:00,2.85,100835.0,287.35,0.15
2015-11-06 01:45:00,3.7,100810.0,287.35,0.15
2015-11-06 02:00:00,3.85,100790.0,287.35,0.15
2015-11-06 02:15:00,3.5,100790.0,287.25,0.15
2015-11-06 02:30:00,3.6,100785.0,287.04999999999995,0.15
2015-11-06 02:45:00,3.4,100780.0,287.04999999999995,0.15
2015-11-06 03:00:00,3.45,100760.0,287.04999999999995,0.15
2015-11-06 03:15:00,3.5,100740.0,287.35,0.15
2015-11-06 03:30:00,3.1500000000000004,100735.0,287.29999999999995,0.15
2015-11-06 03:45:00,3.2,100740.0,287.35,0.15
2015-11-06 04:00:00,3.4,100745.0,287.45,0.15
2015-11-06 04:15:00,2.8,100760.0,287.45,0.15
2015-11-06 04:30:00,3.25,100750.0,287.6,0.15
2015-11-06 04:45:00,3.2,100740.0,287.65,0.15
2015-11-06 05:00:00,2.95,100740.0,287.75,0.15
2015-11-06 05:15:00,2.8,100760.0,287.75,0.15
2015-11-06 05:30:00,2.6,100760.0,287.4,0.15
2015-11-06 05:45:00,3.7,100760.0,287.35,0.15
2015-11-06 06:00:00,3.55,100780.0,287.29999999999995,0.15
2015-11-06 06:15:00,4.0,100790.0,287.25,0.15
2015-11-06 06:30:00,3.55,100810.0,287.4,0.15
2015-11-06 06:45:00,3.7,100820.0,287.54999999999995,0.15
2015-11-06 07:00:00,3.85,100840.0,287.79999999999995,0.15
2015-11-06 07:15:00,4.1,100840.0,287.75,0.15
2015-11-06 07:30:00,3.6,100860.0,287.9,0.15
2015-11-06 07:45:00,3.7,100880.0,287.95,0.15
2015-11-06 08:00:00,3.5,100885.0,288.1,0.15
2015-11-06 08:15:00,3.7,100890.0,288.25,0.15
2015-11-06 08:30:00,3.45,100910.0,288.35,0.15
2015-11-06 08:45:00,3.6,100910.0,288.65,0.15
2015-11-06 09:00:00,3.25,100910.0,288.9,0.15
2015-11-06 09:15:00,3.1,100910.0,289.25,0.15
2015-11-06 09:30:00,3.3,100905.0,289.35,0.15
2015-11-06 09:45:00,3.1,100920.0,289.54999999999995,0.15
2015-11-06 10:00:00,2.9,100935.0,289.6,0.15
2015-11-06 10:15:00,2.9,100940.0,289.85,0.15
2015-11-06 10:30:00,2.75,100930.0,290.0,0.15
2015-11-06 10:45:00,2.6,100930.0,290.15,0.15
2015-11-06 11:00:00,2.45,100920.0,290.2,0.15
2015-11-06 11:15:00,2.5,100900.0,290.35,0.15
2015-11-06 11:30:00,2.4,100890.0,290.4,0.15
2015-11-06 11:45:00,2.6,100890.0,290.65,0.15
2015-11-06 12:00:00,3.05,100895.0,290.7,0.15
2015-11-06 12:15:00,2.9,100890.0,290.95,0.15
2015-11-06 12:30:00,3.0,100890.0,291.25,0.15
2015-11-06 12:45:00,4.0,100890.0,291.45,0.15
2015-11-06 13:00:00,3.9,100880.0,291.6,0.15
2015-11-06 13:15:00,4.1,100890.0,291.35,0.15
2015-11-06 13:30:00,2.9,100880.0,291.5,0.15
2015-11-06 13:45:00,2.7,100890.0,291.54999999999995,0.15
2015-11-06 14:00:00,3.2,100895.0,291.5,0.15
2015-11-06 14:15:00,3.5,100910.0,291.35,0.15
2015-11-06 14:30:00,3.1,100910.0,291.25,0.15
2015-11-06 14:45:00,3.9,100930.0,291.25,0.15
2015-11-06 15:00:00,3.25,100925.0,291.2,0.15
2015-11-06 15:15:00,2.3,100930.0,291.04999999999995,0.15
2015-11-06 15:30:00,2.25,100930.0,290.6,0.15
2015-11-06 15:45:00,2.6,100940.0,289.45,0.15
2015-11-06 16:00:00,2.65,100935.0,289.54999999999995,0.15
2015-11-06 16:15:00,2.4,100940.0,289.95,0.15
2015-11-06 16:30:00,2.6,100925.0,288.79999999999995,0.15
2015-11-06 16:45:00,2.3,100930.0,288.85,0.15
2015-11-06 17:00:00,2.55,100950.0,289.35,0.15
2015-11-06 17:15:00,2.9,100960.0,289.65,0.15
2015-11-06 17:30:00,3.5,100965.0,289.9,0.15
2015-11-06 17:45:00,3.7,100960.0,289.95,0.15
2015-11-06 18:00:00,2.9000000000000004,100970.0,290.0,0.15
2015-11-06 18:15:00,2.3,100970.0,289.85,0.15
2015-11-06 18:30:00,2.25,100960.0,289.45,0.15
2015-11-06 18:45:00,2.3,100960.0,289.15,0.15
2015-11-06 19:00:00,2.55,100960.0,288.75,0.15
2015-11-06 19:15:00,2.6,100960.0,288.15,0.15
2015-11-06 19:30:00,2.5,100960.0,288.35,0.15
2015-11-06 19:45:00,2.6,100960.0,288.35,0.15
2015-11-06 20:00:00,2.7,100960.0,288.5,0.15
2015-11-06 20:15:00,3.0,100960.0,288.65,0.15
2015-11-06 20:30:00,3.35,100980.0,288.95,0.15
2015-11-06 20:45:00,3.6,100990.0,289.04999999999995,0.15
2015-11-06 21:00:00,3.35,100980.0,288.85,0.15
2015-11-06 21:15:00,3.0,100980.0,288.85,0.15
2015-11-06 21:30:00,3.2,100995.0,289.0,0.15
2015-11-06 21:45:00,3.2,101010.0,289.04999999999995,0.15
2015-11-06 22:00:00,3.3,101005.0,289.2,0.15
2015-11-06 22:15:00,3.2,101000.0,289.25,0.15
2015-11-06 22:30:00,3.05,100995.0,289.29999999999995,0.15
2015-11-06 22:45:00,2.2,101010.0,289.45,0.15
2015-11-06 23:00:00,2.0,101010.0,289.4,0.15
2015-11-06 23:15:00,1.5,101010.0,289.45,0.15
2015-11-06 23:30:00,1.2999999999999998,101020.0,289.6,0.15
2015-11-06 23:45:00,1.0,101030.0,289.65,0.15
2015-11-07 00:00:00,1.15,101030.0,289.7,0.15
2015-11-07 00:15:00,1.4,101030.0,289.75,0.15
2015-11-07 00:30:00,2.1,101025.0,289.85,0.15
2015-11-07 00:45:00,3.1,101020.0,289.75,0.15
2015-11-07 01:00:00,2.6,101010.0,289.65,0.15
2015-11-07 01:15:00,1.0,101020.0,289.85,0.15
2015-11-07 01:30:00,0.9,101020.0,289.79999999999995,0.15
2015-11-07 01:45:00,1.2,101020.0,289.75,0.15
2015-11-07 02:00:00,1.2999999999999998,101020.0,289.9,0.15
2015-11-07 02:15:00,1.5,101020.0,289.85,0.15
2015-11-07 02:30:00,0.9,101030.0,289.75,0.15
2015-11-07 02:45:00,0.7,101040.0,289.85,0.15
2015-11-07 03:00:00,1.25,101040.0,289.79999999999995,0.15
2015-11-07 03:15:00,1.5,101050.0,289.85,0.15
2015-11-07 03:30:00,1.6,101065.0,290.25,0.15
2015-11-07 03:45:00,1.5,101070.0,289.65,0.15
2015-11-07 04:00:00,0.65,101080.0,289.65,0.15
2015-11-07 04:15:00,0.4,101110.0,289.75,0.15
2015-11-07 04:30:00,0.8999999999999999,101105.0,289.45,0.15
2015-11-07 04:45:00,0.4,101120.0,289.65,0.15
2015-11-07 05:00:00,1.95,101125.0,289.7,0.15
2015-11-07 05:15:00,2.2,101130.0,289.95,0.15
2015-11-07 05:30:00,2.05,101145.0,289.4,0.15
2015-11-07 05:45:00,1.8,101170.0,290.04999999999995,0.15
2015-11-07 06:00:00,1.2000000000000002,101185.0,290.25,0.15
2015-11-07 06:15:00,0.9,101200.0,289.85,0.15
2015-11-07 06:30:00,1.1,101215.0,289.7,0.15
2015-11-07 06:45:00,1.1,101220.0,289.45,0.15
2015-11-07 07:00:00,1.2999999999999998,101215.0,289.4,0.15
2015-11-07 07:15:00,1.5,101240.0,289.04999999999995,0.15
2015-11-07 07:30:00,1.65,101235.0,289.85,0.15
2015-11-07 07:45:00,1.9,101240.0,290.15,0.15
2015-11-07 08:00:00,1.7000000000000002,101230.0,290.65,0.15
2015-11-07 08:15:00,2.0,101230.0,290.54999999999995,0.15
2015-11-07 08:30:00,2.55,101230.0,290.9,0.15
2015-11-07 08:45:00,3.1,101230.0,290.95,0.15
2015-11-07 09:00:00,3.05,101225.0,290.95,0.15
2015-11-07 09:15:00,3.3,101210.0,291.25,0.15
2015-11-07 09:30:00,3.3,101210.0,291.4,0.15
2015-11-07 09:45:00,3.2,101230.0,291.35,0.15
2015-11-07 10:00:00,3.5,101215.0,291.5,0.15
2015-11-07 10:15:00,4.3,101200.0,291.65,0.15
2015-11-07 10:30:00,3.25,101210.0,291.85,0.15
2015-11-07 10:45:00,3.7,101190.0,292.15,0.15
2015-11-07 11:00:00,3.4,101205.0,292.45,0.15
2015-11-07 11:15:00,3.0,101190.0,292.45,0.15
2015-11-07 11:30:00,3.1500000000000004,101190.0,292.45,0.15
2015-11-07 11:45:00,3.4,101150.0,292.65,0.15
2015-11-07 12:00:00,3.3,101155.0,292.6,0.15
2015-11-07 12:15:00,3.3,101140.0,292.45,0.15
2015-11-07 12:30:00,2.95,101135.0,292.5,0.15
2015-11-07 12:45:00,3.5,101140.0,292.45,0.15
2015-11-07 13:00:00,3.45,101145.0,292.75,0.15
2015-11-07 13:15:00,3.6,101130.0,292.95,0.15
2015-11-07 13:30:00,3.85,101135.0,292.85,0.15
2015-11-07 13:45:00,3.9,101130.0,292.85,0.15
2015-11-07 14:00:00,3.85,101115.0,292.6,0.15
2015-11-07 14:15:00,4.0,101110.0,292.54999999999995,0.15
2015-11-07 14:30:00,4.15,101110.0,292.45,0.15
2015-11-07 14:45:00,3.6,101130.0,292.35,0.15
2015-11-07 15:00:00,3.15,101130.0,292.1,0.15
2015-11-07 15:15:00,3.0,101120.0,291.75,0.15
2015-11-07 15:30:00,3.35,101120.0,291.79999999999995,0.15
2015-11-07 15:45:00,2.8,101110.0,291.75,0.15
2015-11-07 16:00:00,2.5,101125.0,291.65,0.15
2015-11-07 16:15:00,2.9,101130.0,291.54999999999995,0.15
2015-11-07 16:30:00,3.2,101115.0,291.75,0.15
2015-11-07 16:45:00,3.4,101110.0,291.65,0.15
2015-11-07 17:00:00,3.35,101115.0,291.85,0.15
2015-11-07 17:15:00,3.4,101130.0,291.95,0.15
2015-11-07 17:30:00,3.75,101130.0,291.95,0.15
2015-11-07 17:45:00,3.7,101130.0,291.85,0.15
2015-11-07 18:00:00,3.45,101125.0,291.9,0.15
2015-11-07 18:15:00,3.4,101120.0,291.65,0.15
2015-11-07 18:30:00,3.95,101095.0,291.29999999999995,0.15
2015-11-07 18:45:00,4.1,101100.0,291.15,0.15
2015-11-07 19:00:00,3.85,101115.0,291.45,0.15
2015-11-07 19:15:00,3.5,101130.0,291.85,0.15
2015-11-07 19:30:00,3.45,101135.0,291.54999999999995,0.15
2015-11-07 19:45:00,3.5,101150.0,291.65,0.15
2015-11-07 20:00:00,3.75,101155.0,291.85,0.15
2015-11-07 20:15:00,4.2,101170.0,291.95,0.15
2015-11-07 20:30:00,4.3,101180.0,292.29999999999995,0.15
2015-11-07 20:45:00,4.5,101210.0,292.35,0.15
2015-11-07 21:00:00,3.7,101225.0,292.6,0.15
2015-11-07 21:15:00,4.0,101240.0,292.75,0.15
2015-11-07 21:30:00,4.2,101260.0,292.2,0.15
2015-11-07 21:45:00,4.1,101280.0,292.15,0.15
2015-11-07 22:00:00,4.4,101305.0,291.79999999999995,0.15
2015-11-07 22:15:00,3.5,101320.0,291.54999999999995,0.15
2015-11-07 22:30:00,4.7,101340.0,291.85,0.15
2015-11-07 22:45:00,4.2,101340.0,291.45,0.15
2015-11-07 23:00:00,3.8,101355.0,291.15,0.15
2015-11-07 23:15:00,3.5,101390.0,290.45,0.15
2015-11-07 23:30:00,3.55,101420.0,290.29999999999995,0.15
2015-11-07 23:45:00,4.6,101440.0,290.04999999999995,0.15
2015-11-08 00:00:00,2.55,101465.0,289.15,0.15
2015-11-08 00:15:00,2.9,101500.0,289.65,0.15
2015-11-08 00:30:00,3.15,101530.0,289.15,0.15
2015-11-08 00:45:00,2.7,101550.0,289.04999999999995,0.15
2015-11-08 01:00:00,2.15,101550.0,288.79999999999995,0.15
2015-11-08 01:15:00,2.2,101580.0,288.45,0.15
2015-11-08 01:30:00,2.65,101600.0,288.54999999999995,0.15
2015-11-08 01:45:00,3.4,101610.0,288.95,0.15
2015-11-08 02:00:00,2.4000000000000004,101640.0,288.45,0.15
2015-11-08 02:15:00,2.6,101630.0,288.04999999999995,0.15
2015-11-08 02:30:00,2.3,101625.0,287.6,0.15
2015-11-08 02:45:00,2.0,101640.0,287.15,0.15
2015-11-08 03:00:00,1.55,101645.0,286.75,0.15
2015-11-08 03:15:00,1.9,101650.0,286.85,0.15
2015-11-08 03:30:00,1.6,101650.0,286.95,0.15
2015-11-08 03:45:00,2.0,101690.0,287.35,0.15
2015-11-08 04:00:00,1.75,101695.0,287.25,0.15
2015-11-08 04:15:00,1.7,101690.0,287.04999999999995,0.15
2015-11-08 04:30:00,1.45,101700.0,286.4,0.15
2015-11-08 04:45:00,2.0,101740.0,286.04999999999995,0.15
2015-11-08 05:00:00,1.1,101720.0,285.79999999999995,0.15
2015-11-08 05:15:00,1.0,101700.0,286.15,0.15
2015-11-08 05:30:00,1.25,101695.0,285.15,0.15
2015-11-08 05:45:00,1.2,101680.0,284.85,0.15
2015-11-08 06:00:00,1.5499999999999998,101685.0,284.79999999999995,0.15
2015-11-08 06:15:00,1.7,101690.0,284.54999999999995,0.15
2015-11-08 06:30:00,1.55,101695.0,284.7,0.15
2015-11-08 06:45:00,1.7,101690.0,285.04999999999995,0.15
2015-11-08 07:00:00,1.6,101695.0,284.95,0.15
2015-11-08 07:15:00,1.0,101730.0,284.95,0.15
2015-11-08 07:30:00,1.0,101760.0,284.45,0.15
2015-11-08 07:45:00,0.7,101790.0,284.95,0.15
2015-11-08 08:00:00,0.8500000000000001,101800.0,285.79999999999995,0.15
2015-11-08 08:15:00,1.8,101800.0,286.54999999999995,0.15
2015-11-08 08:30:00,1.7,101790.0,287.15,0.15
2015-11-08 08:45:00,1.9,101770.0,287.54999999999995,0.15
2015-11-08 09:00:00,1.9,101760.0,288.25,0.15
2015-11-08 09:15:00,1.9,101740.0,288.95,0.15
2015-11-08 09:30:00,2.7,101715.0,289.04999999999995,0.15
2015-11-08 09:45:00,2.6,101700.0,289.35,0.15
2015-11-08 10:00:00,3.45,101710.0,289.6,0.15
2015-11-08 10:15:00,4.0,101660.0,289.95,0.15
2015-11-08 10:30:00,4.8,101635.0,289.9,0.15
2015-11-08 10:45:00,4.8,101620.0,289.45,0.15
2015-11-08 11:00:00,3.85,101610.0,290.1,0.15
2015-11-08 11:15:00,3.7,101600.0,290.04999999999995,0.15
2015-11-08 11:30:00,4.199999999999999,101575.0,290.29999999999995,0.15
2015-11-08 11:45:00,4.5,101530.0,290.85,0.15
2015-11-08 12:00:00,4.45,101505.0,290.65,0.15
2015-11-08 12:15:00,3.4,101480.0,290.54999999999995,0.15
2015-11-08 12:30:00,2.85,101460.0,290.9,0.15
2015-11-08 12:45:00,2.5,101450.0,291.45,0.15
2015-11-08 13:00:00,2.8,101420.0,291.65,0.15
2015-11-08 13:15:00,3.1,101410.0,291.95,0.15
2015-11-08 13:30:00,2.85,101380.0,291.79999999999995,0.15
2015-11-08 13:45:00,2.9,101370.0,291.75,0.15
2015-11-08 14:00:00,2.75,101360.0,291.75,0.15
2015-11-08 14:15:00,2.7,101350.0,291.75,0.15
2015-11-08 14:30:00,2.6500000000000004,101320.0,291.79999999999995,0.15
2015-11-08 14:45:00,3.3,101280.0,291.45,0.15
2015-11-08 15:00:00,3.25,101270.0,291.35,0.15
2015-11-08 15:15:00,3.7,101220.0,291.04999999999995,0.15
2015-11-08 15:30:00,4.0,101190.0,290.95,0.15
2015-11-08 15:45:00,4.2,101180.0,290.75,0.15
2015-11-08 16:00:00,4.6,101165.0,290.54999999999995,0.15
2015-11-08 16:15:00,4.7,101160.0,290.25,0.15
2015-11-08 16:30:00,4.5,101130.0,290.15,0.15
2015-11-08 16:45:00,4.5,101110.0,290.04999999999995,0.15
2015-11-08 17:00:00,4.2,101095.0,290.04999999999995,0.15
2015-11-08 17:15:00,3.7,101080.0,289.95,0.15
2015-11-08 17:30:00,3.3,101085.0,289.9,0.15
2015-11-08 17:45:00,2.7,101070.0,289.65,0.15
2015-11-08 18:00:00,3.0,101050.0,289.35,0.15
2015-11-08 18:15:00,2.4,101050.0,289.45,0.15
2015-11-08 18:30:00,2.75,101030.0,289.15,0.15
2015-11-08 18:45:00,3.0,101000.0,289.04999999999995,0.15
2015-11-08 19:00:00,3.4,100975.0,289.2,0.15
2015-11-08 19:15:00,4.0,100940.0,289.04999999999995,0.15
2015-11-08 19:30:00,4.95,100910.0,289.54999999999995,0.15
2015-11-08 19:45:00,4.9,100880.0,289.75,0.15
2015-11-08 20:00:00,5.1,100860.0,289.65,0.15
2015-11-08 20:15:00,4.9,100830.0,289.65,0.15
2015-11-08 20:30:00,4.35,100820.0,289.4,0.15
2015-11-08 20:45:00,3.9,100810.0,289.15,0.15
2015-11-08 21:00:00,3.4000000000000004,100805.0,289.15,0.15
2015-11-08 21:15:00,2.8,100800.0,289.04999999999995,0.15
2015-11-08 21:30:00,2.9,100800.0,288.15,0.15
2015-11-08 21:45:00,3.2,100800.0,287.54999999999995,0.15
2015-11-08 22:00:00,3.25,100815.0,287.7,0.15
2015-11-08 22:15:00,3.1,100820.0,287.65,0.15
2015-11-08 22:30:00,3.45,100795.0,288.35,0.15
2015-11-08 22:45:00,3.9,100800.0,288.54999999999995,0.15
2015-11-08 23:00:00,3.95,100805.0,288.9,0.15
2015-11-08 23:15:00,3.9,100810.0,289.35,0.15
2015-11-08 23:30:00,3.85,100830.0,289.75,0.15
2015-11-08 23:45:00,3.6,100830.0,290.65,0.15
2015-11-09 00:00:00,3.55,100795.0,290.45,0.15
2015-11-09 00:15:00,3.2,100820.0,290.65,0.15
2015-11-09 00:30:00,3.05,100805.0,290.54999999999995,0.15
2015-11-09 00:45:00,2.0,100820.0,290.54999999999995,0.15
2015-11-09 01:00:00,1.9,100825.0,290.54999999999995,0.15
2015-11-09 01:15:00,2.7,100840.0,290.54999999999995,0.15
2015-11-09 01:30:00,2.65,100880.0,291.15,0.15
2015-11-09 01:45:00,3.0,100890.0,291.15,0.15
2015-11-09 02:00:00,2.85,100875.0,291.15,0.15
2015-11-09 02:15:00,3.1,100850.0,291.54999999999995,0.15
2015-11-09 02:30:00,3.6,100860.0,291.45,0.15
2015-11-09 02:45:00,3.2,100860.0,291.35,0.15
2015-11-09 03:00:00,3.2,100835.0,291.1,0.15
2015-11-09 03:15:00,3.2,100840.0,291.15,0.15
2015-11-09 03:30:00,3.45,100845.0,290.85,0.15
2015-11-09 03:45:00,3.3,100870.0,290.75,0.15
2015-11-09 04:00:00,3.65,100885.0,290.5,0.15
2015-11-09 04:15:00,3.9,100910.0,290.45,0.15
2015-11-09 04:30:00,3.55,100915.0,290.45,0.15
2015-11-09 04:45:00,3.8,100920.0,290.45,0.15
2015-11-09 05:00:00,4.25,100935.0,290.29999999999995,0.15
2015-11-09 05:15:00,3.7,100950.0,290.45,0.15
2015-11-09 05:30:00,3.8,100955.0,290.1,0.15
2015-11-09 05:45:00,4.2,100970.0,289.85,0.15
2015-11-09 06:00:00,4.5,100975.0,289.9,0.15
2015-11-09 06:15:00,4.1,100980.0,289.65,0.15
2015-11-09 06:30:00,4.9,101015.0,289.75,0.15
2015-11-09 06:45:00,3.8,101030.0,289.75,0.15
2015-11-09 07:00:00,3.05,101040.0,289.25,0.15
2015-11-09 07:15:00,3.9,101030.0,289.35,0.15
2015-11-09 07:30:00,4.949999999999999,101040.0,289.35,0.15
2015-11-09 07:45:00,5.2,101070.0,289.25,0.15
2015-11-09 08:00:00,4.25,101105.0,289.45,0.15
2015-11-09 08:15:00,4.4,101130.0,289.35,0.15
2015-11-09 08:30:00,4.199999999999999,101165.0,289.54999999999995,0.15
2015-11-09 08:45:00,3.0,101170.0,289.85,0.15
2015-11-09 09:00:00,4.9,101180.0,290.25,0.15
2015-11-09 09:15:00,7.9,101170.0,289.75,0.15
2015-11-09 09:30:00,7.55,101185.0,290.5,0.15
2015-11-09 09:45:00,7.1,101200.0,290.15,0.15
2015-11-09 10:00:00,7.449999999999999,101225.0,289.6,0.15
2015-11-09 10:15:00,6.7,101220.0,289.65,0.15
2015-11-09 10:30:00,5.9,101225.0,289.7,0.15
2015-11-09 10:45:00,5.9,101220.0,289.54999999999995,0.15
2015-11-09 11:00:00,5.05,101220.0,289.6,0.15
2015-11-09 11:15:00,5.2,101230.0,289.35,0.15
2015-11-09 11:30:00,6.199999999999999,101230.0,289.25,0.15
2015-11-09 11:45:00,5.1,101240.0,289.25,0.15
2015-11-09 12:00:00,6.45,101220.0,289.2,0.15
2015-11-09 12:15:00,5.8,101230.0,289.15,0.15
2015-11-09 12:30:00,5.65,101235.0,289.04999999999995,0.15
2015-11-09 12:45:00,4.2,101260.0,289.15,0.15
2015-11-09 13:00:00,5.75,101270.0,289.35,0.15
2015-11-09 13:15:00,6.3,101280.0,289.35,0.15
2015-11-09 13:30:00,6.300000000000001,101275.0,289.29999999999995,0.15
2015-11-09 13:45:00,6.2,101240.0,289.54999999999995,0.15
2015-11-09 14:00:00,5.199999999999999,101230.0,289.2,0.15
2015-11-09 14:15:00,5.0,101240.0,289.15,0.15
2015-11-09 14:30:00,5.0,101270.0,289.15,0.15
2015-11-09 14:45:00,4.8,101270.0,289.04999999999995,0.15
2015-11-09 15:00:00,3.9,101290.0,288.9,0.15
2015-11-09 15:15:00,4.2,101310.0,288.85,0.15
2015-11-09 15:30:00,4.5,101320.0,288.75,0.15
2015-11-09 15:45:00,4.0,101320.0,288.85,0.15
2015-11-09 16:00:00,3.25,101310.0,288.5,0.15
2015-11-09 16:15:00,2.8,101310.0,288.25,0.15
2015-11-09 16:30:00,3.0,101305.0,288.04999999999995,0.15
2015-11-09 16:45:00,3.0,101290.0,288.04999999999995,0.15
2015-11-09 17:00:00,2.4,101280.0,287.9,0.15
2015-11-09 17:15:00,3.6,101300.0,288.04999999999995,0.15
2015-11-09 17:30:00,2.85,101295.0,287.9,0.15
2015-11-09 17:45:00,3.0,101290.0,287.95,0.15
2015-11-09 18:00:00,2.55,101295.0,287.45,0.15
2015-11-09 18:15:00,2.3,101300.0,286.65,0.15
2015-11-09 18:30:00,1.55,101285.0,286.85,0.15
2015-11-09 18:45:00,1.9,101290.0,287.25,0.15
2015-11-09 19:00:00,2.75,101290.0,287.95,0.15
2015-11-09 19:15:00,2.2,101300.0,287.85,0.15
2015-11-09 19:30:00,1.95,101305.0,287.85,0.15
2015-11-09 19:45:00,2.2,101300.0,288.04999999999995,0.15
2015-11-09 20:00:00,2.85,101270.0,288.15,0.15
2015-11-09 20:15:00,3.6,101270.0,288.15,0.15
2015-11-09 20:30:00,3.95,101270.0,288.2,0.15
2015-11-09 20:45:00,3.4,101260.0,288.15,0.15
2015-11-09 21:00:00,3.9,101265.0,288.15,0.15
2015-11-09 21:15:00,3.8,101280.0,288.25,0.15
2015-11-09 21:30:00,4.15,101265.0,288.29999999999995,0.15
2015-11-09 21:45:00,3.5,101260.0,288.45,0.15
2015-11-09 22:00:00,3.55,101255.0,288.79999999999995,0.15
2015-11-09 22:15:00,3.4,101240.0,288.75,0.15
2015-11-09 22:30:00,3.6,101230.0,289.0,0.15
2015-11-09 22:45:00,3.4,101230.0,289.04999999999995,0.15
2015-11-09 23:00:00,3.4000000000000004,101240.0,289.2,0.15
2015-11-09 23:15:00,3.7,101230.0,289.25,0.15
2015-11-09 23:30:00,3.3,101225.0,289.2,0.15
2015-11-09 23:45:00,2.9,101220.0,289.35,0.15
2015-11-10 00:00:00,2.35,101215.0,289.1,0.15
2015-11-10 00:15:00,2.7,101210.0,289.04999999999995,0.15
2015-11-10 00:30:00,3.0,101200.0,288.95,0.15
2015-11-10 00:45:00,2.5,101210.0,289.04999999999995,0.15
2015-11-10 01:00:00,2.45,101215.0,288.9,0.15
2015-11-10 01:15:00,2.2,101210.0,289.15,0.15
2015-11-10 01:30:00,2.3,101215.0,289.1,0.15
2015-11-10 01:45:00,1.4,101240.0,288.95,0.15
2015-11-10 02:00:00,2.85,101230.0,289.1,0.15
2015-11-10 02:15:00,2.2,101220.0,289.04999999999995,0.15
2015-11-10 02:30:00,3.6,101215.0,289.04999999999995,0.15
2015-11-10 02:45:00,4.1,101220.0,289.15,0.15
2015-11-10 03:00:00,3.7,101215.0,289.1,0.15
2015-11-10 03:15:00,2.8,101210.0,288.65,0.15
2015-11-10 03:30:00,2.55,101195.0,288.79999999999995,0.15
2015-11-10 03:45:00,2.7,101180.0,288.54999999999995,0.15
2015-11-10 04:00:00,2.9,101195.0,288.04999999999995,0.15
2015-11-10 04:15:00,3.0,101190.0,287.65,0.15
2015-11-10 04:30:00,2.25,101195.0,287.95,0.15
2015-11-10 04:45:00,1.6,101180.0,287.75,0.15
2015-11-10 05:00:00,1.25,101180.0,288.04999999999995,0.15
2015-11-10 05:15:00,0.9,101180.0,288.04999999999995,0.15
2015-11-10 05:30:00,2.15,101170.0,287.9,0.15
2015-11-10 05:45:00,2.3,101170.0,288.35,0.15
2015-11-10 06:00:00,2.15,101170.0,288.54999999999995,0.15
2015-11-10 06:15:00,3.1,101170.0,288.65,0.15
2015-11-10 06:30:00,3.75,101195.0,288.65,0.15
2015-11-10 06:45:00,3.2,101220.0,288.65,0.15
2015-11-10 07:00:00,3.35,101225.0,288.6,0.15
2015-11-10 07:15:00,3.0,101240.0,288.45,0.15
2015-11-10 07:30:00,3.65,101245.0,288.5,0.15
2015-11-10 07:45:00,3.7,101250.0,288.54999999999995,0.15
2015-11-10 08:00:00,2.6,101280.0,288.5,0.15
2015-11-10 08:15:00,2.0,101300.0,288.45,0.15
2015-11-10 08:30:00,2.25,101285.0,288.5,0.15
2015-11-10 08:45:00,2.6,101280.0,288.65,0.15
2015-11-10 09:00:00,2.0,101285.0,288.85,0.15
2015-11-10 09:15:00,2.6,101280.0,289.04999999999995,0.15
2015-11-10 09:30:00,2.4,101275.0,289.25,0.15
2015-11-10 09:45:00,1.3,101280.0,289.35,0.15
2015-11-10 10:00:00,1.2999999999999998,101290.0,289.4,0.15
2015-11-10 10:15:00,1.6,101290.0,289.15,0.15
2015-11-10 10:30:00,1.85,101290.0,288.95,0.15
2015-11-10 10:45:00,1.9,101290.0,288.85,0.15
2015-11-10 11:00:00,2.85,101305.0,288.85,0.15
2015-11-10 11:15:00,2.4,101300.0,288.65,0.15
2015-11-10 11:30:00,2.5,101295.0,288.6,0.15
2015-11-10 11:45:00,2.1,101270.0,288.85,0.15
2015-11-10 12:00:00,1.4,101260.0,288.9,0.15
2015-11-10 12:15:00,1.3,101260.0,288.95,0.15
2015-11-10 12:30:00,1.15,101250.0,288.85,0.15
2015-11-10 12:45:00,0.2,101250.0,288.95,0.15
2015-11-10 13:00:00,0.6,101240.0,289.04999999999995,0.15
2015-11-10 13:15:00,0.8,101230.0,288.85,0.15
2015-11-10 13:30:00,1.25,101230.0,289.25,0.15
2015-11-10 13:45:00,3.6,101220.0,289.65,0.15
2015-11-10 14:00:00,3.3,101215.0,289.79999999999995,0.15
2015-11-10 14:15:00,4.2,101230.0,289.65,0.15
2015-11-10 14:30:00,3.8,101230.0,289.5,0.15
2015-11-10 14:45:00,3.5,101240.0,289.25,0.15
2015-11-10 15:00:00,2.25,101230.0,289.25,0.15
2015-11-10 15:15:00,2.7,101220.0,289.35,0.15
2015-11-10 15:30:00,3.0,101220.0,289.25,0.15
2015-11-10 15:45:00,3.0,101210.0,289.25,0.15
2015-11-10 16:00:00,2.3,101220.0,289.29999999999995,0.15
2015-11-10 16:15:00,2.6,101210.0,289.35,0.15
2015-11-10 16:30:00,4.0,101205.0,289.35,0.15
2015-11-10 16:45:00,4.9,101200.0,289.15,0.15
2015-11-10 17:00:00,4.550000000000001,101220.0,289.2,0.15
2015-11-10 17:15:00,3.3,101220.0,289.15,0.15
2015-11-10 17:30:00,2.75,101235.0,289.0,0.15
2015-11-10 17:45:00,2.4,101250.0,288.95,0.15
2015-11-10 18:00:00,2.25,101265.0,288.95,0.15
2015-11-10 18:15:00,2.5,101280.0,288.95,0.15
2015-11-10 18:30:00,3.05,101260.0,288.95,0.15
2015-11-10 18:45:00,4.1,101260.0,288.95,0.15
2015-11-10 19:00:00,4.15,101255.0,288.9,0.15
2015-11-10 19:15:00,4.0,101280.0,288.75,0.15
2015-11-10 19:30:00,4.2,101275.0,288.7,0.15
2015-11-10 19:45:00,4.8,101290.0,288.65,0.15
2015-11-10 20:00:00,4.05,101300.0,288.54999999999995,0.15
2015-11-10 20:15:00,3.5,101290.0,288.45,0.15
2015-11-10 20:30:00,2.85,101305.0,288.45,0.15
2015-11-10 20:45:00,2.2,101310.0,288.45,0.15
2015-11-10 21:00:00,2.2,101300.0,288.5,0.15
2015-11-10 21:15:00,2.8,101300.0,288.45,0.15
2015-11-10 21:30:00,2.4,101300.0,288.4,0.15
2015-11-10 21:45:00,2.3,101330.0,288.35,0.15
2015-11-10 22:00:00,1.8,101330.0,288.35,0.15
2015-11-10 22:15:00,2.2,101320.0,288.15,0.15
2015-11-10 22:30:00,2.75,101315.0,288.0,0.15
2015-11-10 22:45:00,2.4,101320.0,288.15,0.15
2015-11-10 23:00:00,2.45,101325.0,288.04999999999995,0.15
2015-11-10 23:15:00,3.1,101320.0,288.25,0.15
2015-11-10 23:30:00,3.75,101325.0,288.15,0.15
2015-11-10 23:45:00,2.9,101320.0,288.04999999999995,0.15
2015-11-11 00:00:00,2.5,101320.0,287.79999999999995,0.15
2015-11-11 00:15:00,2.4,101340.0,287.54999999999995,0.15
2015-11-11 00:30:00,1.35,101325.0,287.2,0.15
2015-11-11 00:45:00,2.1,101330.0,286.75,0.15
2015-11-11 01:00:00,1.5,101330.0,286.1,0.15
2015-11-11 01:15:00,0.8,101330.0,286.25,0.15
2015-11-11 01:30:00,0.75,101325.0,286.85,0.15
2015-11-11 01:45:00,0.5,101290.0,286.35,0.15
2015-11-11 02:00:00,0.35,101305.0,286.1,0.15
2015-11-11 02:15:00,0.4,101280.0,285.65,0.15
2015-11-11 02:30:00,0.2,101270.0,285.7,0.15
2015-11-11 02:45:00,0.2,101260.0,285.25,0.15
2015-11-11 03:00:00,1.05,101260.0,285.7,0.15
2015-11-11 03:15:00,0.7,101260.0,285.54999999999995,0.15
2015-11-11 03:30:00,0.65,101265.0,285.04999999999995,0.15
2015-11-11 03:45:00,1.5,101290.0,285.54999999999995,0.15
2015-11-11 04:00:00,0.8,101285.0,285.7,0.15
2015-11-11 04:15:00,0.7,101280.0,285.95,0.15
2015-11-11 04:30:00,0.9,101275.0,285.9,0.15
2015-11-11 04:45:00,1.0,101290.0,285.75,0.15
2015-11-11 05:00:00,1.5499999999999998,101310.0,285.85,0.15
2015-11-11 05:15:00,2.3,101330.0,286.25,0.15
2015-11-11 05:30:00,3.1,101330.0,286.1,0.15
2015-11-11 05:45:00,2.8,101320.0,285.45,0.15
2015-11-11 06:00:00,2.3,101330.0,285.45,0.15
2015-11-11 06:15:00,2.7,101330.0,284.95,0.15
2015-11-11 06:30:00,2.6,101350.0,285.35,0.15
2015-11-11 06:45:00,2.2,101350.0,284.65,0.15
2015-11-11 07:00:00,2.1,101365.0,284.35,0.15
2015-11-11 07:15:00,1.8,101380.0,284.65,0.15
2015-11-11 07:30:00,1.75,101395.0,284.79999999999995,0.15
2015-11-11 07:45:00,2.0,101400.0,284.95,0.15
2015-11-11 08:00:00,2.75,101415.0,285.25,0.15
2015-11-11 08:15:00,3.4,101440.0,285.54999999999995,0.15
2015-11-11 08:30:00,3.05,101435.0,285.79999999999995,0.15
2015-11-11 08:45:00,3.1,101440.0,285.85,0.15
2015-11-11 09:00:00,3.3,101450.0,285.54999999999995,0.15
2015-11-11 09:15:00,3.3,101450.0,285.75,0.15
2015-11-11 09:30:00,3.35,101450.0,285.9,0.15
2015-11-11 09:45:00,3.7,101450.0,286.04999999999995,0.15
2015-11-11 10:00:00,3.4,101460.0,285.95,0.15
2015-11-11 10:15:00,3.2,101460.0,285.95,0.15
2015-11-11 10:30:00,3.25,101455.0,285.95,0.15
2015-11-11 10:45:00,3.1,101460.0,286.04999999999995,0.15
2015-11-11 11:00:00,3.6,101460.0,286.15,0.15
2015-11-11 11:15:00,3.7,101460.0,286.04999999999995,0.15
2015-11-11 11:30:00,3.85,101445.0,286.1,0.15
2015-11-11 11:45:00,3.5,101420.0,286.15,0.15
2015-11-11 12:00:00,3.4000000000000004,101410.0,286.35,0.15
2015-11-11 12:15:00,4.7,101380.0,286.45,0.15
2015-11-11 12:30:00,4.0,101385.0,286.29999999999995,0.15
2015-11-11 12:45:00,3.4,101370.0,286.65,0.15
2015-11-11 13:00:00,4.2,101360.0,286.54999999999995,0.15
2015-11-11 13:15:00,3.4,101340.0,286.65,0.15
2015-11-11 13:30:00,3.05,101325.0,286.6,0.15
2015-11-11 13:45:00,3.6,101310.0,286.65,0.15
2015-11-11 14:00:00,3.55,101300.0,286.79999999999995,0.15
2015-11-11 14:15:00,3.3,101290.0,286.85,0.15
2015-11-11 14:30:00,3.55,101285.0,286.75,0.15
2015-11-11 14:45:00,3.2,101280.0,286.75,0.15
2015-11-11 15:00:00,2.85,101280.0,286.7,0.15
2015-11-11 15:15:00,2.7,101280.0,286.54999999999995,0.15
2015-11-11 15:30:00,2.7,101275.0,286.4,0.15
2015-11-11 15:45:00,2.9,101280.0,286.04999999999995,0.15
2015-11-11 16:00:00,3.2,101250.0,285.15,0.15
2015-11-11 16:15:00,2.4,101240.0,284.25,0.15
2015-11-11 16:30:00,2.95,101255.0,284.35,0.15
2015-11-11 16:45:00,2.1,101270.0,285.25,0.15
2015-11-11 17:00:00,2.65,101280.0,285.2,0.15
2015-11-11 17:15:00,3.4,101300.0,285.45,0.15
2015-11-11 17:30:00,3.3,101295.0,285.54999999999995,0.15
2015-11-11 17:45:00,3.2,101290.0,285.54999999999995,0.15
2015-11-11 18:00:00,2.6,101290.0,285.5,0.15
2015-11-11 18:15:00,2.4,101300.0,285.45,0.15
2015-11-11 18:30:00,3.1500000000000004,101310.0,285.45,0.15
2015-11-11 18:45:00,4.1,101300.0,285.45,0.15
2015-11-11 19:00:00,3.65,101300.0,285.79999999999995,0.15
2015-11-11 19:15:00,3.1,101300.0,285.75,0.15
2015-11-11 19:30:00,2.9,101295.0,285.7,0.15
2015-11-11 19:45:00,3.1,101290.0,285.45,0.15
2015-11-11 20:00:00,3.4,101300.0,285.6,0.15
2015-11-11 20:15:00,2.7,101290.0,285.45,0.15
2015-11-11 20:30:00,2.95,101295.0,285.4,0.15
2015-11-11 20:45:00,3.0,101290.0,285.45,0.15
2015-11-11 21:00:00,3.1,101300.0,285.54999999999995,0.15
2015-11-11 21:15:00,2.8,101290.0,285.65,0.15
2015-11-11 21:30:00,2.7,101290.0,285.79999999999995,0.15
2015-11-11 21:45:00,2.0,101280.0,285.85,0.15
2015-11-11 22:00:00,2.35,101290.0,286.0,0.15
2015-11-11 22:15:00,2.3,101280.0,286.15,0.15
2015-11-11 22:30:00,1.65,101290.0,286.15,0.15
2015-11-11 22:45:00,2.5,101300.0,286.25,0.15
2015-11-11 23:00:00,2.3,101280.0,286.04999999999995,0.15
2015-11-11 23:15:00,2.3,101280.0,285.95,0.15
2015-11-11 23:30:00,2.75,101275.0,285.75,0.15
2015-11-11 23:45:00,3.0,101260.0,285.75,0.15
2015-11-12 00:00:00,3.1,101260.0,285.75,0.15
2015-11-12 00:15:00,3.1,101270.0,285.85,0.15
2015-11-12 00:30:00,3.0,101270.0,285.85,0.15
2015-11-12 00:45:00,2.4,101260.0,285.85,0.15
2015-11-12 01:00:00,2.0,101275.0,285.9,0.15
2015-11-12 01:15:00,2.1,101300.0,285.65,0.15
2015-11-12 01:30:00,2.1500000000000004,101320.0,285.04999999999995,0.15
2015-11-12 01:45:00,2.1,101320.0,285.04999999999995,0.15
2015-11-12 02:00:00,1.9,101320.0,285.04999999999995,0.15
2015-11-12 02:15:00,2.0,101310.0,285.15,0.15
2015-11-12 02:30:00,2.3,101315.0,285.5,0.15
2015-11-12 02:45:00,2.6,101300.0,285.35,0.15
2015-11-12 03:00:00,2.85,101305.0,285.75,0.15
2015-11-12 03:15:00,2.6,101300.0,285.65,0.15
2015-11-12 03:30:00,1.75,101310.0,285.95,0.15
2015-11-12 03:45:00,1.3,101310.0,285.54999999999995,0.15
2015-11-12 04:00:00,1.4,101320.0,284.79999999999995,0.15
2015-11-12 04:15:00,1.9,101320.0,284.75,0.15
2015-11-12 04:30:00,2.05,101330.0,284.95,0.15
2015-11-12 04:45:00,1.9,101340.0,285.75,0.15
2015-11-12 05:00:00,1.85,101335.0,285.85,0.15
2015-11-12 05:15:00,2.4,101330.0,286.35,0.15
2015-11-12 05:30:00,1.7,101345.0,286.04999999999995,0.15
2015-11-12 05:45:00,1.9,101350.0,286.25,0.15
2015-11-12 06:00:00,2.25,101350.0,286.0,0.15
2015-11-12 06:15:00,2.0,101350.0,285.85,0.15
2015-11-12 06:30:00,1.75,101355.0,285.85,0.15
2015-11-12 06:45:00,2.4,101380.0,285.25,0.15
2015-11-12 07:00:00,2.6500000000000004,101380.0,285.4,0.15
2015-11-12 07:15:00,2.3,101410.0,285.65,0.15
2015-11-12 07:30:00,2.4,101425.0,285.75,0.15
2015-11-12 07:45:00,2.3,101430.0,285.95,0.15
2015-11-12 08:00:00,2.45,101450.0,286.29999999999995,0.15
2015-11-12 08:15:00,2.6,101460.0,286.54999999999995,0.15
2015-11-12 08:30:00,2.3,101475.0,286.7,0.15
2015-11-12 08:45:00,2.6,101470.0,286.65,0.15
2015-11-12 09:00:00,2.45,101490.0,286.65,0.15
2015-11-12 09:15:00,2.1,101490.0,287.25,0.15
2015-11-12 09:30:00,2.8,101490.0,288.04999999999995,0.15
2015-11-12 09:45:00,3.0,101500.0,288.85,0.15
2015-11-12 10:00:00,3.1,101510.0,289.29999999999995,0.15
2015-11-12 10:15:00,3.3,101510.0,289.54999999999995,0.15
2015-11-12 10:30:00,3.25,101485.0,289.4,0.15
2015-11-12 10:45:00,3.3,101480.0,289.04999999999995,0.15
2015-11-12 11:00:00,2.9000000000000004,101470.0,288.85,0.15
2015-11-12 11:15:00,2.6,101470.0,288.75,0.15
2015-11-12 11:30:00,2.35,101460.0,289.25,0.15
2015-11-12 11:45:00,2.4,101450.0,289.25,0.15
2015-11-12 12:00:00,1.95,101440.0,289.25,0.15
2015-11-12 12:15:00,2.3,101440.0,289.15,0.15
2015-11-12 12:30:00,1.9,101425.0,289.0,0.15
2015-11-12 12:45:00,1.7,101410.0,289.04999999999995,0.15
2015-11-12 13:00:00,1.3,101400.0,289.2,0.15
2015-11-12 13:15:00,0.7,101400.0,289.15,0.15
2015-11-12 13:30:00,0.55,101400.0,289.15,0.15
2015-11-12 13:45:00,1.2,101400.0,289.25,0.15
2015-11-12 14:00:00,2.6500000000000004,101390.0,289.1,0.15
2015-11-12 14:15:00,2.2,101380.0,288.85,0.15
2015-11-12 14:30:00,1.4500000000000002,101385.0,288.95,0.15
2015-11-12 14:45:00,1.7,101370.0,288.95,0.15
2015-11-12 15:00:00,1.35,101355.0,288.75,0.15
2015-11-12 15:15:00,1.7,101350.0,288.25,0.15
2015-11-12 15:30:00,1.6,101340.0,288.54999999999995,0.15
2015-11-12 15:45:00,1.4,101330.0,288.25,0.15
2015-11-12 16:00:00,1.6,101325.0,287.6,0.15
2015-11-12 16:15:00,1.1,101310.0,287.54999999999995,0.15
2015-11-12 16:30:00,1.9,101300.0,287.04999999999995,0.15
2015-11-12 16:45:00,2.2,101290.0,286.75,0.15
2015-11-12 17:00:00,2.3,101290.0,286.9,0.15
2015-11-12 17:15:00,2.2,101290.0,286.95,0.15
2015-11-12 17:30:00,2.35,101285.0,286.35,0.15
2015-11-12 17:45:00,2.6,101280.0,286.45,0.15
2015-11-12 18:00:00,2.3,101275.0,286.54999999999995,0.15
2015-11-12 18:15:00,2.6,101270.0,285.54999999999995,0.15
2015-11-12 18:30:00,3.0,101260.0,285.45,0.15
2015-11-12 18:45:00,2.8,101260.0,285.04999999999995,0.15
2015-11-12 19:00:00,2.85,101255.0,285.65,0.15
2015-11-12 19:15:00,2.7,101240.0,285.65,0.15
2015-11-12 19:30:00,2.45,101235.0,285.9,0.15
2015-11-12 19:45:00,2.5,101220.0,286.04999999999995,0.15
2015-11-12 20:00:00,2.4,101210.0,286.0,0.15
2015-11-12 20:15:00,2.6,101210.0,286.25,0.15
2015-11-12 20:30:00,2.5,101200.0,286.35,0.15
2015-11-12 20:45:00,2.3,101190.0,286.45,0.15
2015-11-12 21:00:00,2.5,101175.0,286.2,0.15
2015-11-12 21:15:00,3.0,101170.0,286.25,0.15
2015-11-12 21:30:00,2.6,101165.0,286.0,0.15
2015-11-12 21:45:00,2.8,101150.0,286.35,0.15
2015-11-12 22:00:00,1.9,101150.0,286.0,0.15
2015-11-12 22:15:00,2.0,101140.0,285.95,0.15
2015-11-12 22:30:00,2.8,101125.0,285.95,0.15
2015-11-12 22:45:00,3.2,101130.0,286.04999999999995,0.15
2015-11-12 23:00:00,3.5,101125.0,286.15,0.15
2015-11-12 23:15:00,3.9,101110.0,286.45,0.15
2015-11-12 23:30:00,3.9,101100.0,286.7,0.15
2015-11-12 23:45:00,3.7,101100.0,286.65,0.15
2015-11-13 00:00:00,3.8,101090.0,286.75,0.15
2015-11-13 00:15:00,4.1,101080.0,286.75,0.15
2015-11-13 00:30:00,3.65,101070.0,286.75,0.15
2015-11-13 00:45:00,3.6,101050.0,286.65,0.15
2015-11-13 01:00:00,3.1500000000000004,101045.0,286.54999999999995,0.15
2015-11-13 01:15:00,2.5,101050.0,286.45,0.15
2015-11-13 01:30:00,3.4000000000000004,101045.0,286.4,0.15
2015-11-13 01:45:00,3.3,101040.0,286.15,0.15
2015-11-13 02:00:00,2.65,101040.0,286.1,0.15
2015-11-13 02:15:00,3.0,101040.0,286.25,0.15
2015-11-13 02:30:00,3.25,101030.0,286.29999999999995,0.15
2015-11-13 02:45:00,3.6,101010.0,286.35,0.15
2015-11-13 03:00:00,4.0,101010.0,286.25,0.15
2015-11-13 03:15:00,3.7,101010.0,286.25,0.15
2015-11-13 03:30:00,3.7,101000.0,286.35,0.15
2015-11-13 03:45:00,3.6,100990.0,285.65,0.15
2015-11-13 04:00:00,3.2,100985.0,285.9,0.15
2015-11-13 04:15:00,3.7,100980.0,285.65,0.15
2015-11-13 04:30:00,3.55,100975.0,286.6,0.15
2015-11-13 04:45:00,3.6,100980.0,286.95,0.15
2015-11-13 05:00:00,3.5,100985.0,287.04999999999995,0.15
2015-11-13 05:15:00,3.8,100980.0,287.25,0.15
2015-11-13 05:30:00,3.9,100980.0,287.29999999999995,0.15
2015-11-13 05:45:00,4.0,100970.0,287.15,0.15
2015-11-13 06:00:00,3.65,100975.0,287.0,0.15
2015-11-13 06:15:00,3.9,100980.0,287.04999999999995,0.15
2015-11-13 06:30:00,3.8,100970.0,287.04999999999995,0.15
2015-11-13 06:45:00,3.7,100980.0,286.85,0.15
2015-11-13 07:00:00,3.3,100980.0,286.95,0.15
2015-11-13 07:15:00,3.2,100990.0,287.04999999999995,0.15
2015-11-13 07:30:00,2.75,101025.0,287.04999999999995,0.15
2015-11-13 07:45:00,2.6,101040.0,287.04999999999995,0.15
2015-11-13 08:00:00,2.3,101045.0,286.95,0.15
2015-11-13 08:15:00,2.1,101060.0,287.15,0.15
2015-11-13 08:30:00,3.1,101075.0,287.25,0.15
2015-11-13 08:45:00,2.9,101070.0,287.35,0.15
2015-11-13 09:00:00,2.75,101070.0,287.5,0.15
2015-11-13 09:15:00,3.8,101070.0,287.45,0.15
2015-11-13 09:30:00,3.7,101065.0,287.4,0.15
2015-11-13 09:45:00,4.0,101070.0,287.45,0.15
2015-11-13 10:00:00,3.9,101070.0,287.9,0.15
2015-11-13 10:15:00,2.8,101090.0,287.75,0.15
2015-11-13 10:30:00,3.8,101085.0,287.29999999999995,0.15
2015-11-13 10:45:00,3.1,101080.0,286.54999999999995,0.15
2015-11-13 11:00:00,2.7,101080.0,286.4,0.15
2015-11-13 11:15:00,2.4,101070.0,286.35,0.15
2015-11-13 11:30:00,3.25,101080.0,286.25,0.15
2015-11-13 11:45:00,3.5,101090.0,285.85,0.15
2015-11-13 12:00:00,2.4000000000000004,101080.0,285.65,0.15
2015-11-13 12:15:00,2.5,101060.0,286.04999999999995,0.15
2015-11-13 12:30:00,3.0,101070.0,285.9,0.15
2015-11-13 12:45:00,3.0,101060.0,285.75,0.15
2015-11-13 13:00:00,2.35,101045.0,285.79999999999995,0.15
2015-11-13 13:15:00,2.0,101030.0,285.75,0.15
2015-11-13 13:30:00,1.6,101020.0,285.85,0.15
2015-11-13 13:45:00,2.1,101000.0,285.85,0.15
2015-11-13 14:00:00,3.25,100985.0,285.79999999999995,0.15
2015-11-13 14:15:00,3.0,100980.0,285.75,0.15
2015-11-13 14:30:00,2.5,100965.0,285.65,0.15
2015-11-13 14:45:00,2.8,100960.0,285.65,0.15
2015-11-13 15:00:00,3.45,100960.0,285.6,0.15
2015-11-13 15:15:00,2.4,100950.0,285.15,0.15
2015-11-13 15:30:00,2.65,100965.0,285.45,0.15
2015-11-13 15:45:00,3.6,100970.0,285.35,0.15
2015-11-13 16:00:00,4.05,100970.0,285.35,0.15
2015-11-13 16:15:00,4.2,100970.0,285.04999999999995,0.15
2015-11-13 16:30:00,4.1,100965.0,285.0,0.15
2015-11-13 16:45:00,4.7,100980.0,284.75,0.15
2015-11-13 17:00:00,4.5,100970.0,285.25,0.15
2015-11-13 17:15:00,4.3,100980.0,285.75,0.15
2015-11-13 17:30:00,5.1,101000.0,285.75,0.15
2015-11-13 17:45:00,7.8,101100.0,283.65,0.15
2015-11-13 18:00:00,7.25,101125.0,283.4,0.15
2015-11-13 18:15:00,8.1,101130.0,283.15,0.15
2015-11-13 18:30:00,7.1,101110.0,283.29999999999995,0.15
2015-11-13 18:45:00,5.9,101130.0,283.04999999999995,0.15
2015-11-13 19:00:00,5.55,101150.0,283.25,0.15
2015-11-13 19:15:00,4.9,101180.0,283.45,0.15
2015-11-13 19:30:00,5.300000000000001,101190.0,283.29999999999995,0.15
2015-11-13 19:45:00,4.9,101190.0,283.04999999999995,0.15
2015-11-13 20:00:00,5.4,101220.0,282.9,0.15
2015-11-13 20:15:00,6.2,101240.0,282.85,0.15
2015-11-13 20:30:00,5.35,101250.0,283.15,0.15
2015-11-13 20:45:00,5.2,101250.0,282.85,0.15
2015-11-13 21:00:00,5.25,101265.0,282.7,0.15
2015-11-13 21:15:00,3.9,101270.0,282.25,0.15
2015-11-13 21:30:00,4.2,101285.0,282.1,0.15
2015-11-13 21:45:00,4.4,101310.0,282.25,0.15
2015-11-13 22:00:00,4.35,101310.0,282.4,0.15
2015-11-13 22:15:00,4.3,101330.0,282.15,0.15
2015-11-13 22:30:00,4.9,101350.0,282.45,0.15
2015-11-13 22:45:00,5.7,101370.0,282.45,0.15
2015-11-13 23:00:00,5.15,101400.0,282.2,0.15
2015-11-13 23:15:00,5.4,101430.0,282.35,0.15
2015-11-13 23:30:00,5.15,101445.0,282.0,0.15
2015-11-13 23:45:00,5.1,101460.0,281.95,0.15
2015-11-14 00:00:00,4.45,101475.0,281.79999999999995,0.15
2015-11-14 00:15:00,4.3,101480.0,281.85,0.15
2015-11-14 00:30:00,3.8,101495.0,281.54999999999995,0.15
2015-11-14 00:45:00,3.1,101510.0,281.15,0.15
2015-11-14 01:00:00,3.7,101510.0,281.29999999999995,0.15
2015-11-14 01:15:00,4.5,101510.0,281.15,0.15
2015-11-14 01:30:00,3.95,101500.0,281.04999999999995,0.15
2015-11-14 01:45:00,4.2,101490.0,281.25,0.15
2015-11-14 02:00:00,4.2,101490.0,281.04999999999995,0.15
2015-11-14 02:15:00,3.7,101470.0,280.85,0.15
2015-11-14 02:30:00,3.15,101465.0,280.75,0.15
2015-11-14 02:45:00,2.7,101460.0,280.35,0.15
2015-11-14 03:00:00,3.25,101455.0,280.54999999999995,0.15
2015-11-14 03:15:00,3.1,101430.0,280.25,0.15
2015-11-14 03:30:00,4.1,101425.0,281.0,0.15
2015-11-14 03:45:00,4.7,101430.0,280.95,0.15
2015-11-14 04:00:00,5.0,101435.0,281.25,0.15
2015-11-14 04:15:00,4.8,101440.0,281.54999999999995,0.15
2015-11-14 04:30:00,4.25,101440.0,281.5,0.15
2015-11-14 04:45:00,3.8,101430.0,281.65,0.15
2015-11-14 05:00:00,3.9,101415.0,281.65,0.15
2015-11-14 05:15:00,3.9,101400.0,281.65,0.15
2015-11-14 05:30:00,3.7,101415.0,281.79999999999995,0.15
2015-11-14 05:45:00,4.3,101420.0,281.75,0.15
2015-11-14 06:00:00,4.05,101435.0,282.15,0.15
2015-11-14 06:15:00,4.4,101450.0,282.25,0.15
2015-11-14 06:30:00,6.3,101455.0,282.45,0.15
2015-11-14 06:45:00,6.9,101440.0,282.54999999999995,0.15
2015-11-14 07:00:00,6.35,101485.0,282.45,0.15
2015-11-14 07:15:00,6.2,101510.0,282.45,0.15
2015-11-14 07:30:00,6.35,101515.0,282.5,0.15
2015-11-14 07:45:00,5.5,101510.0,282.54999999999995,0.15
2015-11-14 08:00:00,5.300000000000001,101515.0,282.6,0.15
2015-11-14 08:15:00,6.2,101530.0,282.75,0.15
2015-11-14 08:30:00,5.45,101525.0,282.79999999999995,0.15
2015-11-14 08:45:00,5.0,101530.0,282.95,0.15
2015-11-14 09:00:00,4.95,101545.0,283.54999999999995,0.15
2015-11-14 09:15:00,4.9,101550.0,283.75,0.15
2015-11-14 09:30:00,4.1,101540.0,283.95,0.15
2015-11-14 09:45:00,5.7,101540.0,284.04999999999995,0.15
2015-11-14 10:00:00,6.2,101540.0,284.4,0.15
2015-11-14 10:15:00,6.1,101530.0,284.25,0.15
2015-11-14 10:30:00,5.949999999999999,101525.0,284.25,0.15
2015-11-14 10:45:00,5.9,101520.0,284.45,0.15
2015-11-14 11:00:00,5.6,101505.0,284.45,0.15
2015-11-14 11:15:00,5.8,101500.0,284.45,0.15
2015-11-14 11:30:00,5.45,101470.0,284.6,0.15
2015-11-14 11:45:00,6.3,101450.0,284.54999999999995,0.15
2015-11-14 12:00:00,4.75,101445.0,284.6,0.15
2015-11-14 12:15:00,4.8,101440.0,284.54999999999995,0.15
2015-11-14 12:30:00,4.9,101425.0,284.85,0.15
2015-11-14 12:45:00,5.2,101410.0,284.95,0.15
2015-11-14 13:00:00,4.75,101405.0,285.0,0.15
2015-11-14 13:15:00,6.2,101390.0,285.04999999999995,0.15
2015-11-14 13:30:00,5.75,101370.0,284.9,0.15
2015-11-14 13:45:00,5.1,101360.0,284.85,0.15
2015-11-14 14:00:00,5.4,101345.0,284.75,0.15
2015-11-14 14:15:00,4.8,101330.0,284.45,0.15
2015-11-14 14:30:00,4.75,101320.0,284.15,0.15
2015-11-14 14:45:00,4.0,101310.0,283.75,0.15
2015-11-14 15:00:00,5.300000000000001,101300.0,283.6,0.15
2015-11-14 15:15:00,5.8,101280.0,283.65,0.15
2015-11-14 15:30:00,5.3,101270.0,283.6,0.15
2015-11-14 15:45:00,5.7,101250.0,283.45,0.15
2015-11-14 16:00:00,4.65,101240.0,283.4,0.15
2015-11-14 16:15:00,4.1,101230.0,283.25,0.15
2015-11-14 16:30:00,3.25,101215.0,283.1,0.15
2015-11-14 16:45:00,3.6,101200.0,282.95,0.15
2015-11-14 17:00:00,3.0,101190.0,282.9,0.15
2015-11-14 17:15:00,2.6,101170.0,282.95,0.15
2015-11-14 17:30:00,2.95,101145.0,282.95,0.15
2015-11-14 17:45:00,2.8,101130.0,283.04999999999995,0.15
2015-11-14 18:00:00,3.2,101110.0,283.35,0.15
2015-11-14 18:15:00,3.3,101080.0,283.45,0.15
2015-11-14 18:30:00,3.6,101075.0,283.35,0.15
2015-11-14 18:45:00,4.6,101060.0,283.45,0.15
2015-11-14 19:00:00,4.65,101025.0,283.4,0.15
2015-11-14 19:15:00,4.1,101010.0,283.65,0.15
2015-11-14 19:30:00,4.3,100980.0,283.29999999999995,0.15
2015-11-14 19:45:00,4.0,100940.0,283.15,0.15
2015-11-14 20:00:00,3.65,100900.0,283.0,0.15
2015-11-14 20:15:00,3.2,100870.0,282.75,0.15
2015-11-14 20:30:00,3.5,100855.0,282.95,0.15
2015-11-14 20:45:00,3.4,100840.0,282.95,0.15
2015-11-14 21:00:00,3.25,100815.0,282.75,0.15
2015-11-14 21:15:00,3.4,100790.0,282.45,0.15
2015-11-14 21:30:00,3.2,100755.0,282.1,0.15
2015-11-14 21:45:00,3.1,100720.0,281.75,0.15
2015-11-14 22:00:00,3.3,100690.0,281.7,0.15
2015-11-14 22:15:00,3.7,100670.0,281.75,0.15
2015-11-14 22:30:00,3.4000000000000004,100620.0,281.9,0.15
2015-11-14 22:45:00,3.9,100590.0,282.25,0.15
2015-11-14 23:00:00,3.85,100560.0,282.7,0.15
2015-11-14 23:15:00,4.1,100540.0,283.04999999999995,0.15
2015-11-14 23:30:00,4.6,100515.0,283.65,0.15
2015-11-14 23:45:00,6.1,100490.0,284.04999999999995,0.15
2015-11-15 00:00:00,6.0,100465.0,284.25,0.15
2015-11-15 00:15:00,7.0,100460.0,284.45,0.15
2015-11-15 00:30:00,6.5,100430.0,284.65,0.15
2015-11-15 00:45:00,6.8,100430.0,284.75,0.15
2015-11-15 01:00:00,6.65,100405.0,284.6,0.15
2015-11-15 01:15:00,5.7,100390.0,284.65,0.15
2015-11-15 01:30:00,5.800000000000001,100400.0,284.85,0.15
2015-11-15 01:45:00,4.9,100360.0,284.95,0.15
2015-11-15 02:00:00,5.25,100340.0,284.95,0.15
2015-11-15 02:15:00,5.2,100320.0,285.15,0.15
2015-11-15 02:30:00,5.65,100285.0,285.25,0.15
2015-11-15 02:45:00,5.9,100240.0,284.85,0.15
2015-11-15 03:00:00,4.35,100195.0,284.6,0.15
2015-11-15 03:15:00,4.5,100180.0,284.54999999999995,0.15
2015-11-15 03:30:00,4.6,100165.0,284.95,0.15
2015-11-15 03:45:00,4.6,100150.0,285.54999999999995,0.15
2015-11-15 04:00:00,4.85,100170.0,285.9,0.15
2015-11-15 04:15:00,4.9,100170.0,286.15,0.15
2015-11-15 04:30:00,5.55,100170.0,286.45,0.15
2015-11-15 04:45:00,7.0,100150.0,286.54999999999995,0.15
2015-11-15 05:00:00,7.15,100120.0,286.85,0.15
2015-11-15 05:15:00,6.5,100120.0,286.65,0.15
2015-11-15 05:30:00,6.4,100115.0,287.0,0.15
2015-11-15 05:45:00,6.6,100090.0,287.25,0.15
2015-11-15 06:00:00,7.15,100080.0,287.35,0.15
2015-11-15 06:15:00,6.8,100100.0,287.54999999999995,0.15
2015-11-15 06:30:00,7.0,100090.0,287.45,0.15
2015-11-15 06:45:00,6.6,100100.0,287.54999999999995,0.15
2015-11-15 07:00:00,7.35,100110.0,287.79999999999995,0.15
2015-11-15 07:15:00,7.5,100100.0,287.85,0.15
2015-11-15 07:30:00,7.6,100120.0,287.85,0.15
2015-11-15 07:45:00,7.4,100120.0,287.85,0.15
2015-11-15 08:00:00,8.2,100130.0,288.0,0.15
2015-11-15 08:15:00,7.6,100130.0,288.15,0.15
2015-11-15 08:30:00,7.4,100130.0,288.35,0.15
2015-11-15 08:45:00,8.7,100110.0,288.65,0.15
2015-11-15 09:00:00,7.449999999999999,100130.0,288.6,0.15
2015-11-15 09:15:00,8.2,100110.0,288.85,0.15
2015-11-15 09:30:00,8.4,100120.0,289.15,0.15
2015-11-15 09:45:00,7.7,100120.0,289.35,0.15
2015-11-15 10:00:00,8.65,100130.0,289.45,0.15
2015-11-15 10:15:00,8.5,100100.0,289.65,0.15
2015-11-15 10:30:00,8.1,100110.0,289.9,0.15
2015-11-15 10:45:00,9.4,100090.0,290.15,0.15
2015-11-15 11:00:00,8.75,100095.0,290.25,0.15
2015-11-15 11:15:00,9.1,100090.0,290.15,0.15
2015-11-15 11:30:00,9.35,100130.0,289.9,0.15
2015-11-15 11:45:00,9.5,100130.0,290.04999999999995,0.15
2015-11-15 12:00:00,8.6,100120.0,289.95,0.15
2015-11-15 12:15:00,8.4,100100.0,290.04999999999995,0.15
2015-11-15 12:30:00,7.800000000000001,100100.0,290.2,0.15
2015-11-15 12:45:00,8.0,100110.0,290.15,0.15
2015-11-15 13:00:00,8.8,100075.0,290.1,0.15
2015-11-15 13:15:00,9.1,100100.0,290.15,0.15
2015-11-15 13:30:00,7.75,100080.0,289.95,0.15
2015-11-15 13:45:00,7.1,100070.0,289.95,0.15
2015-11-15 14:00:00,7.05,100095.0,290.0,0.15
2015-11-15 14:15:00,8.3,100110.0,289.95,0.15
2015-11-15 14:30:00,7.65,100115.0,289.79999999999995,0.15
2015-11-15 14:45:00,6.2,100130.0,289.65,0.15
2015-11-15 15:00:00,7.2,100155.0,289.85,0.15
2015-11-15 15:15:00,7.8,100170.0,289.85,0.15
2015-11-15 15:30:00,7.6,100170.0,289.7,0.15
2015-11-15 15:45:00,6.9,100170.0,289.65,0.15
2015-11-15 16:00:00,7.85,100155.0,289.5,0.15
2015-11-15 16:15:00,7.8,100170.0,289.45,0.15
2015-11-15 16:30:00,7.05,100200.0,289.35,0.15
2015-11-15 16:45:00,6.6,100230.0,289.25,0.15
2015-11-15 17:00:00,6.5,100215.0,288.85,0.15
2015-11-15 17:15:00,8.1,100220.0,288.95,0.15
2015-11-15 17:30:00,5.85,100245.0,288.85,0.15
2015-11-15 17:45:00,6.6,100250.0,288.85,0.15
2015-11-15 18:00:00,6.7,100275.0,288.79999999999995,0.15
2015-11-15 18:15:00,6.5,100310.0,288.75,0.15
2015-11-15 18:30:00,5.3,100310.0,288.7,0.15
2015-11-15 18:45:00,5.0,100310.0,288.45,0.15
2015-11-15 19:00:00,4.800000000000001,100335.0,288.45,0.15
2015-11-15 19:15:00,5.2,100350.0,288.54999999999995,0.15
2015-11-15 19:30:00,3.55,100375.0,288.29999999999995,0.15
2015-11-15 19:45:00,3.7,100390.0,287.85,0.15
2015-11-15 20:00:00,3.85,100405.0,287.54999999999995,0.15
2015-11-15 20:15:00,4.4,100410.0,287.65,0.15
2015-11-15 20:30:00,4.05,100425.0,287.5,0.15
2015-11-15 20:45:00,3.4,100440.0,287.25,0.15
2015-11-15 21:00:00,2.6500000000000004,100430.0,287.29999999999995,0.15
2015-11-15 21:15:00,3.0,100440.0,287.15,0.15
2015-11-15 21:30:00,2.95,100440.0,287.2,0.15
2015-11-15 21:45:00,2.2,100440.0,287.25,0.15
2015-11-15 22:00:00,2.3,100445.0,287.2,0.15
2015-11-15 22:15:00,4.2,100450.0,287.25,0.15
2015-11-15 22:30:00,4.4,100460.0,287.25,0.15
2015-11-15 22:45:00,2.7,100470.0,287.25,0.15
2015-11-15 23:00:00,2.8,100480.0,287.25,0.15
2015-11-15 23:15:00,2.9,100480.0,287.15,0.15
2015-11-15 23:30:00,2.3,100465.0,287.2,0.15
2015-11-15 23:45:00,2.2,100460.0,286.95,0.15
2015-11-16 00:00:00,1.9,100445.0,286.95,0.15
2015-11-16 00:15:00,2.0,100440.0,287.04999999999995,0.15
2015-11-16 00:30:00,2.3,100420.0,287.04999999999995,0.15
2015-11-16 00:45:00,2.6,100430.0,287.04999999999995,0.15
2015-11-16 01:00:00,2.55,100425.0,287.29999999999995,0.15
2015-11-16 01:15:00,2.9,100430.0,287.25,0.15
2015-11-16 01:30:00,2.75,100410.0,287.15,0.15
2015-11-16 01:45:00,1.6,100400.0,286.95,0.15
2015-11-16 02:00:00,1.9,100385.0,286.2,0.15
2015-11-16 02:15:00,1.9,100370.0,285.65,0.15
2015-11-16 02:30:00,2.05,100355.0,285.25,0.15
2015-11-16 02:45:00,2.3,100340.0,284.95,0.15
2015-11-16 03:00:00,2.5,100325.0,284.9,0.15
2015-11-16 03:15:00,2.9,100310.0,284.75,0.15
2015-11-16 03:30:00,3.25,100310.0,285.4,0.15
2015-11-16 03:45:00,2.9,100310.0,284.25,0.15
2015-11-16 04:00:00,3.0,100310.0,283.79999999999995,0.15
2015-11-16 04:15:00,2.9,100300.0,283.95,0.15
2015-11-16 04:30:00,2.35,100300.0,283.2,0.15
2015-11-16 04:45:00,2.8,100290.0,282.95,0.15
2015-11-16 05:00:00,2.9,100300.0,284.1,0.15
2015-11-16 05:15:00,2.5,100320.0,284.95,0.15
2015-11-16 05:30:00,2.0,100345.0,284.95,0.15
2015-11-16 05:45:00,2.6,100350.0,285.04999999999995,0.15
2015-11-16 06:00:00,3.5,100340.0,284.95,0.15
2015-11-16 06:15:00,3.5,100350.0,284.95,0.15
2015-11-16 06:30:00,3.45,100350.0,284.95,0.15
2015-11-16 06:45:00,3.5,100360.0,284.85,0.15
2015-11-16 07:00:00,3.45,100370.0,284.85,0.15
2015-11-16 07:15:00,3.3,100370.0,284.75,0.15
2015-11-16 07:30:00,3.2,100370.0,284.9,0.15
2015-11-16 07:45:00,3.5,100370.0,285.04999999999995,0.15
2015-11-16 08:00:00,3.65,100395.0,285.2,0.15
2015-11-16 08:15:00,3.9,100390.0,285.25,0.15
2015-11-16 08:30:00,3.6,100405.0,285.5,0.15
2015-11-16 08:45:00,3.7,100400.0,285.54999999999995,0.15
2015-11-16 09:00:00,3.6,100395.0,285.75,0.15
2015-11-16 09:15:00,4.0,100390.0,285.95,0.15
2015-11-16 09:30:00,3.95,100390.0,286.0,0.15
2015-11-16 09:45:00,3.9,100390.0,286.25,0.15
2015-11-16 10:00:00,3.7,100380.0,286.4,0.15
2015-11-16 10:15:00,3.8,100370.0,286.65,0.15
2015-11-16 10:30:00,4.25,100360.0,286.9,0.15
2015-11-16 10:45:00,3.9,100360.0,287.04999999999995,0.15
2015-11-16 11:00:00,3.7,100340.0,287.1,0.15
2015-11-16 11:15:00,4.4,100310.0,287.45,0.15
2015-11-16 11:30:00,4.55,100300.0,287.45,0.15
2015-11-16 11:45:00,4.5,100300.0,287.54999999999995,0.15
2015-11-16 12:00:00,4.2,100310.0,287.6,0.15
2015-11-16 12:15:00,5.1,100300.0,287.85,0.15
2015-11-16 12:30:00,4.7,100280.0,287.79999999999995,0.15
2015-11-16 12:45:00,4.4,100270.0,287.54999999999995,0.15
2015-11-16 13:00:00,4.65,100285.0,287.45,0.15
2015-11-16 13:15:00,5.1,100270.0,287.35,0.15
2015-11-16 13:30:00,5.15,100290.0,286.75,0.15
2015-11-16 13:45:00,5.4,100300.0,285.45,0.15
2015-11-16 14:00:00,4.25,100290.0,285.45,0.15
2015-11-16 14:15:00,4.0,100280.0,285.35,0.15
2015-11-16 14:30:00,4.05,100285.0,285.2,0.15
2015-11-16 14:45:00,3.3,100270.0,284.95,0.15
2015-11-16 15:00:00,3.15,100260.0,284.9,0.15
2015-11-16 15:15:00,3.0,100260.0,284.85,0.15
2015-11-16 15:30:00,2.8,100245.0,284.79999999999995,0.15
2015-11-16 15:45:00,2.5,100250.0,284.85,0.15
2015-11-16 16:00:00,2.6500000000000004,100250.0,284.75,0.15
2015-11-16 16:15:00,2.7,100240.0,284.75,0.15
2015-11-16 16:30:00,1.95,100245.0,284.75,0.15
2015-11-16 16:45:00,2.4,100220.0,284.75,0.15
2015-11-16 17:00:00,3.1500000000000004,100215.0,284.85,0.15
2015-11-16 17:15:00,3.1,100240.0,284.95,0.15
2015-11-16 17:30:00,3.35,100235.0,285.04999999999995,0.15
2015-11-16 17:45:00,3.4,100240.0,285.25,0.15
2015-11-16 18:00:00,3.75,100250.0,285.35,0.15
2015-11-16 18:15:00,3.4,100240.0,285.35,0.15
2015-11-16 18:30:00,3.9,100230.0,285.6,0.15
2015-11-16 18:45:00,3.9,100220.0,286.04999999999995,0.15
2015-11-16 19:00:00,4.15,100220.0,286.0,0.15
2015-11-16 19:15:00,3.9,100230.0,285.85,0.15
2015-11-16 19:30:00,3.65,100205.0,285.9,0.15
2015-11-16 19:45:00,3.9,100190.0,286.04999999999995,0.15
2015-11-16 20:00:00,4.300000000000001,100190.0,286.04999999999995,0.15
2015-11-16 20:15:00,4.0,100190.0,286.15,0.15
2015-11-16 20:30:00,3.55,100205.0,286.29999999999995,0.15
2015-11-16 20:45:00,4.0,100210.0,286.25,0.15
2015-11-16 21:00:00,3.85,100225.0,285.95,0.15
2015-11-16 21:15:00,3.1,100220.0,285.95,0.15
2015-11-16 21:30:00,3.8,100205.0,285.95,0.15
2015-11-16 21:45:00,4.1,100200.0,285.95,0.15
2015-11-16 22:00:00,3.05,100190.0,285.75,0.15
2015-11-16 22:15:00,2.8,100170.0,285.54999999999995,0.15
2015-11-16 22:30:00,2.9,100155.0,285.6,0.15
2015-11-16 22:45:00,3.3,100140.0,285.65,0.15
2015-11-16 23:00:00,3.4000000000000004,100110.0,285.7,0.15
2015-11-16 23:15:00,3.5,100090.0,285.85,0.15
2015-11-16 23:30:00,3.55,100085.0,285.85,0.15
2015-11-16 23:45:00,3.5,100080.0,285.85,0.15
2015-11-17 00:00:00,2.1,100060.0,285.65,0.15
2015-11-17 00:15:00,0.7,100050.0,285.75,0.15
2015-11-17 00:30:00,1.1,100030.0,285.65,0.15
2015-11-17 00:45:00,1.4,100010.0,285.45,0.15
2015-11-17 01:00:00,1.85,99975.0,285.35,0.15
2015-11-17 01:15:00,1.7,99980.0,285.35,0.15
2015-11-17 01:30:00,1.85,99965.0,285.4,0.15
2015-11-17 01:45:00,1.9,99950.0,285.45,0.15
2015-11-17 02:00:00,2.65,99950.0,285.6,0.15
2015-11-17 02:15:00,2.9,99940.0,285.75,0.15
2015-11-17 02:30:00,3.15,99945.0,285.79999999999995,0.15
2015-11-17 02:45:00,3.1,99920.0,285.75,0.15
2015-11-17 03:00:00,3.45,99890.0,286.0,0.15
2015-11-17 03:15:00,3.9,99850.0,285.95,0.15
2015-11-17 03:30:00,4.35,99775.0,285.95,0.15
2015-11-17 03:45:00,3.6,99750.0,285.85,0.15
2015-11-17 04:00:00,3.6,99755.0,286.0,0.15
2015-11-17 04:15:00,3.9,99760.0,286.25,0.15
2015-11-17 04:30:00,4.15,99750.0,286.5,0.15
2015-11-17 04:45:00,3.6,99740.0,286.54999999999995,0.15
2015-11-17 05:00:00,3.2,99735.0,286.35,0.15
2015-11-17 05:15:00,2.3,99680.0,286.04999999999995,0.15
2015-11-17 05:30:00,2.1,99690.0,286.1,0.15
2015-11-17 05:45:00,2.1,99700.0,286.15,0.15
2015-11-17 06:00:00,3.6,99680.0,286.4,0.15
2015-11-17 06:15:00,3.3,99670.0,286.35,0.15
2015-11-17 06:30:00,4.25,99645.0,286.54999999999995,0.15
2015-11-17 06:45:00,4.1,99650.0,286.75,0.15
2015-11-17 07:00:00,4.15,99655.0,286.95,0.15
2015-11-17 07:15:00,4.0,99660.0,286.85,0.15
2015-11-17 07:30:00,4.8,99655.0,287.29999999999995,0.15
2015-11-17 07:45:00,5.4,99670.0,287.54999999999995,0.15
2015-11-17 08:00:00,5.65,99700.0,287.25,0.15
2015-11-17 08:15:00,2.7,99740.0,286.95,0.15
2015-11-17 08:30:00,1.65,99755.0,287.35,0.15
2015-11-17 08:45:00,1.9,99760.0,287.54999999999995,0.15
2015-11-17 09:00:00,3.45,99775.0,288.04999999999995,0.15
2015-11-17 09:15:00,4.0,99770.0,288.65,0.15
2015-11-17 09:30:00,5.300000000000001,99775.0,289.04999999999995,0.15
2015-11-17 09:45:00,6.7,99790.0,289.45,0.15
2015-11-17 10:00:00,6.300000000000001,99795.0,289.65,0.15
2015-11-17 10:15:00,6.4,99800.0,290.04999999999995,0.15
2015-11-17 10:30:00,6.15,99810.0,289.95,0.15
2015-11-17 10:45:00,6.1,99800.0,290.04999999999995,0.15
2015-11-17 11:00:00,6.45,99815.0,289.54999999999995,0.15
2015-11-17 11:15:00,6.3,99820.0,289.35,0.15
2015-11-17 11:30:00,5.85,99840.0,289.0,0.15
2015-11-17 11:45:00,5.8,99820.0,288.65,0.15
2015-11-17 12:00:00,5.199999999999999,99840.0,288.7,0.15
2015-11-17 12:15:00,5.2,99810.0,288.85,0.15
2015-11-17 12:30:00,5.0,99795.0,288.9,0.15
2015-11-17 12:45:00,4.1,99790.0,288.75,0.15
2015-11-17 13:00:00,3.6,99790.0,288.75,0.15
2015-11-17 13:15:00,1.8,99790.0,288.75,0.15
2015-11-17 13:30:00,1.7000000000000002,99785.0,288.85,0.15
2015-11-17 13:45:00,2.6,99800.0,289.04999999999995,0.15
2015-11-17 14:00:00,3.6,99795.0,289.54999999999995,0.15
2015-11-17 14:15:00,4.7,99780.0,289.45,0.15
2015-11-17 14:30:00,6.75,99775.0,289.79999999999995,0.15
2015-11-17 14:45:00,4.6,99770.0,289.54999999999995,0.15
2015-11-17 15:00:00,4.25,99770.0,289.45,0.15
2015-11-17 15:15:00,4.8,99760.0,289.65,0.15
2015-11-17 15:30:00,3.85,99760.0,289.4,0.15
2015-11-17 15:45:00,3.1,99760.0,289.25,0.15
2015-11-17 16:00:00,1.4,99750.0,288.79999999999995,0.15
2015-11-17 16:15:00,3.0,99750.0,289.04999999999995,0.15
2015-11-17 16:30:00,4.1,99725.0,289.1,0.15
2015-11-17 16:45:00,4.2,99680.0,289.35,0.15
2015-11-17 17:00:00,4.45,99615.0,289.35,0.15
2015-11-17 17:15:00,4.6,99570.0,289.15,0.15
2015-11-17 17:30:00,5.1,99570.0,289.6,0.15
2015-11-17 17:45:00,4.7,99580.0,289.85,0.15
2015-11-17 18:00:00,4.949999999999999,99565.0,289.85,0.15
2015-11-17 18:15:00,5.2,99560.0,289.25,0.15
2015-11-17 18:30:00,4.2,99540.0,288.79999999999995,0.15
2015-11-17 18:45:00,4.9,99520.0,288.95,0.15
2015-11-17 19:00:00,6.800000000000001,99515.0,289.2,0.15
2015-11-17 19:15:00,6.4,99510.0,289.54999999999995,0.15
2015-11-17 19:30:00,6.55,99500.0,289.85,0.15
2015-11-17 19:45:00,5.5,99500.0,289.95,0.15
2015-11-17 20:00:00,5.95,99490.0,290.04999999999995,0.15
2015-11-17 20:15:00,5.0,99490.0,290.25,0.15
2015-11-17 20:30:00,5.55,99480.0,290.2,0.15
2015-11-17 20:45:00,7.1,99460.0,290.25,0.15
2015-11-17 21:00:00,5.449999999999999,99455.0,290.0,0.15
2015-11-17 21:15:00,6.9,99440.0,290.04999999999995,0.15
2015-11-17 21:30:00,7.9,99460.0,290.29999999999995,0.15
2015-11-17 21:45:00,8.1,99470.0,290.25,0.15
2015-11-17 22:00:00,8.25,99490.0,289.79999999999995,0.15
2015-11-17 22:15:00,7.6,99490.0,289.54999999999995,0.15
2015-11-17 22:30:00,8.7,99480.0,289.5,0.15
2015-11-17 22:45:00,8.1,99470.0,289.65,0.15
2015-11-17 23:00:00,8.35,99460.0,289.5,0.15
2015-11-17 23:15:00,10.4,99490.0,289.75,0.15
2015-11-17 23:30:00,9.55,99525.0,289.29999999999995,0.15
2015-11-17 23:45:00,8.1,99510.0,288.95,0.15
2015-11-18 00:00:00,9.2,99505.0,288.9,0.15
2015-11-18 00:15:00,8.4,99550.0,289.25,0.15
2015-11-18 00:30:00,9.75,99595.0,288.79999999999995,0.15
2015-11-18 00:45:00,8.4,99620.0,288.65,0.15
2015-11-18 01:00:00,8.75,99655.0,288.65,0.15
2015-11-18 01:15:00,9.3,99670.0,288.54999999999995,0.15
2015-11-18 01:30:00,9.6,99695.0,288.6,0.15
2015-11-18 01:45:00,10.1,99720.0,288.45,0.15
2015-11-18 02:00:00,8.8,99750.0,288.5,0.15
2015-11-18 02:15:00,10.1,99770.0,288.25,0.15
2015-11-18 02:30:00,10.45,99805.0,288.35,0.15
2015-11-18 02:45:00,9.5,99820.0,288.45,0.15
2015-11-18 03:00:00,10.3,99875.0,288.45,0.15
2015-11-18 03:15:00,11.0,99890.0,288.54999999999995,0.15
2015-11-18 03:30:00,10.2,99920.0,288.45,0.15
2015-11-18 03:45:00,10.6,99950.0,288.25,0.15
2015-11-18 04:00:00,9.2,99985.0,288.15,0.15
2015-11-18 04:15:00,10.2,100030.0,288.15,0.15
2015-11-18 04:30:00,9.15,100070.0,288.04999999999995,0.15
2015-11-18 04:45:00,8.2,100110.0,287.95,0.15
2015-11-18 05:00:00,8.1,100140.0,287.79999999999995,0.15
2015-11-18 05:15:00,7.2,100190.0,287.85,0.15
2015-11-18 05:30:00,7.25,100220.0,287.65,0.15
2015-11-18 05:45:00,7.4,100250.0,287.54999999999995,0.15
2015-11-18 06:00:00,6.85,100270.0,287.4,0.15
2015-11-18 06:15:00,8.0,100310.0,287.35,0.15
2015-11-18 06:30:00,8.2,100340.0,287.45,0.15
2015-11-18 06:45:00,8.1,100360.0,287.45,0.15
2015-11-18 07:00:00,7.1,100395.0,287.35,0.15
2015-11-18 07:15:00,5.6,100420.0,287.15,0.15
2015-11-18 07:30:00,6.15,100440.0,287.15,0.15
2015-11-18 07:45:00,6.2,100470.0,287.15,0.15
2015-11-18 08:00:00,5.75,100530.0,287.2,0.15
2015-11-18 08:15:00,4.5,100520.0,287.25,0.15
2015-11-18 08:30:00,5.800000000000001,100520.0,287.4,0.15
2015-11-18 08:45:00,5.9,100520.0,287.75,0.15
2015-11-18 09:00:00,6.199999999999999,100555.0,287.6,0.15
2015-11-18 09:15:00,4.5,100570.0,287.75,0.15
2015-11-18 09:30:00,4.45,100575.0,287.5,0.15
2015-11-18 09:45:00,4.7,100580.0,287.35,0.15
2015-11-18 10:00:00,3.85,100590.0,287.54999999999995,0.15
2015-11-18 10:15:00,4.0,100580.0,287.45,0.15
2015-11-18 10:30:00,4.15,100565.0,288.04999999999995,0.15
2015-11-18 10:45:00,5.2,100560.0,288.04999999999995,0.15
2015-11-18 11:00:00,5.25,100540.0,288.54999999999995,0.15
2015-11-18 11:15:00,5.1,100530.0,288.45,0.15
2015-11-18 11:30:00,5.6,100530.0,288.4,0.15
2015-11-18 11:45:00,6.2,100520.0,288.35,0.15
2015-11-18 12:00:00,5.9,100520.0,288.7,0.15
2015-11-18 12:15:00,5.3,100510.0,288.65,0.15
2015-11-18 12:30:00,7.15,100505.0,288.7,0.15
2015-11-18 12:45:00,7.8,100480.0,288.75,0.15
2015-11-18 13:00:00,8.35,100490.0,288.65,0.15
2015-11-18 13:15:00,7.4,100500.0,288.45,0.15
2015-11-18 13:30:00,7.85,100490.0,288.65,0.15
2015-11-18 13:45:00,7.9,100470.0,288.15,0.15
2015-11-18 14:00:00,7.5,100450.0,288.35,0.15
2015-11-18 14:15:00,5.7,100430.0,288.15,0.15
2015-11-18 14:30:00,5.4,100405.0,287.75,0.15
2015-11-18 14:45:00,5.9,100390.0,287.65,0.15
2015-11-18 15:00:00,5.35,100380.0,287.25,0.15
2015-11-18 15:15:00,5.7,100380.0,286.95,0.15
2015-11-18 15:30:00,4.65,100390.0,286.35,0.15
2015-11-18 15:45:00,4.0,100370.0,286.04999999999995,0.15
2015-11-18 16:00:00,3.9,100360.0,286.4,0.15
2015-11-18 16:15:00,4.7,100360.0,286.25,0.15
2015-11-18 16:30:00,5.4,100345.0,286.0,0.15
2015-11-18 16:45:00,6.9,100320.0,286.04999999999995,0.15
2015-11-18 17:00:00,6.199999999999999,100320.0,286.1,0.15
2015-11-18 17:15:00,6.2,100350.0,285.75,0.15
2015-11-18 17:30:00,6.05,100365.0,286.15,0.15
2015-11-18 17:45:00,6.1,100400.0,286.15,0.15
2015-11-18 18:00:00,6.4,100385.0,285.95,0.15
2015-11-18 18:15:00,6.2,100380.0,286.15,0.15
2015-11-18 18:30:00,6.7,100335.0,286.04999999999995,0.15
2015-11-18 18:45:00,7.0,100300.0,285.85,0.15
2015-11-18 19:00:00,6.75,100260.0,286.2,0.15
2015-11-18 19:15:00,5.5,100230.0,286.45,0.15
2015-11-18 19:30:00,5.5,100250.0,286.6,0.15
2015-11-18 19:45:00,4.7,100260.0,286.45,0.15
2015-11-18 20:00:00,3.6,100265.0,286.65,0.15
2015-11-18 20:15:00,4.4,100250.0,286.95,0.15
2015-11-18 20:30:00,4.5,100210.0,287.15,0.15
2015-11-18 20:45:00,6.1,100190.0,287.25,0.15
2015-11-18 21:00:00,5.15,100170.0,287.65,0.15
2015-11-18 21:15:00,5.5,100160.0,287.75,0.15
2015-11-18 21:30:00,5.2,100145.0,287.85,0.15
2015-11-18 21:45:00,4.8,100120.0,287.95,0.15
2015-11-18 22:00:00,6.45,100120.0,287.6,0.15
2015-11-18 22:15:00,4.3,100100.0,286.95,0.15
2015-11-18 22:30:00,3.65,100090.0,287.04999999999995,0.15
2015-11-18 22:45:00,4.8,100080.0,287.54999999999995,0.15
2015-11-18 23:00:00,4.25,100110.0,287.15,0.15
2015-11-18 23:15:00,3.2,100110.0,286.25,0.15
2015-11-18 23:30:00,1.95,100090.0,286.35,0.15
2015-11-18 23:45:00,4.6,100110.0,287.45,0.15
2015-11-19 00:00:00,7.7,100130.0,288.25,0.15
2015-11-19 00:15:00,7.7,100130.0,288.25,0.15
2015-11-19 00:30:00,8.0,100130.0,287.95,0.15
2015-11-19 00:45:00,6.7,100120.0,287.45,0.15
2015-11-19 01:00:00,7.55,100115.0,286.04999999999995,0.15
2015-11-19 01:15:00,7.4,100150.0,285.35,0.15
2015-11-19 01:30:00,5.0,100150.0,285.7,0.15
2015-11-19 01:45:00,2.8,100150.0,285.65,0.15
2015-11-19 02:00:00,2.35,100140.0,285.7,0.15
2015-11-19 02:15:00,4.4,100100.0,286.45,0.15
2015-11-19 02:30:00,5.75,100125.0,286.35,0.15
2015-11-19 02:45:00,6.9,100130.0,286.35,0.15
2015-11-19 03:00:00,5.6,100135.0,286.25,0.15
2015-11-19 03:15:00,5.4,100140.0,286.25,0.15
2015-11-19 03:30:00,4.550000000000001,100150.0,286.54999999999995,0.15
2015-11-19 03:45:00,4.8,100140.0,286.65,0.15
2015-11-19 04:00:00,5.45,100125.0,286.85,0.15
2015-11-19 04:15:00,6.9,100140.0,286.95,0.15
2015-11-19 04:30:00,7.05,100135.0,287.2,0.15
2015-11-19 04:45:00,7.4,100140.0,286.95,0.15
2015-11-19 05:00:00,7.0,100165.0,287.0,0.15
2015-11-19 05:15:00,7.3,100190.0,286.85,0.15
2015-11-19 05:30:00,6.4,100200.0,286.7,0.15
2015-11-19 05:45:00,5.4,100220.0,286.75,0.15
2015-11-19 06:00:00,5.1,100225.0,286.65,0.15
2015-11-19 06:15:00,5.9,100240.0,286.95,0.15
2015-11-19 06:30:00,6.25,100260.0,286.95,0.15
2015-11-19 06:45:00,5.9,100280.0,286.85,0.15
2015-11-19 07:00:00,6.699999999999999,100285.0,286.65,0.15
2015-11-19 07:15:00,6.2,100290.0,286.54999999999995,0.15
2015-11-19 07:30:00,5.7,100300.0,286.65,0.15
2015-11-19 07:45:00,5.6,100320.0,286.75,0.15
2015-11-19 08:00:00,6.0,100325.0,286.75,0.15
2015-11-19 08:15:00,5.2,100330.0,286.54999999999995,0.15
2015-11-19 08:30:00,6.5,100345.0,286.9,0.15
2015-11-19 08:45:00,8.2,100350.0,286.95,0.15
2015-11-19 09:00:00,6.65,100355.0,287.4,0.15
2015-11-19 09:15:00,7.2,100370.0,287.25,0.15
2015-11-19 09:30:00,7.1,100390.0,287.29999999999995,0.15
2015-11-19 09:45:00,5.9,100390.0,287.25,0.15
2015-11-19 10:00:00,5.7,100395.0,287.29999999999995,0.15
2015-11-19 10:15:00,5.4,100370.0,287.45,0.15
2015-11-19 10:30:00,5.75,100345.0,287.15,0.15
2015-11-19 10:45:00,8.0,100360.0,287.15,0.15
2015-11-19 11:00:00,6.35,100395.0,287.04999999999995,0.15
2015-11-19 11:15:00,5.2,100370.0,286.85,0.15
2015-11-19 11:30:00,6.550000000000001,100365.0,287.15,0.15
2015-11-19 11:45:00,6.8,100370.0,287.25,0.15
2015-11-19 12:00:00,5.85,100345.0,287.04999999999995,0.15
2015-11-19 12:15:00,6.2,100330.0,287.04999999999995,0.15
2015-11-19 12:30:00,5.2,100285.0,287.15,0.15
2015-11-19 12:45:00,5.2,100280.0,286.95,0.15
2015-11-19 13:00:00,5.3,100280.0,286.65,0.15
2015-11-19 13:15:00,5.5,100270.0,286.25,0.15
2015-11-19 13:30:00,4.65,100230.0,286.2,0.15
2015-11-19 13:45:00,4.6,100220.0,285.54999999999995,0.15
2015-11-19 14:00:00,3.9,100255.0,284.29999999999995,0.15
2015-11-19 14:15:00,2.1,100250.0,283.85,0.15
2015-11-19 14:30:00,1.95,100225.0,283.5,0.15
2015-11-19 14:45:00,1.7,100200.0,283.35,0.15
2015-11-19 15:00:00,1.9,100210.0,283.2,0.15
2015-11-19 15:15:00,1.4,100190.0,283.25,0.15
2015-11-19 15:30:00,0.6499999999999999,100105.0,283.15,0.15
2015-11-19 15:45:00,0.7,100060.0,282.95,0.15
2015-11-19 16:00:00,0.55,100080.0,283.0,0.15
2015-11-19 16:15:00,1.4,100040.0,282.95,0.15
2015-11-19 16:30:00,1.65,100000.0,282.85,0.15
2015-11-19 16:45:00,1.1,99970.0,282.85,0.15
2015-11-19 17:00:00,1.0,99945.0,282.75,0.15
2015-11-19 17:15:00,2.0,99940.0,282.65,0.15
2015-11-19 17:30:00,1.4500000000000002,99900.0,282.6,0.15
2015-11-19 17:45:00,1.1,99850.0,282.54999999999995,0.15
2015-11-19 18:00:00,1.2999999999999998,99840.0,282.54999999999995,0.15
2015-11-19 18:15:00,1.6,99830.0,282.54999999999995,0.15
2015-11-19 18:30:00,1.8,99815.0,282.5,0.15
2015-11-19 18:45:00,3.8,99850.0,282.45,0.15
2015-11-19 19:00:00,4.0,99825.0,282.1,0.15
2015-11-19 19:15:00,2.9,99850.0,282.04999999999995,0.15
2015-11-19 19:30:00,2.55,99865.0,282.04999999999995,0.15
2015-11-19 19:45:00,2.4,99880.0,282.04999999999995,0.15
2015-11-19 20:00:00,2.0,99935.0,281.85,0.15
2015-11-19 20:15:00,1.8,99940.0,281.85,0.15
2015-11-19 20:30:00,1.35,99910.0,281.9,0.15
2015-11-19 20:45:00,1.4,99940.0,281.85,0.15
2015-11-19 21:00:00,2.2,99980.0,282.0,0.15
2015-11-19 21:15:00,2.1,100000.0,281.95,0.15
2015-11-19 21:30:00,2.1,100000.0,281.85,0.15
2015-11-19 21:45:00,1.9,100010.0,281.85,0.15
2015-11-19 22:00:00,1.55,100010.0,281.95,0.15
2015-11-19 22:15:00,1.1,100010.0,282.04999999999995,0.15
2015-11-19 22:30:00,1.2999999999999998,100005.0,282.15,0.15
2015-11-19 22:45:00,1.7,99970.0,282.25,0.15
2015-11-19 23:00:00,2.35,99980.0,282.45,0.15
2015-11-19 23:15:00,1.6,99980.0,282.54999999999995,0.15
2015-11-19 23:30:00,1.4,99960.0,282.35,0.15
2015-11-19 23:45:00,1.0,99980.0,282.45,0.15
2015-11-20 00:00:00,1.4,99970.0,282.5,0.15
2015-11-20 00:15:00,1.3,99990.0,282.45,0.15
2015-11-20 00:30:00,0.75,99990.0,282.45,0.15
2015-11-20 00:45:00,0.6,99980.0,282.45,0.15
2015-11-20 01:00:00,0.55,99970.0,282.65,0.15
2015-11-20 01:15:00,0.8,99950.0,282.85,0.15
2015-11-20 01:30:00,1.0,99965.0,282.9,0.15
2015-11-20 01:45:00,1.4,99960.0,283.25,0.15
2015-11-20 02:00:00,1.85,99990.0,283.25,0.15
2015-11-20 02:15:00,1.7,99980.0,283.15,0.15
2015-11-20 02:30:00,1.55,99980.0,283.4,0.15
2015-11-20 02:45:00,2.0,99970.0,283.15,0.15
2015-11-20 03:00:00,2.6500000000000004,99965.0,283.35,0.15
2015-11-20 03:15:00,3.5,99950.0,283.54999999999995,0.15
2015-11-20 03:30:00,2.9,99910.0,283.35,0.15
2015-11-20 03:45:00,2.9,99920.0,283.25,0.15
2015-11-20 04:00:00,3.05,99910.0,283.4,0.15
2015-11-20 04:15:00,2.1,99910.0,283.15,0.15
2015-11-20 04:30:00,2.55,99910.0,283.25,0.15
2015-11-20 04:45:00,2.9,99880.0,283.35,0.15
2015-11-20 05:00:00,3.5,99860.0,283.45,0.15
2015-11-20 05:15:00,3.5,99850.0,283.35,0.15
2015-11-20 05:30:00,3.0,99825.0,283.4,0.15
2015-11-20 05:45:00,2.8,99800.0,283.35,0.15
2015-11-20 06:00:00,3.45,99785.0,283.35,0.15
2015-11-20 06:15:00,3.4,99780.0,283.45,0.15
2015-11-20 06:30:00,4.05,99760.0,283.5,0.15
2015-11-20 06:45:00,3.9,99740.0,283.45,0.15
2015-11-20 07:00:00,4.4,99740.0,283.5,0.15
2015-11-20 07:15:00,4.3,99740.0,283.45,0.15
2015-11-20 07:30:00,3.65,99740.0,283.25,0.15
2015-11-20 07:45:00,3.5,99720.0,283.45,0.15
2015-11-20 08:00:00,3.4000000000000004,99710.0,283.35,0.15
2015-11-20 08:15:00,3.6,99710.0,283.25,0.15
2015-11-20 08:30:00,3.55,99710.0,283.29999999999995,0.15
2015-11-20 08:45:00,3.4,99690.0,283.35,0.15
2015-11-20 09:00:00,3.25,99655.0,283.4,0.15
2015-11-20 09:15:00,3.4,99610.0,283.45,0.15
2015-11-20 09:30:00,3.7,99585.0,283.4,0.15
2015-11-20 09:45:00,3.7,99580.0,283.45,0.15
2015-11-20 10:00:00,3.75,99550.0,283.5,0.15
2015-11-20 10:15:00,2.7,99510.0,283.54999999999995,0.15
2015-11-20 10:30:00,3.55,99465.0,283.4,0.15
2015-11-20 10:45:00,3.3,99440.0,283.25,0.15
2015-11-20 11:00:00,2.95,99425.0,283.29999999999995,0.15
2015-11-20 11:15:00,3.4,99400.0,283.35,0.15
2015-11-20 11:30:00,3.25,99365.0,283.35,0.15
2015-11-20 11:45:00,4.1,99320.0,283.25,0.15
2015-11-20 12:00:00,5.3,99295.0,282.95,0.15
2015-11-20 12:15:00,5.0,99290.0,282.45,0.15
2015-11-20 12:30:00,3.7,99300.0,281.4,0.15
2015-11-20 12:45:00,3.7,99270.0,280.85,0.15
2015-11-20 13:00:00,3.8,99255.0,281.15,0.15
2015-11-20 13:15:00,3.7,99240.0,281.25,0.15
2015-11-20 13:30:00,2.5,99225.0,281.1,0.15
2015-11-20 13:45:00,2.1,99210.0,281.15,0.15
2015-11-20 14:00:00,2.9,99185.0,281.15,0.15
2015-11-20 14:15:00,3.1,99170.0,281.04999999999995,0.15
2015-11-20 14:30:00,3.4,99145.0,281.0,0.15
2015-11-20 14:45:00,3.4,99110.0,280.95,0.15
2015-11-20 15:00:00,3.4000000000000004,99085.0,280.95,0.15
2015-11-20 15:15:00,3.9,99090.0,280.95,0.15
2015-11-20 15:30:00,3.25,99065.0,280.79999999999995,0.15
2015-11-20 15:45:00,3.3,99060.0,279.95,0.15
2015-11-20 16:00:00,3.55,99045.0,279.35,0.15
2015-11-20 16:15:00,1.8,99030.0,279.45,0.15
2015-11-20 16:30:00,1.7,99020.0,279.35,0.15
2015-11-20 16:45:00,1.6,99010.0,279.35,0.15
2015-11-20 17:00:00,2.1,99015.0,279.7,0.15
2015-11-20 17:15:00,3.2,99020.0,280.45,0.15
2015-11-20 17:30:00,3.4,99000.0,280.4,0.15
2015-11-20 17:45:00,2.7,98980.0,279.85,0.15
2015-11-20 18:00:00,2.55,98980.0,279.15,0.15
2015-11-20 18:15:00,2.3,98970.0,278.54999999999995,0.15
2015-11-20 18:30:00,2.4,98975.0,279.1,0.15
2015-11-20 18:45:00,2.1,98990.0,279.25,0.15
2015-11-20 19:00:00,2.25,98975.0,279.45,0.15
2015-11-20 19:15:00,2.5,98960.0,279.54999999999995,0.15
2015-11-20 19:30:00,3.0,98955.0,279.4,0.15
2015-11-20 19:45:00,3.0,98950.0,279.54999999999995,0.15
2015-11-20 20:00:00,2.6,98935.0,279.79999999999995,0.15
2015-11-20 20:15:00,2.1,98930.0,279.65,0.15
2015-11-20 20:30:00,2.9000000000000004,98900.0,279.79999999999995,0.15
2015-11-20 20:45:00,3.5,98890.0,279.95,0.15
2015-11-20 21:00:00,3.55,98885.0,279.79999999999995,0.15
2015-11-20 21:15:00,3.9,98880.0,279.95,0.15
2015-11-20 21:30:00,4.35,98870.0,280.04999999999995,0.15
2015-11-20 21:45:00,3.9,98860.0,279.85,0.15
2015-11-20 22:00:00,3.6,98860.0,279.7,0.15
2015-11-20 22:15:00,3.1,98860.0,279.45,0.15
2015-11-20 22:30:00,3.2,98855.0,279.54999999999995,0.15
2015-11-20 22:45:00,3.7,98840.0,279.65,0.15
2015-11-20 23:00:00,4.2,98835.0,279.6,0.15
2015-11-20 23:15:00,4.2,98820.0,279.45,0.15
2015-11-20 23:30:00,3.65,98795.0,279.29999999999995,0.15
2015-11-20 23:45:00,4.3,98790.0,279.35,0.15
2015-11-21 00:00:00,3.65,98770.0,278.95,0.15
2015-11-21 00:15:00,3.7,98760.0,279.04999999999995,0.15
2015-11-21 00:30:00,3.4,98745.0,279.25,0.15
2015-11-21 00:45:00,3.0,98730.0,279.04999999999995,0.15
2015-11-21 01:00:00,3.1500000000000004,98715.0,278.9,0.15
2015-11-21 01:15:00,3.0,98700.0,278.85,0.15
2015-11-21 01:30:00,2.35,98685.0,279.0,0.15
2015-11-21 01:45:00,1.8,98660.0,279.25,0.15
2015-11-21 02:00:00,2.05,98625.0,279.1,0.15
2015-11-21 02:15:00,2.9,98620.0,279.04999999999995,0.15
2015-11-21 02:30:00,4.3,98610.0,279.15,0.15
2015-11-21 02:45:00,3.3,98590.0,278.95,0.15
2015-11-21 03:00:00,3.45,98580.0,278.9,0.15
2015-11-21 03:15:00,3.5,98570.0,279.04999999999995,0.15
2015-11-21 03:30:00,3.7,98550.0,279.1,0.15
2015-11-21 03:45:00,3.6,98540.0,278.85,0.15
2015-11-21 04:00:00,3.25,98545.0,278.5,0.15
2015-11-21 04:15:00,3.7,98550.0,278.65,0.15
2015-11-21 04:30:00,2.9,98530.0,278.35,0.15
2015-11-21 04:45:00,2.8,98520.0,278.15,0.15
2015-11-21 05:00:00,2.9000000000000004,98520.0,278.0,0.15
2015-11-21 05:15:00,2.2,98530.0,278.45,0.15
2015-11-21 05:30:00,2.15,98525.0,278.65,0.15
2015-11-21 05:45:00,4.3,98500.0,278.85,0.15
2015-11-21 06:00:00,4.65,98500.0,278.4,0.15
2015-11-21 06:15:00,3.7,98510.0,277.95,0.15
2015-11-21 06:30:00,2.7,98510.0,278.0,0.15
2015-11-21 06:45:00,3.0,98510.0,278.15,0.15
2015-11-21 07:00:00,3.85,98510.0,278.04999999999995,0.15
2015-11-21 07:15:00,3.9,98510.0,277.95,0.15
2015-11-21 07:30:00,2.3,98525.0,277.95,0.15
2015-11-21 07:45:00,1.7,98520.0,277.95,0.15
2015-11-21 08:00:00,1.9,98505.0,278.29999999999995,0.15
2015-11-21 08:15:00,1.9,98510.0,278.25,0.15
2015-11-21 08:30:00,2.35,98520.0,278.0,0.15
2015-11-21 08:45:00,2.5,98520.0,278.25,0.15
2015-11-21 09:00:00,1.4,98515.0,278.45,0.15
2015-11-21 09:15:00,1.9,98500.0,278.75,0.15
2015-11-21 09:30:00,2.55,98500.0,278.5,0.15
2015-11-21 09:45:00,3.0,98510.0,279.15,0.15
2015-11-21 10:00:00,3.25,98515.0,278.5,0.15
2015-11-21 10:15:00,3.1,98490.0,279.35,0.15
2015-11-21 10:30:00,2.9000000000000004,98470.0,279.7,0.15
2015-11-21 10:45:00,3.5,98450.0,280.15,0.15
2015-11-21 11:00:00,3.95,98450.0,280.2,0.15
2015-11-21 11:15:00,4.3,98440.0,280.15,0.15
2015-11-21 11:30:00,4.15,98430.0,279.95,0.15
2015-11-21 11:45:00,3.8,98430.0,280.15,0.15
2015-11-21 12:00:00,3.75,98430.0,280.04999999999995,0.15
2015-11-21 12:15:00,3.1,98430.0,279.25,0.15
2015-11-21 12:30:00,3.7,98415.0,279.7,0.15
2015-11-21 12:45:00,3.2,98420.0,280.04999999999995,0.15
2015-11-21 13:00:00,3.35,98425.0,280.2,0.15
2015-11-21 13:15:00,3.5,98420.0,280.04999999999995,0.15
2015-11-21 13:30:00,4.25,98435.0,280.04999999999995,0.15
2015-11-21 13:45:00,2.9,98450.0,279.75,0.15
2015-11-21 14:00:00,2.4000000000000004,98460.0,279.75,0.15
2015-11-21 14:15:00,2.9,98470.0,279.45,0.15
2015-11-21 14:30:00,2.45,98485.0,278.95,0.15
2015-11-21 14:45:00,2.4,98510.0,278.65,0.15
2015-11-21 15:00:00,1.85,98530.0,278.95,0.15
2015-11-21 15:15:00,1.5,98540.0,278.54999999999995,0.15
2015-11-21 15:30:00,1.8,98555.0,278.25,0.15
2015-11-21 15:45:00,2.0,98560.0,277.65,0.15
2015-11-21 16:00:00,2.1500000000000004,98585.0,277.29999999999995,0.15
2015-11-21 16:15:00,1.7,98600.0,276.75,0.15
2015-11-21 16:30:00,1.45,98640.0,276.79999999999995,0.15
2015-11-21 16:45:00,1.1,98660.0,277.35,0.15
2015-11-21 17:00:00,1.65,98670.0,277.54999999999995,0.15
2015-11-21 17:15:00,2.0,98680.0,277.45,0.15
2015-11-21 17:30:00,1.5,98680.0,277.9,0.15
2015-11-21 17:45:00,1.8,98680.0,278.04999999999995,0.15
2015-11-21 18:00:00,1.3,98685.0,277.54999999999995,0.15
2015-11-21 18:15:00,1.0,98700.0,277.25,0.15
2015-11-21 18:30:00,1.3,98710.0,276.95,0.15
2015-11-21 18:45:00,1.7,98730.0,277.04999999999995,0.15
2015-11-21 19:00:00,2.95,98755.0,277.54999999999995,0.15
2015-11-21 19:15:00,3.2,98760.0,277.95,0.15
2015-11-21 19:30:00,4.25,98770.0,277.79999999999995,0.15
2015-11-21 19:45:00,4.2,98790.0,277.75,0.15
2015-11-21 20:00:00,3.35,98800.0,277.75,0.15
2015-11-21 20:15:00,3.7,98820.0,277.75,0.15
2015-11-21 20:30:00,4.25,98825.0,277.54999999999995,0.15
2015-11-21 20:45:00,3.1,98840.0,277.15,0.15
2015-11-21 21:00:00,3.25,98855.0,276.79999999999995,0.15
2015-11-21 21:15:00,2.2,98860.0,276.65,0.15
2015-11-21 21:30:00,2.0,98855.0,276.65,0.15
2015-11-21 21:45:00,1.2,98860.0,276.75,0.15
2015-11-21 22:00:00,1.35,98875.0,276.65,0.15
2015-11-21 22:15:00,2.1,98890.0,276.75,0.15
2015-11-21 22:30:00,2.85,98925.0,276.79999999999995,0.15
2015-11-21 22:45:00,2.5,98950.0,276.85,0.15
2015-11-21 23:00:00,2.45,98970.0,276.95,0.15
2015-11-21 23:15:00,2.8,98990.0,277.04999999999995,0.15
2015-11-21 23:30:00,3.1,99000.0,276.7,0.15
2015-11-21 23:45:00,3.4,99010.0,276.95,0.15
2015-11-22 00:00:00,4.949999999999999,99040.0,277.0,0.15
2015-11-22 00:15:00,4.8,99060.0,276.65,0.15
2015-11-22 00:30:00,4.05,99080.0,276.6,0.15
2015-11-22 00:45:00,2.9,99100.0,276.35,0.15
2015-11-22 01:00:00,3.05,99115.0,276.54999999999995,0.15
2015-11-22 01:15:00,3.6,99140.0,276.65,0.15
2015-11-22 01:30:00,3.3,99145.0,276.79999999999995,0.15
2015-11-22 01:45:00,2.6,99150.0,276.75,0.15
2015-11-22 02:00:00,3.3,99155.0,276.79999999999995,0.15
2015-11-22 02:15:00,3.1,99160.0,276.75,0.15
2015-11-22 02:30:00,3.55,99175.0,276.79999999999995,0.15
2015-11-22 02:45:00,4.0,99180.0,276.85,0.15
2015-11-22 03:00:00,4.25,99190.0,276.79999999999995,0.15
2015-11-22 03:15:00,4.2,99210.0,276.75,0.15
2015-11-22 03:30:00,3.3,99215.0,276.6,0.15
2015-11-22 03:45:00,4.4,99250.0,276.65,0.15
2015-11-22 04:00:00,4.55,99260.0,276.6,0.15
2015-11-22 04:15:00,3.3,99260.0,276.35,0.15
2015-11-22 04:30:00,3.95,99280.0,276.4,0.15
2015-11-22 04:45:00,4.6,99300.0,276.45,0.15
2015-11-22 05:00:00,4.2,99315.0,276.35,0.15
2015-11-22 05:15:00,3.4,99330.0,276.35,0.15
2015-11-22 05:30:00,4.0,99340.0,276.2,0.15
2015-11-22 05:45:00,3.4,99350.0,275.75,0.15
2015-11-22 06:00:00,3.35,99340.0,275.04999999999995,0.15
2015-11-22 06:15:00,2.9,99360.0,274.75,0.15
2015-11-22 06:30:00,2.45,99365.0,275.04999999999995,0.15
2015-11-22 06:45:00,3.0,99390.0,275.45,0.15
2015-11-22 07:00:00,2.6500000000000004,99425.0,275.2,0.15
2015-11-22 07:15:00,1.9,99440.0,274.95,0.15
2015-11-22 07:30:00,2.5,99460.0,274.7,0.15
2015-11-22 07:45:00,3.0,99470.0,275.15,0.15
2015-11-22 08:00:00,3.35,99490.0,275.35,0.15
2015-11-22 08:15:00,4.0,99500.0,275.75,0.15
2015-11-22 08:30:00,4.199999999999999,99530.0,276.2,0.15
2015-11-22 08:45:00,3.9,99550.0,276.35,0.15
2015-11-22 09:00:00,3.35,99550.0,276.45,0.15
2015-11-22 09:15:00,3.2,99560.0,276.65,0.15
2015-11-22 09:30:00,2.85,99580.0,276.79999999999995,0.15
2015-11-22 09:45:00,4.1,99590.0,277.25,0.15
2015-11-22 10:00:00,4.050000000000001,99615.0,277.15,0.15
2015-11-22 10:15:00,3.9,99620.0,277.35,0.15
2015-11-22 10:30:00,4.4,99630.0,277.5,0.15
2015-11-22 10:45:00,5.7,99640.0,277.65,0.15
2015-11-22 11:00:00,4.35,99645.0,277.9,0.15
2015-11-22 11:15:00,4.7,99650.0,278.04999999999995,0.15
2015-11-22 11:30:00,4.45,99645.0,278.29999999999995,0.15
2015-11-22 11:45:00,5.0,99660.0,278.25,0.15
2015-11-22 12:00:00,4.4,99670.0,278.7,0.15
2015-11-22 12:15:00,5.7,99670.0,278.45,0.15
2015-11-22 12:30:00,4.05,99660.0,278.6,0.15
2015-11-22 12:45:00,3.3,99670.0,278.65,0.15
2015-11-22 13:00:00,3.75,99670.0,278.79999999999995,0.15
2015-11-22 13:15:00,4.2,99670.0,278.85,0.15
2015-11-22 13:30:00,4.75,99670.0,278.95,0.15
2015-11-22 13:45:00,4.9,99670.0,278.95,0.15
2015-11-22 14:00:00,5.449999999999999,99690.0,278.9,0.15
2015-11-22 14:15:00,5.5,99700.0,278.85,0.15
2015-11-22 14:30:00,5.4,99705.0,278.9,0.15
2015-11-22 14:45:00,5.6,99720.0,278.75,0.15
2015-11-22 15:00:00,5.050000000000001,99725.0,278.75,0.15
2015-11-22 15:15:00,5.2,99750.0,278.65,0.15
2015-11-22 15:30:00,6.050000000000001,99790.0,277.79999999999995,0.15
2015-11-22 15:45:00,4.5,99810.0,277.04999999999995,0.15
2015-11-22 16:00:00,3.8,99810.0,277.0,0.15
2015-11-22 16:15:00,3.5,99820.0,277.15,0.15
2015-11-22 16:30:00,2.95,99835.0,276.95,0.15
2015-11-22 16:45:00,2.5,99860.0,276.25,0.15
2015-11-22 17:00:00,3.45,99875.0,276.5,0.15
2015-11-22 17:15:00,4.0,99900.0,276.45,0.15
2015-11-22 17:30:00,3.7,99925.0,276.7,0.15
2015-11-22 17:45:00,3.1,99940.0,276.75,0.15
2015-11-22 18:00:00,2.35,99965.0,276.25,0.15
2015-11-22 18:15:00,2.5,99980.0,275.75,0.15
2015-11-22 18:30:00,2.55,99995.0,276.25,0.15
2015-11-22 18:45:00,2.8,100010.0,276.25,0.15
2015-11-22 19:00:00,3.05,100035.0,276.5,0.15
2015-11-22 19:15:00,3.2,100050.0,276.75,0.15
2015-11-22 19:30:00,4.75,100055.0,276.6,0.15
2015-11-22 19:45:00,5.0,100050.0,276.65,0.15
2015-11-22 20:00:00,4.9,100080.0,276.6,0.15
2015-11-22 20:15:00,4.8,100110.0,276.45,0.15
2015-11-22 20:30:00,4.9,100130.0,276.15,0.15
2015-11-22 20:45:00,4.1,100130.0,275.95,0.15
2015-11-22 21:00:00,3.35,100165.0,276.0,0.15
2015-11-22 21:15:00,3.6,100190.0,276.15,0.15
2015-11-22 21:30:00,3.75,100210.0,276.25,0.15
2015-11-22 21:45:00,3.1,100220.0,276.25,0.15
2015-11-22 22:00:00,2.9,100230.0,276.29999999999995,0.15
2015-11-22 22:15:00,3.5,100230.0,276.25,0.15
2015-11-22 22:30:00,3.1,100250.0,276.1,0.15
2015-11-22 22:45:00,3.9,100260.0,275.95,0.15
2015-11-22 23:00:00,3.8,100270.0,276.04999999999995,0.15
2015-11-22 23:15:00,3.7,100280.0,276.15,0.15
2015-11-22 23:30:00,3.5,100305.0,276.25,0.15
2015-11-22 23:45:00,3.8,100330.0,276.45,0.15
2015-11-23 00:00:00,4.55,100340.0,276.45,0.15
2015-11-23 00:15:00,5.9,100350.0,276.45,0.15
2015-11-23 00:30:00,5.15,100365.0,276.35,0.15
2015-11-23 00:45:00,4.8,100400.0,276.35,0.15
2015-11-23 01:00:00,4.2,100415.0,276.29999999999995,0.15
2015-11-23 01:15:00,5.0,100430.0,276.15,0.15
2015-11-23 01:30:00,4.4,100445.0,276.4,0.15
2015-11-23 01:45:00,5.0,100460.0,276.35,0.15
2015-11-23 02:00:00,5.2,100475.0,276.45,0.15
2015-11-23 02:15:00,4.9,100490.0,276.45,0.15
2015-11-23 02:30:00,4.5,100500.0,276.45,0.15
2015-11-23 02:45:00,4.4,100500.0,276.35,0.15
2015-11-23 03:00:00,4.15,100530.0,276.6,0.15
2015-11-23 03:15:00,3.5,100550.0,276.65,0.15
2015-11-23 03:30:00,4.65,100560.0,276.75,0.15
2015-11-23 03:45:00,4.4,100580.0,276.65,0.15
2015-11-23 04:00:00,4.25,100610.0,276.65,0.15
2015-11-23 04:15:00,4.0,100640.0,276.65,0.15
2015-11-23 04:30:00,3.95,100665.0,276.6,0.15
2015-11-23 04:45:00,2.7,100690.0,276.54999999999995,0.15
2015-11-23 05:00:00,3.35,100710.0,276.5,0.15
2015-11-23 05:15:00,4.2,100730.0,276.45,0.15
2015-11-23 05:30:00,4.1,100755.0,276.29999999999995,0.15
2015-11-23 05:45:00,3.4,100780.0,276.35,0.15
2015-11-23 06:00:00,3.45,100785.0,276.4,0.15
2015-11-23 06:15:00,3.2,100810.0,276.15,0.15
2015-11-23 06:30:00,3.75,100840.0,276.2,0.15
2015-11-23 06:45:00,4.0,100860.0,275.85,0.15
2015-11-23 07:00:00,3.25,100895.0,275.5,0.15
2015-11-23 07:15:00,3.2,100920.0,274.85,0.15
2015-11-23 07:30:00,3.45,100965.0,275.2,0.15
2015-11-23 07:45:00,2.4,100990.0,275.35,0.15
2015-11-23 08:00:00,1.25,101015.0,275.85,0.15
2015-11-23 08:15:00,1.7,101040.0,276.15,0.15
2015-11-23 08:30:00,2.3,101070.0,276.2,0.15
2015-11-23 08:45:00,1.6,101090.0,276.45,0.15
2015-11-23 09:00:00,1.55,101115.0,276.4,0.15
2015-11-23 09:15:00,1.2,101130.0,276.54999999999995,0.15
2015-11-23 09:30:00,2.1,101165.0,276.65,0.15
2015-11-23 09:45:00,1.4,101190.0,277.04999999999995,0.15
2015-11-23 10:00:00,1.2,101200.0,277.2,0.15
2015-11-23 10:15:00,1.6,101200.0,277.65,0.15
2015-11-23 10:30:00,1.9,101190.0,277.6,0.15
2015-11-23 10:45:00,2.4,101190.0,277.95,0.15
2015-11-23 11:00:00,1.9,101185.0,278.29999999999995,0.15
2015-11-23 11:15:00,2.1,101190.0,278.04999999999995,0.15
2015-11-23 11:30:00,2.35,101200.0,278.25,0.15
2015-11-23 11:45:00,2.1,101200.0,278.54999999999995,0.15
2015-11-23 12:00:00,1.4,101200.0,279.04999999999995,0.15
2015-11-23 12:15:00,2.2,101200.0,279.85,0.15
2015-11-23 12:30:00,2.6500000000000004,101190.0,279.54999999999995,0.15
2015-11-23 12:45:00,2.3,101190.0,280.04999999999995,0.15
2015-11-23 13:00:00,2.3,101195.0,279.9,0.15
2015-11-23 13:15:00,2.2,101210.0,279.75,0.15
2015-11-23 13:30:00,2.3,101210.0,280.04999999999995,0.15
2015-11-23 13:45:00,2.7,101210.0,280.04999999999995,0.15
2015-11-23 14:00:00,2.75,101210.0,279.54999999999995,0.15
2015-11-23 14:15:00,2.8,101220.0,279.65,0.15
2015-11-23 14:30:00,2.55,101220.0,279.04999999999995,0.15
2015-11-23 14:45:00,1.8,101220.0,278.25,0.15
2015-11-23 15:00:00,1.7,101235.0,278.2,0.15
2015-11-23 15:15:00,2.4,101240.0,277.85,0.15
2015-11-23 15:30:00,2.55,101250.0,277.4,0.15
2015-11-23 15:45:00,2.3,101270.0,277.25,0.15
2015-11-23 16:00:00,1.5,101290.0,277.25,0.15
2015-11-23 16:15:00,1.3,101300.0,276.85,0.15
2015-11-23 16:30:00,1.2000000000000002,101315.0,276.1,0.15
2015-11-23 16:45:00,0.7,101320.0,276.35,0.15
2015-11-23 17:00:00,0.75,101335.0,276.25,0.15
2015-11-23 17:15:00,0.8,101340.0,276.75,0.15
2015-11-23 17:30:00,1.8,101335.0,275.75,0.15
2015-11-23 17:45:00,1.4,101350.0,275.95,0.15
2015-11-23 18:00:00,1.1,101350.0,276.0,0.15
2015-11-23 18:15:00,1.1,101340.0,275.85,0.15
2015-11-23 18:30:00,1.05,101345.0,276.15,0.15
2015-11-23 18:45:00,1.6,101350.0,274.95,0.15
2015-11-23 19:00:00,1.65,101345.0,275.1,0.15
2015-11-23 19:15:00,2.0,101330.0,275.54999999999995,0.15
2015-11-23 19:30:00,1.65,101345.0,275.29999999999995,0.15
2015-11-23 19:45:00,1.3,101340.0,275.45,0.15
2015-11-23 20:00:00,1.65,101345.0,275.25,0.15
2015-11-23 20:15:00,1.5,101350.0,275.35,0.15
2015-11-23 20:30:00,1.5,101355.0,275.29999999999995,0.15
2015-11-23 20:45:00,1.1,101350.0,275.35,0.15
2015-11-23 21:00:00,1.35,101345.0,275.29999999999995,0.15
2015-11-23 21:15:00,1.7,101340.0,275.35,0.15
2015-11-23 21:30:00,1.9,101340.0,275.1,0.15
2015-11-23 21:45:00,2.2,101330.0,275.35,0.15
2015-11-23 22:00:00,1.85,101320.0,275.35,0.15
2015-11-23 22:15:00,0.8,101320.0,275.25,0.15
2015-11-23 22:30:00,1.3,101330.0,275.1,0.15
2015-11-23 22:45:00,1.8,101330.0,275.45,0.15
2015-11-23 23:00:00,2.25,101315.0,275.54999999999995,0.15
2015-11-23 23:15:00,2.4,101300.0,275.65,0.15
2015-11-23 23:30:00,1.7000000000000002,101285.0,275.35,0.15
2015-11-23 23:45:00,1.8,101270.0,275.25,0.15
2015-11-24 00:00:00,2.2,101250.0,275.2,0.15
2015-11-24 00:15:00,2.5,101250.0,274.85,0.15
2015-11-24 00:30:00,2.95,101240.0,274.95,0.15
2015-11-24 00:45:00,2.8,101230.0,275.25,0.15
2015-11-24 01:00:00,2.5,101230.0,275.04999999999995,0.15
2015-11-24 01:15:00,2.3,101220.0,274.85,0.15
2015-11-24 01:30:00,2.0,101215.0,275.1,0.15
2015-11-24 01:45:00,2.6,101200.0,275.15,0.15
2015-11-24 02:00:00,2.75,101185.0,275.1,0.15
2015-11-24 02:15:00,2.5,101180.0,274.85,0.15
2015-11-24 02:30:00,2.75,101140.0,275.15,0.15
2015-11-24 02:45:00,2.4,101130.0,275.25,0.15
2015-11-24 03:00:00,2.45,101110.0,275.15,0.15
2015-11-24 03:15:00,2.8,101100.0,274.95,0.15
2015-11-24 03:30:00,2.95,101080.0,275.0,0.15
2015-11-24 03:45:00,2.7,101080.0,274.95,0.15
2015-11-24 04:00:00,2.3,101075.0,274.7,0.15
2015-11-24 04:15:00,3.3,101060.0,274.45,0.15
2015-11-24 04:30:00,3.2,101060.0,274.4,0.15
2015-11-24 04:45:00,3.1,101060.0,274.35,0.15
2015-11-24 05:00:00,3.45,101040.0,274.4,0.15
2015-11-24 05:15:00,3.6,101040.0,274.45,0.15
2015-11-24 05:30:00,4.15,101015.0,274.6,0.15
2015-11-24 05:45:00,4.2,101000.0,274.65,0.15
2015-11-24 06:00:00,3.45,100990.0,274.79999999999995,0.15
2015-11-24 06:15:00,3.3,100980.0,274.75,0.15
2015-11-24 06:30:00,3.45,100985.0,274.7,0.15
2015-11-24 06:45:00,3.2,100970.0,274.65,0.15
2015-11-24 07:00:00,3.9,100975.0,274.9,0.15
2015-11-24 07:15:00,4.1,100960.0,275.35,0.15
2015-11-24 07:30:00,4.35,100950.0,275.75,0.15
2015-11-24 07:45:00,4.3,100950.0,275.75,0.15
2015-11-24 08:00:00,4.0,100950.0,275.9,0.15
2015-11-24 08:15:00,4.8,100930.0,276.04999999999995,0.15
2015-11-24 08:30:00,4.55,100915.0,276.04999999999995,0.15
2015-11-24 08:45:00,4.3,100910.0,276.15,0.15
2015-11-24 09:00:00,4.5,100885.0,276.2,0.15
2015-11-24 09:15:00,3.8,100870.0,276.25,0.15
2015-11-24 09:30:00,4.300000000000001,100865.0,276.45,0.15
2015-11-24 09:45:00,5.0,100850.0,276.65,0.15
2015-11-24 10:00:00,4.65,100830.0,276.9,0.15
2015-11-24 10:15:00,4.4,100800.0,276.95,0.15
2015-11-24 10:30:00,4.7,100775.0,277.2,0.15
2015-11-24 10:45:00,4.7,100750.0,277.35,0.15
2015-11-24 11:00:00,4.6,100720.0,277.35,0.15
2015-11-24 11:15:00,4.4,100690.0,277.65,0.15
2015-11-24 11:30:00,4.85,100660.0,277.65,0.15
2015-11-24 11:45:00,5.3,100630.0,277.65,0.15
2015-11-24 12:00:00,4.5,100615.0,277.6,0.15
2015-11-24 12:15:00,5.1,100590.0,277.54999999999995,0.15
2015-11-24 12:30:00,5.0,100575.0,277.75,0.15
2015-11-24 12:45:00,5.5,100550.0,277.65,0.15
2015-11-24 13:00:00,5.199999999999999,100525.0,277.54999999999995,0.15
2015-11-24 13:15:00,5.7,100490.0,277.45,0.15
2015-11-24 13:30:00,5.699999999999999,100460.0,277.5,0.15
2015-11-24 13:45:00,7.3,100450.0,277.35,0.15
2015-11-24 14:00:00,5.45,100410.0,277.2,0.15
2015-11-24 14:15:00,5.1,100380.0,277.04999999999995,0.15
2015-11-24 14:30:00,5.1,100350.0,276.85,0.15
2015-11-24 14:45:00,5.1,100320.0,276.45,0.15
2015-11-24 15:00:00,4.95,100290.0,276.0,0.15
2015-11-24 15:15:00,5.0,100260.0,275.95,0.15
2015-11-24 15:30:00,4.55,100230.0,275.85,0.15
2015-11-24 15:45:00,5.1,100190.0,275.54999999999995,0.15
2015-11-24 16:00:00,4.35,100170.0,275.25,0.15
2015-11-24 16:15:00,4.0,100150.0,275.15,0.15
2015-11-24 16:30:00,4.35,100135.0,274.9,0.15
2015-11-24 16:45:00,4.2,100120.0,274.75,0.15
2015-11-24 17:00:00,3.75,100115.0,274.75,0.15
2015-11-24 17:15:00,3.3,100110.0,274.65,0.15
2015-11-24 17:30:00,3.1500000000000004,100095.0,274.5,0.15
2015-11-24 17:45:00,2.8,100080.0,274.35,0.15
2015-11-24 18:00:00,2.65,100070.0,274.35,0.15
2015-11-24 18:15:00,3.1,100050.0,274.35,0.15
2015-11-24 18:30:00,2.7,100030.0,274.35,0.15
2015-11-24 18:45:00,2.8,100010.0,274.45,0.15
2015-11-24 19:00:00,2.6500000000000004,99980.0,274.45,0.15
2015-11-24 19:15:00,2.9,99960.0,274.45,0.15
2015-11-24 19:30:00,2.85,99935.0,274.5,0.15
2015-11-24 19:45:00,2.5,99930.0,274.45,0.15
2015-11-24 20:00:00,2.6,99910.0,274.45,0.15
2015-11-24 20:15:00,2.7,99890.0,274.45,0.15
2015-11-24 20:30:00,2.6,99875.0,274.45,0.15
2015-11-24 20:45:00,2.5,99850.0,274.45,0.15
2015-11-24 21:00:00,2.75,99840.0,274.5,0.15
2015-11-24 21:15:00,2.5,99830.0,274.65,0.15
2015-11-24 21:30:00,2.45,99815.0,274.79999999999995,0.15
2015-11-24 21:45:00,3.1,99800.0,274.85,0.15
2015-11-24 22:00:00,3.05,99780.0,274.85,0.15
2015-11-24 22:15:00,2.7,99770.0,274.85,0.15
2015-11-24 22:30:00,2.55,99755.0,275.1,0.15
2015-11-24 22:45:00,2.5,99750.0,274.95,0.15
2015-11-24 23:00:00,2.7,99730.0,275.0,0.15
2015-11-24 23:15:00,3.0,99710.0,275.15,0.15
2015-11-24 23:30:00,2.95,99690.0,275.4,0.15
2015-11-24 23:45:00,3.3,99670.0,275.45,0.15
2015-11-25 00:00:00,3.5,99650.0,275.4,0.15
2015-11-25 00:15:00,3.7,99630.0,275.45,0.15
2015-11-25 00:30:00,3.1,99615.0,275.65,0.15
2015-11-25 00:45:00,3.0,99590.0,275.75,0.15
2015-11-25 01:00:00,3.1,99580.0,275.75,0.15
2015-11-25 01:15:00,3.1,99570.0,275.95,0.15
2015-11-25 01:30:00,2.85,99565.0,275.79999999999995,0.15
2015-11-25 01:45:00,2.4,99550.0,275.95,0.15
2015-11-25 02:00:00,2.95,99530.0,275.85,0.15
2015-11-25 02:15:00,3.3,99520.0,276.04999999999995,0.15
2015-11-25 02:30:00,2.6,99510.0,276.15,0.15
2015-11-25 02:45:00,2.7,99500.0,276.25,0.15
2015-11-25 03:00:00,2.55,99485.0,276.29999999999995,0.15
2015-11-25 03:15:00,2.5,99470.0,276.35,0.15
2015-11-25 03:30:00,2.85,99470.0,276.35,0.15
2015-11-25 03:45:00,2.5,99470.0,276.35,0.15
2015-11-25 04:00:00,2.45,99460.0,276.29999999999995,0.15
2015-11-25 04:15:00,2.1,99450.0,276.45,0.15
2015-11-25 04:30:00,2.2,99450.0,276.54999999999995,0.15
2015-11-25 04:45:00,2.1,99450.0,276.54999999999995,0.15
2015-11-25 05:00:00,2.05,99430.0,276.65,0.15
2015-11-25 05:15:00,1.6,99430.0,276.65,0.15
2015-11-25 05:30:00,1.55,99420.0,276.79999999999995,0.15
2015-11-25 05:45:00,1.7,99420.0,276.85,0.15
2015-11-25 06:00:00,2.0,99425.0,277.04999999999995,0.15
2015-11-25 06:15:00,1.8,99420.0,277.04999999999995,0.15
2015-11-25 06:30:00,2.2,99420.0,277.04999999999995,0.15
2015-11-25 06:45:00,3.0,99430.0,277.15,0.15
2015-11-25 07:00:00,3.55,99435.0,277.29999999999995,0.15
2015-11-25 07:15:00,3.1,99450.0,277.65,0.15
2015-11-25 07:30:00,2.7,99445.0,277.7,0.15
2015-11-25 07:45:00,2.5,99460.0,278.45,0.15
2015-11-25 08:00:00,2.15,99470.0,278.79999999999995,0.15
2015-11-25 08:15:00,2.6,99470.0,279.04999999999995,0.15
2015-11-25 08:30:00,2.3,99475.0,279.35,0.15
2015-11-25 08:45:00,2.1,99470.0,279.54999999999995,0.15
2015-11-25 09:00:00,2.4,99460.0,279.85,0.15
2015-11-25 09:15:00,2.7,99460.0,280.25,0.15
2015-11-25 09:30:00,3.0,99450.0,280.7,0.15
2015-11-25 09:45:00,3.8,99480.0,278.95,0.15
2015-11-25 10:00:00,1.65,99455.0,278.95,0.15
2015-11-25 10:15:00,1.2,99440.0,279.25,0.15
2015-11-25 10:30:00,1.2999999999999998,99435.0,279.45,0.15
2015-11-25 10:45:00,1.1,99430.0,279.54999999999995,0.15
2015-11-25 11:00:00,1.35,99415.0,279.95,0.15
2015-11-25 11:15:00,3.0,99410.0,280.04999999999995,0.15
2015-11-25 11:30:00,1.95,99395.0,280.4,0.15
2015-11-25 11:45:00,1.8,99390.0,280.54999999999995,0.15
2015-11-25 12:00:00,2.05,99365.0,280.9,0.15
2015-11-25 12:15:00,3.0,99350.0,280.95,0.15
2015-11-25 12:30:00,3.95,99335.0,281.04999999999995,0.15
2015-11-25 12:45:00,3.9,99330.0,280.85,0.15
2015-11-25 13:00:00,4.35,99325.0,280.6,0.15
2015-11-25 13:15:00,4.3,99330.0,280.04999999999995,0.15
2015-11-25 13:30:00,3.5,99330.0,280.04999999999995,0.15
2015-11-25 13:45:00,2.9,99320.0,280.15,0.15
2015-11-25 14:00:00,2.15,99325.0,280.0,0.15
2015-11-25 14:15:00,2.1,99350.0,279.95,0.15
2015-11-25 14:30:00,1.9,99355.0,279.95,0.15
2015-11-25 14:45:00,2.1,99370.0,279.85,0.15
2015-11-25 15:00:00,1.75,99380.0,280.0,0.15
2015-11-25 15:15:00,2.0,99390.0,280.04999999999995,0.15
2015-11-25 15:30:00,2.2,99395.0,280.0,0.15
2015-11-25 15:45:00,1.9,99410.0,280.04999999999995,0.15
2015-11-25 16:00:00,2.1500000000000004,99420.0,280.0,0.15
2015-11-25 16:15:00,2.1,99430.0,279.95,0.15
2015-11-25 16:30:00,2.3,99445.0,279.6,0.15
2015-11-25 16:45:00,2.7,99460.0,279.65,0.15
2015-11-25 17:00:00,2.4,99475.0,279.95,0.15
2015-11-25 17:15:00,2.6,99500.0,279.75,0.15
2015-11-25 17:30:00,2.6500000000000004,99505.0,279.79999999999995,0.15
2015-11-25 17:45:00,2.7,99520.0,279.85,0.15
2015-11-25 18:00:00,2.65,99535.0,279.65,0.15
2015-11-25 18:15:00,2.5,99550.0,279.75,0.15
2015-11-25 18:30:00,3.1,99555.0,279.54999999999995,0.15
2015-11-25 18:45:00,2.7,99570.0,279.54999999999995,0.15
2015-11-25 19:00:00,2.5,99595.0,279.25,0.15
2015-11-25 19:15:00,2.4,99620.0,279.15,0.15
2015-11-25 19:30:00,2.7,99635.0,279.1,0.15
2015-11-25 19:45:00,2.8,99640.0,279.25,0.15
2015-11-25 20:00:00,2.25,99665.0,279.29999999999995,0.15
2015-11-25 20:15:00,1.8,99680.0,279.15,0.15
2015-11-25 20:30:00,1.65,99690.0,279.04999999999995,0.15
2015-11-25 20:45:00,1.2,99690.0,279.04999999999995,0.15
2015-11-25 21:00:00,1.45,99700.0,278.95,0.15
2015-11-25 21:15:00,1.7,99710.0,278.85,0.15
2015-11-25 21:30:00,1.5499999999999998,99720.0,278.7,0.15
2015-11-25 21:45:00,1.6,99730.0,278.54999999999995,0.15
2015-11-25 22:00:00,2.6,99745.0,278.65,0.15
2015-11-25 22:15:00,2.1,99750.0,278.75,0.15
2015-11-25 22:30:00,2.1,99760.0,278.75,0.15
2015-11-25 22:45:00,1.8,99770.0,278.65,0.15
2015-11-25 23:00:00,1.7,99770.0,278.85,0.15
2015-11-25 23:15:00,1.4,99780.0,278.95,0.15
2015-11-25 23:30:00,1.55,99795.0,278.9,0.15
2015-11-25 23:45:00,2.2,99810.0,278.75,0.15
2015-11-26 00:00:00,2.1,99825.0,278.9,0.15
2015-11-26 00:15:00,2.5,99840.0,278.95,0.15
2015-11-26 00:30:00,2.85,99845.0,278.9,0.15
2015-11-26 00:45:00,2.8,99860.0,278.85,0.15
2015-11-26 01:00:00,2.9,99875.0,278.85,0.15
2015-11-26 01:15:00,2.6,99890.0,278.75,0.15
2015-11-26 01:30:00,2.85,99900.0,278.65,0.15
2015-11-26 01:45:00,2.5,99910.0,278.54999999999995,0.15
2015-11-26 02:00:00,3.2,99930.0,278.5,0.15
2015-11-26 02:15:00,3.2,99930.0,278.35,0.15
2015-11-26 02:30:00,3.05,99945.0,278.15,0.15
2015-11-26 02:45:00,3.6,99960.0,278.25,0.15
2015-11-26 03:00:00,3.35,99985.0,278.35,0.15
2015-11-26 03:15:00,2.8,99990.0,278.25,0.15
2015-11-26 03:30:00,3.4000000000000004,100005.0,278.35,0.15
2015-11-26 03:45:00,3.5,100030.0,278.45,0.15
2015-11-26 04:00:00,3.3,100050.0,278.2,0.15
2015-11-26 04:15:00,3.3,100060.0,278.15,0.15
2015-11-26 04:30:00,3.0,100070.0,278.04999999999995,0.15
2015-11-26 04:45:00,3.1,100100.0,277.95,0.15
2015-11-26 05:00:00,2.85,100120.0,277.75,0.15
2015-11-26 05:15:00,3.3,100130.0,277.65,0.15
2015-11-26 05:30:00,3.05,100155.0,277.35,0.15
2015-11-26 05:45:00,2.3,100190.0,277.25,0.15
2015-11-26 06:00:00,2.4,100205.0,277.25,0.15
2015-11-26 06:15:00,2.5,100220.0,277.35,0.15
2015-11-26 06:30:00,2.3,100230.0,277.29999999999995,0.15
2015-11-26 06:45:00,2.5,100260.0,277.45,0.15
2015-11-26 07:00:00,2.2,100295.0,277.5,0.15
2015-11-26 07:15:00,2.0,100320.0,277.54999999999995,0.15
2015-11-26 07:30:00,1.95,100355.0,277.45,0.15
2015-11-26 07:45:00,1.6,100380.0,277.45,0.15
2015-11-26 08:00:00,1.4,100410.0,277.45,0.15
2015-11-26 08:15:00,1.8,100430.0,277.45,0.15
2015-11-26 08:30:00,2.25,100445.0,277.6,0.15
2015-11-26 08:45:00,1.1,100460.0,277.54999999999995,0.15
2015-11-26 09:00:00,2.05,100470.0,277.7,0.15
2015-11-26 09:15:00,2.2,100500.0,277.95,0.15
2015-11-26 09:30:00,1.5,100515.0,277.85,0.15
2015-11-26 09:45:00,1.2,100540.0,277.95,0.15
2015-11-26 10:00:00,1.45,100555.0,278.1,0.15
2015-11-26 10:15:00,1.7,100560.0,278.15,0.15
2015-11-26 10:30:00,1.3,100580.0,278.25,0.15
2015-11-26 10:45:00,1.4,100600.0,278.35,0.15
2015-11-26 11:00:00,1.25,100605.0,278.45,0.15
2015-11-26 11:15:00,1.7,100620.0,278.65,0.15
2015-11-26 11:30:00,1.05,100635.0,278.79999999999995,0.15
2015-11-26 11:45:00,0.9,100640.0,278.95,0.15
2015-11-26 12:00:00,0.9,100640.0,279.45,0.15
2015-11-26 12:15:00,0.8,100640.0,279.65,0.15
2015-11-26 12:30:00,1.0,100630.0,280.0,0.15
2015-11-26 12:45:00,1.1,100630.0,280.15,0.15
2015-11-26 13:00:00,0.6,100650.0,280.65,0.15
2015-11-26 13:15:00,1.1,100670.0,280.95,0.15
2015-11-26 13:30:00,0.95,100680.0,280.65,0.15
2015-11-26 13:45:00,0.9,100680.0,280.95,0.15
2015-11-26 14:00:00,0.6,100685.0,280.79999999999995,0.15
2015-11-26 14:15:00,0.5,100710.0,279.95,0.15
2015-11-26 14:30:00,1.2000000000000002,100725.0,279.9,0.15
2015-11-26 14:45:00,1.2,100740.0,279.75,0.15
2015-11-26 15:00:00,1.4,100755.0,279.2,0.15
2015-11-26 15:15:00,1.5,100770.0,278.85,0.15
2015-11-26 15:30:00,1.05,100790.0,277.79999999999995,0.15
2015-11-26 15:45:00,0.9,100800.0,277.54999999999995,0.15
2015-11-26 16:00:00,1.3,100815.0,277.35,0.15
2015-11-26 16:15:00,1.3,100830.0,277.45,0.15
2015-11-26 16:30:00,2.05,100845.0,276.54999999999995,0.15
2015-11-26 16:45:00,2.2,100880.0,277.15,0.15
2015-11-26 17:00:00,2.0,100885.0,277.2,0.15
2015-11-26 17:15:00,2.1,100890.0,277.15,0.15
2015-11-26 17:30:00,2.2,100910.0,277.1,0.15
2015-11-26 17:45:00,2.0,100920.0,276.85,0.15
2015-11-26 18:00:00,1.9,100935.0,276.9,0.15
2015-11-26 18:15:00,1.7,100960.0,277.25,0.15
2015-11-26 18:30:00,1.75,100965.0,275.29999999999995,0.15
2015-11-26 18:45:00,1.6,100960.0,274.65,0.15
2015-11-26 19:00:00,1.2,100980.0,275.2,0.15
2015-11-26 19:15:00,1.2,101000.0,274.85,0.15
2015-11-26 19:30:00,1.75,101025.0,274.9,0.15
2015-11-26 19:45:00,2.5,101040.0,275.15,0.15
2015-11-26 20:00:00,2.25,101045.0,274.95,0.15
2015-11-26 20:15:00,2.8,101040.0,275.25,0.15
2015-11-26 20:30:00,2.25,101045.0,273.9,0.15
2015-11-26 20:45:00,2.2,101040.0,273.85,0.15
2015-11-26 21:00:00,1.85,101045.0,273.79999999999995,0.15
2015-11-26 21:15:00,1.7,101040.0,274.35,0.15
2015-11-26 21:30:00,1.45,101045.0,273.95,0.15
2015-11-26 21:45:00,1.7,101030.0,274.04999999999995,0.15
2015-11-26 22:00:00,1.65,101025.0,272.95,0.15
2015-11-26 22:15:00,2.5,101030.0,273.04999999999995,0.15
2015-11-26 22:30:00,2.2,101030.0,273.04999999999995,0.15
2015-11-26 22:45:00,2.0,101030.0,273.35,0.15
2015-11-26 23:00:00,1.85,101030.0,273.35,0.15
2015-11-26 23:15:00,1.9,101040.0,272.95,0.15
2015-11-26 23:30:00,2.25,101030.0,273.35,0.15
2015-11-26 23:45:00,2.0,101030.0,272.75,0.15
2015-11-27 00:00:00,2.1,101025.0,273.04999999999995,0.15
2015-11-27 00:15:00,2.3,101020.0,272.85,0.15
2015-11-27 00:30:00,1.95,101020.0,272.85,0.15
2015-11-27 00:45:00,1.9,101020.0,272.65,0.15
2015-11-27 01:00:00,1.95,101015.0,273.29999999999995,0.15
2015-11-27 01:15:00,2.5,101020.0,273.04999999999995,0.15
2015-11-27 01:30:00,3.05,101010.0,272.5,0.15
2015-11-27 01:45:00,2.6,101000.0,273.45,0.15
2015-11-27 02:00:00,1.95,100995.0,273.29999999999995,0.15
2015-11-27 02:15:00,2.0,100980.0,273.54999999999995,0.15
2015-11-27 02:30:00,1.7999999999999998,100965.0,273.5,0.15
2015-11-27 02:45:00,2.0,100950.0,273.65,0.15
2015-11-27 03:00:00,2.05,100945.0,273.79999999999995,0.15
2015-11-27 03:15:00,2.5,100950.0,273.95,0.15
2015-11-27 03:30:00,2.6500000000000004,100930.0,274.0,0.15
2015-11-27 03:45:00,2.0,100920.0,274.15,0.15
2015-11-27 04:00:00,2.05,100920.0,274.29999999999995,0.15
2015-11-27 04:15:00,2.4,100910.0,274.35,0.15
2015-11-27 04:30:00,2.4000000000000004,100895.0,274.45,0.15
2015-11-27 04:45:00,2.5,100880.0,274.54999999999995,0.15
2015-11-27 05:00:00,2.55,100875.0,274.54999999999995,0.15
2015-11-27 05:15:00,2.3,100870.0,274.54999999999995,0.15
2015-11-27 05:30:00,2.1,100855.0,274.7,0.15
2015-11-27 05:45:00,2.6,100850.0,274.75,0.15
2015-11-27 06:00:00,3.05,100840.0,274.85,0.15
2015-11-27 06:15:00,3.2,100830.0,274.95,0.15
2015-11-27 06:30:00,2.45,100830.0,275.0,0.15
2015-11-27 06:45:00,2.6,100830.0,274.95,0.15
2015-11-27 07:00:00,2.5,100830.0,274.79999999999995,0.15
2015-11-27 07:15:00,2.6,100820.0,274.75,0.15
2015-11-27 07:30:00,2.45,100815.0,274.7,0.15
2015-11-27 07:45:00,2.8,100820.0,274.95,0.15
2015-11-27 08:00:00,3.15,100800.0,275.04999999999995,0.15
2015-11-27 08:15:00,3.3,100780.0,275.25,0.15
2015-11-27 08:30:00,3.0,100775.0,275.4,0.15
2015-11-27 08:45:00,2.9,100780.0,275.54999999999995,0.15
2015-11-27 09:00:00,2.85,100775.0,275.79999999999995,0.15
2015-11-27 09:15:00,2.9,100770.0,275.95,0.15
2015-11-27 09:30:00,3.55,100765.0,276.25,0.15
2015-11-27 09:45:00,3.5,100760.0,276.95,0.15
2015-11-27 10:00:00,2.75,100750.0,277.1,0.15
2015-11-27 10:15:00,3.2,100740.0,277.25,0.15
2015-11-27 10:30:00,3.7,100715.0,277.85,0.15
2015-11-27 10:45:00,2.9,100700.0,278.45,0.15
2015-11-27 11:00:00,3.85,100675.0,278.9,0.15
2015-11-27 11:15:00,4.1,100660.0,278.95,0.15
2015-11-27 11:30:00,4.5,100625.0,279.2,0.15
2015-11-27 11:45:00,4.1,100600.0,279.65,0.15
2015-11-27 12:00:00,4.6,100575.0,279.75,0.15
2015-11-27 12:15:00,4.5,100550.0,279.85,0.15
2015-11-27 12:30:00,4.1,100520.0,279.95,0.15
2015-11-27 12:45:00,4.3,100490.0,279.95,0.15
2015-11-27 13:00:00,4.2,100460.0,280.0,0.15
2015-11-27 13:15:00,4.3,100440.0,279.95,0.15
2015-11-27 13:30:00,4.35,100410.0,279.54999999999995,0.15
2015-11-27 13:45:00,3.9,100390.0,279.54999999999995,0.15
2015-11-27 14:00:00,3.55,100375.0,278.9,0.15
2015-11-27 14:15:00,3.8,100360.0,278.65,0.15
2015-11-27 14:30:00,4.0,100355.0,278.15,0.15
2015-11-27 14:45:00,4.4,100350.0,277.85,0.15
2015-11-27 15:00:00,3.95,100335.0,277.45,0.15
2015-11-27 15:15:00,4.0,100320.0,277.15,0.15
2015-11-27 15:30:00,3.65,100305.0,276.9,0.15
2015-11-27 15:45:00,3.3,100300.0,276.65,0.15
2015-11-27 16:00:00,3.45,100290.0,276.54999999999995,0.15
2015-11-27 16:15:00,3.5,100280.0,276.35,0.15
2015-11-27 16:30:00,3.1,100275.0,276.15,0.15
2015-11-27 16:45:00,2.8,100260.0,276.25,0.15
2015-11-27 17:00:00,3.0,100255.0,276.1,0.15
2015-11-27 17:15:00,3.2,100240.0,276.15,0.15
2015-11-27 17:30:00,3.05,100230.0,276.04999999999995,0.15
2015-11-27 17:45:00,3.1,100220.0,275.85,0.15
2015-11-27 18:00:00,2.85,100210.0,275.79999999999995,0.15
2015-11-27 18:15:00,2.8,100210.0,275.65,0.15
2015-11-27 18:30:00,3.1,100200.0,275.6,0.15
2015-11-27 18:45:00,3.0,100180.0,275.35,0.15
2015-11-27 19:00:00,2.55,100175.0,275.29999999999995,0.15
2015-11-27 19:15:00,2.9,100160.0,275.35,0.15
2015-11-27 19:30:00,2.7,100145.0,275.45,0.15
2015-11-27 19:45:00,2.3,100120.0,275.35,0.15
2015-11-27 20:00:00,2.35,100110.0,274.85,0.15
2015-11-27 20:15:00,1.7,100100.0,275.35,0.15
2015-11-27 20:30:00,2.25,100060.0,274.95,0.15
2015-11-27 20:45:00,1.9,100040.0,274.65,0.15
2015-11-27 21:00:00,2.25,100030.0,274.65,0.15
2015-11-27 21:15:00,2.9,100020.0,274.54999999999995,0.15
2015-11-27 21:30:00,2.3,100000.0,274.45,0.15
2015-11-27 21:45:00,2.6,99980.0,274.65,0.15
2015-11-27 22:00:00,2.7,99950.0,274.75,0.15
2015-11-27 22:15:00,2.9,99930.0,274.85,0.15
2015-11-27 22:30:00,2.65,99920.0,275.2,0.15
2015-11-27 22:45:00,1.9,99910.0,275.35,0.15
2015-11-27 23:00:00,2.15,99890.0,275.7,0.15
2015-11-27 23:15:00,3.1,99860.0,275.75,0.15
2015-11-27 23:30:00,3.7,99845.0,275.85,0.15
2015-11-27 23:45:00,3.7,99830.0,275.95,0.15
2015-11-28 00:00:00,4.8,99800.0,275.95,0.15
2015-11-28 00:15:00,4.8,99760.0,275.95,0.15
2015-11-28 00:30:00,4.95,99745.0,275.95,0.15
2015-11-28 00:45:00,4.6,99710.0,276.04999999999995,0.15
2015-11-28 01:00:00,4.35,99700.0,276.04999999999995,0.15
2015-11-28 01:15:00,3.5,99700.0,276.04999999999995,0.15
2015-11-28 01:30:00,4.15,99665.0,276.04999999999995,0.15
2015-11-28 01:45:00,3.8,99640.0,276.15,0.15
2015-11-28 02:00:00,4.0,99600.0,276.15,0.15
2015-11-28 02:15:00,4.3,99560.0,276.15,0.15
2015-11-28 02:30:00,3.75,99590.0,276.1,0.15
2015-11-28 02:45:00,3.7,99580.0,276.04999999999995,0.15
2015-11-28 03:00:00,4.05,99580.0,276.04999999999995,0.15
2015-11-28 03:15:00,3.4,99580.0,276.15,0.15
2015-11-28 03:30:00,3.3,99585.0,276.35,0.15
2015-11-28 03:45:00,3.1,99580.0,276.45,0.15
2015-11-28 04:00:00,3.2,99585.0,276.5,0.15
2015-11-28 04:15:00,3.4,99580.0,276.85,0.15
2015-11-28 04:30:00,3.75,99575.0,277.4,0.15
2015-11-28 04:45:00,3.4,99560.0,277.54999999999995,0.15
2015-11-28 05:00:00,3.55,99565.0,277.65,0.15
2015-11-28 05:15:00,3.8,99580.0,277.85,0.15
2015-11-28 05:30:00,3.7,99605.0,278.15,0.15
2015-11-28 05:45:00,3.4,99640.0,278.75,0.15
2015-11-28 06:00:00,5.300000000000001,99680.0,279.54999999999995,0.15
2015-11-28 06:15:00,7.1,99700.0,280.15,0.15
2015-11-28 06:30:00,7.0,99750.0,279.95,0.15
2015-11-28 06:45:00,6.2,99810.0,279.95,0.15
2015-11-28 07:00:00,5.85,99845.0,279.9,0.15
2015-11-28 07:15:00,5.2,99890.0,279.85,0.15
2015-11-28 07:30:00,5.95,99930.0,279.79999999999995,0.15
2015-11-28 07:45:00,5.4,99960.0,279.75,0.15
2015-11-28 08:00:00,5.5,99990.0,279.54999999999995,0.15
2015-11-28 08:15:00,5.4,100020.0,279.85,0.15
2015-11-28 08:30:00,4.85,100050.0,279.85,0.15
2015-11-28 08:45:00,5.9,100070.0,279.95,0.15
2015-11-28 09:00:00,5.449999999999999,100105.0,279.9,0.15
2015-11-28 09:15:00,4.7,100130.0,279.95,0.15
2015-11-28 09:30:00,4.5,100155.0,280.04999999999995,0.15
2015-11-28 09:45:00,5.2,100170.0,280.35,0.15
2015-11-28 10:00:00,5.050000000000001,100190.0,280.4,0.15
2015-11-28 10:15:00,5.8,100210.0,280.25,0.15
2015-11-28 10:30:00,5.85,100225.0,281.0,0.15
2015-11-28 10:45:00,6.2,100230.0,280.85,0.15
2015-11-28 11:00:00,6.15,100255.0,280.5,0.15
2015-11-28 11:15:00,6.4,100280.0,280.65,0.15
2015-11-28 11:30:00,5.1,100295.0,280.85,0.15
2015-11-28 11:45:00,5.3,100290.0,280.65,0.15
2015-11-28 12:00:00,5.6,100295.0,280.5,0.15
2015-11-28 12:15:00,5.3,100330.0,280.45,0.15
2015-11-28 12:30:00,4.95,100315.0,280.5,0.15
2015-11-28 12:45:00,5.6,100340.0,280.15,0.15
2015-11-28 13:00:00,5.3,100335.0,280.65,0.15
2015-11-28 13:15:00,6.0,100360.0,280.85,0.15
2015-11-28 13:30:00,5.65,100365.0,280.9,0.15
2015-11-28 13:45:00,5.5,100380.0,280.75,0.15
2015-11-28 14:00:00,4.699999999999999,100385.0,280.4,0.15
2015-11-28 14:15:00,5.7,100400.0,280.65,0.15
2015-11-28 14:30:00,4.1,100405.0,280.35,0.15
2015-11-28 14:45:00,4.3,100420.0,280.45,0.15
2015-11-28 15:00:00,4.4,100440.0,280.04999999999995,0.15
2015-11-28 15:15:00,5.2,100450.0,279.54999999999995,0.15
2015-11-28 15:30:00,3.5,100455.0,279.1,0.15
2015-11-28 15:45:00,2.3,100450.0,278.65,0.15
2015-11-28 16:00:00,2.95,100440.0,278.5,0.15
2015-11-28 16:15:00,3.5,100450.0,278.15,0.15
2015-11-28 16:30:00,3.55,100445.0,278.45,0.15
2015-11-28 16:45:00,3.0,100440.0,278.75,0.15
2015-11-28 17:00:00,3.05,100425.0,278.85,0.15
2015-11-28 17:15:00,2.9,100410.0,278.95,0.15
2015-11-28 17:30:00,3.5,100385.0,278.95,0.15
2015-11-28 17:45:00,3.6,100390.0,278.95,0.15
2015-11-28 18:00:00,2.9,100385.0,278.85,0.15
2015-11-28 18:15:00,3.1,100380.0,278.85,0.15
2015-11-28 18:30:00,3.6,100370.0,278.95,0.15
2015-11-28 18:45:00,4.5,100370.0,279.15,0.15
2015-11-28 19:00:00,4.25,100355.0,279.65,0.15
2015-11-28 19:15:00,4.6,100350.0,279.85,0.15
2015-11-28 19:30:00,5.15,100340.0,280.15,0.15
2015-11-28 19:45:00,4.8,100330.0,280.15,0.15
2015-11-28 20:00:00,5.25,100300.0,280.29999999999995,0.15
2015-11-28 20:15:00,5.0,100290.0,280.35,0.15
2015-11-28 20:30:00,5.65,100275.0,280.5,0.15
2015-11-28 20:45:00,5.2,100260.0,280.54999999999995,0.15
2015-11-28 21:00:00,5.25,100245.0,280.35,0.15
2015-11-28 21:15:00,6.2,100220.0,280.35,0.15
2015-11-28 21:30:00,5.5,100180.0,280.5,0.15
2015-11-28 21:45:00,4.8,100170.0,280.54999999999995,0.15
2015-11-28 22:00:00,5.75,100155.0,280.6,0.15
2015-11-28 22:15:00,6.3,100120.0,280.75,0.15
2015-11-28 22:30:00,7.199999999999999,100100.0,281.1,0.15
2015-11-28 22:45:00,7.7,100070.0,281.25,0.15
2015-11-28 23:00:00,7.5,100065.0,281.25,0.15
2015-11-28 23:15:00,7.5,100040.0,281.25,0.15
2015-11-28 23:30:00,7.05,100030.0,281.29999999999995,0.15
2015-11-28 23:45:00,8.2,100020.0,280.85,0.15
2015-11-29 00:00:00,7.550000000000001,100010.0,280.45,0.15
2015-11-29 00:15:00,7.3,99980.0,280.15,0.15
2015-11-29 00:30:00,6.6,99960.0,280.15,0.15
2015-11-29 00:45:00,5.6,99950.0,280.25,0.15
2015-11-29 01:00:00,6.699999999999999,99950.0,280.35,0.15
2015-11-29 01:15:00,5.2,99950.0,280.45,0.15
2015-11-29 01:30:00,6.25,99940.0,280.5,0.15
2015-11-29 01:45:00,6.7,99940.0,280.45,0.15
2015-11-29 02:00:00,6.0,99930.0,280.35,0.15
2015-11-29 02:15:00,5.4,99920.0,280.25,0.15
2015-11-29 02:30:00,5.4,99925.0,280.29999999999995,0.15
2015-11-29 02:45:00,5.3,99910.0,280.25,0.15
2015-11-29 03:00:00,6.1,99900.0,280.2,0.15
2015-11-29 03:15:00,6.2,99890.0,280.04999999999995,0.15
2015-11-29 03:30:00,7.05,99865.0,280.15,0.15
2015-11-29 03:45:00,7.1,99870.0,280.35,0.15
2015-11-29 04:00:00,6.3,99870.0,280.65,0.15
2015-11-29 04:15:00,6.2,99880.0,280.85,0.15
2015-11-29 04:30:00,5.949999999999999,99880.0,281.1,0.15
2015-11-29 04:45:00,6.5,99890.0,281.35,0.15
2015-11-29 05:00:00,5.3,99905.0,281.4,0.15
2015-11-29 05:15:00,4.9,99900.0,281.45,0.15
2015-11-29 05:30:00,4.55,99895.0,281.7,0.15
2015-11-29 05:45:00,4.1,99900.0,281.75,0.15
2015-11-29 06:00:00,3.95,99895.0,281.9,0.15
2015-11-29 06:15:00,4.4,99890.0,281.95,0.15
2015-11-29 06:30:00,4.55,99905.0,281.79999999999995,0.15
2015-11-29 06:45:00,3.5,99920.0,281.54999999999995,0.15
2015-11-29 07:00:00,3.3,99915.0,281.5,0.15
2015-11-29 07:15:00,3.1,99900.0,281.54999999999995,0.15
2015-11-29 07:30:00,3.7,99910.0,281.7,0.15
2015-11-29 07:45:00,4.6,99910.0,282.25,0.15
2015-11-29 08:00:00,5.15,99920.0,282.35,0.15
2015-11-29 08:15:00,4.9,99930.0,282.15,0.15
2015-11-29 08:30:00,4.25,99940.0,282.15,0.15
2015-11-29 08:45:00,5.0,99930.0,282.25,0.15
2015-11-29 09:00:00,4.5,99935.0,282.5,0.15
2015-11-29 09:15:00,4.7,99940.0,282.75,0.15
2015-11-29 09:30:00,5.6,99945.0,283.5,0.15
2015-11-29 09:45:00,7.5,99950.0,284.04999999999995,0.15
2015-11-29 10:00:00,6.5,99955.0,284.25,0.15
2015-11-29 10:15:00,6.8,99970.0,284.54999999999995,0.15
2015-11-29 10:30:00,5.75,99975.0,284.6,0.15
2015-11-29 10:45:00,5.7,100000.0,284.75,0.15
2015-11-29 11:00:00,6.1,100000.0,284.75,0.15
2015-11-29 11:15:00,7.1,100010.0,284.75,0.15
2015-11-29 11:30:00,6.0,99985.0,284.95,0.15
2015-11-29 11:45:00,6.5,99970.0,284.85,0.15
2015-11-29 12:00:00,6.0,99945.0,284.9,0.15
2015-11-29 12:15:00,7.0,99930.0,284.15,0.15
2015-11-29 12:30:00,5.25,99910.0,284.1,0.15
2015-11-29 12:45:00,5.3,99900.0,283.75,0.15
2015-11-29 13:00:00,5.15,99890.0,283.65,0.15
2015-11-29 13:15:00,5.1,99890.0,283.85,0.15
2015-11-29 13:30:00,5.800000000000001,99890.0,284.15,0.15
2015-11-29 13:45:00,6.3,99880.0,284.25,0.15
2015-11-29 14:00:00,7.0,99885.0,284.9,0.15
2015-11-29 14:15:00,6.8,99870.0,285.25,0.15
2015-11-29 14:30:00,7.300000000000001,99890.0,285.2,0.15
2015-11-29 14:45:00,8.2,99900.0,285.25,0.15
2015-11-29 15:00:00,7.6,99890.0,285.45,0.15
2015-11-29 15:15:00,7.4,99910.0,285.54999999999995,0.15
2015-11-29 15:30:00,8.25,99905.0,285.45,0.15
2015-11-29 15:45:00,8.5,99900.0,285.54999999999995,0.15
2015-11-29 16:00:00,8.899999999999999,99915.0,285.35,0.15
2015-11-29 16:15:00,8.1,99900.0,285.45,0.15
2015-11-29 16:30:00,8.45,99900.0,285.7,0.15
2015-11-29 16:45:00,8.3,99940.0,285.54999999999995,0.15
2015-11-29 17:00:00,8.6,99940.0,285.6,0.15
2015-11-29 17:15:00,8.8,99940.0,285.65,0.15
2015-11-29 17:30:00,8.0,99940.0,285.75,0.15
2015-11-29 17:45:00,8.7,99930.0,285.75,0.15
2015-11-29 18:00:00,8.149999999999999,99925.0,285.6,0.15
2015-11-29 18:15:00,8.4,99930.0,285.65,0.15
2015-11-29 18:30:00,8.2,99920.0,285.45,0.15
2015-11-29 18:45:00,7.6,99910.0,285.45,0.15
2015-11-29 19:00:00,8.3,99885.0,285.54999999999995,0.15
2015-11-29 19:15:00,7.9,99880.0,285.54999999999995,0.15
2015-11-29 19:30:00,9.05,99885.0,285.65,0.15
2015-11-29 19:45:00,8.8,99870.0,285.65,0.15
2015-11-29 20:00:00,9.85,99870.0,285.9,0.15
2015-11-29 20:15:00,11.3,99890.0,285.85,0.15
2015-11-29 20:30:00,9.75,99905.0,285.65,0.15
2015-11-29 20:45:00,10.4,99890.0,285.35,0.15
2015-11-29 21:00:00,9.5,99915.0,285.65,0.15
2015-11-29 21:15:00,10.8,99920.0,285.85,0.15
2015-11-29 21:30:00,9.95,99930.0,285.6,0.15
2015-11-29 21:45:00,8.6,99940.0,285.45,0.15
2015-11-29 22:00:00,9.65,99970.0,285.1,0.15
2015-11-29 22:15:00,9.4,99980.0,285.54999999999995,0.15
2015-11-29 22:30:00,9.5,100005.0,285.15,0.15
2015-11-29 22:45:00,9.5,99990.0,285.15,0.15
2015-11-29 23:00:00,9.75,100005.0,285.2,0.15
2015-11-29 23:15:00,10.0,100030.0,285.45,0.15
2015-11-29 23:30:00,10.65,100135.0,282.85,0.15
2015-11-29 23:45:00,8.1,100150.0,283.04999999999995,0.15
2015-11-30 00:00:00,7.0,100185.0,282.75,0.15
2015-11-30 00:15:00,6.6,100220.0,282.75,0.15
2015-11-30 00:30:00,5.800000000000001,100230.0,282.75,0.15
2015-11-30 00:45:00,6.2,100260.0,282.65,0.15
2015-11-30 01:00:00,5.449999999999999,100280.0,282.65,0.15
2015-11-30 01:15:00,5.0,100320.0,282.75,0.15
2015-11-30 01:30:00,3.85,100340.0,282.79999999999995,0.15
2015-11-30 01:45:00,3.9,100370.0,282.85,0.15
2015-11-30 02:00:00,5.9,100400.0,283.15,0.15
2015-11-30 02:15:00,5.3,100400.0,283.15,0.15
2015-11-30 02:30:00,4.0,100415.0,283.04999999999995,0.15
2015-11-30 02:45:00,3.7,100420.0,282.85,0.15
2015-11-30 03:00:00,3.4,100445.0,282.9,0.15
2015-11-30 03:15:00,3.4,100470.0,282.75,0.15
2015-11-30 03:30:00,3.6,100495.0,282.65,0.15
2015-11-30 03:45:00,3.4,100530.0,282.45,0.15
2015-11-30 04:00:00,3.9,100535.0,282.45,0.15
2015-11-30 04:15:00,3.9,100560.0,282.65,0.15
2015-11-30 04:30:00,4.4,100595.0,282.6,0.15
2015-11-30 04:45:00,4.3,100620.0,282.85,0.15
2015-11-30 05:00:00,4.0,100645.0,282.4,0.15
2015-11-30 05:15:00,4.2,100660.0,282.45,0.15
2015-11-30 05:30:00,3.7,100685.0,282.4,0.15
2015-11-30 05:45:00,3.9,100700.0,282.35,0.15
2015-11-30 06:00:00,3.1500000000000004,100720.0,282.35,0.15
2015-11-30 06:15:00,3.1,100750.0,282.25,0.15
2015-11-30 06:30:00,3.05,100780.0,282.15,0.15
2015-11-30 06:45:00,2.9,100790.0,282.25,0.15
2015-11-30 07:00:00,3.65,100805.0,282.1,0.15
2015-11-30 07:15:00,3.4,100830.0,282.15,0.15
2015-11-30 07:30:00,3.2,100830.0,282.04999999999995,0.15
2015-11-30 07:45:00,2.2,100830.0,282.25,0.15
2015-11-30 08:00:00,2.3,100835.0,281.9,0.15
2015-11-30 08:15:00,2.6,100850.0,282.15,0.15
2015-11-30 08:30:00,3.0,100845.0,282.29999999999995,0.15
2015-11-30 08:45:00,2.7,100840.0,282.25,0.15
2015-11-30 09:00:00,2.65,100815.0,282.4,0.15
2015-11-30 09:15:00,2.4,100810.0,282.35,0.15
2015-11-30 09:30:00,2.45,100805.0,282.1,0.15
2015-11-30 09:45:00,3.2,100790.0,281.85,0.15
2015-11-30 10:00:00,2.6,100785.0,281.9,0.15
2015-11-30 10:15:00,2.8,100770.0,282.04999999999995,0.15
2015-11-30 10:30:00,2.35,100730.0,282.0,0.15
2015-11-30 10:45:00,2.7,100700.0,282.15,0.15
2015-11-30 11:00:00,2.85,100670.0,282.29999999999995,0.15
2015-11-30 11:15:00,2.4,100620.0,282.35,0.15
2015-11-30 11:30:00,2.2,100590.0,282.29999999999995,0.15
2015-11-30 11:45:00,3.4,100560.0,282.25,0.15
2015-11-30 12:00:00,2.8,100545.0,282.45,0.15
2015-11-30 12:15:00,2.9,100520.0,282.65,0.15
2015-11-30 12:30:00,3.5,100485.0,283.04999999999995,0.15
2015-11-30 12:45:00,4.0,100480.0,283.45,0.15
2015-11-30 13:00:00,6.35,100470.0,284.29999999999995,0.15
2015-11-30 13:15:00,6.8,100450.0,284.54999999999995,0.15
2015-11-30 13:30:00,6.75,100440.0,284.35,0.15
2015-11-30 13:45:00,6.6,100420.0,284.54999999999995,0.15
2015-11-30 14:00:00,7.35,100390.0,284.95,0.15
2015-11-30 14:15:00,7.4,100370.0,284.95,0.15
2015-11-30 14:30:00,7.5,100360.0,285.04999999999995,0.15
2015-11-30 14:45:00,8.0,100340.0,285.35,0.15
2015-11-30 15:00:00,7.6,100315.0,285.35,0.15
2015-11-30 15:15:00,7.5,100320.0,285.45,0.15
2015-11-30 15:30:00,7.6,100295.0,285.5,0.15
2015-11-30 15:45:00,6.9,100280.0,285.35,0.15
2015-11-30 16:00:00,8.4,100235.0,285.4,0.15
2015-11-30 16:15:00,8.6,100210.0,285.65,0.15
2015-11-30 16:30:00,8.05,100210.0,285.6,0.15
2015-11-30 16:45:00,7.6,100230.0,285.54999999999995,0.15
2015-11-30 17:00:00,7.550000000000001,100210.0,285.79999999999995,0.15
2015-11-30 17:15:00,7.9,100180.0,285.85,0.15
2015-11-30 17:30:00,7.3,100200.0,285.5,0.15
2015-11-30 17:45:00,10.0,100200.0,284.85,0.15
2015-11-30 18:00:00,8.25,100205.0,284.6,0.15
2015-11-30 18:15:00,8.0,100190.0,284.54999999999995,0.15
2015-11-30 18:30:00,7.699999999999999,100200.0,284.45,0.15
2015-11-30 18:45:00,7.5,100200.0,284.54999999999995,0.15
2015-11-30 19:00:00,7.75,100190.0,284.54999999999995,0.15
2015-11-30 19:15:00,8.0,100190.0,284.75,0.15
2015-11-30 19:30:00,8.5,100200.0,284.9,0.15
2015-11-30 19:45:00,8.7,100200.0,285.04999999999995,0.15
2015-11-30 20:00:00,9.05,100205.0,285.04999999999995,0.15
2015-11-30 20:15:00,9.0,100210.0,285.35,0.15
2015-11-30 20:30:00,10.15,100230.0,285.6,0.15
2015-11-30 20:45:00,9.7,100250.0,286.04999999999995,0.15
2015-11-30 21:00:00,9.0,100265.0,285.75,0.15
2015-11-30 21:15:00,10.1,100290.0,285.54999999999995,0.15
2015-11-30 21:30:00,9.05,100285.0,285.9,0.15
2015-11-30 21:45:00,7.0,100310.0,285.65,0.15
2015-11-30 22:00:00,8.8,100305.0,285.79999999999995,0.15
2015-11-30 22:15:00,8.5,100320.0,285.85,0.15
2015-11-30 22:30:00,8.55,100330.0,286.0,0.15
2015-11-30 22:45:00,9.0,100340.0,286.04999999999995,0.15
2015-11-30 23:00:00,8.350000000000001,100345.0,285.9,0.15
2015-11-30 23:15:00,8.8,100380.0,285.85,0.15
2015-11-30 23:30:00,7.75,100385.0,285.95,0.15
2015-11-30 23:45:00,8.0,100400.0,286.04999999999995,0.15
2015-12-01 00:00:00,7.6,100425.0,286.1,0.15
2015-12-01 00:15:00,7.5,100460.0,286.04999999999995,0.15
2015-12-01 00:30:00,8.3,100470.0,285.9,0.15
2015-12-01 00:45:00,7.1,100480.0,285.65,0.15
2015-12-01 01:00:00,7.3,100515.0,285.65,0.15
2015-12-01 01:15:00,7.7,100530.0,285.65,0.15
2015-12-01 01:30:00,7.550000000000001,100550.0,285.95,0.15
2015-12-01 01:45:00,7.3,100560.0,285.85,0.15
2015-12-01 02:00:00,6.9,100590.0,285.79999999999995,0.15
2015-12-01 02:15:00,6.3,100620.0,285.54999999999995,0.15
2015-12-01 02:30:00,5.0,100640.0,285.54999999999995,0.15
2015-12-01 02:45:00,5.7,100660.0,285.65,0.15
2015-12-01 03:00:00,4.9,100665.0,285.4,0.15
2015-12-01 03:15:00,4.2,100680.0,285.15,0.15
2015-12-01 03:30:00,3.8,100710.0,284.85,0.15
2015-12-01 03:45:00,4.6,100730.0,284.35,0.15
2015-12-01 04:00:00,4.3,100750.0,284.2,0.15
2015-12-01 04:15:00,3.2,100790.0,284.04999999999995,0.15
2015-12-01 04:30:00,3.9,100815.0,283.9,0.15
2015-12-01 04:45:00,5.0,100850.0,282.95,0.15
2015-12-01 05:00:00,5.5,100895.0,282.7,0.15
2015-12-01 05:15:00,4.2,100910.0,282.54999999999995,0.15
2015-12-01 05:30:00,3.4,100940.0,282.54999999999995,0.15
2015-12-01 05:45:00,4.0,100960.0,282.54999999999995,0.15
2015-12-01 06:00:00,3.35,100975.0,282.54999999999995,0.15
2015-12-01 06:15:00,3.0,100990.0,282.45,0.15
2015-12-01 06:30:00,3.7,101010.0,282.04999999999995,0.15
2015-12-01 06:45:00,2.9,101020.0,281.65,0.15
2015-12-01 07:00:00,2.5,101040.0,281.4,0.15
2015-12-01 07:15:00,2.2,101070.0,281.35,0.15
2015-12-01 07:30:00,2.15,101095.0,281.35,0.15
2015-12-01 07:45:00,1.8,101110.0,281.35,0.15
2015-12-01 08:00:00,1.75,101120.0,281.15,0.15
2015-12-01 08:15:00,1.7,101140.0,281.15,0.15
2015-12-01 08:30:00,1.05,101150.0,281.15,0.15
2015-12-01 08:45:00,0.4,101170.0,281.15,0.15
2015-12-01 09:00:00,0.95,101185.0,281.29999999999995,0.15
2015-12-01 09:15:00,1.0,101210.0,281.25,0.15
2015-12-01 09:30:00,0.8500000000000001,101225.0,281.2,0.15
2015-12-01 09:45:00,0.7,101240.0,281.25,0.15
2015-12-01 10:00:00,0.9,101245.0,281.35,0.15
2015-12-01 10:15:00,1.2,101250.0,281.35,0.15
2015-12-01 10:30:00,1.25,101240.0,281.4,0.15
2015-12-01 10:45:00,1.1,101230.0,281.54999999999995,0.15
2015-12-01 11:00:00,1.4,101235.0,281.65,0.15
2015-12-01 11:15:00,1.5,101230.0,281.75,0.15
2015-12-01 11:30:00,1.4,101235.0,281.9,0.15
2015-12-01 11:45:00,1.2,101230.0,281.95,0.15
2015-12-01 12:00:00,1.2,101210.0,282.04999999999995,0.15
2015-12-01 12:15:00,1.2,101220.0,282.15,0.15
2015-12-01 12:30:00,1.15,101225.0,282.2,0.15
2015-12-01 12:45:00,1.1,101230.0,282.35,0.15
2015-12-01 13:00:00,1.1,101230.0,282.4,0.15
2015-12-01 13:15:00,1.1,101240.0,282.45,0.15
2015-12-01 13:30:00,1.1,101245.0,282.5,0.15
2015-12-01 13:45:00,1.0,101260.0,282.54999999999995,0.15
2015-12-01 14:00:00,1.2000000000000002,101270.0,282.54999999999995,0.15
2015-12-01 14:15:00,1.5,101270.0,282.65,0.15
2015-12-01 14:30:00,1.4500000000000002,101265.0,282.65,0.15
2015-12-01 14:45:00,1.8,101260.0,282.75,0.15
2015-12-01 15:00:00,1.0,101260.0,283.04999999999995,0.15
2015-12-01 15:15:00,1.2,101270.0,283.35,0.15
2015-12-01 15:30:00,1.1,101290.0,283.5,0.15
2015-12-01 15:45:00,0.8,101300.0,284.15,0.15
2015-12-01 16:00:00,1.0,101310.0,284.4,0.15
2015-12-01 16:15:00,2.7,101320.0,285.04999999999995,0.15
2015-12-01 16:30:00,2.4000000000000004,101325.0,285.4,0.15
2015-12-01 16:45:00,3.5,101330.0,285.95,0.15
2015-12-01 17:00:00,3.8,101345.0,285.85,0.15
2015-12-01 17:15:00,4.4,101360.0,285.95,0.15
2015-12-01 17:30:00,3.95,101370.0,285.9,0.15
2015-12-01 17:45:00,3.7,101390.0,285.85,0.15
2015-12-01 18:00:00,3.45,101405.0,285.95,0.15
2015-12-01 18:15:00,3.8,101420.0,285.95,0.15
2015-12-01 18:30:00,3.95,101430.0,285.9,0.15
2015-12-01 18:45:00,3.8,101450.0,286.04999999999995,0.15
2015-12-01 19:00:00,2.9000000000000004,101465.0,285.95,0.15
2015-12-01 19:15:00,3.0,101480.0,285.95,0.15
2015-12-01 19:30:00,3.25,101475.0,286.04999999999995,0.15
2015-12-01 19:45:00,3.6,101490.0,285.95,0.15
2015-12-01 20:00:00,3.2,101500.0,285.7,0.15
2015-12-01 20:15:00,3.5,101500.0,285.54999999999995,0.15
2015-12-01 20:30:00,3.9,101515.0,285.75,0.15
2015-12-01 20:45:00,4.4,101530.0,285.85,0.15
2015-12-01 21:00:00,4.35,101540.0,285.75,0.15
2015-12-01 21:15:00,4.0,101540.0,285.65,0.15
2015-12-01 21:30:00,2.85,101540.0,285.45,0.15
2015-12-01 21:45:00,3.6,101540.0,285.45,0.15
2015-12-01 22:00:00,4.1,101540.0,285.45,0.15
2015-12-01 22:15:00,3.3,101540.0,285.35,0.15
2015-12-01 22:30:00,3.95,101540.0,285.45,0.15
2015-12-01 22:45:00,4.0,101540.0,285.54999999999995,0.15
2015-12-01 23:00:00,4.55,101535.0,285.5,0.15
2015-12-01 23:15:00,5.0,101530.0,285.54999999999995,0.15
2015-12-01 23:30:00,4.95,101535.0,285.6,0.15
2015-12-01 23:45:00,5.9,101550.0,285.45,0.15
2015-12-02 00:00:00,4.5,101565.0,285.5,0.15
2015-12-02 00:15:00,4.5,101570.0,285.45,0.15
2015-12-02 00:30:00,3.45,101570.0,285.35,0.15
2015-12-02 00:45:00,4.0,101570.0,285.25,0.15
2015-12-02 01:00:00,3.7,101575.0,285.1,0.15
2015-12-02 01:15:00,4.0,101580.0,285.25,0.15
2015-12-02 01:30:00,3.1,101580.0,285.04999999999995,0.15
2015-12-02 01:45:00,3.1,101590.0,284.95,0.15
2015-12-02 02:00:00,2.8,101580.0,285.15,0.15
2015-12-02 02:15:00,2.5,101580.0,285.04999999999995,0.15
2015-12-02 02:30:00,2.85,101560.0,284.9,0.15
2015-12-02 02:45:00,2.5,101560.0,285.04999999999995,0.15
2015-12-02 03:00:00,2.7,101560.0,284.79999999999995,0.15
2015-12-02 03:15:00,3.2,101550.0,284.75,0.15
2015-12-02 03:30:00,3.4,101535.0,284.9,0.15
2015-12-02 03:45:00,3.3,101540.0,284.85,0.15
2015-12-02 04:00:00,3.15,101530.0,284.9,0.15
2015-12-02 04:15:00,3.2,101530.0,284.85,0.15
2015-12-02 04:30:00,2.8,101540.0,284.7,0.15
2015-12-02 04:45:00,2.9,101540.0,284.65,0.15
2015-12-02 05:00:00,2.85,101550.0,284.75,0.15
2015-12-02 05:15:00,2.8,101560.0,284.75,0.15
2015-12-02 05:30:00,3.8,101565.0,284.7,0.15
2015-12-02 05:45:00,3.6,101580.0,285.04999999999995,0.15
2015-12-02 06:00:00,3.1,101585.0,284.79999999999995,0.15
2015-12-02 06:15:00,3.1,101580.0,284.65,0.15
2015-12-02 06:30:00,2.7,101575.0,284.54999999999995,0.15
2015-12-02 06:45:00,2.4,101580.0,284.45,0.15
2015-12-02 07:00:00,3.2,101585.0,284.4,0.15
2015-12-02 07:15:00,3.3,101590.0,284.45,0.15
2015-12-02 07:30:00,2.8,101590.0,284.45,0.15
2015-12-02 07:45:00,2.9,101600.0,284.45,0.15
2015-12-02 08:00:00,2.95,101615.0,284.4,0.15
2015-12-02 08:15:00,2.7,101620.0,284.54999999999995,0.15
2015-12-02 08:30:00,2.45,101640.0,284.45,0.15
2015-12-02 08:45:00,2.0,101650.0,284.45,0.15
2015-12-02 09:00:00,2.8,101670.0,284.6,0.15
2015-12-02 09:15:00,2.2,101690.0,284.75,0.15
2015-12-02 09:30:00,2.4,101700.0,284.5,0.15
2015-12-02 09:45:00,3.1,101700.0,284.54999999999995,0.15
2015-12-02 10:00:00,3.1500000000000004,101695.0,284.6,0.15
2015-12-02 10:15:00,3.4,101690.0,284.54999999999995,0.15
2015-12-02 10:30:00,3.3,101690.0,284.54999999999995,0.15
2015-12-02 10:45:00,3.3,101690.0,284.45,0.15
2015-12-02 11:00:00,3.5,101685.0,284.65,0.15
2015-12-02 11:15:00,3.6,101670.0,284.75,0.15
2015-12-02 11:30:00,3.7,101660.0,284.75,0.15
2015-12-02 11:45:00,3.1,101660.0,284.75,0.15
2015-12-02 12:00:00,3.1,101655.0,284.7,0.15
2015-12-02 12:15:00,3.4,101650.0,284.75,0.15
2015-12-02 12:30:00,3.6,101655.0,284.7,0.15
2015-12-02 12:45:00,3.5,101660.0,284.65,0.15
2015-12-02 13:00:00,3.8,101650.0,284.75,0.15
2015-12-02 13:15:00,3.8,101640.0,284.65,0.15
2015-12-02 13:30:00,3.8,101640.0,284.65,0.15
2015-12-02 13:45:00,4.0,101630.0,284.65,0.15
2015-12-02 14:00:00,3.85,101620.0,284.6,0.15
2015-12-02 14:15:00,3.8,101620.0,284.54999999999995,0.15
2015-12-02 14:30:00,3.3,101610.0,284.5,0.15
2015-12-02 14:45:00,3.1,101610.0,284.35,0.15
2015-12-02 15:00:00,2.8,101610.0,284.25,0.15
2015-12-02 15:15:00,3.0,101620.0,284.15,0.15
2015-12-02 15:30:00,2.65,101620.0,283.95,0.15
2015-12-02 15:45:00,2.7,101630.0,283.75,0.15
2015-12-02 16:00:00,3.7,101635.0,283.7,0.15
2015-12-02 16:15:00,4.5,101630.0,283.75,0.15
2015-12-02 16:30:00,4.9,101635.0,283.1,0.15
2015-12-02 16:45:00,4.6,101650.0,282.95,0.15
2015-12-02 17:00:00,3.15,101665.0,281.4,0.15
2015-12-02 17:15:00,2.8,101670.0,280.35,0.15
2015-12-02 17:30:00,2.6,101680.0,280.85,0.15
2015-12-02 17:45:00,2.6,101690.0,280.25,0.15
2015-12-02 18:00:00,2.45,101700.0,280.7,0.15
2015-12-02 18:15:00,2.5,101710.0,280.95,0.15
2015-12-02 18:30:00,2.1,101705.0,280.75,0.15
2015-12-02 18:45:00,2.4,101700.0,280.54999999999995,0.15
2015-12-02 19:00:00,1.9,101710.0,280.7,0.15
2015-12-02 19:15:00,1.7,101710.0,280.75,0.15
2015-12-02 19:30:00,1.95,101710.0,280.6,0.15
2015-12-02 19:45:00,1.6,101700.0,280.54999999999995,0.15
2015-12-02 20:00:00,2.35,101700.0,280.2,0.15
2015-12-02 20:15:00,2.7,101690.0,280.25,0.15
2015-12-02 20:30:00,2.9,101680.0,279.95,0.15
2015-12-02 20:45:00,3.0,101680.0,279.54999999999995,0.15
2015-12-02 21:00:00,3.1500000000000004,101680.0,279.29999999999995,0.15
2015-12-02 21:15:00,3.0,101690.0,279.15,0.15
2015-12-02 21:30:00,3.2,101690.0,279.45,0.15
2015-12-02 21:45:00,3.3,101700.0,279.65,0.15
2015-12-02 22:00:00,2.8,101710.0,280.65,0.15
2015-12-02 22:15:00,2.6,101720.0,280.75,0.15
2015-12-02 22:30:00,2.7,101730.0,281.0,0.15
2015-12-02 22:45:00,3.1,101730.0,281.75,0.15
2015-12-02 23:00:00,3.15,101735.0,282.04999999999995,0.15
2015-12-02 23:15:00,3.2,101730.0,282.15,0.15
2015-12-02 23:30:00,3.3,101730.0,282.1,0.15
2015-12-02 23:45:00,3.2,101730.0,282.04999999999995,0.15
2015-12-03 00:00:00,2.85,101730.0,282.2,0.15
2015-12-03 00:15:00,2.8,101730.0,282.04999999999995,0.15
2015-12-03 00:30:00,3.35,101735.0,282.15,0.15
2015-12-03 00:45:00,3.8,101730.0,282.35,0.15
2015-12-03 01:00:00,3.05,101725.0,282.35,0.15
2015-12-03 01:15:00,2.8,101720.0,282.45,0.15
2015-12-03 01:30:00,3.25,101715.0,282.6,0.15
2015-12-03 01:45:00,3.7,101710.0,282.54999999999995,0.15
2015-12-03 02:00:00,3.1500000000000004,101710.0,282.6,0.15
2015-12-03 02:15:00,3.4,101710.0,282.54999999999995,0.15
2015-12-03 02:30:00,2.9000000000000004,101715.0,282.65,0.15
2015-12-03 02:45:00,2.8,101730.0,282.75,0.15
2015-12-03 03:00:00,3.1,101720.0,282.65,0.15
2015-12-03 03:15:00,3.4,101710.0,282.65,0.15
2015-12-03 03:30:00,3.0,101715.0,282.4,0.15
2015-12-03 03:45:00,3.0,101710.0,282.35,0.15
2015-12-03 04:00:00,2.9000000000000004,101710.0,282.25,0.15
2015-12-03 04:15:00,2.1,101720.0,282.25,0.15
2015-12-03 04:30:00,1.45,101715.0,282.29999999999995,0.15
2015-12-03 04:45:00,1.6,101720.0,282.35,0.15
2015-12-03 05:00:00,2.2,101715.0,281.95,0.15
2015-12-03 05:15:00,2.0,101720.0,282.35,0.15
2015-12-03 05:30:00,2.35,101710.0,282.1,0.15
2015-12-03 05:45:00,2.6,101690.0,282.04999999999995,0.15
2015-12-03 06:00:00,2.25,101705.0,282.15,0.15
2015-12-03 06:15:00,2.3,101710.0,282.54999999999995,0.15
2015-12-03 06:30:00,2.25,101720.0,282.35,0.15
2015-12-03 06:45:00,3.0,101720.0,282.54999999999995,0.15
2015-12-03 07:00:00,2.85,101720.0,282.5,0.15
2015-12-03 07:15:00,0.9,101750.0,282.54999999999995,0.15
2015-12-03 07:30:00,1.2,101760.0,282.6,0.15
2015-12-03 07:45:00,1.8,101770.0,282.35,0.15
2015-12-03 08:00:00,2.2,101780.0,282.29999999999995,0.15
2015-12-03 08:15:00,3.1,101790.0,281.04999999999995,0.15
2015-12-03 08:30:00,2.4,101795.0,281.7,0.15
2015-12-03 08:45:00,0.8,101810.0,282.45,0.15
2015-12-03 09:00:00,2.1,101785.0,283.29999999999995,0.15
2015-12-03 09:15:00,2.6,101770.0,283.65,0.15
2015-12-03 09:30:00,3.3,101760.0,283.7,0.15
2015-12-03 09:45:00,4.0,101760.0,283.95,0.15
2015-12-03 10:00:00,3.0,101755.0,284.35,0.15
2015-12-03 10:15:00,3.2,101740.0,284.54999999999995,0.15
2015-12-03 10:30:00,3.95,101720.0,284.7,0.15
2015-12-03 10:45:00,3.2,101740.0,284.85,0.15
2015-12-03 11:00:00,2.9,101750.0,284.9,0.15
2015-12-03 11:15:00,3.3,101710.0,285.04999999999995,0.15
2015-12-03 11:30:00,2.6,101700.0,285.2,0.15
2015-12-03 11:45:00,2.9,101690.0,285.25,0.15
2015-12-03 12:00:00,3.5,101670.0,285.25,0.15
2015-12-03 12:15:00,2.2,101680.0,285.65,0.15
2015-12-03 12:30:00,3.2,101650.0,285.45,0.15
2015-12-03 12:45:00,3.9,101620.0,285.54999999999995,0.15
2015-12-03 13:00:00,4.15,101610.0,285.5,0.15
2015-12-03 13:15:00,3.5,101600.0,285.35,0.15
2015-12-03 13:30:00,3.75,101590.0,285.54999999999995,0.15
2015-12-03 13:45:00,3.4,101580.0,285.35,0.15
2015-12-03 14:00:00,4.05,101580.0,284.95,0.15
2015-12-03 14:15:00,3.8,101580.0,284.65,0.15
2015-12-03 14:30:00,4.75,101565.0,283.9,0.15
2015-12-03 14:45:00,4.7,101540.0,283.25,0.15
2015-12-03 15:00:00,4.95,101535.0,282.5,0.15
2015-12-03 15:15:00,3.7,101550.0,282.15,0.15
2015-12-03 15:30:00,4.25,101495.0,281.35,0.15
2015-12-03 15:45:00,3.8,101490.0,281.15,0.15
2015-12-03 16:00:00,2.95,101495.0,280.6,0.15
2015-12-03 16:15:00,3.3,101450.0,281.75,0.15
2015-12-03 16:30:00,3.1,101440.0,281.9,0.15
2015-12-03 16:45:00,3.4,101420.0,282.04999999999995,0.15
2015-12-03 17:00:00,3.3,101420.0,281.95,0.15
2015-12-03 17:15:00,3.4,101420.0,281.75,0.15
2015-12-03 17:30:00,2.65,101435.0,281.45,0.15
2015-12-03 17:45:00,2.9,101430.0,281.85,0.15
2015-12-03 18:00:00,2.95,101410.0,281.65,0.15
2015-12-03 18:15:00,3.6,101400.0,281.25,0.15
2015-12-03 18:30:00,3.25,101390.0,281.35,0.15
2015-12-03 18:45:00,3.2,101370.0,281.35,0.15
2015-12-03 19:00:00,3.15,101325.0,281.25,0.15
2015-12-03 19:15:00,2.6,101320.0,281.54999999999995,0.15
2015-12-03 19:30:00,2.05,101310.0,281.2,0.15
2015-12-03 19:45:00,3.3,101300.0,281.04999999999995,0.15
2015-12-03 20:00:00,3.05,101290.0,281.1,0.15
2015-12-03 20:15:00,3.2,101280.0,281.45,0.15
2015-12-03 20:30:00,3.0,101275.0,280.95,0.15
2015-12-03 20:45:00,3.3,101280.0,280.65,0.15
2015-12-03 21:00:00,3.1500000000000004,101255.0,280.65,0.15
2015-12-03 21:15:00,3.0,101240.0,281.15,0.15
2015-12-03 21:30:00,4.15,101220.0,280.95,0.15
2015-12-03 21:45:00,3.7,101190.0,280.85,0.15
2015-12-03 22:00:00,3.3,101170.0,280.9,0.15
2015-12-03 22:15:00,3.8,101140.0,280.95,0.15
2015-12-03 22:30:00,3.05,101135.0,280.79999999999995,0.15
2015-12-03 22:45:00,2.5,101140.0,280.45,0.15
2015-12-03 23:00:00,3.4,101115.0,280.4,0.15
2015-12-03 23:15:00,3.7,101100.0,280.35,0.15
2015-12-03 23:30:00,3.95,101080.0,280.29999999999995,0.15
2015-12-03 23:45:00,3.6,101070.0,280.25,0.15
2015-12-04 00:00:00,2.9,101090.0,280.2,0.15
2015-12-04 00:15:00,3.2,101090.0,280.04999999999995,0.15
2015-12-04 00:30:00,3.65,101070.0,280.65,0.15
2015-12-04 00:45:00,4.2,101040.0,280.75,0.15
2015-12-04 01:00:00,4.1,101035.0,280.9,0.15
2015-12-04 01:15:00,4.4,101030.0,280.95,0.15
2015-12-04 01:30:00,4.25,101010.0,281.15,0.15
2015-12-04 01:45:00,4.2,100990.0,281.45,0.15
2015-12-04 02:00:00,3.8,100995.0,281.2,0.15
2015-12-04 02:15:00,4.0,100990.0,281.45,0.15
2015-12-04 02:30:00,4.199999999999999,100990.0,281.6,0.15
2015-12-04 02:45:00,5.2,100990.0,282.15,0.15
2015-12-04 03:00:00,4.45,100995.0,282.4,0.15
2015-12-04 03:15:00,4.7,100990.0,282.85,0.15
2015-12-04 03:30:00,4.35,100980.0,282.79999999999995,0.15
2015-12-04 03:45:00,3.9,100970.0,282.65,0.15
2015-12-04 04:00:00,3.0,100990.0,282.7,0.15
2015-12-04 04:15:00,3.1,100980.0,282.25,0.15
2015-12-04 04:30:00,3.1,101010.0,282.35,0.15
2015-12-04 04:45:00,3.7,101020.0,282.95,0.15
2015-12-04 05:00:00,3.65,101025.0,283.25,0.15
2015-12-04 05:15:00,4.2,101040.0,283.35,0.15
2015-12-04 05:30:00,4.4,101070.0,282.75,0.15
2015-12-04 05:45:00,5.1,101080.0,282.75,0.15
2015-12-04 06:00:00,4.65,101080.0,282.6,0.15
2015-12-04 06:15:00,4.9,101070.0,282.35,0.15
2015-12-04 06:30:00,3.7,101105.0,282.2,0.15
2015-12-04 06:45:00,2.8,101140.0,282.04999999999995,0.15
2015-12-04 07:00:00,3.45,101145.0,281.7,0.15
2015-12-04 07:15:00,3.3,101190.0,281.65,0.15
2015-12-04 07:30:00,3.0,101220.0,281.6,0.15
2015-12-04 07:45:00,2.7,101260.0,281.54999999999995,0.15
2015-12-04 08:00:00,3.6,101285.0,281.6,0.15
2015-12-04 08:15:00,4.0,101320.0,281.75,0.15
2015-12-04 08:30:00,3.65,101360.0,282.1,0.15
2015-12-04 08:45:00,3.7,101400.0,282.25,0.15
2015-12-04 09:00:00,3.0,101435.0,282.1,0.15
2015-12-04 09:15:00,2.8,101470.0,282.04999999999995,0.15
2015-12-04 09:30:00,3.05,101490.0,282.04999999999995,0.15
2015-12-04 09:45:00,3.2,101510.0,282.15,0.15
2015-12-04 10:00:00,2.9000000000000004,101540.0,282.35,0.15
2015-12-04 10:15:00,2.6,101560.0,282.54999999999995,0.15
2015-12-04 10:30:00,2.4000000000000004,101575.0,282.9,0.15
2015-12-04 10:45:00,3.0,101590.0,283.65,0.15
2015-12-04 11:00:00,4.1,101605.0,284.0,0.15
2015-12-04 11:15:00,4.9,101620.0,283.54999999999995,0.15
2015-12-04 11:30:00,4.95,101645.0,283.85,0.15
2015-12-04 11:45:00,5.0,101670.0,283.54999999999995,0.15
2015-12-04 12:00:00,4.1,101695.0,283.15,0.15
2015-12-04 12:15:00,3.8,101720.0,283.04999999999995,0.15
2015-12-04 12:30:00,2.9000000000000004,101745.0,283.35,0.15
2015-12-04 12:45:00,2.6,101770.0,283.65,0.15
2015-12-04 13:00:00,3.25,101790.0,283.75,0.15
2015-12-04 13:15:00,5.0,101820.0,283.75,0.15
2015-12-04 13:30:00,3.85,101845.0,283.2,0.15
2015-12-04 13:45:00,4.0,101860.0,282.95,0.15
2015-12-04 14:00:00,3.3,101880.0,282.79999999999995,0.15
2015-12-04 14:15:00,2.3,101900.0,282.25,0.15
2015-12-04 14:30:00,1.85,101900.0,282.5,0.15
2015-12-04 14:45:00,3.2,101910.0,282.85,0.15
2015-12-04 15:00:00,3.5,101940.0,282.04999999999995,0.15
2015-12-04 15:15:00,3.1,101960.0,281.35,0.15
2015-12-04 15:30:00,2.55,101955.0,281.15,0.15
2015-12-04 15:45:00,2.2,101970.0,281.35,0.15
2015-12-04 16:00:00,2.35,101980.0,281.5,0.15
2015-12-04 16:15:00,2.2,101990.0,281.25,0.15
2015-12-04 16:30:00,2.5,101990.0,279.75,0.15
2015-12-04 16:45:00,2.5,101980.0,280.15,0.15
2015-12-04 17:00:00,2.35,102000.0,279.65,0.15
2015-12-04 17:15:00,2.0,102030.0,279.75,0.15
2015-12-04 17:30:00,2.1,102050.0,279.65,0.15
2015-12-04 17:45:00,2.4,102070.0,279.25,0.15
2015-12-04 18:00:00,2.5,102085.0,279.1,0.15
2015-12-04 18:15:00,2.1,102100.0,279.45,0.15
2015-12-04 18:30:00,1.95,102110.0,278.54999999999995,0.15
2015-12-04 18:45:00,1.8,102110.0,278.45,0.15
2015-12-04 19:00:00,1.75,102115.0,278.5,0.15
2015-12-04 19:15:00,1.8,102120.0,278.04999999999995,0.15
2015-12-04 19:30:00,2.0,102120.0,278.25,0.15
2015-12-04 19:45:00,2.1,102130.0,278.45,0.15
2015-12-04 20:00:00,2.8,102125.0,278.5,0.15
2015-12-04 20:15:00,2.8,102130.0,278.15,0.15
2015-12-04 20:30:00,3.05,102140.0,277.85,0.15
2015-12-04 20:45:00,3.1,102120.0,277.75,0.15
2015-12-04 21:00:00,3.0,102115.0,277.5,0.15
2015-12-04 21:15:00,2.7,102120.0,277.65,0.15
2015-12-04 21:30:00,2.5,102095.0,277.6,0.15
2015-12-04 21:45:00,2.6,102080.0,277.35,0.15
2015-12-04 22:00:00,2.75,102075.0,277.2,0.15
2015-12-04 22:15:00,2.7,102080.0,277.15,0.15
2015-12-04 22:30:00,2.5,102100.0,277.25,0.15
2015-12-04 22:45:00,2.7,102120.0,277.25,0.15
2015-12-04 23:00:00,2.45,102120.0,277.04999999999995,0.15
2015-12-04 23:15:00,3.3,102110.0,276.75,0.15
2015-12-04 23:30:00,3.25,102110.0,276.95,0.15
2015-12-04 23:45:00,2.7,102110.0,276.95,0.15
2015-12-05 00:00:00,3.2,102095.0,277.35,0.15
2015-12-05 00:15:00,3.0,102070.0,277.15,0.15
2015-12-05 00:30:00,2.55,102085.0,276.75,0.15
2015-12-05 00:45:00,2.8,102090.0,276.75,0.15
2015-12-05 01:00:00,3.7,102070.0,276.7,0.15
2015-12-05 01:15:00,4.2,102060.0,276.45,0.15
2015-12-05 01:30:00,4.05,102040.0,276.9,0.15
2015-12-05 01:45:00,3.8,102030.0,276.95,0.15
2015-12-05 02:00:00,3.25,101995.0,276.54999999999995,0.15
2015-12-05 02:15:00,4.3,101920.0,276.85,0.15
2015-12-05 02:30:00,3.95,101915.0,276.7,0.15
2015-12-05 02:45:00,4.2,101890.0,276.95,0.15
2015-12-05 03:00:00,3.35,101890.0,277.29999999999995,0.15
2015-12-05 03:15:00,3.5,101880.0,277.54999999999995,0.15
2015-12-05 03:30:00,2.8,101880.0,277.4,0.15
2015-12-05 03:45:00,3.6,101860.0,276.85,0.15
2015-12-05 04:00:00,3.7,101870.0,277.29999999999995,0.15
2015-12-05 04:15:00,3.8,101870.0,277.35,0.15
2015-12-05 04:30:00,3.75,101890.0,277.65,0.15
2015-12-05 04:45:00,4.1,101910.0,277.75,0.15
2015-12-05 05:00:00,4.25,101880.0,277.65,0.15
2015-12-05 05:15:00,3.5,101870.0,277.54999999999995,0.15
2015-12-05 05:30:00,4.1,101865.0,277.54999999999995,0.15
2015-12-05 05:45:00,4.6,101860.0,277.54999999999995,0.15
2015-12-05 06:00:00,4.9,101840.0,277.6,0.15
2015-12-05 06:15:00,4.6,101820.0,277.65,0.15
2015-12-05 06:30:00,4.35,101830.0,277.85,0.15
2015-12-05 06:45:00,4.2,101810.0,277.75,0.15
2015-12-05 07:00:00,4.300000000000001,101810.0,277.85,0.15
2015-12-05 07:15:00,3.9,101810.0,278.15,0.15
2015-12-05 07:30:00,4.0,101810.0,278.15,0.15
2015-12-05 07:45:00,4.1,101790.0,278.25,0.15
2015-12-05 08:00:00,3.8,101820.0,278.6,0.15
2015-12-05 08:15:00,4.1,101800.0,278.75,0.15
2015-12-05 08:30:00,3.45,101810.0,279.5,0.15
2015-12-05 08:45:00,3.8,101790.0,279.75,0.15
2015-12-05 09:00:00,3.9,101790.0,279.7,0.15
2015-12-05 09:15:00,4.1,101770.0,279.75,0.15
2015-12-05 09:30:00,3.6,101755.0,279.85,0.15
2015-12-05 09:45:00,3.2,101760.0,280.25,0.15
2015-12-05 10:00:00,2.75,101760.0,280.4,0.15
2015-12-05 10:15:00,3.4,101720.0,280.65,0.15
2015-12-05 10:30:00,3.7,101680.0,280.79999999999995,0.15
2015-12-05 10:45:00,4.7,101660.0,281.54999999999995,0.15
2015-12-05 11:00:00,4.05,101690.0,281.85,0.15
2015-12-05 11:15:00,3.5,101650.0,281.95,0.15
2015-12-05 11:30:00,4.5,101630.0,282.04999999999995,0.15
2015-12-05 11:45:00,4.7,101600.0,282.25,0.15
2015-12-05 12:00:00,3.9,101605.0,282.25,0.15
2015-12-05 12:15:00,3.7,101610.0,282.25,0.15
2015-12-05 12:30:00,3.6,101595.0,282.5,0.15
2015-12-05 12:45:00,4.1,101600.0,282.54999999999995,0.15
2015-12-05 13:00:00,4.35,101540.0,282.7,0.15
2015-12-05 13:15:00,4.0,101540.0,282.54999999999995,0.15
2015-12-05 13:30:00,4.05,101525.0,282.4,0.15
2015-12-05 13:45:00,3.9,101530.0,281.95,0.15
2015-12-05 14:00:00,3.35,101500.0,281.6,0.15
2015-12-05 14:15:00,2.8,101480.0,281.45,0.15
2015-12-05 14:30:00,2.5,101490.0,281.29999999999995,0.15
2015-12-05 14:45:00,4.1,101470.0,280.75,0.15
2015-12-05 15:00:00,3.65,101485.0,280.9,0.15
2015-12-05 15:15:00,4.4,101470.0,281.15,0.15
2015-12-05 15:30:00,4.15,101490.0,281.35,0.15
2015-12-05 15:45:00,3.4,101500.0,281.75,0.15
2015-12-05 16:00:00,3.6,101460.0,281.5,0.15
2015-12-05 16:15:00,4.4,101430.0,281.25,0.15
2015-12-05 16:30:00,3.85,101425.0,281.1,0.15
2015-12-05 16:45:00,3.9,101430.0,280.25,0.15
2015-12-05 17:00:00,4.1,101430.0,280.4,0.15
2015-12-05 17:15:00,4.4,101430.0,280.15,0.15
2015-12-05 17:30:00,5.2,101415.0,280.2,0.15
2015-12-05 17:45:00,5.7,101410.0,280.04999999999995,0.15
2015-12-05 18:00:00,4.5,101405.0,279.45,0.15
2015-12-05 18:15:00,3.8,101400.0,279.04999999999995,0.15
2015-12-05 18:30:00,3.55,101400.0,279.9,0.15
2015-12-05 18:45:00,3.7,101400.0,279.15,0.15
2015-12-05 19:00:00,4.1,101400.0,279.15,0.15
2015-12-05 19:15:00,3.6,101400.0,279.25,0.15
2015-12-05 19:30:00,3.8,101400.0,279.25,0.15
2015-12-05 19:45:00,3.7,101400.0,279.75,0.15
2015-12-05 20:00:00,3.6,101410.0,279.95,0.15
2015-12-05 20:15:00,4.2,101390.0,280.04999999999995,0.15
2015-12-05 20:30:00,4.3,101380.0,279.9,0.15
2015-12-05 20:45:00,4.5,101370.0,279.65,0.15
2015-12-05 21:00:00,4.550000000000001,101360.0,279.1,0.15
2015-12-05 21:15:00,3.7,101350.0,278.04999999999995,0.15
2015-12-05 21:30:00,3.55,101345.0,278.7,0.15
2015-12-05 21:45:00,3.8,101320.0,278.65,0.15
2015-12-05 22:00:00,4.15,101315.0,278.95,0.15
2015-12-05 22:15:00,4.4,101300.0,278.75,0.15
2015-12-05 22:30:00,3.55,101285.0,279.25,0.15
2015-12-05 22:45:00,3.1,101280.0,278.65,0.15
2015-12-05 23:00:00,3.95,101265.0,278.4,0.15
2015-12-05 23:15:00,3.9,101250.0,278.75,0.15
2015-12-05 23:30:00,3.95,101230.0,278.1,0.15
2015-12-05 23:45:00,3.6,101210.0,278.25,0.15
2015-12-06 00:00:00,4.15,101190.0,278.54999999999995,0.15
2015-12-06 00:15:00,4.7,101170.0,277.85,0.15
2015-12-06 00:30:00,4.5,101155.0,278.15,0.15
2015-12-06 00:45:00,4.3,101140.0,277.85,0.15
2015-12-06 01:00:00,3.35,101135.0,278.45,0.15
2015-12-06 01:15:00,3.4,101120.0,278.65,0.15
2015-12-06 01:30:00,2.7,101135.0,278.4,0.15
2015-12-06 01:45:00,3.4,101140.0,278.75,0.15
2015-12-06 02:00:00,3.1,101150.0,278.35,0.15
2015-12-06 02:15:00,2.1,101160.0,278.04999999999995,0.15
2015-12-06 02:30:00,3.3,101150.0,278.5,0.15
2015-12-06 02:45:00,3.6,101130.0,278.35,0.15
2015-12-06 03:00:00,3.3,101130.0,278.25,0.15
2015-12-06 03:15:00,2.5,101120.0,279.04999999999995,0.15
2015-12-06 03:30:00,2.25,101125.0,279.25,0.15
2015-12-06 03:45:00,2.6,101140.0,278.65,0.15
2015-12-06 04:00:00,2.95,101145.0,278.25,0.15
2015-12-06 04:15:00,4.0,101130.0,278.65,0.15
2015-12-06 04:30:00,4.4,101145.0,279.29999999999995,0.15
2015-12-06 04:45:00,4.4,101160.0,279.75,0.15
2015-12-06 05:00:00,4.2,101170.0,279.2,0.15
2015-12-06 05:15:00,3.6,101180.0,278.65,0.15
2015-12-06 05:30:00,4.1,101210.0,279.5,0.15
2015-12-06 05:45:00,4.0,101210.0,280.15,0.15
2015-12-06 06:00:00,4.699999999999999,101190.0,279.75,0.15
2015-12-06 06:15:00,4.9,101140.0,280.15,0.15
2015-12-06 06:30:00,4.75,101130.0,279.1,0.15
2015-12-06 06:45:00,4.7,101130.0,279.35,0.15
2015-12-06 07:00:00,4.1,101130.0,279.25,0.15
2015-12-06 07:15:00,4.4,101150.0,280.04999999999995,0.15
2015-12-06 07:30:00,4.9,101175.0,280.79999999999995,0.15
2015-12-06 07:45:00,4.5,101190.0,281.54999999999995,0.15
2015-12-06 08:00:00,3.9,101205.0,281.95,0.15
2015-12-06 08:15:00,3.9,101210.0,282.45,0.15
2015-12-06 08:30:00,3.55,101230.0,282.65,0.15
2015-12-06 08:45:00,4.1,101230.0,282.85,0.15
2015-12-06 09:00:00,3.7,101235.0,283.25,0.15
2015-12-06 09:15:00,3.6,101250.0,283.45,0.15
2015-12-06 09:30:00,3.35,101275.0,283.79999999999995,0.15
2015-12-06 09:45:00,3.7,101300.0,283.85,0.15
2015-12-06 10:00:00,3.95,101315.0,283.79999999999995,0.15
2015-12-06 10:15:00,3.9,101320.0,283.95,0.15
2015-12-06 10:30:00,3.6,101320.0,283.85,0.15
2015-12-06 10:45:00,3.6,101300.0,284.04999999999995,0.15
2015-12-06 11:00:00,3.75,101255.0,284.7,0.15
2015-12-06 11:15:00,4.0,101240.0,284.85,0.15
2015-12-06 11:30:00,4.3,101215.0,285.04999999999995,0.15
2015-12-06 11:45:00,4.9,101200.0,285.25,0.15
2015-12-06 12:00:00,4.15,101195.0,285.45,0.15
2015-12-06 12:15:00,3.6,101180.0,285.65,0.15
2015-12-06 12:30:00,3.35,101175.0,285.85,0.15
2015-12-06 12:45:00,2.9,101180.0,286.04999999999995,0.15
2015-12-06 13:00:00,5.15,101170.0,286.2,0.15
2015-12-06 13:15:00,4.5,101200.0,286.15,0.15
2015-12-06 13:30:00,4.6,101195.0,286.2,0.15
2015-12-06 13:45:00,5.8,101200.0,286.45,0.15
2015-12-06 14:00:00,6.1,101220.0,286.35,0.15
2015-12-06 14:15:00,7.2,101260.0,286.25,0.15
2015-12-06 14:30:00,6.25,101260.0,286.1,0.15
2015-12-06 14:45:00,6.1,101280.0,285.75,0.15
2015-12-06 15:00:00,5.4,101285.0,285.5,0.15
2015-12-06 15:15:00,4.9,101290.0,285.35,0.15
2015-12-06 15:30:00,4.1,101300.0,285.25,0.15
2015-12-06 15:45:00,3.4,101320.0,285.04999999999995,0.15
2015-12-06 16:00:00,3.25,101340.0,285.2,0.15
2015-12-06 16:15:00,3.4,101340.0,285.04999999999995,0.15
2015-12-06 16:30:00,3.05,101350.0,285.1,0.15
2015-12-06 16:45:00,3.2,101380.0,285.04999999999995,0.15
2015-12-06 17:00:00,3.05,101360.0,284.85,0.15
2015-12-06 17:15:00,3.6,101380.0,285.04999999999995,0.15
2015-12-06 17:30:00,3.35,101395.0,285.29999999999995,0.15
2015-12-06 17:45:00,3.0,101400.0,285.15,0.15
2015-12-06 18:00:00,3.2,101400.0,285.25,0.15
2015-12-06 18:15:00,3.4,101400.0,285.35,0.15
2015-12-06 18:30:00,3.0,101415.0,284.85,0.15
2015-12-06 18:45:00,2.9,101440.0,284.54999999999995,0.15
2015-12-06 19:00:00,2.9,101445.0,284.5,0.15
2015-12-06 19:15:00,3.1,101450.0,284.85,0.15
2015-12-06 19:30:00,3.5,101465.0,284.95,0.15
2015-12-06 19:45:00,3.7,101470.0,285.04999999999995,0.15
2015-12-06 20:00:00,3.9,101485.0,285.15,0.15
2015-12-06 20:15:00,4.0,101500.0,285.45,0.15
2015-12-06 20:30:00,3.85,101525.0,285.45,0.15
2015-12-06 20:45:00,3.9,101540.0,285.54999999999995,0.15
2015-12-06 21:00:00,3.75,101550.0,285.5,0.15
2015-12-06 21:15:00,3.7,101570.0,285.54999999999995,0.15
2015-12-06 21:30:00,4.0,101575.0,285.4,0.15
2015-12-06 21:45:00,4.0,101600.0,285.45,0.15
2015-12-06 22:00:00,4.15,101615.0,285.6,0.15
2015-12-06 22:15:00,4.1,101630.0,285.54999999999995,0.15
2015-12-06 22:30:00,3.95,101630.0,285.5,0.15
2015-12-06 22:45:00,3.4,101630.0,285.15,0.15
2015-12-06 23:00:00,2.75,101630.0,285.04999999999995,0.15
2015-12-06 23:15:00,2.7,101640.0,284.95,0.15
2015-12-06 23:30:00,2.6,101635.0,284.9,0.15
2015-12-06 23:45:00,2.2,101650.0,285.04999999999995,0.15
2015-12-07 00:00:00,1.9,101650.0,285.04999999999995,0.15
2015-12-07 00:15:00,2.1,101660.0,284.75,0.15
2015-12-07 00:30:00,2.1500000000000004,101675.0,284.7,0.15
2015-12-07 00:45:00,2.2,101680.0,284.25,0.15
2015-12-07 01:00:00,1.8,101690.0,284.5,0.15
2015-12-07 01:15:00,1.8,101700.0,284.35,0.15
2015-12-07 01:30:00,1.85,101715.0,284.35,0.15
2015-12-07 01:45:00,1.7,101730.0,284.45,0.15
2015-12-07 02:00:00,1.85,101730.0,284.4,0.15
2015-12-07 02:15:00,1.8,101730.0,284.65,0.15
2015-12-07 02:30:00,1.85,101730.0,284.5,0.15
2015-12-07 02:45:00,1.5,101730.0,284.04999999999995,0.15
2015-12-07 03:00:00,1.45,101730.0,284.4,0.15
2015-12-07 03:15:00,1.0,101740.0,284.54999999999995,0.15
2015-12-07 03:30:00,1.9,101755.0,284.75,0.15
2015-12-07 03:45:00,2.4,101770.0,284.85,0.15
2015-12-07 04:00:00,2.1,101765.0,284.79999999999995,0.15
2015-12-07 04:15:00,2.4,101770.0,284.75,0.15
2015-12-07 04:30:00,2.3,101780.0,284.7,0.15
2015-12-07 04:45:00,2.6,101780.0,284.45,0.15
2015-12-07 05:00:00,2.15,101790.0,284.2,0.15
2015-12-07 05:15:00,2.2,101790.0,284.35,0.15
2015-12-07 05:30:00,2.55,101800.0,284.25,0.15
2015-12-07 05:45:00,2.7,101810.0,283.85,0.15
2015-12-07 06:00:00,2.9,101815.0,283.9,0.15
2015-12-07 06:15:00,2.8,101840.0,283.95,0.15
2015-12-07 06:30:00,3.2,101845.0,284.25,0.15
2015-12-07 06:45:00,2.7,101860.0,284.54999999999995,0.15
2015-12-07 07:00:00,3.35,101865.0,284.1,0.15
2015-12-07 07:15:00,3.5,101880.0,284.25,0.15
2015-12-07 07:30:00,3.95,101885.0,284.2,0.15
2015-12-07 07:45:00,3.9,101900.0,283.85,0.15
2015-12-07 08:00:00,3.75,101925.0,284.1,0.15
2015-12-07 08:15:00,4.0,101940.0,284.35,0.15
2015-12-07 08:30:00,4.65,101940.0,284.79999999999995,0.15
2015-12-07 08:45:00,4.0,101950.0,285.04999999999995,0.15
2015-12-07 09:00:00,3.5,101970.0,285.4,0.15
2015-12-07 09:15:00,3.4,101990.0,285.65,0.15
2015-12-07 09:30:00,3.1500000000000004,101995.0,285.95,0.15
2015-12-07 09:45:00,3.6,101990.0,286.15,0.15
2015-12-07 10:00:00,2.5,101990.0,286.5,0.15
2015-12-07 10:15:00,2.7,101990.0,286.75,0.15
2015-12-07 10:30:00,3.05,101980.0,286.95,0.15
2015-12-07 10:45:00,2.9,101960.0,287.04999999999995,0.15
2015-12-07 11:00:00,2.6,101945.0,287.15,0.15
2015-12-07 11:15:00,2.7,101930.0,287.45,0.15
2015-12-07 11:30:00,2.6,101925.0,287.95,0.15
2015-12-07 11:45:00,3.0,101910.0,288.54999999999995,0.15
2015-12-07 12:00:00,2.95,101900.0,288.6,0.15
2015-12-07 12:15:00,3.2,101900.0,288.45,0.15
2015-12-07 12:30:00,2.75,101885.0,288.54999999999995,0.15
2015-12-07 12:45:00,2.4,101890.0,288.25,0.15
2015-12-07 13:00:00,3.05,101880.0,288.04999999999995,0.15
2015-12-07 13:15:00,2.5,101870.0,288.04999999999995,0.15
2015-12-07 13:30:00,2.75,101865.0,288.1,0.15
2015-12-07 13:45:00,3.5,101870.0,288.35,0.15
2015-12-07 14:00:00,3.35,101870.0,288.1,0.15
2015-12-07 14:15:00,3.3,101880.0,287.75,0.15
2015-12-07 14:30:00,3.4,101870.0,287.4,0.15
2015-12-07 14:45:00,3.5,101890.0,287.04999999999995,0.15
2015-12-07 15:00:00,3.9,101895.0,286.75,0.15
2015-12-07 15:15:00,3.3,101910.0,285.95,0.15
2015-12-07 15:30:00,3.3,101900.0,286.25,0.15
2015-12-07 15:45:00,3.5,101910.0,285.45,0.15
2015-12-07 16:00:00,3.45,101915.0,285.65,0.15
2015-12-07 16:15:00,3.5,101920.0,285.95,0.15
2015-12-07 16:30:00,2.65,101920.0,285.6,0.15
2015-12-07 16:45:00,3.1,101920.0,285.45,0.15
2015-12-07 17:00:00,3.2,101915.0,285.2,0.15
2015-12-07 17:15:00,2.9,101910.0,285.04999999999995,0.15
2015-12-07 17:30:00,3.3,101910.0,285.54999999999995,0.15
2015-12-07 17:45:00,3.9,101920.0,285.45,0.15
2015-12-07 18:00:00,3.9,101940.0,285.29999999999995,0.15
2015-12-07 18:15:00,3.8,101930.0,285.15,0.15
2015-12-07 18:30:00,3.8,101940.0,285.04999999999995,0.15
2015-12-07 18:45:00,3.5,101940.0,284.75,0.15
2015-12-07 19:00:00,2.3,101940.0,284.5,0.15
2015-12-07 19:15:00,3.1,101950.0,284.65,0.15
2015-12-07 19:30:00,4.05,101950.0,284.9,0.15
2015-12-07 19:45:00,4.4,101940.0,284.95,0.15
2015-12-07 20:00:00,3.7,101935.0,285.15,0.15
2015-12-07 20:15:00,4.5,101940.0,284.95,0.15
2015-12-07 20:30:00,4.8,101960.0,284.54999999999995,0.15
2015-12-07 20:45:00,5.3,101960.0,284.85,0.15
2015-12-07 21:00:00,5.199999999999999,101960.0,285.04999999999995,0.15
2015-12-07 21:15:00,4.7,101970.0,285.15,0.15
2015-12-07 21:30:00,4.75,101970.0,285.04999999999995,0.15
2015-12-07 21:45:00,4.6,101960.0,285.04999999999995,0.15
2015-12-07 22:00:00,4.85,101955.0,284.9,0.15
2015-12-07 22:15:00,5.1,101950.0,284.85,0.15
2015-12-07 22:30:00,4.35,101940.0,284.15,0.15
2015-12-07 22:45:00,3.9,101930.0,284.15,0.15
2015-12-07 23:00:00,3.9,101920.0,284.15,0.15
2015-12-07 23:15:00,4.1,101920.0,283.95,0.15
2015-12-07 23:30:00,4.35,101915.0,283.75,0.15
2015-12-07 23:45:00,4.5,101900.0,283.75,0.15
2015-12-08 00:00:00,4.2,101895.0,283.6,0.15
2015-12-08 00:15:00,3.9,101890.0,283.54999999999995,0.15
2015-12-08 00:30:00,3.6,101890.0,283.35,0.15
2015-12-08 00:45:00,3.6,101880.0,283.25,0.15
2015-12-08 01:00:00,3.0,101880.0,283.2,0.15
2015-12-08 01:15:00,3.2,101880.0,283.15,0.15
2015-12-08 01:30:00,2.25,101885.0,283.04999999999995,0.15
2015-12-08 01:45:00,2.0,101900.0,282.75,0.15
2015-12-08 02:00:00,2.3,101890.0,282.6,0.15
2015-12-08 02:15:00,2.1,101890.0,282.95,0.15
2015-12-08 02:30:00,2.1500000000000004,101880.0,282.9,0.15
2015-12-08 02:45:00,2.5,101870.0,283.04999999999995,0.15
2015-12-08 03:00:00,3.2,101855.0,282.9,0.15
2015-12-08 03:15:00,3.4,101840.0,283.04999999999995,0.15
2015-12-08 03:30:00,3.4,101825.0,283.15,0.15
2015-12-08 03:45:00,3.0,101830.0,283.25,0.15
2015-12-08 04:00:00,3.1,101840.0,283.25,0.15
2015-12-08 04:15:00,3.4,101820.0,283.04999999999995,0.15
2015-12-08 04:30:00,4.0,101805.0,283.25,0.15
2015-12-08 04:45:00,4.0,101800.0,283.15,0.15
2015-12-08 05:00:00,4.5,101800.0,283.25,0.15
2015-12-08 05:15:00,4.8,101790.0,283.25,0.15
2015-12-08 05:30:00,4.15,101790.0,283.2,0.15
2015-12-08 05:45:00,4.3,101800.0,283.15,0.15
2015-12-08 06:00:00,3.9,101805.0,283.25,0.15
2015-12-08 06:15:00,3.3,101790.0,283.04999999999995,0.15
2015-12-08 06:30:00,4.05,101790.0,283.0,0.15
2015-12-08 06:45:00,4.5,101790.0,282.95,0.15
2015-12-08 07:00:00,3.6,101790.0,282.79999999999995,0.15
2015-12-08 07:15:00,3.1,101790.0,282.75,0.15
2015-12-08 07:30:00,3.5,101790.0,282.95,0.15
2015-12-08 07:45:00,3.5,101800.0,282.85,0.15
2015-12-08 08:00:00,4.95,101795.0,283.15,0.15
2015-12-08 08:15:00,5.2,101810.0,283.04999999999995,0.15
2015-12-08 08:30:00,5.6,101785.0,283.15,0.15
2015-12-08 08:45:00,5.6,101780.0,283.45,0.15
2015-12-08 09:00:00,4.65,101775.0,283.7,0.15
2015-12-08 09:15:00,4.3,101770.0,284.04999999999995,0.15
2015-12-08 09:30:00,3.25,101775.0,284.45,0.15
2015-12-08 09:45:00,1.5,101790.0,284.75,0.15
2015-12-08 10:00:00,1.65,101785.0,285.2,0.15
2015-12-08 10:15:00,2.9,101770.0,285.45,0.15
2015-12-08 10:30:00,2.95,101745.0,285.75,0.15
2015-12-08 10:45:00,2.1,101740.0,286.04999999999995,0.15
2015-12-08 11:00:00,2.4,101735.0,286.25,0.15
2015-12-08 11:15:00,2.9,101720.0,286.54999999999995,0.15
2015-12-08 11:30:00,3.1,101710.0,286.75,0.15
2015-12-08 11:45:00,3.5,101700.0,286.85,0.15
2015-12-08 12:00:00,3.9,101685.0,287.1,0.15
2015-12-08 12:15:00,3.6,101680.0,287.15,0.15
2015-12-08 12:30:00,4.0,101660.0,287.2,0.15
2015-12-08 12:45:00,4.0,101660.0,287.25,0.15
2015-12-08 13:00:00,4.2,101640.0,287.2,0.15
2015-12-08 13:15:00,3.5,101630.0,287.35,0.15
2015-12-08 13:30:00,4.15,101610.0,287.15,0.15
2015-12-08 13:45:00,4.2,101600.0,287.15,0.15
2015-12-08 14:00:00,3.95,101585.0,286.7,0.15
2015-12-08 14:15:00,4.4,101550.0,286.54999999999995,0.15
2015-12-08 14:30:00,3.8,101540.0,285.9,0.15
2015-12-08 14:45:00,2.9,101550.0,285.65,0.15
2015-12-08 15:00:00,2.85,101555.0,284.9,0.15
2015-12-08 15:15:00,3.4,101560.0,284.95,0.15
2015-12-08 15:30:00,2.7,101570.0,284.5,0.15
2015-12-08 15:45:00,1.9,101570.0,284.35,0.15
2015-12-08 16:00:00,2.4,101575.0,284.25,0.15
2015-12-08 16:15:00,2.5,101590.0,282.35,0.15
2015-12-08 16:30:00,2.5,101590.0,283.29999999999995,0.15
2015-12-08 16:45:00,2.4,101590.0,284.15,0.15
2015-12-08 17:00:00,2.7,101590.0,284.04999999999995,0.15
2015-12-08 17:15:00,3.2,101600.0,283.75,0.15
2015-12-08 17:30:00,2.85,101605.0,283.9,0.15
2015-12-08 17:45:00,2.8,101610.0,284.25,0.15
2015-12-08 18:00:00,2.95,101605.0,284.4,0.15
2015-12-08 18:15:00,3.3,101600.0,284.15,0.15
2015-12-08 18:30:00,3.5,101600.0,284.25,0.15
2015-12-08 18:45:00,2.8,101600.0,284.25,0.15
2015-12-08 19:00:00,3.0,101610.0,284.45,0.15
2015-12-08 19:15:00,3.5,101600.0,284.75,0.15
2015-12-08 19:30:00,2.85,101605.0,284.75,0.15
2015-12-08 19:45:00,2.3,101610.0,284.85,0.15
2015-12-08 20:00:00,2.4000000000000004,101620.0,284.1,0.15
2015-12-08 20:15:00,2.6,101630.0,283.65,0.15
2015-12-08 20:30:00,2.25,101630.0,284.15,0.15
2015-12-08 20:45:00,2.7,101630.0,283.75,0.15
2015-12-08 21:00:00,2.05,101640.0,283.79999999999995,0.15
2015-12-08 21:15:00,1.7,101650.0,283.75,0.15
2015-12-08 21:30:00,1.55,101655.0,283.7,0.15
2015-12-08 21:45:00,1.9,101660.0,283.95,0.15
2015-12-08 22:00:00,1.9,101675.0,283.6,0.15
2015-12-08 22:15:00,1.8,101690.0,283.54999999999995,0.15
2015-12-08 22:30:00,1.65,101705.0,283.7,0.15
2015-12-08 22:45:00,1.8,101720.0,283.75,0.15
2015-12-08 23:00:00,1.85,101735.0,283.85,0.15
2015-12-08 23:15:00,1.8,101750.0,283.85,0.15
2015-12-08 23:30:00,2.3,101755.0,283.95,0.15
2015-12-08 23:45:00,2.7,101770.0,284.04999999999995,0.15
2015-12-09 00:00:00,3.55,101785.0,284.1,0.15
2015-12-09 00:15:00,3.6,101800.0,283.85,0.15
2015-12-09 00:30:00,2.85,101810.0,283.54999999999995,0.15
2015-12-09 00:45:00,2.0,101810.0,283.35,0.15
2015-12-09 01:00:00,1.2000000000000002,101810.0,283.15,0.15
2015-12-09 01:15:00,1.2,101820.0,282.95,0.15
2015-12-09 01:30:00,1.5,101840.0,283.04999999999995,0.15
2015-12-09 01:45:00,1.5,101850.0,283.04999999999995,0.15
2015-12-09 02:00:00,1.6,101860.0,282.95,0.15
2015-12-09 02:15:00,1.9,101870.0,282.95,0.15
2015-12-09 02:30:00,1.7999999999999998,101875.0,282.75,0.15
2015-12-09 02:45:00,2.1,101890.0,282.85,0.15
2015-12-09 03:00:00,2.75,101900.0,283.1,0.15
2015-12-09 03:15:00,2.5,101910.0,282.45,0.15
2015-12-09 03:30:00,2.55,101930.0,282.65,0.15
2015-12-09 03:45:00,3.6,101940.0,282.85,0.15
2015-12-09 04:00:00,3.85,101955.0,282.9,0.15
2015-12-09 04:15:00,3.1,101980.0,282.85,0.15
2015-12-09 04:30:00,3.5,101995.0,282.79999999999995,0.15
2015-12-09 04:45:00,2.9,102000.0,282.65,0.15
2015-12-09 05:00:00,3.15,102035.0,282.6,0.15
2015-12-09 05:15:00,3.0,102060.0,282.65,0.15
2015-12-09 05:30:00,3.35,102080.0,282.7,0.15
2015-12-09 05:45:00,3.4,102100.0,282.65,0.15
2015-12-09 06:00:00,3.6,102120.0,282.7,0.15
2015-12-09 06:15:00,4.0,102140.0,282.54999999999995,0.15
2015-12-09 06:30:00,3.8,102160.0,282.4,0.15
2015-12-09 06:45:00,3.9,102180.0,282.35,0.15
2015-12-09 07:00:00,3.35,102210.0,282.04999999999995,0.15
2015-12-09 07:15:00,3.2,102240.0,282.15,0.15
2015-12-09 07:30:00,2.9000000000000004,102270.0,282.15,0.15
2015-12-09 07:45:00,3.7,102300.0,282.35,0.15
2015-12-09 08:00:00,3.6,102320.0,282.25,0.15
2015-12-09 08:15:00,3.0,102350.0,282.35,0.15
2015-12-09 08:30:00,3.1500000000000004,102375.0,282.4,0.15
2015-12-09 08:45:00,3.4,102390.0,282.35,0.15
2015-12-09 09:00:00,3.0,102395.0,282.15,0.15
2015-12-09 09:15:00,2.9,102430.0,282.25,0.15
2015-12-09 09:30:00,2.65,102455.0,282.25,0.15
2015-12-09 09:45:00,2.5,102470.0,282.25,0.15
2015-12-09 10:00:00,2.2,102475.0,282.6,0.15
2015-12-09 10:15:00,2.1,102480.0,282.85,0.15
2015-12-09 10:30:00,3.75,102490.0,282.85,0.15
2015-12-09 10:45:00,3.4,102490.0,282.85,0.15
2015-12-09 11:00:00,3.4,102495.0,283.79999999999995,0.15
2015-12-09 11:15:00,3.2,102500.0,284.15,0.15
2015-12-09 11:30:00,3.35,102515.0,283.7,0.15
2015-12-09 11:45:00,3.1,102510.0,282.65,0.15
2015-12-09 12:00:00,3.35,102505.0,282.7,0.15
2015-12-09 12:15:00,2.6,102500.0,283.45,0.15
2015-12-09 12:30:00,2.65,102500.0,283.45,0.15
2015-12-09 12:45:00,3.0,102500.0,283.45,0.15
2015-12-09 13:00:00,3.1500000000000004,102510.0,283.54999999999995,0.15
2015-12-09 13:15:00,3.2,102510.0,283.65,0.15
2015-12-09 13:30:00,3.7,102520.0,283.1,0.15
2015-12-09 13:45:00,3.1,102530.0,282.75,0.15
2015-12-09 14:00:00,2.75,102545.0,282.1,0.15
2015-12-09 14:15:00,2.8,102550.0,281.95,0.15
2015-12-09 14:30:00,1.85,102550.0,281.9,0.15
2015-12-09 14:45:00,1.6,102580.0,281.85,0.15
2015-12-09 15:00:00,1.6,102600.0,281.75,0.15
2015-12-09 15:15:00,1.5,102600.0,280.65,0.15
2015-12-09 15:30:00,1.5,102610.0,280.35,0.15
2015-12-09 15:45:00,1.7,102610.0,279.75,0.15
2015-12-09 16:00:00,1.85,102610.0,279.2,0.15
2015-12-09 16:15:00,2.1,102610.0,279.35,0.15
2015-12-09 16:30:00,1.6,102605.0,279.65,0.15
2015-12-09 16:45:00,1.6,102610.0,279.54999999999995,0.15
2015-12-09 17:00:00,1.55,102610.0,279.0,0.15
2015-12-09 17:15:00,1.7,102610.0,278.25,0.15
2015-12-09 17:30:00,1.95,102620.0,278.35,0.15
2015-12-09 17:45:00,1.9,102630.0,278.04999999999995,0.15
2015-12-09 18:00:00,1.4500000000000002,102630.0,278.35,0.15
2015-12-09 18:15:00,1.5,102630.0,278.95,0.15
2015-12-09 18:30:00,2.3,102625.0,278.04999999999995,0.15
2015-12-09 18:45:00,2.5,102620.0,278.45,0.15
2015-12-09 19:00:00,1.8,102630.0,278.29999999999995,0.15
2015-12-09 19:15:00,1.8,102620.0,279.04999999999995,0.15
2015-12-09 19:30:00,1.6,102625.0,278.1,0.15
2015-12-09 19:45:00,1.8,102610.0,277.95,0.15
2015-12-09 20:00:00,2.2,102605.0,277.54999999999995,0.15
2015-12-09 20:15:00,1.7,102620.0,277.35,0.15
2015-12-09 20:30:00,1.75,102630.0,277.25,0.15
2015-12-09 20:45:00,1.7,102630.0,277.35,0.15
2015-12-09 21:00:00,1.55,102635.0,277.25,0.15
2015-12-09 21:15:00,2.2,102630.0,276.85,0.15
2015-12-09 21:30:00,2.2,102630.0,277.0,0.15
2015-12-09 21:45:00,2.6,102630.0,277.35,0.15
2015-12-09 22:00:00,2.8,102615.0,277.15,0.15
2015-12-09 22:15:00,3.3,102590.0,276.75,0.15
2015-12-09 22:30:00,3.25,102605.0,277.29999999999995,0.15
2015-12-09 22:45:00,3.3,102620.0,276.95,0.15
2015-12-09 23:00:00,2.45,102625.0,277.0,0.15
2015-12-09 23:15:00,2.7,102620.0,276.45,0.15
2015-12-09 23:30:00,3.2,102615.0,276.54999999999995,0.15
2015-12-09 23:45:00,3.9,102600.0,276.45,0.15
2015-12-10 00:00:00,3.75,102585.0,276.9,0.15
2015-12-10 00:15:00,2.9,102560.0,277.25,0.15
2015-12-10 00:30:00,2.85,102540.0,277.2,0.15
2015-12-10 00:45:00,2.9,102540.0,277.04999999999995,0.15
2015-12-10 01:00:00,3.6,102530.0,276.79999999999995,0.15
2015-12-10 01:15:00,3.3,102530.0,276.65,0.15
2015-12-10 01:30:00,3.5,102515.0,276.29999999999995,0.15
2015-12-10 01:45:00,3.5,102510.0,275.95,0.15
2015-12-10 02:00:00,3.85,102485.0,275.95,0.15
2015-12-10 02:15:00,3.9,102470.0,276.15,0.15
2015-12-10 02:30:00,3.3,102460.0,275.35,0.15
2015-12-10 02:45:00,3.7,102440.0,276.25,0.15
2015-12-10 03:00:00,3.75,102405.0,276.45,0.15
2015-12-10 03:15:00,3.5,102400.0,275.35,0.15
2015-12-10 03:30:00,3.7,102385.0,275.45,0.15
2015-12-10 03:45:00,3.8,102380.0,276.04999999999995,0.15
2015-12-10 04:00:00,3.85,102375.0,276.75,0.15
2015-12-10 04:15:00,3.6,102370.0,276.54999999999995,0.15
2015-12-10 04:30:00,3.35,102365.0,276.54999999999995,0.15
2015-12-10 04:45:00,3.3,102360.0,276.54999999999995,0.15
2015-12-10 05:00:00,3.45,102360.0,276.5,0.15
2015-12-10 05:15:00,3.6,102350.0,277.15,0.15
2015-12-10 05:30:00,3.3,102345.0,276.85,0.15
2015-12-10 05:45:00,2.9,102330.0,276.85,0.15
2015-12-10 06:00:00,2.95,102325.0,277.0,0.15
2015-12-10 06:15:00,2.4,102330.0,276.95,0.15
2015-12-10 06:30:00,2.75,102320.0,276.65,0.15
2015-12-10 06:45:00,2.4,102310.0,276.25,0.15
2015-12-10 07:00:00,2.6,102305.0,275.79999999999995,0.15
2015-12-10 07:15:00,2.7,102310.0,275.25,0.15
2015-12-10 07:30:00,2.75,102310.0,275.15,0.15
2015-12-10 07:45:00,2.6,102310.0,275.85,0.15
2015-12-10 08:00:00,2.4000000000000004,102305.0,276.25,0.15
2015-12-10 08:15:00,2.0,102300.0,276.75,0.15
2015-12-10 08:30:00,2.4000000000000004,102285.0,277.29999999999995,0.15
2015-12-10 08:45:00,2.5,102290.0,277.54999999999995,0.15
2015-12-10 09:00:00,2.55,102290.0,278.04999999999995,0.15
2015-12-10 09:15:00,2.1,102290.0,278.25,0.15
2015-12-10 09:30:00,3.25,102295.0,278.1,0.15
2015-12-10 09:45:00,4.8,102290.0,278.75,0.15
2015-12-10 10:00:00,5.45,102280.0,279.4,0.15
2015-12-10 10:15:00,4.7,102270.0,279.85,0.15
2015-12-10 10:30:00,4.5,102250.0,279.79999999999995,0.15
2015-12-10 10:45:00,4.7,102240.0,280.04999999999995,0.15
2015-12-10 11:00:00,4.7,102205.0,280.35,0.15
2015-12-10 11:15:00,4.9,102180.0,280.45,0.15
2015-12-10 11:30:00,4.5,102160.0,280.65,0.15
2015-12-10 11:45:00,4.4,102130.0,280.85,0.15
2015-12-10 12:00:00,4.65,102115.0,281.15,0.15
2015-12-10 12:15:00,4.9,102110.0,281.15,0.15
2015-12-10 12:30:00,4.75,102075.0,281.45,0.15
2015-12-10 12:45:00,4.8,102050.0,281.65,0.15
2015-12-10 13:00:00,4.4,102030.0,281.6,0.15
2015-12-10 13:15:00,4.0,102000.0,281.45,0.15
2015-12-10 13:30:00,4.3,101990.0,281.04999999999995,0.15
2015-12-10 13:45:00,3.5,101980.0,280.75,0.15
2015-12-10 14:00:00,4.1,101970.0,280.65,0.15
2015-12-10 14:15:00,2.8,101950.0,280.04999999999995,0.15
2015-12-10 14:30:00,3.4,101935.0,280.29999999999995,0.15
2015-12-10 14:45:00,3.3,101930.0,279.95,0.15
2015-12-10 15:00:00,3.1,101920.0,279.65,0.15
2015-12-10 15:15:00,2.9,101900.0,278.95,0.15
2015-12-10 15:30:00,3.25,101885.0,278.5,0.15
2015-12-10 15:45:00,3.3,101860.0,277.35,0.15
2015-12-10 16:00:00,4.0,101860.0,276.45,0.15
2015-12-10 16:15:00,3.5,101860.0,276.65,0.15
2015-12-10 16:30:00,3.35,101855.0,277.0,0.15
2015-12-10 16:45:00,3.4,101860.0,277.75,0.15
2015-12-10 17:00:00,3.35,101830.0,277.5,0.15
2015-12-10 17:15:00,4.0,101800.0,277.25,0.15
2015-12-10 17:30:00,3.65,101795.0,277.45,0.15
2015-12-10 17:45:00,3.1,101790.0,276.85,0.15
2015-12-10 18:00:00,3.25,101775.0,276.79999999999995,0.15
2015-12-10 18:15:00,3.5,101760.0,276.65,0.15
2015-12-10 18:30:00,2.55,101765.0,276.85,0.15
2015-12-10 18:45:00,3.0,101750.0,276.15,0.15
2015-12-10 19:00:00,3.25,101715.0,275.95,0.15
2015-12-10 19:15:00,2.9,101700.0,275.85,0.15
2015-12-10 19:30:00,2.5,101705.0,274.7,0.15
2015-12-10 19:45:00,2.7,101700.0,275.15,0.15
2015-12-10 20:00:00,3.95,101685.0,275.7,0.15
2015-12-10 20:15:00,4.4,101680.0,275.04999999999995,0.15
2015-12-10 20:30:00,4.2,101665.0,276.15,0.15
2015-12-10 20:45:00,4.1,101640.0,276.15,0.15
2015-12-10 21:00:00,3.7,101635.0,276.15,0.15
2015-12-10 21:15:00,3.3,101630.0,276.15,0.15
2015-12-10 21:30:00,3.25,101620.0,276.0,0.15
2015-12-10 21:45:00,3.5,101610.0,276.15,0.15
2015-12-10 22:00:00,3.85,101605.0,276.0,0.15
2015-12-10 22:15:00,4.2,101580.0,276.25,0.15
2015-12-10 22:30:00,3.5,101570.0,276.15,0.15
2015-12-10 22:45:00,3.4,101570.0,275.95,0.15
2015-12-10 23:00:00,3.75,101555.0,275.5,0.15
2015-12-10 23:15:00,3.7,101540.0,275.85,0.15
2015-12-10 23:30:00,3.45,101545.0,275.85,0.15
2015-12-10 23:45:00,3.0,101540.0,276.45,0.15
2015-12-11 00:00:00,2.9000000000000004,101525.0,276.2,0.15
2015-12-11 00:15:00,2.8,101510.0,276.45,0.15
2015-12-11 00:30:00,3.1500000000000004,101495.0,276.0,0.15
2015-12-11 00:45:00,3.6,101480.0,276.04999999999995,0.15
2015-12-11 01:00:00,4.15,101465.0,276.1,0.15
2015-12-11 01:15:00,3.8,101470.0,276.35,0.15
2015-12-11 01:30:00,3.25,101465.0,276.4,0.15
2015-12-11 01:45:00,3.2,101450.0,276.15,0.15
2015-12-11 02:00:00,3.15,101455.0,276.15,0.15
2015-12-11 02:15:00,3.0,101450.0,276.35,0.15
2015-12-11 02:30:00,3.0,101435.0,276.54999999999995,0.15
2015-12-11 02:45:00,3.9,101410.0,276.25,0.15
2015-12-11 03:00:00,3.55,101410.0,276.6,0.15
2015-12-11 03:15:00,4.1,101390.0,276.25,0.15
2015-12-11 03:30:00,4.699999999999999,101365.0,276.5,0.15
2015-12-11 03:45:00,4.7,101350.0,276.54999999999995,0.15
2015-12-11 04:00:00,4.2,101355.0,276.79999999999995,0.15
2015-12-11 04:15:00,4.2,101370.0,277.04999999999995,0.15
2015-12-11 04:30:00,3.65,101370.0,277.65,0.15
2015-12-11 04:45:00,3.6,101370.0,277.65,0.15
2015-12-11 05:00:00,3.5,101380.0,277.9,0.15
2015-12-11 05:15:00,3.3,101370.0,277.85,0.15
2015-12-11 05:30:00,3.8,101345.0,277.95,0.15
2015-12-11 05:45:00,3.8,101320.0,278.15,0.15
2015-12-11 06:00:00,4.1,101310.0,278.2,0.15
2015-12-11 06:15:00,4.6,101310.0,278.35,0.15
2015-12-11 06:30:00,4.15,101320.0,278.6,0.15
2015-12-11 06:45:00,3.9,101320.0,278.75,0.15
2015-12-11 07:00:00,4.199999999999999,101320.0,278.7,0.15
2015-12-11 07:15:00,4.4,101310.0,278.75,0.15
2015-12-11 07:30:00,3.5,101330.0,278.79999999999995,0.15
2015-12-11 07:45:00,3.7,101320.0,278.75,0.15
2015-12-11 08:00:00,3.7,101325.0,278.85,0.15
2015-12-11 08:15:00,3.8,101330.0,278.85,0.15
2015-12-11 08:30:00,4.15,101335.0,279.4,0.15
2015-12-11 08:45:00,5.1,101340.0,279.85,0.15
2015-12-11 09:00:00,4.35,101350.0,279.95,0.15
2015-12-11 09:15:00,4.0,101350.0,280.04999999999995,0.15
2015-12-11 09:30:00,3.6,101355.0,280.0,0.15
2015-12-11 09:45:00,4.1,101350.0,280.04999999999995,0.15
2015-12-11 10:00:00,3.75,101355.0,280.15,0.15
2015-12-11 10:15:00,3.7,101330.0,280.04999999999995,0.15
2015-12-11 10:30:00,3.85,101315.0,280.2,0.15
2015-12-11 10:45:00,4.4,101300.0,280.25,0.15
2015-12-11 11:00:00,5.0,101265.0,280.45,0.15
2015-12-11 11:15:00,5.9,101240.0,280.65,0.15
2015-12-11 11:30:00,5.1,101230.0,280.5,0.15
2015-12-11 11:45:00,4.7,101220.0,280.35,0.15
2015-12-11 12:00:00,4.6,101225.0,280.35,0.15
2015-12-11 12:15:00,4.3,101230.0,280.25,0.15
2015-12-11 12:30:00,4.1,101225.0,280.2,0.15
2015-12-11 12:45:00,4.2,101220.0,279.95,0.15
2015-12-11 13:00:00,3.85,101210.0,279.95,0.15
2015-12-11 13:15:00,2.9,101220.0,279.95,0.15
2015-12-11 13:30:00,3.0,101210.0,279.95,0.15
2015-12-11 13:45:00,3.1,101210.0,280.04999999999995,0.15
2015-12-11 14:00:00,3.0,101230.0,280.04999999999995,0.15
2015-12-11 14:15:00,2.8,101250.0,280.15,0.15
2015-12-11 14:30:00,3.05,101245.0,280.25,0.15
2015-12-11 14:45:00,3.5,101220.0,280.25,0.15
2015-12-11 15:00:00,3.65,101225.0,280.2,0.15
2015-12-11 15:15:00,3.9,101220.0,280.04999999999995,0.15
2015-12-11 15:30:00,4.3,101210.0,280.0,0.15
2015-12-11 15:45:00,4.6,101190.0,280.04999999999995,0.15
2015-12-11 16:00:00,4.95,101190.0,280.1,0.15
2015-12-11 16:15:00,5.1,101190.0,280.15,0.15
2015-12-11 16:30:00,5.5,101195.0,280.15,0.15
2015-12-11 16:45:00,4.6,101190.0,280.15,0.15
2015-12-11 17:00:00,5.0,101155.0,280.1,0.15
2015-12-11 17:15:00,4.6,101140.0,280.04999999999995,0.15
2015-12-11 17:30:00,3.85,101135.0,280.1,0.15
2015-12-11 17:45:00,3.6,101110.0,280.25,0.15
2015-12-11 18:00:00,3.6,101100.0,280.4,0.15
2015-12-11 18:15:00,5.4,101090.0,280.45,0.15
2015-12-11 18:30:00,4.95,101070.0,280.35,0.15
2015-12-11 18:45:00,2.8,101040.0,280.35,0.15
2015-12-11 19:00:00,2.4,101040.0,280.35,0.15
2015-12-11 19:15:00,3.0,101020.0,280.45,0.15
2015-12-11 19:30:00,3.6,101035.0,280.45,0.15
2015-12-11 19:45:00,3.0,101040.0,280.54999999999995,0.15
2015-12-11 20:00:00,2.7,101025.0,280.54999999999995,0.15
2015-12-11 20:15:00,2.5,101000.0,280.65,0.15
2015-12-11 20:30:00,2.7,100995.0,280.6,0.15
2015-12-11 20:45:00,2.0,100990.0,280.65,0.15
2015-12-11 21:00:00,2.25,101000.0,280.65,0.15
2015-12-11 21:15:00,2.0,101010.0,280.65,0.15
2015-12-11 21:30:00,1.9,101005.0,280.79999999999995,0.15
2015-12-11 21:45:00,2.6,100990.0,281.15,0.15
2015-12-11 22:00:00,2.5,100990.0,281.45,0.15
2015-12-11 22:15:00,2.9,101000.0,281.75,0.15
2015-12-11 22:30:00,3.1,101000.0,281.9,0.15
2015-12-11 22:45:00,2.8,101010.0,281.95,0.15
2015-12-11 23:00:00,4.95,101055.0,282.04999999999995,0.15
2015-12-11 23:15:00,4.7,101070.0,281.65,0.15
2015-12-11 23:30:00,3.0,101085.0,281.6,0.15
2015-12-11 23:45:00,2.8,101090.0,281.54999999999995,0.15
2015-12-12 00:00:00,2.8,101090.0,281.5,0.15
2015-12-12 00:15:00,2.7,101100.0,281.15,0.15
2015-12-12 00:30:00,2.4000000000000004,101110.0,281.04999999999995,0.15
2015-12-12 00:45:00,2.6,101110.0,281.15,0.15
2015-12-12 01:00:00,2.3,101115.0,281.1,0.15
2015-12-12 01:15:00,1.9,101140.0,280.85,0.15
2015-12-12 01:30:00,1.55,101135.0,280.85,0.15
2015-12-12 01:45:00,1.8,101130.0,280.15,0.15
2015-12-12 02:00:00,1.95,101150.0,280.0,0.15
2015-12-12 02:15:00,2.4,101140.0,280.25,0.15
2015-12-12 02:30:00,2.55,101150.0,280.2,0.15
2015-12-12 02:45:00,2.2,101150.0,279.85,0.15
2015-12-12 03:00:00,2.1,101145.0,279.65,0.15
2015-12-12 03:15:00,2.3,101130.0,279.85,0.15
2015-12-12 03:30:00,2.2,101140.0,279.85,0.15
2015-12-12 03:45:00,1.8,101150.0,279.04999999999995,0.15
2015-12-12 04:00:00,2.25,101145.0,278.65,0.15
2015-12-12 04:15:00,1.9,101150.0,278.35,0.15
2015-12-12 04:30:00,1.4,101160.0,278.7,0.15
2015-12-12 04:45:00,1.4,101150.0,279.04999999999995,0.15
2015-12-12 05:00:00,1.35,101160.0,278.9,0.15
2015-12-12 05:15:00,1.5,101170.0,279.75,0.15
2015-12-12 05:30:00,1.15,101170.0,279.5,0.15
2015-12-12 05:45:00,2.2,101180.0,279.35,0.15
2015-12-12 06:00:00,1.7000000000000002,101180.0,279.5,0.15
2015-12-12 06:15:00,1.6,101190.0,278.75,0.15
2015-12-12 06:30:00,0.8999999999999999,101205.0,278.65,0.15
2015-12-12 06:45:00,1.1,101200.0,279.04999999999995,0.15
2015-12-12 07:00:00,1.2000000000000002,101210.0,278.45,0.15
2015-12-12 07:15:00,1.0,101220.0,278.15,0.15
2015-12-12 07:30:00,1.45,101215.0,278.54999999999995,0.15
2015-12-12 07:45:00,1.7,101220.0,278.75,0.15
2015-12-12 08:00:00,1.2,101235.0,278.95,0.15
2015-12-12 08:15:00,1.2,101230.0,278.75,0.15
2015-12-12 08:30:00,1.6,101265.0,279.15,0.15
2015-12-12 08:45:00,1.1,101290.0,279.04999999999995,0.15
2015-12-12 09:00:00,1.25,101290.0,279.5,0.15
2015-12-12 09:15:00,1.7,101290.0,280.35,0.15
2015-12-12 09:30:00,1.45,101305.0,280.75,0.15
2015-12-12 09:45:00,0.8,101300.0,281.15,0.15
2015-12-12 10:00:00,0.65,101295.0,281.25,0.15
2015-12-12 10:15:00,0.9,101270.0,281.45,0.15
2015-12-12 10:30:00,1.6,101255.0,281.7,0.15
2015-12-12 10:45:00,1.6,101240.0,281.65,0.15
2015-12-12 11:00:00,1.5,101240.0,281.85,0.15
2015-12-12 11:15:00,1.7,101220.0,281.75,0.15
2015-12-12 11:30:00,2.0,101190.0,281.85,0.15
2015-12-12 11:45:00,1.7,101180.0,281.85,0.15
2015-12-12 12:00:00,1.95,101165.0,282.1,0.15
2015-12-12 12:15:00,2.1,101150.0,282.45,0.15
2015-12-12 12:30:00,2.05,101145.0,282.65,0.15
2015-12-12 12:45:00,2.1,101140.0,282.85,0.15
2015-12-12 13:00:00,1.7,101125.0,282.75,0.15
2015-12-12 13:15:00,2.2,101100.0,282.65,0.15
2015-12-12 13:30:00,2.2,101075.0,282.54999999999995,0.15
2015-12-12 13:45:00,2.4,101060.0,282.65,0.15
2015-12-12 14:00:00,2.85,101030.0,282.5,0.15
2015-12-12 14:15:00,3.2,101030.0,282.45,0.15
2015-12-12 14:30:00,3.2,101005.0,282.35,0.15
2015-12-12 14:45:00,3.3,100980.0,282.45,0.15
2015-12-12 15:00:00,2.8,100980.0,282.4,0.15
2015-12-12 15:15:00,2.9,100970.0,282.25,0.15
2015-12-12 15:30:00,3.05,100945.0,282.2,0.15
2015-12-12 15:45:00,2.8,100930.0,282.15,0.15
2015-12-12 16:00:00,3.25,100915.0,282.2,0.15
2015-12-12 16:15:00,3.4,100900.0,282.15,0.15
2015-12-12 16:30:00,3.55,100885.0,282.15,0.15
2015-12-12 16:45:00,3.8,100860.0,282.25,0.15
2015-12-12 17:00:00,4.15,100835.0,282.25,0.15
2015-12-12 17:15:00,4.1,100820.0,282.65,0.15
2015-12-12 17:30:00,4.3,100805.0,283.04999999999995,0.15
2015-12-12 17:45:00,4.0,100800.0,283.54999999999995,0.15
2015-12-12 18:00:00,3.9,100790.0,283.54999999999995,0.15
2015-12-12 18:15:00,3.9,100780.0,283.54999999999995,0.15
2015-12-12 18:30:00,4.1,100755.0,283.65,0.15
2015-12-12 18:45:00,4.4,100730.0,283.65,0.15
2015-12-12 19:00:00,4.1,100715.0,283.7,0.15
2015-12-12 19:15:00,4.3,100690.0,283.65,0.15
2015-12-12 19:30:00,3.65,100700.0,283.85,0.15
2015-12-12 19:45:00,3.1,100680.0,283.65,0.15
2015-12-12 20:00:00,3.55,100645.0,283.35,0.15
2015-12-12 20:15:00,3.5,100620.0,283.54999999999995,0.15
2015-12-12 20:30:00,3.1,100605.0,283.35,0.15
2015-12-12 20:45:00,2.9,100590.0,282.85,0.15
2015-12-12 21:00:00,2.35,100590.0,282.85,0.15
2015-12-12 21:15:00,2.7,100580.0,283.45,0.15
2015-12-12 21:30:00,2.95,100575.0,284.0,0.15
2015-12-12 21:45:00,3.5,100580.0,284.04999999999995,0.15
2015-12-12 22:00:00,3.75,100565.0,284.29999999999995,0.15
2015-12-12 22:15:00,4.5,100560.0,284.04999999999995,0.15
2015-12-12 22:30:00,4.25,100560.0,284.2,0.15
2015-12-12 22:45:00,3.7,100540.0,284.35,0.15
2015-12-12 23:00:00,4.6,100535.0,284.1,0.15
2015-12-12 23:15:00,5.7,100520.0,284.15,0.15
2015-12-12 23:30:00,4.5,100530.0,283.79999999999995,0.15
2015-12-12 23:45:00,4.2,100530.0,283.25,0.15
2015-12-13 00:00:00,3.75,100520.0,283.25,0.15
2015-12-13 00:15:00,3.2,100520.0,282.85,0.15
2015-12-13 00:30:00,3.1500000000000004,100505.0,282.7,0.15
2015-12-13 00:45:00,3.0,100490.0,282.35,0.15
2015-12-13 01:00:00,3.25,100495.0,282.15,0.15
2015-12-13 01:15:00,3.8,100490.0,282.25,0.15
2015-12-13 01:30:00,4.55,100475.0,282.54999999999995,0.15
2015-12-13 01:45:00,4.7,100480.0,282.25,0.15
2015-12-13 02:00:00,3.8,100495.0,282.25,0.15
2015-12-13 02:15:00,4.0,100510.0,282.85,0.15
2015-12-13 02:30:00,4.7,100495.0,283.15,0.15
2015-12-13 02:45:00,4.4,100470.0,283.45,0.15
2015-12-13 03:00:00,4.75,100455.0,283.54999999999995,0.15
2015-12-13 03:15:00,5.8,100450.0,283.54999999999995,0.15
2015-12-13 03:30:00,5.65,100445.0,283.65,0.15
2015-12-13 03:45:00,5.3,100430.0,283.75,0.15
2015-12-13 04:00:00,5.9,100435.0,283.75,0.15
2015-12-13 04:15:00,5.7,100440.0,283.85,0.15
2015-12-13 04:30:00,5.550000000000001,100455.0,283.9,0.15
2015-12-13 04:45:00,7.0,100470.0,283.95,0.15
2015-12-13 05:00:00,6.9,100475.0,283.85,0.15
2015-12-13 05:15:00,6.4,100480.0,283.75,0.15
2015-12-13 05:30:00,5.5,100480.0,283.45,0.15
2015-12-13 05:45:00,5.0,100510.0,283.15,0.15
2015-12-13 06:00:00,4.6,100505.0,283.1,0.15
2015-12-13 06:15:00,3.9,100530.0,282.95,0.15
2015-12-13 06:30:00,3.35,100570.0,282.85,0.15
2015-12-13 06:45:00,4.0,100580.0,282.85,0.15
2015-12-13 07:00:00,4.15,100610.0,283.1,0.15
2015-12-13 07:15:00,4.4,100630.0,282.95,0.15
2015-12-13 07:30:00,4.15,100660.0,282.75,0.15
2015-12-13 07:45:00,4.3,100690.0,282.15,0.15
2015-12-13 08:00:00,5.0,100725.0,281.79999999999995,0.15
2015-12-13 08:15:00,4.6,100750.0,281.54999999999995,0.15
2015-12-13 08:30:00,3.7,100780.0,281.35,0.15
2015-12-13 08:45:00,2.8,100800.0,281.35,0.15
2015-12-13 09:00:00,2.2,100825.0,281.15,0.15
2015-12-13 09:15:00,2.6,100850.0,281.15,0.15
2015-12-13 09:30:00,2.75,100865.0,281.15,0.15
2015-12-13 09:45:00,2.6,100880.0,281.25,0.15
2015-12-13 10:00:00,2.35,100895.0,281.2,0.15
2015-12-13 10:15:00,1.9,100900.0,281.25,0.15
2015-12-13 10:30:00,1.9,100895.0,281.25,0.15
2015-12-13 10:45:00,2.1,100900.0,281.25,0.15
2015-12-13 11:00:00,1.75,100915.0,281.2,0.15
2015-12-13 11:15:00,1.2,100930.0,281.15,0.15
2015-12-13 11:30:00,1.0,100920.0,281.25,0.15
2015-12-13 11:45:00,0.9,100920.0,281.15,0.15
2015-12-13 12:00:00,0.9,100935.0,281.1,0.15
2015-12-13 12:15:00,0.6,100930.0,281.04999999999995,0.15
2015-12-13 12:30:00,0.7,100940.0,281.1,0.15
2015-12-13 12:45:00,0.9,100950.0,280.95,0.15
2015-12-13 13:00:00,0.95,100950.0,280.79999999999995,0.15
2015-12-13 13:15:00,0.9,100950.0,280.65,0.15
2015-12-13 13:30:00,1.15,100950.0,280.65,0.15
2015-12-13 13:45:00,1.2,100960.0,280.75,0.15
2015-12-13 14:00:00,0.8,100960.0,280.7,0.15
2015-12-13 14:15:00,0.7,100960.0,280.65,0.15
2015-12-13 14:30:00,0.7,100965.0,280.7,0.15
2015-12-13 14:45:00,0.7,100980.0,280.65,0.15
2015-12-13 15:00:00,0.75,100985.0,280.65,0.15
2015-12-13 15:15:00,1.1,100990.0,280.54999999999995,0.15
2015-12-13 15:30:00,1.0,100990.0,280.54999999999995,0.15
2015-12-13 15:45:00,0.7,100990.0,280.54999999999995,0.15
2015-12-13 16:00:00,0.5,101010.0,280.54999999999995,0.15
2015-12-13 16:15:00,0.7,101010.0,280.54999999999995,0.15
2015-12-13 16:30:00,0.75,101020.0,280.5,0.15
2015-12-13 16:45:00,0.8,101030.0,280.54999999999995,0.15
2015-12-13 17:00:00,1.0,101030.0,280.5,0.15
2015-12-13 17:15:00,0.9,101030.0,280.54999999999995,0.15
2015-12-13 17:30:00,1.45,101030.0,280.54999999999995,0.15
2015-12-13 17:45:00,1.2,101040.0,280.54999999999995,0.15
2015-12-13 18:00:00,1.5,101040.0,280.54999999999995,0.15
2015-12-13 18:15:00,1.3,101050.0,280.65,0.15
2015-12-13 18:30:00,1.65,101050.0,280.6,0.15
2015-12-13 18:45:00,2.0,101040.0,280.45,0.15
2015-12-13 19:00:00,1.6,101045.0,280.5,0.15
2015-12-13 19:15:00,1.6,101040.0,280.65,0.15
2015-12-13 19:30:00,1.2999999999999998,101040.0,280.65,0.15
2015-12-13 19:45:00,1.3,101050.0,280.65,0.15
2015-12-13 20:00:00,1.45,101050.0,280.75,0.15
2015-12-13 20:15:00,1.5,101050.0,280.75,0.15
2015-12-13 20:30:00,1.8,101050.0,280.85,0.15
2015-12-13 20:45:00,2.3,101040.0,280.85,0.15
2015-12-13 21:00:00,2.2,101050.0,280.9,0.15
2015-12-13 21:15:00,2.4,101050.0,280.95,0.15
2015-12-13 21:30:00,2.45,101050.0,281.04999999999995,0.15
2015-12-13 21:45:00,2.6,101040.0,281.15,0.15
2015-12-13 22:00:00,2.7,101050.0,281.15,0.15
2015-12-13 22:15:00,2.8,101050.0,281.15,0.15
2015-12-13 22:30:00,3.2,101050.0,281.25,0.15
2015-12-13 22:45:00,2.8,101050.0,281.25,0.15
2015-12-13 23:00:00,3.05,101035.0,281.2,0.15
2015-12-13 23:15:00,2.9,101030.0,281.15,0.15
2015-12-13 23:30:00,2.95,101025.0,281.04999999999995,0.15
2015-12-13 23:45:00,2.9,101020.0,281.04999999999995,0.15
2015-12-14 00:00:00,2.45,101020.0,280.95,0.15
2015-12-14 00:15:00,2.4,101020.0,280.85,0.15
2015-12-14 00:30:00,2.35,101015.0,280.9,0.15
2015-12-14 00:45:00,2.6,101010.0,280.85,0.15
2015-12-14 01:00:00,2.5,101010.0,280.85,0.15
2015-12-14 01:15:00,2.6,101010.0,280.75,0.15
2015-12-14 01:30:00,2.8,101010.0,280.75,0.15
2015-12-14 01:45:00,2.6,101010.0,280.75,0.15
2015-12-14 02:00:00,2.35,101010.0,280.85,0.15
2015-12-14 02:15:00,2.3,101000.0,280.85,0.15
2015-12-14 02:30:00,2.2,101000.0,280.85,0.15
2015-12-14 02:45:00,2.1,100990.0,280.85,0.15
2015-12-14 03:00:00,2.1,100980.0,280.85,0.15
2015-12-14 03:15:00,2.0,100970.0,280.95,0.15
2015-12-14 03:30:00,2.15,100955.0,280.95,0.15
2015-12-14 03:45:00,2.4,100950.0,280.95,0.15
2015-12-14 04:00:00,2.1500000000000004,100950.0,280.95,0.15
2015-12-14 04:15:00,2.1,100960.0,280.95,0.15
2015-12-14 04:30:00,1.85,100955.0,281.0,0.15
2015-12-14 04:45:00,2.2,100950.0,281.04999999999995,0.15
2015-12-14 05:00:00,2.6500000000000004,100945.0,281.1,0.15
2015-12-14 05:15:00,2.4,100940.0,281.25,0.15
2015-12-14 05:30:00,2.85,100935.0,281.15,0.15
2015-12-14 05:45:00,3.1,100920.0,281.04999999999995,0.15
2015-12-14 06:00:00,3.1,100910.0,280.75,0.15
2015-12-14 06:15:00,2.7,100900.0,280.54999999999995,0.15
2015-12-14 06:30:00,2.45,100900.0,280.45,0.15
2015-12-14 06:45:00,2.1,100900.0,280.35,0.15
2015-12-14 07:00:00,2.6500000000000004,100910.0,280.35,0.15
2015-12-14 07:15:00,2.4,100920.0,280.15,0.15
2015-12-14 07:30:00,2.6,100920.0,280.35,0.15
2015-12-14 07:45:00,3.2,100910.0,280.65,0.15
2015-12-14 08:00:00,3.0,100935.0,280.75,0.15
2015-12-14 08:15:00,2.6,100950.0,280.85,0.15
2015-12-14 08:30:00,3.05,100945.0,281.2,0.15
2015-12-14 08:45:00,3.3,100950.0,281.54999999999995,0.15
2015-12-14 09:00:00,4.1,100960.0,281.75,0.15
2015-12-14 09:15:00,5.3,100960.0,281.75,0.15
2015-12-14 09:30:00,4.85,100975.0,281.9,0.15
2015-12-14 09:45:00,5.5,100960.0,281.95,0.15
2015-12-14 10:00:00,5.1,100960.0,282.1,0.15
2015-12-14 10:15:00,5.2,100930.0,282.15,0.15
2015-12-14 10:30:00,4.55,100945.0,282.04999999999995,0.15
2015-12-14 10:45:00,3.7,100920.0,282.04999999999995,0.15
2015-12-14 11:00:00,3.9,100915.0,282.29999999999995,0.15
2015-12-14 11:15:00,3.6,100890.0,282.54999999999995,0.15
2015-12-14 11:30:00,3.45,100910.0,282.54999999999995,0.15
2015-12-14 11:45:00,3.4,100890.0,282.65,0.15
2015-12-14 12:00:00,3.9,100875.0,282.79999999999995,0.15
2015-12-14 12:15:00,3.9,100860.0,282.85,0.15
2015-12-14 12:30:00,3.8,100855.0,282.85,0.15
2015-12-14 12:45:00,3.7,100820.0,283.04999999999995,0.15
2015-12-14 13:00:00,3.5,100815.0,283.04999999999995,0.15
2015-12-14 13:15:00,4.0,100790.0,283.15,0.15
2015-12-14 13:30:00,3.35,100780.0,283.2,0.15
2015-12-14 13:45:00,3.2,100770.0,283.15,0.15
2015-12-14 14:00:00,3.3,100765.0,283.04999999999995,0.15
2015-12-14 14:15:00,3.3,100770.0,283.25,0.15
2015-12-14 14:30:00,3.1500000000000004,100765.0,283.04999999999995,0.15
2015-12-14 14:45:00,3.1,100780.0,282.35,0.15
2015-12-14 15:00:00,2.3,100785.0,281.25,0.15
2015-12-14 15:15:00,2.4,100790.0,281.25,0.15
2015-12-14 15:30:00,2.55,100800.0,281.65,0.15
2015-12-14 15:45:00,2.5,100800.0,281.04999999999995,0.15
2015-12-14 16:00:00,2.8,100800.0,280.85,0.15
2015-12-14 16:15:00,3.1,100800.0,280.65,0.15
2015-12-14 16:30:00,2.9,100800.0,280.54999999999995,0.15
2015-12-14 16:45:00,2.2,100790.0,280.65,0.15
2015-12-14 17:00:00,1.6,100805.0,280.75,0.15
2015-12-14 17:15:00,1.9,100820.0,280.15,0.15
2015-12-14 17:30:00,2.4000000000000004,100830.0,280.25,0.15
2015-12-14 17:45:00,2.3,100840.0,279.15,0.15
2015-12-14 18:00:00,1.95,100850.0,280.29999999999995,0.15
2015-12-14 18:15:00,1.9,100850.0,279.85,0.15
2015-12-14 18:30:00,2.7,100850.0,280.25,0.15
2015-12-14 18:45:00,2.1,100860.0,279.95,0.15
2015-12-14 19:00:00,2.05,100865.0,280.15,0.15
2015-12-14 19:15:00,2.1,100870.0,280.35,0.15
2015-12-14 19:30:00,2.1,100885.0,280.1,0.15
2015-12-14 19:45:00,2.5,100900.0,279.95,0.15
2015-12-14 20:00:00,2.6,100900.0,280.0,0.15
2015-12-14 20:15:00,2.7,100910.0,279.75,0.15
2015-12-14 20:30:00,2.7,100920.0,279.35,0.15
2015-12-14 20:45:00,2.4,100920.0,279.75,0.15
2015-12-14 21:00:00,2.95,100915.0,279.75,0.15
2015-12-14 21:15:00,3.2,100920.0,279.75,0.15
2015-12-14 21:30:00,3.0,100925.0,279.75,0.15
2015-12-14 21:45:00,3.0,100930.0,279.65,0.15
2015-12-14 22:00:00,2.75,100945.0,279.45,0.15
2015-12-14 22:15:00,3.3,100940.0,279.35,0.15
2015-12-14 22:30:00,3.25,100945.0,279.6,0.15
2015-12-14 22:45:00,3.3,100950.0,279.75,0.15
2015-12-14 23:00:00,3.25,100950.0,279.75,0.15
2015-12-14 23:15:00,3.3,100940.0,279.54999999999995,0.15
2015-12-14 23:30:00,3.25,100935.0,279.45,0.15
2015-12-14 23:45:00,3.2,100930.0,279.54999999999995,0.15
2015-12-15 00:00:00,3.3,100935.0,279.5,0.15
2015-12-15 00:15:00,3.2,100920.0,279.45,0.15
2015-12-15 00:30:00,3.1500000000000004,100920.0,279.5,0.15
2015-12-15 00:45:00,3.2,100920.0,279.45,0.15
2015-12-15 01:00:00,2.7,100925.0,279.6,0.15
2015-12-15 01:15:00,2.4,100950.0,279.54999999999995,0.15
2015-12-15 01:30:00,2.5,100950.0,279.6,0.15
2015-12-15 01:45:00,2.9,100950.0,279.54999999999995,0.15
2015-12-15 02:00:00,2.95,100950.0,279.65,0.15
2015-12-15 02:15:00,2.6,100950.0,279.65,0.15
2015-12-15 02:30:00,2.6500000000000004,100940.0,279.75,0.15
2015-12-15 02:45:00,1.8,100950.0,279.85,0.15
2015-12-15 03:00:00,2.45,100935.0,279.75,0.15
2015-12-15 03:15:00,2.8,100930.0,279.75,0.15
2015-12-15 03:30:00,2.7,100930.0,279.79999999999995,0.15
2015-12-15 03:45:00,2.4,100940.0,279.65,0.15
2015-12-15 04:00:00,2.9000000000000004,100930.0,279.7,0.15
2015-12-15 04:15:00,2.4,100940.0,279.75,0.15
2015-12-15 04:30:00,2.75,100950.0,279.85,0.15
2015-12-15 04:45:00,2.8,100960.0,279.75,0.15
2015-12-15 05:00:00,2.6,100970.0,279.6,0.15
2015-12-15 05:15:00,2.7,100980.0,279.75,0.15
2015-12-15 05:30:00,3.0,100995.0,279.7,0.15
2015-12-15 05:45:00,2.9,101010.0,279.75,0.15
2015-12-15 06:00:00,2.55,101030.0,279.85,0.15
2015-12-15 06:15:00,2.5,101020.0,279.85,0.15
2015-12-15 06:30:00,2.6,101015.0,279.75,0.15
2015-12-15 06:45:00,2.4,101020.0,279.65,0.15
2015-12-15 07:00:00,2.25,101035.0,279.54999999999995,0.15
2015-12-15 07:15:00,2.6,101060.0,279.35,0.15
2015-12-15 07:30:00,2.95,101070.0,279.15,0.15
2015-12-15 07:45:00,3.1,101090.0,279.04999999999995,0.15
2015-12-15 08:00:00,2.1,101125.0,278.95,0.15
2015-12-15 08:15:00,2.7,101130.0,279.15,0.15
2015-12-15 08:30:00,2.6,101135.0,279.5,0.15
2015-12-15 08:45:00,2.5,101150.0,280.15,0.15
2015-12-15 09:00:00,3.1500000000000004,101130.0,280.29999999999995,0.15
2015-12-15 09:15:00,2.9,101130.0,280.54999999999995,0.15
2015-12-15 09:30:00,2.6,101135.0,280.85,0.15
2015-12-15 09:45:00,2.6,101140.0,281.25,0.15
2015-12-15 10:00:00,2.6,101135.0,281.79999999999995,0.15
2015-12-15 10:15:00,2.5,101150.0,282.15,0.15
2015-12-15 10:30:00,2.25,101155.0,282.45,0.15
2015-12-15 10:45:00,1.9,101160.0,282.85,0.15
2015-12-15 11:00:00,2.2,101150.0,283.04999999999995,0.15
2015-12-15 11:15:00,2.6,101140.0,283.15,0.15
2015-12-15 11:30:00,2.1,101125.0,283.1,0.15
2015-12-15 11:45:00,2.2,101120.0,283.25,0.15
2015-12-15 12:00:00,2.95,101120.0,283.7,0.15
2015-12-15 12:15:00,3.3,101110.0,284.15,0.15
2015-12-15 12:30:00,2.8,101130.0,284.1,0.15
2015-12-15 12:45:00,1.9,101120.0,283.95,0.15
2015-12-15 13:00:00,2.35,101125.0,283.85,0.15
2015-12-15 13:15:00,2.4,101130.0,283.65,0.15
2015-12-15 13:30:00,1.85,101135.0,283.6,0.15
2015-12-15 13:45:00,2.1,101120.0,283.65,0.15
2015-12-15 14:00:00,2.95,101105.0,283.4,0.15
2015-12-15 14:15:00,2.6,101110.0,283.35,0.15
2015-12-15 14:30:00,2.2,101140.0,283.15,0.15
2015-12-15 14:45:00,2.8,101150.0,282.95,0.15
2015-12-15 15:00:00,2.5,101155.0,282.75,0.15
2015-12-15 15:15:00,2.3,101180.0,282.65,0.15
2015-12-15 15:30:00,2.95,101175.0,282.5,0.15
2015-12-15 15:45:00,2.9,101180.0,282.45,0.15
2015-12-15 16:00:00,2.9,101185.0,282.1,0.15
2015-12-15 16:15:00,2.7,101200.0,281.95,0.15
2015-12-15 16:30:00,2.85,101205.0,282.0,0.15
2015-12-15 16:45:00,2.7,101220.0,281.54999999999995,0.15
2015-12-15 17:00:00,2.8,101230.0,281.75,0.15
2015-12-15 17:15:00,3.0,101220.0,281.54999999999995,0.15
2015-12-15 17:30:00,3.3,101220.0,281.6,0.15
2015-12-15 17:45:00,3.1,101230.0,281.75,0.15
2015-12-15 18:00:00,2.45,101230.0,281.75,0.15
2015-12-15 18:15:00,2.5,101240.0,281.65,0.15
2015-12-15 18:30:00,3.15,101240.0,281.75,0.15
2015-12-15 18:45:00,3.1,101240.0,281.85,0.15
2015-12-15 19:00:00,2.9,101245.0,281.79999999999995,0.15
2015-12-15 19:15:00,2.9,101240.0,281.85,0.15
2015-12-15 19:30:00,2.8,101240.0,282.04999999999995,0.15
2015-12-15 19:45:00,3.1,101230.0,282.15,0.15
2015-12-15 20:00:00,3.1500000000000004,101235.0,282.04999999999995,0.15
2015-12-15 20:15:00,3.2,101240.0,281.85,0.15
2015-12-15 20:30:00,3.4,101230.0,281.9,0.15
2015-12-15 20:45:00,3.3,101240.0,282.04999999999995,0.15
2015-12-15 21:00:00,3.6,101240.0,282.25,0.15
2015-12-15 21:15:00,3.8,101230.0,282.35,0.15
2015-12-15 21:30:00,4.0,101225.0,282.45,0.15
2015-12-15 21:45:00,4.0,101230.0,282.45,0.15
2015-12-15 22:00:00,4.05,101240.0,282.6,0.15
2015-12-15 22:15:00,4.0,101250.0,282.65,0.15
2015-12-15 22:30:00,4.05,101245.0,282.79999999999995,0.15
2015-12-15 22:45:00,3.9,101250.0,282.85,0.15
2015-12-15 23:00:00,4.15,101270.0,283.0,0.15
2015-12-15 23:15:00,4.4,101290.0,282.85,0.15
2015-12-15 23:30:00,4.4,101280.0,282.95,0.15
2015-12-15 23:45:00,4.1,101270.0,282.85,0.15
2015-12-16 00:00:00,4.15,101255.0,283.04999999999995,0.15
2015-12-16 00:15:00,4.5,101240.0,283.04999999999995,0.15
2015-12-16 00:30:00,4.5,101235.0,283.04999999999995,0.15
2015-12-16 00:45:00,4.6,101230.0,283.04999999999995,0.15
2015-12-16 01:00:00,4.6,101235.0,282.9,0.15
2015-12-16 01:15:00,4.9,101230.0,282.85,0.15
2015-12-16 01:30:00,4.95,101215.0,282.75,0.15
2015-12-16 01:45:00,4.9,101210.0,282.65,0.15
2015-12-16 02:00:00,5.6,101210.0,282.7,0.15
2015-12-16 02:15:00,5.0,101200.0,282.65,0.15
2015-12-16 02:30:00,4.75,101185.0,282.75,0.15
2015-12-16 02:45:00,4.8,101170.0,282.75,0.15
2015-12-16 03:00:00,4.6,101155.0,282.54999999999995,0.15
2015-12-16 03:15:00,4.7,101140.0,282.45,0.15
2015-12-16 03:30:00,4.65,101125.0,282.45,0.15
2015-12-16 03:45:00,4.1,101110.0,282.54999999999995,0.15
2015-12-16 04:00:00,3.25,101105.0,282.5,0.15
2015-12-16 04:15:00,3.2,101100.0,282.45,0.15
2015-12-16 04:30:00,2.5,101105.0,282.45,0.15
2015-12-16 04:45:00,2.7,101100.0,282.45,0.15
2015-12-16 05:00:00,3.2,101100.0,282.54999999999995,0.15
2015-12-16 05:15:00,3.1,101100.0,282.65,0.15
2015-12-16 05:30:00,2.75,101090.0,282.79999999999995,0.15
2015-12-16 05:45:00,2.5,101090.0,282.85,0.15
2015-12-16 06:00:00,2.2,101080.0,282.95,0.15
2015-12-16 06:15:00,2.4,101080.0,282.95,0.15
2015-12-16 06:30:00,2.1,101090.0,282.95,0.15
2015-12-16 06:45:00,2.2,101100.0,282.95,0.15
2015-12-16 07:00:00,2.2,101100.0,283.0,0.15
2015-12-16 07:15:00,2.8,101100.0,283.04999999999995,0.15
2015-12-16 07:30:00,3.05,101100.0,283.1,0.15
2015-12-16 07:45:00,3.2,101100.0,283.25,0.15
2015-12-16 08:00:00,3.3,101100.0,283.45,0.15
2015-12-16 08:15:00,3.1,101120.0,283.45,0.15
2015-12-16 08:30:00,2.6,101130.0,283.6,0.15
2015-12-16 08:45:00,2.9,101140.0,283.65,0.15
2015-12-16 09:00:00,3.0,101130.0,283.79999999999995,0.15
2015-12-16 09:15:00,2.7,101140.0,283.95,0.15
2015-12-16 09:30:00,2.85,101155.0,284.0,0.15
2015-12-16 09:45:00,2.5,101170.0,284.04999999999995,0.15
2015-12-16 10:00:00,2.8,101165.0,284.2,0.15
2015-12-16 10:15:00,2.8,101160.0,284.35,0.15
2015-12-16 10:30:00,2.6500000000000004,101160.0,284.4,0.15
2015-12-16 10:45:00,2.5,101160.0,284.45,0.15
2015-12-16 11:00:00,2.55,101150.0,284.45,0.15
2015-12-16 11:15:00,2.8,101150.0,284.45,0.15
2015-12-16 11:30:00,2.6,101140.0,284.5,0.15
2015-12-16 11:45:00,2.6,101140.0,284.65,0.15
2015-12-16 12:00:00,3.35,101135.0,284.9,0.15
2015-12-16 12:15:00,3.3,101130.0,285.04999999999995,0.15
2015-12-16 12:30:00,3.4,101120.0,285.15,0.15
2015-12-16 12:45:00,3.2,101130.0,285.25,0.15
2015-12-16 13:00:00,3.1,101120.0,285.29999999999995,0.15
2015-12-16 13:15:00,3.2,101130.0,285.25,0.15
2015-12-16 13:30:00,2.75,101120.0,285.29999999999995,0.15
2015-12-16 13:45:00,2.9,101130.0,285.35,0.15
2015-12-16 14:00:00,2.65,101130.0,285.29999999999995,0.15
2015-12-16 14:15:00,2.9,101140.0,285.25,0.15
2015-12-16 14:30:00,2.85,101150.0,285.25,0.15
2015-12-16 14:45:00,2.8,101160.0,285.15,0.15
2015-12-16 15:00:00,2.6500000000000004,101160.0,285.2,0.15
2015-12-16 15:15:00,2.7,101160.0,285.25,0.15
2015-12-16 15:30:00,2.8,101160.0,285.25,0.15
2015-12-16 15:45:00,2.8,101160.0,285.25,0.15
2015-12-16 16:00:00,2.85,101165.0,285.25,0.15
2015-12-16 16:15:00,2.4,101160.0,285.25,0.15
2015-12-16 16:30:00,2.2,101170.0,285.29999999999995,0.15
2015-12-16 16:45:00,2.6,101170.0,285.45,0.15
2015-12-16 17:00:00,2.7,101180.0,285.45,0.15
2015-12-16 17:15:00,2.0,101190.0,285.35,0.15
2015-12-16 17:30:00,2.3,101195.0,285.35,0.15
2015-12-16 17:45:00,2.6,101200.0,285.45,0.15
2015-12-16 18:00:00,1.9,101215.0,285.54999999999995,0.15
2015-12-16 18:15:00,2.8,101220.0,285.65,0.15
2015-12-16 18:30:00,1.8,101225.0,285.54999999999995,0.15
2015-12-16 18:45:00,1.0,101220.0,285.35,0.15
2015-12-16 19:00:00,2.0,101235.0,285.65,0.15
2015-12-16 19:15:00,2.2,101240.0,285.54999999999995,0.15
2015-12-16 19:30:00,2.6,101255.0,285.5,0.15
2015-12-16 19:45:00,2.3,101270.0,285.54999999999995,0.15
2015-12-16 20:00:00,2.45,101265.0,285.65,0.15
2015-12-16 20:15:00,3.1,101270.0,285.95,0.15
2015-12-16 20:30:00,2.9,101270.0,285.9,0.15
2015-12-16 20:45:00,2.5,101270.0,285.85,0.15
2015-12-16 21:00:00,2.6,101280.0,285.9,0.15
2015-12-16 21:15:00,2.7,101280.0,286.04999999999995,0.15
2015-12-16 21:30:00,2.4,101290.0,286.04999999999995,0.15
2015-12-16 21:45:00,2.2,101290.0,286.15,0.15
2015-12-16 22:00:00,2.8,101295.0,286.15,0.15
2015-12-16 22:15:00,2.5,101300.0,286.15,0.15
2015-12-16 22:30:00,2.2,101325.0,286.1,0.15
2015-12-16 22:45:00,2.2,101310.0,285.95,0.15
2015-12-16 23:00:00,1.7999999999999998,101315.0,286.04999999999995,0.15
2015-12-16 23:15:00,1.4,101320.0,286.04999999999995,0.15
2015-12-16 23:30:00,1.25,101330.0,286.15,0.15
2015-12-16 23:45:00,1.5,101320.0,286.15,0.15
2015-12-17 00:00:00,1.15,101310.0,286.25,0.15
2015-12-17 00:15:00,1.5,101310.0,286.35,0.15
2015-12-17 00:30:00,1.75,101310.0,286.15,0.15
2015-12-17 00:45:00,1.9,101310.0,286.45,0.15
2015-12-17 01:00:00,1.55,101310.0,286.35,0.15
2015-12-17 01:15:00,1.7,101310.0,286.25,0.15
2015-12-17 01:30:00,1.6,101315.0,286.35,0.15
2015-12-17 01:45:00,1.4,101310.0,285.75,0.15
2015-12-17 02:00:00,1.4500000000000002,101315.0,285.75,0.15
2015-12-17 02:15:00,2.2,101310.0,285.85,0.15
2015-12-17 02:30:00,2.25,101310.0,285.75,0.15
2015-12-17 02:45:00,1.4,101290.0,286.35,0.15
2015-12-17 03:00:00,1.75,101280.0,286.54999999999995,0.15
2015-12-17 03:15:00,2.5,101260.0,286.54999999999995,0.15
2015-12-17 03:30:00,2.55,101245.0,286.5,0.15
2015-12-17 03:45:00,2.0,101240.0,286.54999999999995,0.15
2015-12-17 04:00:00,2.55,101225.0,286.25,0.15
2015-12-17 04:15:00,2.9,101230.0,286.35,0.15
2015-12-17 04:30:00,2.35,101225.0,286.25,0.15
2015-12-17 04:45:00,2.6,101210.0,286.04999999999995,0.15
2015-12-17 05:00:00,2.35,101220.0,286.15,0.15
2015-12-17 05:15:00,2.3,101220.0,286.04999999999995,0.15
2015-12-17 05:30:00,2.8,101225.0,285.9,0.15
2015-12-17 05:45:00,2.7,101230.0,286.15,0.15
2015-12-17 06:00:00,3.15,101230.0,286.04999999999995,0.15
2015-12-17 06:15:00,2.8,101230.0,286.15,0.15
2015-12-17 06:30:00,2.05,101235.0,285.75,0.15
2015-12-17 06:45:00,2.1,101230.0,286.35,0.15
2015-12-17 07:00:00,2.6,101225.0,285.75,0.15
2015-12-17 07:15:00,2.7,101230.0,285.95,0.15
2015-12-17 07:30:00,2.75,101230.0,286.29999999999995,0.15
2015-12-17 07:45:00,2.9,101220.0,286.25,0.15
2015-12-17 08:00:00,2.5,101215.0,286.54999999999995,0.15
2015-12-17 08:15:00,2.6,101220.0,286.54999999999995,0.15
2015-12-17 08:30:00,2.55,101230.0,286.85,0.15
2015-12-17 08:45:00,2.5,101230.0,287.15,0.15
2015-12-17 09:00:00,2.8,101235.0,287.29999999999995,0.15
2015-12-17 09:15:00,3.1,101240.0,287.54999999999995,0.15
2015-12-17 09:30:00,3.3,101240.0,288.04999999999995,0.15
2015-12-17 09:45:00,3.5,101250.0,288.65,0.15
2015-12-17 10:00:00,3.45,101250.0,288.4,0.15
2015-12-17 10:15:00,3.7,101240.0,288.45,0.15
2015-12-17 10:30:00,3.9,101225.0,288.5,0.15
2015-12-17 10:45:00,3.8,101210.0,288.15,0.15
2015-12-17 11:00:00,3.65,101195.0,288.5,0.15
2015-12-17 11:15:00,3.9,101180.0,289.15,0.15
2015-12-17 11:30:00,3.5,101175.0,288.54999999999995,0.15
2015-12-17 11:45:00,3.4,101170.0,288.15,0.15
2015-12-17 12:00:00,2.95,101160.0,288.35,0.15
2015-12-17 12:15:00,3.3,101150.0,288.45,0.15
2015-12-17 12:30:00,3.1,101145.0,288.35,0.15
2015-12-17 12:45:00,3.5,101130.0,288.45,0.15
2015-12-17 13:00:00,2.95,101125.0,289.15,0.15
2015-12-17 13:15:00,3.3,101110.0,289.35,0.15
2015-12-17 13:30:00,3.35,101095.0,289.25,0.15
2015-12-17 13:45:00,3.2,101080.0,289.04999999999995,0.15
2015-12-17 14:00:00,2.9,101065.0,288.65,0.15
2015-12-17 14:15:00,3.0,101060.0,288.04999999999995,0.15
2015-12-17 14:30:00,3.0,101060.0,287.7,0.15
2015-12-17 14:45:00,2.4,101060.0,287.35,0.15
2015-12-17 15:00:00,2.2,101050.0,288.1,0.15
2015-12-17 15:15:00,2.5,101050.0,287.65,0.15
2015-12-17 15:30:00,2.85,101045.0,287.75,0.15
2015-12-17 15:45:00,3.3,101040.0,287.65,0.15
2015-12-17 16:00:00,3.4,101040.0,287.25,0.15
2015-12-17 16:15:00,3.3,101040.0,287.04999999999995,0.15
2015-12-17 16:30:00,3.55,101040.0,286.95,0.15
2015-12-17 16:45:00,3.7,101040.0,287.25,0.15
2015-12-17 17:00:00,4.0,101040.0,286.79999999999995,0.15
2015-12-17 17:15:00,3.8,101030.0,286.65,0.15
2015-12-17 17:30:00,4.05,101020.0,286.54999999999995,0.15
2015-12-17 17:45:00,3.7,101020.0,286.85,0.15
2015-12-17 18:00:00,2.95,101015.0,287.04999999999995,0.15
2015-12-17 18:15:00,3.0,101020.0,287.25,0.15
2015-12-17 18:30:00,2.75,101015.0,287.0,0.15
2015-12-17 18:45:00,3.1,101010.0,286.95,0.15
2015-12-17 19:00:00,3.2,101000.0,286.9,0.15
2015-12-17 19:15:00,3.4,100970.0,286.85,0.15
2015-12-17 19:30:00,4.1,100935.0,286.65,0.15
2015-12-17 19:45:00,3.4,100930.0,286.45,0.15
2015-12-17 20:00:00,3.45,100895.0,286.4,0.15
2015-12-17 20:15:00,3.1,100900.0,286.75,0.15
2015-12-17 20:30:00,2.95,100900.0,286.75,0.15
2015-12-17 20:45:00,3.2,100900.0,287.04999999999995,0.15
2015-12-17 21:00:00,3.25,100880.0,286.9,0.15
2015-12-17 21:15:00,3.5,100870.0,286.75,0.15
2015-12-17 21:30:00,3.75,100865.0,286.79999999999995,0.15
2015-12-17 21:45:00,3.7,100850.0,286.95,0.15
2015-12-17 22:00:00,3.75,100845.0,287.04999999999995,0.15
2015-12-17 22:15:00,4.2,100840.0,286.95,0.15
2015-12-17 22:30:00,4.449999999999999,100845.0,286.65,0.15
2015-12-17 22:45:00,4.4,100850.0,287.04999999999995,0.15
2015-12-17 23:00:00,3.5,100850.0,287.0,0.15
2015-12-17 23:15:00,2.2,100860.0,286.45,0.15
2015-12-17 23:30:00,2.1,100855.0,286.2,0.15
2015-12-17 23:45:00,3.1,100840.0,286.35,0.15
2015-12-18 00:00:00,4.2,100805.0,286.79999999999995,0.15
2015-12-18 00:15:00,4.2,100780.0,287.35,0.15
2015-12-18 00:30:00,3.2,100770.0,287.29999999999995,0.15
2015-12-18 00:45:00,2.5,100780.0,287.45,0.15
2015-12-18 01:00:00,2.5,100790.0,286.85,0.15
2015-12-18 01:15:00,3.2,100800.0,286.54999999999995,0.15
2015-12-18 01:30:00,3.5,100810.0,286.4,0.15
2015-12-18 01:45:00,3.7,100820.0,286.45,0.15
2015-12-18 02:00:00,3.2,100820.0,286.35,0.15
2015-12-18 02:15:00,2.8,100810.0,286.45,0.15
2015-12-18 02:30:00,3.05,100825.0,286.65,0.15
2015-12-18 02:45:00,3.2,100810.0,286.65,0.15
2015-12-18 03:00:00,3.05,100825.0,286.79999999999995,0.15
2015-12-18 03:15:00,2.4,100830.0,286.75,0.15
2015-12-18 03:30:00,2.35,100835.0,286.6,0.15
2015-12-18 03:45:00,2.0,100870.0,286.15,0.15
2015-12-18 04:00:00,2.35,100890.0,286.04999999999995,0.15
2015-12-18 04:15:00,1.9,100890.0,286.15,0.15
2015-12-18 04:30:00,2.0,100890.0,286.0,0.15
2015-12-18 04:45:00,1.9,100890.0,286.25,0.15
2015-12-18 05:00:00,1.3,100890.0,286.15,0.15
2015-12-18 05:15:00,1.7,100890.0,286.15,0.15
2015-12-18 05:30:00,1.85,100900.0,286.15,0.15
2015-12-18 05:45:00,1.7,100920.0,286.15,0.15
2015-12-18 06:00:00,2.15,100935.0,285.6,0.15
2015-12-18 06:15:00,1.4,100940.0,285.54999999999995,0.15
2015-12-18 06:30:00,1.25,100965.0,285.35,0.15
2015-12-18 06:45:00,1.7,100980.0,285.35,0.15
2015-12-18 07:00:00,1.7999999999999998,100990.0,285.5,0.15
2015-12-18 07:15:00,1.4,101010.0,285.45,0.15
2015-12-18 07:30:00,1.2999999999999998,101035.0,285.7,0.15
2015-12-18 07:45:00,1.3,101060.0,285.54999999999995,0.15
2015-12-18 08:00:00,1.65,101075.0,285.6,0.15
2015-12-18 08:15:00,1.3,101090.0,285.65,0.15
2015-12-18 08:30:00,1.4,101095.0,285.85,0.15
2015-12-18 08:45:00,2.7,101110.0,285.75,0.15
2015-12-18 09:00:00,2.65,101130.0,285.65,0.15
2015-12-18 09:15:00,2.5,101150.0,286.75,0.15
2015-12-18 09:30:00,2.4,101165.0,286.95,0.15
2015-12-18 09:45:00,2.7,101170.0,286.75,0.15
2015-12-18 10:00:00,2.55,101180.0,286.79999999999995,0.15
2015-12-18 10:15:00,2.4,101180.0,286.65,0.15
2015-12-18 10:30:00,2.1,101180.0,286.85,0.15
2015-12-18 10:45:00,2.2,101170.0,286.95,0.15
2015-12-18 11:00:00,2.75,101170.0,286.75,0.15
2015-12-18 11:15:00,1.8,101170.0,286.85,0.15
2015-12-18 11:30:00,1.8,101150.0,287.4,0.15
2015-12-18 11:45:00,2.3,101150.0,287.45,0.15
2015-12-18 12:00:00,3.6,101150.0,287.4,0.15
2015-12-18 12:15:00,3.8,101160.0,287.45,0.15
2015-12-18 12:30:00,4.25,101155.0,287.1,0.15
2015-12-18 12:45:00,2.3,101140.0,287.04999999999995,0.15
2015-12-18 13:00:00,1.95,101140.0,286.9,0.15
2015-12-18 13:15:00,1.9,101130.0,286.75,0.15
2015-12-18 13:30:00,1.85,101140.0,286.75,0.15
2015-12-18 13:45:00,0.8,101140.0,286.75,0.15
2015-12-18 14:00:00,1.1,101150.0,286.79999999999995,0.15
2015-12-18 14:15:00,1.1,101150.0,286.95,0.15
2015-12-18 14:30:00,1.3,101150.0,286.75,0.15
2015-12-18 14:45:00,1.8,101160.0,286.65,0.15
2015-12-18 15:00:00,2.4,101170.0,286.7,0.15
2015-12-18 15:15:00,1.7,101170.0,286.65,0.15
2015-12-18 15:30:00,1.9,101165.0,286.5,0.15
2015-12-18 15:45:00,1.7,101180.0,286.35,0.15
2015-12-18 16:00:00,2.55,101175.0,286.4,0.15
2015-12-18 16:15:00,2.6,101180.0,286.25,0.15
2015-12-18 16:30:00,2.25,101190.0,286.2,0.15
2015-12-18 16:45:00,2.4,101200.0,286.15,0.15
2015-12-18 17:00:00,2.1,101190.0,285.95,0.15
2015-12-18 17:15:00,1.8,101190.0,285.65,0.15
2015-12-18 17:30:00,1.4,101180.0,285.25,0.15
2015-12-18 17:45:00,1.7,101180.0,285.35,0.15
2015-12-18 18:00:00,2.15,101175.0,285.29999999999995,0.15
2015-12-18 18:15:00,2.4,101170.0,285.35,0.15
2015-12-18 18:30:00,2.5,101165.0,285.29999999999995,0.15
2015-12-18 18:45:00,2.7,101160.0,285.04999999999995,0.15
2015-12-18 19:00:00,2.65,101160.0,285.2,0.15
2015-12-18 19:15:00,2.9,101160.0,285.15,0.15
2015-12-18 19:30:00,2.5,101155.0,284.25,0.15
2015-12-18 19:45:00,2.2,101160.0,283.25,0.15
2015-12-18 20:00:00,2.5,101165.0,283.95,0.15
2015-12-18 20:15:00,2.9,101180.0,283.75,0.15
2015-12-18 20:30:00,3.1,101175.0,283.29999999999995,0.15
2015-12-18 20:45:00,3.2,101180.0,283.04999999999995,0.15
2015-12-18 21:00:00,3.05,101180.0,283.04999999999995,0.15
2015-12-18 21:15:00,2.9,101180.0,282.75,0.15
2015-12-18 21:30:00,3.1,101165.0,283.1,0.15
2015-12-18 21:45:00,2.8,101160.0,283.54999999999995,0.15
2015-12-18 22:00:00,2.6500000000000004,101170.0,283.6,0.15
2015-12-18 22:15:00,3.0,101160.0,283.65,0.15
2015-12-18 22:30:00,3.05,101165.0,283.45,0.15
2015-12-18 22:45:00,2.7,101160.0,283.54999999999995,0.15
2015-12-18 23:00:00,2.85,101150.0,283.45,0.15
2015-12-18 23:15:00,2.8,101130.0,283.85,0.15
2015-12-18 23:30:00,2.65,101120.0,284.0,0.15
2015-12-18 23:45:00,3.2,101100.0,284.45,0.15
2015-12-19 00:00:00,3.05,101095.0,284.45,0.15
2015-12-19 00:15:00,2.8,101080.0,284.54999999999995,0.15
2015-12-19 00:30:00,2.8,101075.0,284.54999999999995,0.15
2015-12-19 00:45:00,2.8,101070.0,284.65,0.15
2015-12-19 01:00:00,2.6500000000000004,101080.0,284.65,0.15
2015-12-19 01:15:00,2.0,101070.0,284.65,0.15
2015-12-19 01:30:00,2.45,101080.0,284.54999999999995,0.15
2015-12-19 01:45:00,3.1,101080.0,284.85,0.15
2015-12-19 02:00:00,3.25,101065.0,284.65,0.15
2015-12-19 02:15:00,2.7,101040.0,284.15,0.15
2015-12-19 02:30:00,3.1,101030.0,283.95,0.15
2015-12-19 02:45:00,2.8,101030.0,283.95,0.15
2015-12-19 03:00:00,3.25,101030.0,283.7,0.15
2015-12-19 03:15:00,3.1,101040.0,283.85,0.15
2015-12-19 03:30:00,2.8,101040.0,283.65,0.15
2015-12-19 03:45:00,2.6,101030.0,284.15,0.15
2015-12-19 04:00:00,2.45,101040.0,283.75,0.15
2015-12-19 04:15:00,2.8,101040.0,283.85,0.15
2015-12-19 04:30:00,3.3,101025.0,284.29999999999995,0.15
2015-12-19 04:45:00,2.5,101020.0,284.45,0.15
2015-12-19 05:00:00,2.5,101025.0,284.04999999999995,0.15
2015-12-19 05:15:00,2.5,101010.0,284.35,0.15
2015-12-19 05:30:00,3.15,101010.0,284.0,0.15
2015-12-19 05:45:00,2.4,101030.0,283.45,0.15
2015-12-19 06:00:00,2.9000000000000004,101030.0,283.75,0.15
2015-12-19 06:15:00,3.2,101040.0,283.35,0.15
2015-12-19 06:30:00,3.1,101055.0,283.54999999999995,0.15
2015-12-19 06:45:00,3.7,101040.0,283.85,0.15
2015-12-19 07:00:00,4.0,101030.0,284.04999999999995,0.15
2015-12-19 07:15:00,4.0,101030.0,284.35,0.15
2015-12-19 07:30:00,3.8,101030.0,284.1,0.15
2015-12-19 07:45:00,3.8,101030.0,283.95,0.15
2015-12-19 08:00:00,3.85,101045.0,283.9,0.15
2015-12-19 08:15:00,4.0,101060.0,284.15,0.15
2015-12-19 08:30:00,3.9,101060.0,284.54999999999995,0.15
2015-12-19 08:45:00,3.4,101070.0,285.04999999999995,0.15
2015-12-19 09:00:00,3.05,101080.0,285.5,0.15
2015-12-19 09:15:00,2.7,101080.0,285.85,0.15
2015-12-19 09:30:00,3.0,101090.0,286.0,0.15
2015-12-19 09:45:00,3.2,101090.0,286.35,0.15
2015-12-19 10:00:00,3.4000000000000004,101100.0,286.54999999999995,0.15
2015-12-19 10:15:00,3.7,101090.0,286.95,0.15
2015-12-19 10:30:00,3.7,101080.0,287.29999999999995,0.15
2015-12-19 10:45:00,2.7,101070.0,287.54999999999995,0.15
2015-12-19 11:00:00,3.05,101065.0,287.75,0.15
2015-12-19 11:15:00,2.8,101060.0,288.15,0.15
2015-12-19 11:30:00,3.35,101060.0,288.5,0.15
2015-12-19 11:45:00,3.2,101050.0,288.95,0.15
2015-12-19 12:00:00,2.85,101025.0,288.85,0.15
2015-12-19 12:15:00,3.3,101020.0,288.75,0.15
2015-12-19 12:30:00,3.1500000000000004,101010.0,288.65,0.15
2015-12-19 12:45:00,3.6,101000.0,288.75,0.15
2015-12-19 13:00:00,2.9000000000000004,100980.0,289.04999999999995,0.15
2015-12-19 13:15:00,2.8,100980.0,289.54999999999995,0.15
2015-12-19 13:30:00,3.9,100970.0,288.7,0.15
2015-12-19 13:45:00,3.6,100970.0,288.35,0.15
2015-12-19 14:00:00,3.25,100970.0,288.29999999999995,0.15
2015-12-19 14:15:00,3.2,100970.0,288.15,0.15
2015-12-19 14:30:00,3.65,100965.0,287.95,0.15
2015-12-19 14:45:00,3.1,100960.0,287.95,0.15
2015-12-19 15:00:00,3.45,100955.0,287.9,0.15
2015-12-19 15:15:00,3.2,100940.0,287.65,0.15
2015-12-19 15:30:00,3.35,100935.0,287.2,0.15
2015-12-19 15:45:00,2.0,100940.0,287.35,0.15
2015-12-19 16:00:00,2.4,100940.0,286.54999999999995,0.15
2015-12-19 16:15:00,2.7,100940.0,286.25,0.15
2015-12-19 16:30:00,2.75,100950.0,285.65,0.15
2015-12-19 16:45:00,3.2,100940.0,285.65,0.15
2015-12-19 17:00:00,2.9,100945.0,285.25,0.15
2015-12-19 17:15:00,2.6,100930.0,285.35,0.15
2015-12-19 17:30:00,2.45,100930.0,285.29999999999995,0.15
2015-12-19 17:45:00,2.7,100910.0,285.04999999999995,0.15
2015-12-19 18:00:00,2.65,100910.0,285.54999999999995,0.15
2015-12-19 18:15:00,2.1,100920.0,285.35,0.15
2015-12-19 18:30:00,3.1,100915.0,285.54999999999995,0.15
2015-12-19 18:45:00,3.3,100900.0,285.75,0.15
2015-12-19 19:00:00,3.0,100905.0,285.79999999999995,0.15
2015-12-19 19:15:00,3.1,100890.0,285.65,0.15
2015-12-19 19:30:00,3.0,100875.0,285.4,0.15
2015-12-19 19:45:00,3.2,100870.0,285.45,0.15
2015-12-19 20:00:00,3.55,100865.0,285.4,0.15
2015-12-19 20:15:00,4.2,100830.0,285.25,0.15
2015-12-19 20:30:00,3.65,100820.0,285.45,0.15
2015-12-19 20:45:00,3.7,100810.0,285.35,0.15
2015-12-19 21:00:00,4.05,100800.0,285.35,0.15
2015-12-19 21:15:00,4.3,100780.0,285.45,0.15
2015-12-19 21:30:00,3.8,100775.0,285.35,0.15
2015-12-19 21:45:00,3.3,100770.0,284.95,0.15
2015-12-19 22:00:00,3.6,100755.0,285.25,0.15
2015-12-19 22:15:00,3.5,100740.0,285.04999999999995,0.15
2015-12-19 22:30:00,3.6,100740.0,285.15,0.15
2015-12-19 22:45:00,3.3,100710.0,285.04999999999995,0.15
2015-12-19 23:00:00,3.35,100710.0,285.0,0.15
2015-12-19 23:15:00,3.1,100680.0,284.85,0.15
2015-12-19 23:30:00,2.75,100660.0,284.79999999999995,0.15
2015-12-19 23:45:00,3.6,100610.0,284.95,0.15
2015-12-20 00:00:00,3.1500000000000004,100605.0,284.79999999999995,0.15
2015-12-20 00:15:00,3.2,100590.0,285.04999999999995,0.15
2015-12-20 00:30:00,2.0,100615.0,285.1,0.15
2015-12-20 00:45:00,3.1,100590.0,285.04999999999995,0.15
2015-12-20 01:00:00,3.0,100615.0,284.85,0.15
2015-12-20 01:15:00,4.0,100610.0,284.54999999999995,0.15
2015-12-20 01:30:00,2.8,100625.0,284.75,0.15
2015-12-20 01:45:00,2.7,100650.0,284.45,0.15
2015-12-20 02:00:00,3.35,100645.0,284.4,0.15
2015-12-20 02:15:00,3.5,100630.0,284.15,0.15
2015-12-20 02:30:00,4.15,100625.0,284.2,0.15
2015-12-20 02:45:00,4.4,100600.0,284.15,0.15
2015-12-20 03:00:00,4.550000000000001,100580.0,284.25,0.15
2015-12-20 03:15:00,3.4,100580.0,284.35,0.15
2015-12-20 03:30:00,4.0,100550.0,284.45,0.15
2015-12-20 03:45:00,2.6,100570.0,284.65,0.15
2015-12-20 04:00:00,2.9000000000000004,100560.0,284.29999999999995,0.15
2015-12-20 04:15:00,2.4,100580.0,284.25,0.15
2015-12-20 04:30:00,3.1,100560.0,284.29999999999995,0.15
2015-12-20 04:45:00,3.1,100540.0,284.04999999999995,0.15
2015-12-20 05:00:00,3.6,100530.0,284.15,0.15
2015-12-20 05:15:00,3.8,100530.0,284.35,0.15
2015-12-20 05:30:00,3.35,100535.0,284.35,0.15
2015-12-20 05:45:00,3.0,100540.0,284.45,0.15
2015-12-20 06:00:00,3.45,100535.0,284.35,0.15
2015-12-20 06:15:00,3.1,100560.0,284.25,0.15
2015-12-20 06:30:00,3.95,100565.0,284.2,0.15
2015-12-20 06:45:00,4.3,100560.0,284.04999999999995,0.15
2015-12-20 07:00:00,4.9,100535.0,284.15,0.15
2015-12-20 07:15:00,4.5,100530.0,284.15,0.15
2015-12-20 07:30:00,4.1,100545.0,284.0,0.15
2015-12-20 07:45:00,3.4,100560.0,284.15,0.15
2015-12-20 08:00:00,3.2,100560.0,284.25,0.15
2015-12-20 08:15:00,2.1,100600.0,284.35,0.15
2015-12-20 08:30:00,2.1,100595.0,284.2,0.15
2015-12-20 08:45:00,2.1,100600.0,284.85,0.15
2015-12-20 09:00:00,1.9,100625.0,285.04999999999995,0.15
2015-12-20 09:15:00,3.4,100640.0,285.04999999999995,0.15
2015-12-20 09:30:00,3.75,100660.0,285.54999999999995,0.15
2015-12-20 09:45:00,4.2,100650.0,285.65,0.15
2015-12-20 10:00:00,4.85,100645.0,285.4,0.15
2015-12-20 10:15:00,3.7,100660.0,285.54999999999995,0.15
2015-12-20 10:30:00,3.2,100685.0,285.65,0.15
2015-12-20 10:45:00,4.4,100690.0,285.75,0.15
2015-12-20 11:00:00,4.1,100685.0,285.65,0.15
2015-12-20 11:15:00,4.1,100690.0,285.75,0.15
2015-12-20 11:30:00,2.95,100695.0,285.65,0.15
2015-12-20 11:45:00,2.9,100690.0,285.75,0.15
2015-12-20 12:00:00,3.45,100645.0,285.65,0.15
2015-12-20 12:15:00,3.6,100630.0,285.65,0.15
2015-12-20 12:30:00,3.8,100605.0,285.6,0.15
2015-12-20 12:45:00,3.8,100630.0,285.54999999999995,0.15
2015-12-20 13:00:00,3.5,100625.0,285.45,0.15
2015-12-20 13:15:00,3.4,100630.0,285.35,0.15
2015-12-20 13:30:00,3.15,100635.0,285.45,0.15
2015-12-20 13:45:00,2.3,100650.0,285.54999999999995,0.15
2015-12-20 14:00:00,2.55,100645.0,285.6,0.15
2015-12-20 14:15:00,2.8,100620.0,285.65,0.15
2015-12-20 14:30:00,2.9,100645.0,285.6,0.15
2015-12-20 14:45:00,2.8,100670.0,285.45,0.15
2015-12-20 15:00:00,2.95,100670.0,285.6,0.15
2015-12-20 15:15:00,2.7,100680.0,285.75,0.15
2015-12-20 15:30:00,2.85,100680.0,285.95,0.15
2015-12-20 15:45:00,3.0,100680.0,285.85,0.15
2015-12-20 16:00:00,3.25,100685.0,286.0,0.15
2015-12-20 16:15:00,2.9,100700.0,285.35,0.15
2015-12-20 16:30:00,2.7,100705.0,285.2,0.15
2015-12-20 16:45:00,2.8,100700.0,284.85,0.15
2015-12-20 17:00:00,2.05,100725.0,284.85,0.15
2015-12-20 17:15:00,1.8,100740.0,284.65,0.15
2015-12-20 17:30:00,2.5,100730.0,284.7,0.15
2015-12-20 17:45:00,3.4,100710.0,284.85,0.15
2015-12-20 18:00:00,3.1,100720.0,284.79999999999995,0.15
2015-12-20 18:15:00,2.9,100750.0,284.85,0.15
2015-12-20 18:30:00,2.8,100765.0,285.0,0.15
2015-12-20 18:45:00,2.4,100780.0,285.15,0.15
2015-12-20 19:00:00,2.15,100775.0,285.1,0.15
2015-12-20 19:15:00,3.1,100760.0,285.35,0.15
2015-12-20 19:30:00,3.1500000000000004,100795.0,285.25,0.15
2015-12-20 19:45:00,3.2,100780.0,285.35,0.15
2015-12-20 20:00:00,3.0,100785.0,285.45,0.15
2015-12-20 20:15:00,2.5,100800.0,285.15,0.15
2015-12-20 20:30:00,3.1500000000000004,100795.0,285.2,0.15
2015-12-20 20:45:00,2.9,100800.0,285.25,0.15
2015-12-20 21:00:00,2.55,100810.0,285.04999999999995,0.15
2015-12-20 21:15:00,2.5,100810.0,285.04999999999995,0.15
2015-12-20 21:30:00,1.95,100815.0,285.1,0.15
2015-12-20 21:45:00,2.6,100820.0,285.25,0.15
2015-12-20 22:00:00,3.0,100830.0,286.15,0.15
2015-12-20 22:15:00,2.2,100840.0,286.35,0.15
2015-12-20 22:30:00,2.65,100820.0,286.35,0.15
2015-12-20 22:45:00,3.3,100810.0,286.35,0.15
2015-12-20 23:00:00,3.8,100815.0,286.45,0.15
2015-12-20 23:15:00,3.9,100820.0,286.45,0.15
2015-12-20 23:30:00,3.8,100810.0,286.5,0.15
2015-12-20 23:45:00,3.4,100810.0,286.15,0.15
2015-12-21 00:00:00,3.65,100805.0,286.35,0.15
2015-12-21 00:15:00,3.8,100800.0,286.15,0.15
2015-12-21 00:30:00,3.6,100810.0,285.9,0.15
2015-12-21 00:45:00,3.2,100820.0,285.85,0.15
2015-12-21 01:00:00,3.1,100825.0,285.85,0.15
2015-12-21 01:15:00,3.1,100840.0,285.85,0.15
2015-12-21 01:30:00,3.1500000000000004,100860.0,285.4,0.15
2015-12-21 01:45:00,2.3,100890.0,285.45,0.15
2015-12-21 02:00:00,2.5,100905.0,285.1,0.15
2015-12-21 02:15:00,2.6,100910.0,285.15,0.15
2015-12-21 02:30:00,3.2,100905.0,284.95,0.15
2015-12-21 02:45:00,3.4,100900.0,284.85,0.15
2015-12-21 03:00:00,3.2,100895.0,284.6,0.15
2015-12-21 03:15:00,3.5,100890.0,284.85,0.15
2015-12-21 03:30:00,3.7,100870.0,284.65,0.15
2015-12-21 03:45:00,4.1,100840.0,284.65,0.15
2015-12-21 04:00:00,3.0,100870.0,284.54999999999995,0.15
2015-12-21 04:15:00,2.2,100880.0,283.75,0.15
2015-12-21 04:30:00,2.4,100895.0,283.75,0.15
2015-12-21 04:45:00,2.5,100910.0,283.35,0.15
2015-12-21 05:00:00,2.65,100920.0,283.54999999999995,0.15
2015-12-21 05:15:00,2.8,100930.0,284.04999999999995,0.15
2015-12-21 05:30:00,3.45,100940.0,283.95,0.15
2015-12-21 05:45:00,3.6,100960.0,283.65,0.15
2015-12-21 06:00:00,3.15,100950.0,283.75,0.15
2015-12-21 06:15:00,2.8,100960.0,283.75,0.15
2015-12-21 06:30:00,2.75,100965.0,283.65,0.15
2015-12-21 06:45:00,2.9,100970.0,283.04999999999995,0.15
2015-12-21 07:00:00,2.7,100975.0,281.79999999999995,0.15
2015-12-21 07:15:00,2.7,100990.0,281.15,0.15
2015-12-21 07:30:00,2.7,100995.0,281.0,0.15
2015-12-21 07:45:00,2.6,101000.0,281.75,0.15
2015-12-21 08:00:00,3.0,100995.0,282.45,0.15
2015-12-21 08:15:00,2.6,101000.0,281.35,0.15
2015-12-21 08:30:00,3.0,101015.0,282.5,0.15
2015-12-21 08:45:00,2.9,101030.0,283.65,0.15
2015-12-21 09:00:00,2.85,101030.0,284.15,0.15
2015-12-21 09:15:00,3.5,101020.0,284.95,0.15
2015-12-21 09:30:00,3.75,101025.0,285.15,0.15
2015-12-21 09:45:00,4.5,101020.0,285.45,0.15
2015-12-21 10:00:00,4.7,101020.0,285.79999999999995,0.15
2015-12-21 10:15:00,4.3,101020.0,285.85,0.15
2015-12-21 10:30:00,4.55,101005.0,285.79999999999995,0.15
2015-12-21 10:45:00,5.6,100990.0,286.04999999999995,0.15
2015-12-21 11:00:00,6.35,100985.0,286.29999999999995,0.15
2015-12-21 11:15:00,7.9,100980.0,286.45,0.15
2015-12-21 11:30:00,8.1,100965.0,286.7,0.15
2015-12-21 11:45:00,7.2,100960.0,286.04999999999995,0.15
2015-12-21 12:00:00,6.2,100950.0,286.54999999999995,0.15
2015-12-21 12:15:00,7.6,100930.0,286.54999999999995,0.15
2015-12-21 12:30:00,7.45,100920.0,286.54999999999995,0.15
2015-12-21 12:45:00,7.4,100890.0,286.15,0.15
2015-12-21 13:00:00,7.05,100875.0,286.65,0.15
2015-12-21 13:15:00,7.6,100860.0,286.45,0.15
2015-12-21 13:30:00,6.9,100885.0,286.65,0.15
2015-12-21 13:45:00,7.7,100880.0,286.15,0.15
2015-12-21 14:00:00,7.199999999999999,100895.0,285.95,0.15
2015-12-21 14:15:00,7.0,100910.0,286.15,0.15
2015-12-21 14:30:00,6.949999999999999,100910.0,286.04999999999995,0.15
2015-12-21 14:45:00,7.1,100920.0,285.65,0.15
2015-12-21 15:00:00,5.949999999999999,100920.0,285.6,0.15
2015-12-21 15:15:00,6.9,100920.0,285.35,0.15
2015-12-21 15:30:00,6.15,100905.0,285.29999999999995,0.15
2015-12-21 15:45:00,5.3,100910.0,285.04999999999995,0.15
2015-12-21 16:00:00,5.65,100915.0,285.25,0.15
2015-12-21 16:15:00,5.5,100920.0,285.04999999999995,0.15
2015-12-21 16:30:00,5.1,100940.0,285.25,0.15
2015-12-21 16:45:00,5.2,100950.0,285.35,0.15
2015-12-21 17:00:00,5.699999999999999,100920.0,285.5,0.15
2015-12-21 17:15:00,5.5,100910.0,285.54999999999995,0.15
2015-12-21 17:30:00,6.6,100900.0,285.4,0.15
2015-12-21 17:45:00,6.3,100900.0,285.25,0.15
2015-12-21 18:00:00,6.55,100915.0,285.29999999999995,0.15
2015-12-21 18:15:00,6.7,100920.0,285.65,0.15
2015-12-21 18:30:00,6.15,100930.0,285.75,0.15
2015-12-21 18:45:00,6.1,100940.0,285.85,0.15
2015-12-21 19:00:00,6.65,100925.0,285.75,0.15
2015-12-21 19:15:00,7.4,100910.0,285.75,0.15
2015-12-21 19:30:00,6.1,100950.0,285.85,0.15
2015-12-21 19:45:00,6.1,100970.0,285.54999999999995,0.15
2015-12-21 20:00:00,6.1,100970.0,285.45,0.15
2015-12-21 20:15:00,6.4,100980.0,285.65,0.15
2015-12-21 20:30:00,6.7,101000.0,285.7,0.15
2015-12-21 20:45:00,5.9,101020.0,285.75,0.15
2015-12-21 21:00:00,5.95,101030.0,285.75,0.15
2015-12-21 21:15:00,5.4,101050.0,285.85,0.15
2015-12-21 21:30:00,6.1,101055.0,285.9,0.15
2015-12-21 21:45:00,5.7,101070.0,285.85,0.15
2015-12-21 22:00:00,4.9,101115.0,285.54999999999995,0.15
2015-12-21 22:15:00,4.3,101120.0,285.25,0.15
2015-12-21 22:30:00,3.4,101150.0,285.7,0.15
2015-12-21 22:45:00,3.0,101180.0,285.65,0.15
2015-12-21 23:00:00,3.65,101195.0,285.6,0.15
2015-12-21 23:15:00,3.7,101220.0,285.65,0.15
2015-12-21 23:30:00,3.55,101195.0,285.9,0.15
2015-12-21 23:45:00,4.1,101200.0,285.75,0.15
2015-12-22 00:00:00,3.1,101225.0,285.29999999999995,0.15
2015-12-22 00:15:00,3.3,101250.0,285.54999999999995,0.15
2015-12-22 00:30:00,4.0,101255.0,284.75,0.15
2015-12-22 00:45:00,1.2,101250.0,284.45,0.15
2015-12-22 01:00:00,1.75,101245.0,284.4,0.15
2015-12-22 01:15:00,2.2,101240.0,284.45,0.15
2015-12-22 01:30:00,2.55,101210.0,284.6,0.15
2015-12-22 01:45:00,2.7,101210.0,284.65,0.15
2015-12-22 02:00:00,2.4000000000000004,101220.0,285.1,0.15
2015-12-22 02:15:00,3.0,101210.0,285.35,0.15
2015-12-22 02:30:00,3.9,101215.0,285.5,0.15
2015-12-22 02:45:00,4.6,101220.0,285.75,0.15
2015-12-22 03:00:00,4.2,101205.0,285.75,0.15
2015-12-22 03:15:00,5.0,101180.0,285.85,0.15
2015-12-22 03:30:00,5.05,101175.0,285.79999999999995,0.15
2015-12-22 03:45:00,4.2,101170.0,285.75,0.15
2015-12-22 04:00:00,4.05,101175.0,285.45,0.15
2015-12-22 04:15:00,3.8,101190.0,284.95,0.15
2015-12-22 04:30:00,3.55,101180.0,284.65,0.15
2015-12-22 04:45:00,3.4,101180.0,284.54999999999995,0.15
2015-12-22 05:00:00,3.25,101195.0,284.4,0.15
2015-12-22 05:15:00,3.1,101210.0,284.25,0.15
2015-12-22 05:30:00,3.55,101175.0,284.2,0.15
2015-12-22 05:45:00,3.8,101180.0,284.15,0.15
2015-12-22 06:00:00,4.35,101170.0,284.2,0.15
2015-12-22 06:15:00,4.4,101160.0,284.25,0.15
2015-12-22 06:30:00,4.45,101150.0,284.25,0.15
2015-12-22 06:45:00,4.4,101150.0,284.35,0.15
2015-12-22 07:00:00,3.5,101150.0,284.4,0.15
2015-12-22 07:15:00,3.5,101140.0,284.45,0.15
2015-12-22 07:30:00,3.65,101140.0,284.45,0.15
2015-12-22 07:45:00,3.3,101140.0,284.54999999999995,0.15
2015-12-22 08:00:00,3.05,101150.0,284.6,0.15
2015-12-22 08:15:00,3.1,101140.0,284.85,0.15
2015-12-22 08:30:00,3.55,101150.0,285.15,0.15
2015-12-22 08:45:00,3.5,101150.0,285.35,0.15
2015-12-22 09:00:00,3.6,101155.0,285.45,0.15
2015-12-22 09:15:00,3.8,101160.0,285.95,0.15
2015-12-22 09:30:00,5.2,101185.0,286.45,0.15
2015-12-22 09:45:00,5.3,101190.0,286.65,0.15
2015-12-22 10:00:00,5.5,101190.0,287.1,0.15
2015-12-22 10:15:00,6.5,101180.0,287.54999999999995,0.15
2015-12-22 10:30:00,6.85,101170.0,287.6,0.15
2015-12-22 10:45:00,6.6,101170.0,287.65,0.15
2015-12-22 11:00:00,7.25,101155.0,287.75,0.15
2015-12-22 11:15:00,7.1,101140.0,287.85,0.15
2015-12-22 11:30:00,6.95,101105.0,288.1,0.15
2015-12-22 11:45:00,7.3,101130.0,287.95,0.15
2015-12-22 12:00:00,6.55,101125.0,287.9,0.15
2015-12-22 12:15:00,5.3,101120.0,287.85,0.15
2015-12-22 12:30:00,6.45,101125.0,287.75,0.15
2015-12-22 12:45:00,5.7,101120.0,287.75,0.15
2015-12-22 13:00:00,5.75,101105.0,287.65,0.15
2015-12-22 13:15:00,6.6,101080.0,287.54999999999995,0.15
2015-12-22 13:30:00,6.050000000000001,101070.0,287.35,0.15
2015-12-22 13:45:00,5.2,101050.0,287.25,0.15
2015-12-22 14:00:00,6.05,101045.0,287.35,0.15
2015-12-22 14:15:00,4.3,101060.0,287.45,0.15
2015-12-22 14:30:00,4.449999999999999,101055.0,287.15,0.15
2015-12-22 14:45:00,4.0,101050.0,287.15,0.15
2015-12-22 15:00:00,5.55,101030.0,286.85,0.15
2015-12-22 15:15:00,5.4,101010.0,286.75,0.15
2015-12-22 15:30:00,5.35,101005.0,286.9,0.15
2015-12-22 15:45:00,4.2,101030.0,286.75,0.15
2015-12-22 16:00:00,4.15,101035.0,286.95,0.15
2015-12-22 16:15:00,5.6,101030.0,287.04999999999995,0.15
2015-12-22 16:30:00,5.1,101025.0,287.1,0.15
2015-12-22 16:45:00,4.5,101030.0,286.75,0.15
2015-12-22 17:00:00,5.1,101020.0,287.1,0.15
2015-12-22 17:15:00,5.4,101010.0,286.95,0.15
2015-12-22 17:30:00,4.25,101020.0,286.75,0.15
2015-12-22 17:45:00,3.6,101010.0,286.65,0.15
2015-12-22 18:00:00,3.25,101005.0,286.7,0.15
2015-12-22 18:15:00,3.1,101000.0,286.65,0.15
2015-12-22 18:30:00,3.1,100995.0,286.5,0.15
2015-12-22 18:45:00,3.4,101000.0,286.35,0.15
2015-12-22 19:00:00,3.45,100990.0,286.35,0.15
2015-12-22 19:15:00,3.6,100980.0,286.45,0.15
2015-12-22 19:30:00,3.7,100980.0,286.6,0.15
2015-12-22 19:45:00,2.8,100970.0,286.54999999999995,0.15
2015-12-22 20:00:00,2.4,100975.0,286.45,0.15
2015-12-22 20:15:00,2.7,100980.0,286.85,0.15
2015-12-22 20:30:00,3.55,100980.0,286.45,0.15
2015-12-22 20:45:00,4.3,100970.0,286.65,0.15
2015-12-22 21:00:00,4.6,100960.0,286.2,0.15
2015-12-22 21:15:00,4.3,100960.0,285.85,0.15
2015-12-22 21:30:00,4.35,100965.0,285.75,0.15
2015-12-22 21:45:00,4.8,100960.0,285.75,0.15
2015-12-22 22:00:00,4.7,100950.0,286.35,0.15
2015-12-22 22:15:00,5.1,100940.0,286.35,0.15
2015-12-22 22:30:00,4.95,100940.0,286.45,0.15
2015-12-22 22:45:00,4.7,100940.0,286.35,0.15
2015-12-22 23:00:00,4.55,100940.0,286.25,0.15
2015-12-22 23:15:00,4.8,100920.0,286.35,0.15
2015-12-22 23:30:00,5.15,100905.0,285.95,0.15
2015-12-22 23:45:00,5.3,100900.0,285.85,0.15
2015-12-23 00:00:00,6.050000000000001,100895.0,286.0,0.15
2015-12-23 00:15:00,6.2,100890.0,285.95,0.15
2015-12-23 00:30:00,5.449999999999999,100895.0,285.95,0.15
2015-12-23 00:45:00,5.7,100890.0,285.85,0.15
2015-12-23 01:00:00,5.1,100875.0,286.0,0.15
2015-12-23 01:15:00,5.7,100870.0,285.95,0.15
2015-12-23 01:30:00,5.95,100850.0,285.95,0.15
2015-12-23 01:45:00,6.1,100820.0,285.95,0.15
2015-12-23 02:00:00,6.65,100810.0,286.0,0.15
2015-12-23 02:15:00,5.9,100830.0,285.95,0.15
2015-12-23 02:30:00,5.95,100855.0,285.95,0.15
2015-12-23 02:45:00,5.5,100850.0,285.85,0.15
2015-12-23 03:00:00,5.050000000000001,100840.0,285.65,0.15
2015-12-23 03:15:00,5.2,100810.0,285.85,0.15
2015-12-23 03:30:00,5.4,100820.0,285.85,0.15
2015-12-23 03:45:00,5.4,100820.0,286.15,0.15
2015-12-23 04:00:00,5.5,100820.0,285.85,0.15
2015-12-23 04:15:00,6.7,100820.0,285.75,0.15
2015-12-23 04:30:00,6.15,100830.0,285.65,0.15
2015-12-23 04:45:00,6.1,100850.0,285.45,0.15
2015-12-23 05:00:00,4.949999999999999,100850.0,285.29999999999995,0.15
2015-12-23 05:15:00,5.3,100870.0,285.25,0.15
2015-12-23 05:30:00,4.75,100885.0,284.9,0.15
2015-12-23 05:45:00,4.0,100900.0,284.45,0.15
2015-12-23 06:00:00,3.35,100930.0,284.65,0.15
2015-12-23 06:15:00,3.6,100950.0,284.65,0.15
2015-12-23 06:30:00,3.4,100965.0,284.65,0.15
2015-12-23 06:45:00,3.9,100990.0,284.65,0.15
2015-12-23 07:00:00,4.4,101015.0,284.5,0.15
2015-12-23 07:15:00,4.0,101030.0,285.15,0.15
2015-12-23 07:30:00,4.0,101070.0,285.4,0.15
2015-12-23 07:45:00,4.3,101100.0,285.54999999999995,0.15
2015-12-23 08:00:00,3.85,101130.0,285.79999999999995,0.15
2015-12-23 08:15:00,4.0,101160.0,285.75,0.15
2015-12-23 08:30:00,4.55,101190.0,285.75,0.15
2015-12-23 08:45:00,4.9,101220.0,285.75,0.15
2015-12-23 09:00:00,3.95,101245.0,285.9,0.15
2015-12-23 09:15:00,3.7,101280.0,285.85,0.15
2015-12-23 09:30:00,3.2,101305.0,285.95,0.15
2015-12-23 09:45:00,3.6,101320.0,286.25,0.15
2015-12-23 10:00:00,4.449999999999999,101335.0,286.65,0.15
2015-12-23 10:15:00,3.8,101350.0,287.04999999999995,0.15
2015-12-23 10:30:00,4.949999999999999,101355.0,287.29999999999995,0.15
2015-12-23 10:45:00,5.6,101350.0,287.04999999999995,0.15
2015-12-23 11:00:00,6.5,101360.0,286.65,0.15
2015-12-23 11:15:00,5.7,101360.0,287.04999999999995,0.15
2015-12-23 11:30:00,6.5,101355.0,287.2,0.15
2015-12-23 11:45:00,6.9,101360.0,286.75,0.15
2015-12-23 12:00:00,6.65,101370.0,286.54999999999995,0.15
2015-12-23 12:15:00,6.1,101400.0,286.25,0.15
2015-12-23 12:30:00,5.65,101430.0,285.95,0.15
2015-12-23 12:45:00,4.3,101440.0,286.35,0.15
2015-12-23 13:00:00,4.949999999999999,101445.0,286.45,0.15
2015-12-23 13:15:00,4.6,101470.0,286.54999999999995,0.15
2015-12-23 13:30:00,4.7,101470.0,286.4,0.15
2015-12-23 13:45:00,4.6,101470.0,286.45,0.15
2015-12-23 14:00:00,4.6,101460.0,286.25,0.15
2015-12-23 14:15:00,4.0,101490.0,286.04999999999995,0.15
2015-12-23 14:30:00,3.5,101500.0,285.45,0.15
2015-12-23 14:45:00,2.3,101520.0,285.15,0.15
2015-12-23 15:00:00,3.25,101520.0,284.79999999999995,0.15
2015-12-23 15:15:00,3.8,101540.0,284.35,0.15
2015-12-23 15:30:00,4.35,101545.0,284.65,0.15
2015-12-23 15:45:00,4.0,101550.0,284.45,0.15
2015-12-23 16:00:00,2.95,101555.0,283.79999999999995,0.15
2015-12-23 16:15:00,2.4,101550.0,282.35,0.15
2015-12-23 16:30:00,2.25,101560.0,282.15,0.15
2015-12-23 16:45:00,3.0,101570.0,281.85,0.15
2015-12-23 17:00:00,3.05,101580.0,282.4,0.15
2015-12-23 17:15:00,2.5,101600.0,282.65,0.15
2015-12-23 17:30:00,2.25,101605.0,281.9,0.15
2015-12-23 17:45:00,2.3,101620.0,281.85,0.15
2015-12-23 18:00:00,2.35,101620.0,281.7,0.15
2015-12-23 18:15:00,2.5,101610.0,281.85,0.15
2015-12-23 18:30:00,2.25,101615.0,282.04999999999995,0.15
2015-12-23 18:45:00,2.1,101630.0,282.35,0.15
2015-12-23 19:00:00,2.0,101635.0,282.45,0.15
2015-12-23 19:15:00,2.1,101620.0,282.25,0.15
2015-12-23 19:30:00,2.55,101620.0,282.15,0.15
2015-12-23 19:45:00,2.4,101620.0,282.15,0.15
2015-12-23 20:00:00,2.3,101610.0,281.79999999999995,0.15
2015-12-23 20:15:00,2.2,101610.0,281.65,0.15
2015-12-23 20:30:00,2.6500000000000004,101605.0,281.4,0.15
2015-12-23 20:45:00,2.7,101590.0,281.85,0.15
2015-12-23 21:00:00,3.0,101590.0,281.85,0.15
2015-12-23 21:15:00,3.2,101580.0,280.95,0.15
2015-12-23 21:30:00,2.8,101560.0,281.5,0.15
2015-12-23 21:45:00,3.2,101550.0,281.35,0.15
2015-12-23 22:00:00,3.25,101535.0,281.15,0.15
2015-12-23 22:15:00,3.1,101530.0,281.04999999999995,0.15
2015-12-23 22:30:00,2.7,101520.0,280.0,0.15
2015-12-23 22:45:00,2.8,101520.0,279.95,0.15
2015-12-23 23:00:00,2.9,101505.0,280.5,0.15
2015-12-23 23:15:00,2.5,101490.0,280.25,0.15
2015-12-23 23:30:00,2.55,101475.0,279.9,0.15
2015-12-23 23:45:00,2.9,101460.0,279.85,0.15
2015-12-24 00:00:00,2.55,101440.0,280.04999999999995,0.15
2015-12-24 00:15:00,2.7,101430.0,280.15,0.15
2015-12-24 00:30:00,2.5,101425.0,279.79999999999995,0.15
2015-12-24 00:45:00,3.5,101410.0,279.95,0.15
2015-12-24 01:00:00,2.7,101395.0,280.2,0.15
2015-12-24 01:15:00,2.5,101390.0,280.25,0.15
2015-12-24 01:30:00,2.7,101380.0,280.15,0.15
2015-12-24 01:45:00,3.0,101380.0,279.95,0.15
2015-12-24 02:00:00,3.05,101370.0,280.5,0.15
2015-12-24 02:15:00,2.6,101350.0,280.54999999999995,0.15
2015-12-24 02:30:00,3.35,101330.0,280.79999999999995,0.15
2015-12-24 02:45:00,3.8,101300.0,281.04999999999995,0.15
2015-12-24 03:00:00,4.5,101270.0,281.29999999999995,0.15
2015-12-24 03:15:00,4.4,101270.0,281.85,0.15
2015-12-24 03:30:00,4.35,101275.0,282.0,0.15
2015-12-24 03:45:00,4.9,101240.0,282.15,0.15
2015-12-24 04:00:00,4.5,101215.0,282.25,0.15
2015-12-24 04:15:00,3.7,101210.0,282.15,0.15
2015-12-24 04:30:00,3.4,101200.0,282.0,0.15
2015-12-24 04:45:00,3.1,101190.0,281.75,0.15
2015-12-24 05:00:00,3.25,101180.0,281.5,0.15
2015-12-24 05:15:00,3.6,101150.0,281.25,0.15
2015-12-24 05:30:00,3.65,101135.0,281.4,0.15
2015-12-24 05:45:00,4.1,101110.0,281.95,0.15
2015-12-24 06:00:00,4.199999999999999,101115.0,282.35,0.15
2015-12-24 06:15:00,3.8,101100.0,282.85,0.15
2015-12-24 06:30:00,3.85,101070.0,283.2,0.15
2015-12-24 06:45:00,4.5,101030.0,283.35,0.15
2015-12-24 07:00:00,4.25,101040.0,283.35,0.15
2015-12-24 07:15:00,4.4,101020.0,283.45,0.15
2015-12-24 07:30:00,4.15,101015.0,284.29999999999995,0.15
2015-12-24 07:45:00,3.8,101030.0,284.85,0.15
2015-12-24 08:00:00,4.550000000000001,101010.0,284.6,0.15
2015-12-24 08:15:00,4.8,101030.0,284.95,0.15
2015-12-24 08:30:00,5.1,101005.0,284.75,0.15
2015-12-24 08:45:00,4.3,100990.0,284.85,0.15
2015-12-24 09:00:00,4.55,100980.0,285.1,0.15
2015-12-24 09:15:00,4.7,100970.0,285.45,0.15
2015-12-24 09:30:00,4.6,100975.0,285.35,0.15
2015-12-24 09:45:00,5.0,100960.0,285.35,0.15
2015-12-24 10:00:00,5.4,100970.0,285.95,0.15
2015-12-24 10:15:00,5.1,100980.0,286.35,0.15
2015-12-24 10:30:00,4.85,100995.0,286.29999999999995,0.15
2015-12-24 10:45:00,5.0,100950.0,286.45,0.15
2015-12-24 11:00:00,5.25,100895.0,287.29999999999995,0.15
2015-12-24 11:15:00,7.3,100850.0,287.65,0.15
2015-12-24 11:30:00,6.85,100835.0,287.54999999999995,0.15
2015-12-24 11:45:00,6.5,100800.0,287.25,0.15
2015-12-24 12:00:00,5.45,100790.0,287.04999999999995,0.15
2015-12-24 12:15:00,5.1,100780.0,287.35,0.15
2015-12-24 12:30:00,5.199999999999999,100790.0,287.5,0.15
2015-12-24 12:45:00,4.9,100780.0,287.35,0.15
2015-12-24 13:00:00,5.9,100790.0,287.04999999999995,0.15
2015-12-24 13:15:00,4.5,100790.0,286.95,0.15
2015-12-24 13:30:00,4.65,100790.0,286.9,0.15
2015-12-24 13:45:00,5.1,100780.0,286.95,0.15
2015-12-24 14:00:00,5.699999999999999,100785.0,287.1,0.15
2015-12-24 14:15:00,5.2,100780.0,287.35,0.15
2015-12-24 14:30:00,5.9,100760.0,287.65,0.15
2015-12-24 14:45:00,6.4,100740.0,287.54999999999995,0.15
2015-12-24 15:00:00,4.9,100745.0,287.6,0.15
2015-12-24 15:15:00,4.9,100750.0,287.45,0.15
2015-12-24 15:30:00,4.55,100795.0,287.15,0.15
2015-12-24 15:45:00,4.5,100780.0,287.35,0.15
2015-12-24 16:00:00,5.65,100815.0,287.35,0.15
2015-12-24 16:15:00,6.4,100820.0,287.45,0.15
2015-12-24 16:30:00,5.85,100795.0,287.15,0.15
2015-12-24 16:45:00,5.0,100800.0,287.15,0.15
2015-12-24 17:00:00,5.65,100845.0,287.0,0.15
2015-12-24 17:15:00,5.0,100850.0,286.95,0.15
2015-12-24 17:30:00,5.35,100855.0,286.95,0.15
2015-12-24 17:45:00,5.0,100880.0,286.85,0.15
2015-12-24 18:00:00,4.6,100900.0,287.0,0.15
2015-12-24 18:15:00,4.3,100900.0,287.15,0.15
2015-12-24 18:30:00,5.2,100890.0,287.2,0.15
2015-12-24 18:45:00,5.2,100900.0,287.04999999999995,0.15
2015-12-24 19:00:00,5.75,100895.0,287.15,0.15
2015-12-24 19:15:00,5.5,100900.0,287.15,0.15
2015-12-24 19:30:00,5.75,100915.0,287.2,0.15
2015-12-24 19:45:00,5.1,100920.0,287.15,0.15
2015-12-24 20:00:00,4.85,100935.0,287.2,0.15
2015-12-24 20:15:00,4.2,100940.0,287.15,0.15
2015-12-24 20:30:00,4.1,100945.0,286.54999999999995,0.15
2015-12-24 20:45:00,4.1,100950.0,286.95,0.15
2015-12-24 21:00:00,4.6,100965.0,286.85,0.15
2015-12-24 21:15:00,5.6,100980.0,286.95,0.15
2015-12-24 21:30:00,5.65,100980.0,286.85,0.15
2015-12-24 21:45:00,6.0,100980.0,286.95,0.15
2015-12-24 22:00:00,5.55,100980.0,286.95,0.15
2015-12-24 22:15:00,5.3,101000.0,286.85,0.15
2015-12-24 22:30:00,5.9,101075.0,285.6,0.15
2015-12-24 22:45:00,7.4,101160.0,283.75,0.15
2015-12-24 23:00:00,5.199999999999999,101175.0,283.54999999999995,0.15
2015-12-24 23:15:00,3.5,101190.0,283.35,0.15
2015-12-24 23:30:00,3.45,101220.0,283.29999999999995,0.15
2015-12-24 23:45:00,2.4,101240.0,283.35,0.15
2015-12-25 00:00:00,2.0,101265.0,283.2,0.15
2015-12-25 00:15:00,2.2,101280.0,283.04999999999995,0.15
2015-12-25 00:30:00,2.05,101295.0,283.2,0.15
2015-12-25 00:45:00,3.0,101300.0,283.35,0.15
2015-12-25 01:00:00,2.55,101305.0,283.15,0.15
2015-12-25 01:15:00,2.3,101310.0,282.75,0.15
2015-12-25 01:30:00,2.35,101335.0,282.95,0.15
2015-12-25 01:45:00,2.6,101350.0,283.35,0.15
2015-12-25 02:00:00,2.65,101365.0,283.2,0.15
2015-12-25 02:15:00,2.6,101380.0,282.75,0.15
2015-12-25 02:30:00,2.85,101395.0,282.6,0.15
2015-12-25 02:45:00,3.2,101400.0,282.75,0.15
2015-12-25 03:00:00,3.1500000000000004,101410.0,282.85,0.15
2015-12-25 03:15:00,3.6,101430.0,283.04999999999995,0.15
2015-12-25 03:30:00,3.65,101440.0,283.0,0.15
2015-12-25 03:45:00,3.2,101440.0,283.04999999999995,0.15
2015-12-25 04:00:00,2.9,101460.0,282.95,0.15
2015-12-25 04:15:00,2.7,101480.0,283.15,0.15
2015-12-25 04:30:00,2.75,101495.0,283.0,0.15
2015-12-25 04:45:00,2.5,101500.0,282.85,0.15
2015-12-25 05:00:00,2.85,101495.0,282.7,0.15
2015-12-25 05:15:00,3.2,101510.0,282.54999999999995,0.15
2015-12-25 05:30:00,2.85,101520.0,282.7,0.15
2015-12-25 05:45:00,2.5,101540.0,282.54999999999995,0.15
2015-12-25 06:00:00,2.55,101540.0,282.2,0.15
2015-12-25 06:15:00,2.4,101540.0,281.95,0.15
2015-12-25 06:30:00,2.35,101555.0,281.95,0.15
2015-12-25 06:45:00,2.6,101570.0,281.75,0.15
2015-12-25 07:00:00,2.8,101575.0,281.75,0.15
2015-12-25 07:15:00,2.8,101570.0,281.85,0.15
2015-12-25 07:30:00,2.7,101575.0,281.75,0.15
2015-12-25 07:45:00,3.0,101570.0,282.04999999999995,0.15
2015-12-25 08:00:00,2.9,101585.0,282.04999999999995,0.15
2015-12-25 08:15:00,3.0,101610.0,282.45,0.15
2015-12-25 08:30:00,3.05,101605.0,282.54999999999995,0.15
2015-12-25 08:45:00,2.9,101640.0,282.65,0.15
2015-12-25 09:00:00,3.25,101630.0,282.65,0.15
2015-12-25 09:15:00,2.9,101620.0,282.25,0.15
2015-12-25 09:30:00,3.9,101640.0,282.35,0.15
2015-12-25 09:45:00,3.6,101640.0,282.45,0.15
2015-12-25 10:00:00,3.35,101640.0,282.6,0.15
2015-12-25 10:15:00,3.0,101640.0,282.35,0.15
2015-12-25 10:30:00,3.05,101645.0,282.04999999999995,0.15
2015-12-25 10:45:00,1.9,101640.0,281.85,0.15
2015-12-25 11:00:00,2.25,101605.0,281.85,0.15
2015-12-25 11:15:00,3.1,101580.0,281.85,0.15
2015-12-25 11:30:00,3.2,101555.0,281.85,0.15
2015-12-25 11:45:00,3.4,101530.0,281.95,0.15
2015-12-25 12:00:00,3.25,101495.0,282.0,0.15
2015-12-25 12:15:00,3.2,101490.0,282.15,0.15
2015-12-25 12:30:00,3.25,101475.0,282.45,0.15
2015-12-25 12:45:00,3.5,101460.0,282.85,0.15
2015-12-25 13:00:00,3.8,101450.0,283.15,0.15
2015-12-25 13:15:00,3.8,101420.0,283.45,0.15
2015-12-25 13:30:00,2.8,101410.0,283.54999999999995,0.15
2015-12-25 13:45:00,2.3,101420.0,283.54999999999995,0.15
2015-12-25 14:00:00,2.0,101430.0,283.7,0.15
2015-12-25 14:15:00,2.0,101440.0,283.75,0.15
2015-12-25 14:30:00,1.75,101450.0,284.25,0.15
2015-12-25 14:45:00,1.9,101460.0,284.45,0.15
2015-12-25 15:00:00,1.95,101460.0,284.6,0.15
2015-12-25 15:15:00,2.3,101460.0,284.95,0.15
2015-12-25 15:30:00,2.4,101460.0,285.25,0.15
2015-12-25 15:45:00,2.2,101460.0,285.25,0.15
2015-12-25 16:00:00,2.3,101475.0,285.0,0.15
2015-12-25 16:15:00,2.3,101470.0,284.95,0.15
2015-12-25 16:30:00,2.3,101460.0,284.85,0.15
2015-12-25 16:45:00,2.2,101460.0,284.95,0.15
2015-12-25 17:00:00,2.2,101460.0,285.2,0.15
2015-12-25 17:15:00,2.8,101460.0,285.54999999999995,0.15
2015-12-25 17:30:00,3.15,101470.0,285.29999999999995,0.15
2015-12-25 17:45:00,3.5,101470.0,285.25,0.15
2015-12-25 18:00:00,2.6,101465.0,285.4,0.15
2015-12-25 18:15:00,3.4,101470.0,285.54999999999995,0.15
2015-12-25 18:30:00,3.35,101480.0,285.7,0.15
2015-12-25 18:45:00,3.2,101490.0,285.75,0.15
2015-12-25 19:00:00,2.45,101495.0,285.65,0.15
2015-12-25 19:15:00,2.4,101500.0,285.85,0.15
2015-12-25 19:30:00,2.6500000000000004,101495.0,286.0,0.15
2015-12-25 19:45:00,2.3,101500.0,285.85,0.15
2015-12-25 20:00:00,2.2,101515.0,285.9,0.15
2015-12-25 20:15:00,2.1,101530.0,285.75,0.15
2015-12-25 20:30:00,3.1500000000000004,101550.0,286.0,0.15
2015-12-25 20:45:00,3.8,101530.0,286.95,0.15
2015-12-25 21:00:00,3.35,101510.0,286.9,0.15
2015-12-25 21:15:00,3.4,101500.0,287.15,0.15
2015-12-25 21:30:00,3.45,101480.0,286.95,0.15
2015-12-25 21:45:00,3.3,101480.0,286.65,0.15
2015-12-25 22:00:00,4.15,101480.0,287.04999999999995,0.15
2015-12-25 22:15:00,4.2,101490.0,287.04999999999995,0.15
2015-12-25 22:30:00,3.85,101490.0,286.85,0.15
2015-12-25 22:45:00,4.5,101510.0,286.95,0.15
2015-12-25 23:00:00,4.05,101520.0,287.15,0.15
2015-12-25 23:15:00,4.2,101520.0,286.85,0.15
2015-12-25 23:30:00,3.45,101515.0,286.7,0.15
2015-12-25 23:45:00,3.7,101520.0,286.85,0.15
2015-12-26 00:00:00,3.4000000000000004,101520.0,286.7,0.15
2015-12-26 00:15:00,3.4,101520.0,286.35,0.15
2015-12-26 00:30:00,3.65,101505.0,286.35,0.15
2015-12-26 00:45:00,4.2,101490.0,286.54999999999995,0.15
2015-12-26 01:00:00,4.800000000000001,101480.0,286.85,0.15
2015-12-26 01:15:00,4.6,101500.0,287.04999999999995,0.15
2015-12-26 01:30:00,4.4,101500.0,286.9,0.15
2015-12-26 01:45:00,3.5,101510.0,286.85,0.15
2015-12-26 02:00:00,2.85,101510.0,286.9,0.15
2015-12-26 02:15:00,2.8,101500.0,287.04999999999995,0.15
2015-12-26 02:30:00,3.5,101500.0,287.04999999999995,0.15
2015-12-26 02:45:00,3.9,101500.0,287.25,0.15
2015-12-26 03:00:00,4.6,101495.0,287.4,0.15
2015-12-26 03:15:00,3.8,101500.0,286.85,0.15
2015-12-26 03:30:00,2.8,101495.0,287.15,0.15
2015-12-26 03:45:00,3.1,101480.0,287.04999999999995,0.15
2015-12-26 04:00:00,3.3,101465.0,286.95,0.15
2015-12-26 04:15:00,3.7,101450.0,286.25,0.15
2015-12-26 04:30:00,3.75,101440.0,286.4,0.15
2015-12-26 04:45:00,4.0,101440.0,286.65,0.15
2015-12-26 05:00:00,4.449999999999999,101445.0,286.65,0.15
2015-12-26 05:15:00,4.5,101440.0,286.35,0.15
2015-12-26 05:30:00,4.85,101435.0,286.25,0.15
2015-12-26 05:45:00,4.2,101440.0,285.85,0.15
2015-12-26 06:00:00,3.85,101440.0,285.4,0.15
2015-12-26 06:15:00,4.0,101440.0,284.75,0.15
2015-12-26 06:30:00,3.4,101440.0,284.7,0.15
2015-12-26 06:45:00,3.6,101440.0,284.85,0.15
2015-12-26 07:00:00,4.05,101430.0,284.7,0.15
2015-12-26 07:15:00,4.3,101440.0,284.54999999999995,0.15
2015-12-26 07:30:00,3.75,101440.0,284.45,0.15
2015-12-26 07:45:00,3.7,101440.0,284.65,0.15
2015-12-26 08:00:00,3.5,101440.0,284.5,0.15
2015-12-26 08:15:00,3.0,101450.0,285.04999999999995,0.15
2015-12-26 08:30:00,3.3,101480.0,285.65,0.15
2015-12-26 08:45:00,4.2,101480.0,285.75,0.15
2015-12-26 09:00:00,3.9,101495.0,285.7,0.15
2015-12-26 09:15:00,3.8,101500.0,285.25,0.15
2015-12-26 09:30:00,3.45,101495.0,285.85,0.15
2015-12-26 09:45:00,3.2,101480.0,286.65,0.15
2015-12-26 10:00:00,2.95,101480.0,287.45,0.15
2015-12-26 10:15:00,2.9,101470.0,287.75,0.15
2015-12-26 10:30:00,3.0,101465.0,288.0,0.15
2015-12-26 10:45:00,3.3,101450.0,288.35,0.15
2015-12-26 11:00:00,3.45,101425.0,288.54999999999995,0.15
2015-12-26 11:15:00,3.5,101420.0,288.54999999999995,0.15
2015-12-26 11:30:00,4.2,101410.0,288.6,0.15
2015-12-26 11:45:00,3.9,101400.0,288.85,0.15
2015-12-26 12:00:00,3.7,101390.0,289.2,0.15
2015-12-26 12:15:00,3.8,101390.0,289.25,0.15
2015-12-26 12:30:00,4.0,101370.0,289.5,0.15
2015-12-26 12:45:00,4.5,101360.0,289.45,0.15
2015-12-26 13:00:00,4.35,101350.0,289.54999999999995,0.15
2015-12-26 13:15:00,3.9,101350.0,289.65,0.15
2015-12-26 13:30:00,4.35,101350.0,289.7,0.15
2015-12-26 13:45:00,4.0,101350.0,290.04999999999995,0.15
2015-12-26 14:00:00,3.65,101355.0,290.04999999999995,0.15
2015-12-26 14:15:00,3.4,101370.0,289.65,0.15
2015-12-26 14:30:00,3.75,101365.0,289.0,0.15
2015-12-26 14:45:00,3.3,101370.0,288.25,0.15
2015-12-26 15:00:00,3.2,101380.0,287.75,0.15
2015-12-26 15:15:00,3.3,101390.0,287.95,0.15
2015-12-26 15:30:00,3.3,101400.0,287.85,0.15
2015-12-26 15:45:00,3.8,101410.0,287.95,0.15
2015-12-26 16:00:00,3.5,101420.0,287.6,0.15
2015-12-26 16:15:00,4.3,101420.0,287.75,0.15
2015-12-26 16:30:00,4.25,101420.0,287.5,0.15
2015-12-26 16:45:00,4.6,101410.0,287.54999999999995,0.15
2015-12-26 17:00:00,4.65,101410.0,287.1,0.15
2015-12-26 17:15:00,4.6,101420.0,286.45,0.15
2015-12-26 17:30:00,4.35,101420.0,285.7,0.15
2015-12-26 17:45:00,4.3,101420.0,285.65,0.15
2015-12-26 18:00:00,4.6,101410.0,285.1,0.15
2015-12-26 18:15:00,4.1,101410.0,285.35,0.15
2015-12-26 18:30:00,3.65,101410.0,284.7,0.15
2015-12-26 18:45:00,3.3,101420.0,284.65,0.15
2015-12-26 19:00:00,3.25,101415.0,284.04999999999995,0.15
2015-12-26 19:15:00,3.0,101420.0,284.04999999999995,0.15
2015-12-26 19:30:00,3.0,101415.0,283.79999999999995,0.15
2015-12-26 19:45:00,2.8,101420.0,283.95,0.15
2015-12-26 20:00:00,2.8,101425.0,283.2,0.15
2015-12-26 20:15:00,2.9,101420.0,282.35,0.15
2015-12-26 20:30:00,2.55,101420.0,282.7,0.15
2015-12-26 20:45:00,2.5,101420.0,283.35,0.15
2015-12-26 21:00:00,1.85,101435.0,283.9,0.15
2015-12-26 21:15:00,2.1,101430.0,283.45,0.15
2015-12-26 21:30:00,2.3,101430.0,283.5,0.15
2015-12-26 21:45:00,1.8,101430.0,283.54999999999995,0.15
2015-12-26 22:00:00,2.15,101415.0,283.6,0.15
2015-12-26 22:15:00,2.3,101420.0,283.45,0.15
2015-12-26 22:30:00,2.35,101420.0,283.45,0.15
2015-12-26 22:45:00,3.0,101410.0,282.75,0.15
2015-12-26 23:00:00,3.3,101410.0,282.4,0.15
2015-12-26 23:15:00,3.5,101420.0,282.35,0.15
2015-12-26 23:30:00,3.8,101400.0,281.9,0.15
2015-12-26 23:45:00,3.2,101400.0,281.45,0.15
2015-12-27 00:00:00,3.2,101395.0,282.15,0.15
2015-12-27 00:15:00,3.6,101380.0,281.65,0.15
2015-12-27 00:30:00,2.85,101365.0,281.45,0.15
2015-12-27 00:45:00,2.9,101350.0,281.25,0.15
2015-12-27 01:00:00,3.75,101340.0,281.2,0.15
2015-12-27 01:15:00,3.2,101340.0,281.85,0.15
2015-12-27 01:30:00,3.15,101325.0,282.0,0.15
2015-12-27 01:45:00,3.5,101330.0,281.65,0.15
2015-12-27 02:00:00,3.65,101335.0,282.2,0.15
2015-12-27 02:15:00,4.0,101340.0,282.15,0.15
2015-12-27 02:30:00,4.1,101355.0,282.25,0.15
2015-12-27 02:45:00,4.6,101350.0,282.54999999999995,0.15
2015-12-27 03:00:00,4.5,101360.0,282.75,0.15
2015-12-27 03:15:00,4.6,101350.0,282.95,0.15
2015-12-27 03:30:00,4.25,101355.0,282.65,0.15
2015-12-27 03:45:00,4.0,101350.0,282.65,0.15
2015-12-27 04:00:00,3.8,101345.0,282.4,0.15
2015-12-27 04:15:00,3.8,101340.0,282.45,0.15
2015-12-27 04:30:00,3.5,101345.0,282.29999999999995,0.15
2015-12-27 04:45:00,3.0,101360.0,282.04999999999995,0.15
2015-12-27 05:00:00,4.2,101345.0,281.7,0.15
2015-12-27 05:15:00,4.1,101340.0,281.95,0.15
2015-12-27 05:30:00,4.1,101345.0,281.79999999999995,0.15
2015-12-27 05:45:00,4.0,101350.0,282.75,0.15
2015-12-27 06:00:00,3.35,101345.0,282.95,0.15
2015-12-27 06:15:00,3.6,101350.0,282.85,0.15
2015-12-27 06:30:00,3.1,101360.0,282.75,0.15
2015-12-27 06:45:00,3.7,101370.0,282.85,0.15
2015-12-27 07:00:00,3.6,101370.0,283.04999999999995,0.15
2015-12-27 07:15:00,3.8,101380.0,282.75,0.15
2015-12-27 07:30:00,3.35,101385.0,282.54999999999995,0.15
2015-12-27 07:45:00,3.6,101400.0,282.85,0.15
2015-12-27 08:00:00,3.3,101420.0,282.95,0.15
2015-12-27 08:15:00,3.2,101440.0,282.95,0.15
2015-12-27 08:30:00,3.15,101455.0,282.85,0.15
2015-12-27 08:45:00,3.8,101460.0,282.85,0.15
2015-12-27 09:00:00,3.6,101470.0,283.6,0.15
2015-12-27 09:15:00,2.6,101490.0,284.15,0.15
2015-12-27 09:30:00,3.65,101490.0,284.45,0.15
2015-12-27 09:45:00,4.5,101500.0,284.95,0.15
2015-12-27 10:00:00,4.699999999999999,101520.0,285.2,0.15
2015-12-27 10:15:00,5.1,101510.0,285.35,0.15
2015-12-27 10:30:00,4.5,101530.0,285.29999999999995,0.15
2015-12-27 10:45:00,4.6,101540.0,285.45,0.15
2015-12-27 11:00:00,3.8,101535.0,285.79999999999995,0.15
2015-12-27 11:15:00,3.6,101530.0,285.95,0.15
2015-12-27 11:30:00,3.6,101530.0,286.04999999999995,0.15
2015-12-27 11:45:00,3.5,101520.0,286.25,0.15
2015-12-27 12:00:00,4.45,101520.0,286.65,0.15
2015-12-27 12:15:00,4.9,101530.0,286.65,0.15
2015-12-27 12:30:00,4.75,101530.0,286.5,0.15
2015-12-27 12:45:00,4.1,101520.0,286.45,0.15
2015-12-27 13:00:00,4.85,101520.0,286.6,0.15
2015-12-27 13:15:00,4.5,101520.0,286.95,0.15
2015-12-27 13:30:00,4.25,101535.0,286.9,0.15
2015-12-27 13:45:00,4.0,101530.0,286.95,0.15
2015-12-27 14:00:00,4.2,101535.0,286.9,0.15
2015-12-27 14:15:00,4.3,101550.0,286.85,0.15
2015-12-27 14:30:00,4.0,101550.0,286.9,0.15
2015-12-27 14:45:00,3.9,101560.0,286.75,0.15
2015-12-27 15:00:00,3.35,101575.0,286.75,0.15
2015-12-27 15:15:00,3.6,101580.0,286.54999999999995,0.15
2015-12-27 15:30:00,4.9,101595.0,286.75,0.15
2015-12-27 15:45:00,5.5,101610.0,286.65,0.15
2015-12-27 16:00:00,5.55,101620.0,286.45,0.15
2015-12-27 16:15:00,4.9,101640.0,286.54999999999995,0.15
2015-12-27 16:30:00,4.5,101645.0,286.25,0.15
2015-12-27 16:45:00,5.2,101640.0,285.75,0.15
2015-12-27 17:00:00,4.0,101665.0,285.45,0.15
2015-12-27 17:15:00,4.5,101670.0,285.35,0.15
2015-12-27 17:30:00,3.7,101690.0,284.95,0.15
2015-12-27 17:45:00,2.2,101710.0,284.45,0.15
2015-12-27 18:00:00,3.1,101705.0,284.29999999999995,0.15
2015-12-27 18:15:00,3.2,101720.0,282.95,0.15
2015-12-27 18:30:00,2.25,101725.0,283.5,0.15
2015-12-27 18:45:00,2.0,101740.0,282.54999999999995,0.15
2015-12-27 19:00:00,2.45,101745.0,282.29999999999995,0.15
2015-12-27 19:15:00,1.9,101760.0,283.04999999999995,0.15
2015-12-27 19:30:00,1.95,101765.0,282.7,0.15
2015-12-27 19:45:00,2.1,101770.0,282.95,0.15
2015-12-27 20:00:00,2.3,101770.0,282.85,0.15
2015-12-27 20:15:00,2.3,101770.0,282.85,0.15
2015-12-27 20:30:00,1.9,101785.0,282.85,0.15
2015-12-27 20:45:00,2.8,101800.0,283.15,0.15
2015-12-27 21:00:00,2.5,101820.0,282.85,0.15
2015-12-27 21:15:00,2.5,101830.0,282.85,0.15
2015-12-27 21:30:00,2.8,101830.0,283.0,0.15
2015-12-27 21:45:00,2.6,101840.0,282.54999999999995,0.15
2015-12-27 22:00:00,2.85,101850.0,282.45,0.15
2015-12-27 22:15:00,2.7,101840.0,282.15,0.15
2015-12-27 22:30:00,2.2,101845.0,281.29999999999995,0.15
2015-12-27 22:45:00,3.0,101850.0,282.54999999999995,0.15
2015-12-27 23:00:00,2.9000000000000004,101840.0,282.0,0.15
2015-12-27 23:15:00,2.9,101830.0,282.04999999999995,0.15
2015-12-27 23:30:00,3.35,101840.0,280.29999999999995,0.15
2015-12-27 23:45:00,3.6,101840.0,281.35,0.15
2015-12-28 00:00:00,3.25,101830.0,281.04999999999995,0.15
2015-12-28 00:15:00,2.8,101820.0,280.75,0.15
2015-12-28 00:30:00,2.8,101815.0,280.75,0.15
2015-12-28 00:45:00,3.1,101800.0,280.75,0.15
2015-12-28 01:00:00,2.5,101795.0,280.79999999999995,0.15
2015-12-28 01:15:00,2.7,101800.0,280.85,0.15
2015-12-28 01:30:00,2.3,101790.0,280.7,0.15
2015-12-28 01:45:00,2.5,101780.0,280.95,0.15
2015-12-28 02:00:00,1.7,101785.0,280.75,0.15
2015-12-28 02:15:00,1.9,101790.0,280.54999999999995,0.15
2015-12-28 02:30:00,2.5,101775.0,279.95,0.15
2015-12-28 02:45:00,2.9,101760.0,280.15,0.15
2015-12-28 03:00:00,2.55,101760.0,280.6,0.15
2015-12-28 03:15:00,2.7,101740.0,280.45,0.15
2015-12-28 03:30:00,2.6,101745.0,280.54999999999995,0.15
2015-12-28 03:45:00,3.1,101740.0,280.54999999999995,0.15
2015-12-28 04:00:00,2.65,101730.0,280.4,0.15
2015-12-28 04:15:00,2.5,101720.0,280.15,0.15
2015-12-28 04:30:00,2.05,101720.0,280.35,0.15
2015-12-28 04:45:00,2.4,101720.0,280.54999999999995,0.15
2015-12-28 05:00:00,2.3,101700.0,280.45,0.15
2015-12-28 05:15:00,2.5,101690.0,280.45,0.15
2015-12-28 05:30:00,2.7,101685.0,280.5,0.15
2015-12-28 05:45:00,2.8,101670.0,280.54999999999995,0.15
2015-12-28 06:00:00,2.7,101660.0,280.54999999999995,0.15
2015-12-28 06:15:00,2.8,101640.0,280.65,0.15
2015-12-28 06:30:00,2.65,101650.0,280.4,0.15
2015-12-28 06:45:00,2.5,101650.0,280.54999999999995,0.15
2015-12-28 07:00:00,3.05,101640.0,280.9,0.15
2015-12-28 07:15:00,2.7,101650.0,280.85,0.15
2015-12-28 07:30:00,3.35,101660.0,280.9,0.15
2015-12-28 07:45:00,2.6,101680.0,281.04999999999995,0.15
2015-12-28 08:00:00,2.9,101680.0,280.9,0.15
2015-12-28 08:15:00,2.8,101680.0,280.85,0.15
2015-12-28 08:30:00,3.75,101670.0,281.04999999999995,0.15
2015-12-28 08:45:00,3.9,101670.0,281.35,0.15
2015-12-28 09:00:00,4.05,101665.0,281.75,0.15
2015-12-28 09:15:00,3.5,101650.0,282.04999999999995,0.15
2015-12-28 09:30:00,3.4000000000000004,101650.0,282.45,0.15
2015-12-28 09:45:00,3.6,101640.0,282.85,0.15
2015-12-28 10:00:00,4.3,101630.0,283.6,0.15
2015-12-28 10:15:00,5.2,101600.0,284.15,0.15
2015-12-28 10:30:00,5.449999999999999,101585.0,284.54999999999995,0.15
2015-12-28 10:45:00,5.4,101560.0,284.75,0.15
2015-12-28 11:00:00,5.95,101560.0,284.85,0.15
2015-12-28 11:15:00,6.3,101540.0,284.95,0.15
2015-12-28 11:30:00,6.050000000000001,101500.0,285.0,0.15
2015-12-28 11:45:00,5.2,101490.0,285.35,0.15
2015-12-28 12:00:00,4.75,101465.0,285.4,0.15
2015-12-28 12:15:00,4.4,101440.0,285.45,0.15
2015-12-28 12:30:00,5.25,101420.0,285.75,0.15
2015-12-28 12:45:00,6.0,101420.0,285.95,0.15
2015-12-28 13:00:00,6.4,101410.0,285.79999999999995,0.15
2015-12-28 13:15:00,6.5,101410.0,285.65,0.15
2015-12-28 13:30:00,6.25,101380.0,285.54999999999995,0.15
2015-12-28 13:45:00,6.6,101350.0,285.65,0.15
2015-12-28 14:00:00,6.1,101370.0,285.2,0.15
2015-12-28 14:15:00,6.0,101350.0,285.15,0.15
2015-12-28 14:30:00,5.7,101355.0,284.95,0.15
2015-12-28 14:45:00,5.0,101340.0,284.95,0.15
2015-12-28 15:00:00,5.95,101325.0,284.7,0.15
2015-12-28 15:15:00,6.1,101300.0,284.54999999999995,0.15
2015-12-28 15:30:00,6.1,101300.0,284.35,0.15
2015-12-28 15:45:00,6.0,101290.0,284.15,0.15
2015-12-28 16:00:00,5.85,101290.0,284.0,0.15
2015-12-28 16:15:00,6.1,101280.0,284.15,0.15
2015-12-28 16:30:00,5.8,101275.0,284.35,0.15
2015-12-28 16:45:00,5.1,101260.0,283.65,0.15
2015-12-28 17:00:00,4.15,101265.0,283.7,0.15
2015-12-28 17:15:00,3.4,101280.0,283.25,0.15
2015-12-28 17:30:00,4.15,101285.0,282.79999999999995,0.15
2015-12-28 17:45:00,4.0,101280.0,282.45,0.15
2015-12-28 18:00:00,4.25,101280.0,282.15,0.15
2015-12-28 18:15:00,4.8,101290.0,281.65,0.15
2015-12-28 18:30:00,5.35,101285.0,282.4,0.15
2015-12-28 18:45:00,5.7,101270.0,282.45,0.15
2015-12-28 19:00:00,6.449999999999999,101260.0,282.6,0.15
2015-12-28 19:15:00,5.5,101260.0,282.65,0.15
2015-12-28 19:30:00,6.0,101265.0,282.5,0.15
2015-12-28 19:45:00,5.4,101260.0,282.75,0.15
2015-12-28 20:00:00,5.25,101250.0,282.6,0.15
2015-12-28 20:15:00,5.8,101240.0,282.54999999999995,0.15
2015-12-28 20:30:00,6.6,101230.0,282.7,0.15
2015-12-28 20:45:00,6.3,101240.0,282.35,0.15
2015-12-28 21:00:00,6.6,101255.0,281.85,0.15
2015-12-28 21:15:00,5.4,101260.0,281.25,0.15
2015-12-28 21:30:00,5.15,101265.0,281.1,0.15
2015-12-28 21:45:00,4.4,101260.0,282.04999999999995,0.15
2015-12-28 22:00:00,3.2,101250.0,282.0,0.15
2015-12-28 22:15:00,4.6,101230.0,281.75,0.15
2015-12-28 22:30:00,5.550000000000001,101245.0,282.15,0.15
2015-12-28 22:45:00,6.1,101230.0,282.25,0.15
2015-12-28 23:00:00,6.85,101220.0,282.4,0.15
2015-12-28 23:15:00,5.8,101220.0,282.45,0.15
2015-12-28 23:30:00,5.6,101205.0,282.25,0.15
2015-12-28 23:45:00,5.3,101180.0,281.95,0.15
2015-12-29 00:00:00,5.449999999999999,101170.0,282.1,0.15
2015-12-29 00:15:00,5.2,101170.0,282.04999999999995,0.15
2015-12-29 00:30:00,5.05,101165.0,282.1,0.15
2015-12-29 00:45:00,5.6,101150.0,281.95,0.15
2015-12-29 01:00:00,5.65,101140.0,281.85,0.15
2015-12-29 01:15:00,4.9,101150.0,281.65,0.15
2015-12-29 01:30:00,5.199999999999999,101170.0,281.45,0.15
2015-12-29 01:45:00,4.4,101180.0,281.65,0.15
2015-12-29 02:00:00,6.0,101165.0,281.45,0.15
2015-12-29 02:15:00,5.2,101170.0,281.54999999999995,0.15
2015-12-29 02:30:00,4.85,101165.0,281.35,0.15
2015-12-29 02:45:00,5.4,101150.0,281.35,0.15
2015-12-29 03:00:00,5.05,101140.0,281.2,0.15
2015-12-29 03:15:00,5.0,101120.0,281.04999999999995,0.15
2015-12-29 03:30:00,5.0,101135.0,281.04999999999995,0.15
2015-12-29 03:45:00,4.8,101130.0,281.15,0.15
2015-12-29 04:00:00,5.35,101125.0,281.0,0.15
2015-12-29 04:15:00,5.9,101120.0,280.95,0.15
2015-12-29 04:30:00,6.0,101120.0,280.85,0.15
2015-12-29 04:45:00,5.2,101120.0,280.85,0.15
2015-12-29 05:00:00,5.800000000000001,101100.0,280.9,0.15
2015-12-29 05:15:00,5.3,101110.0,280.75,0.15
2015-12-29 05:30:00,5.35,101115.0,280.79999999999995,0.15
2015-12-29 05:45:00,5.5,101120.0,280.65,0.15
2015-12-29 06:00:00,4.5,101160.0,280.65,0.15
2015-12-29 06:15:00,4.9,101160.0,280.15,0.15
2015-12-29 06:30:00,4.55,101160.0,280.15,0.15
2015-12-29 06:45:00,4.2,101170.0,280.15,0.15
2015-12-29 07:00:00,5.300000000000001,101155.0,280.1,0.15
2015-12-29 07:15:00,5.0,101160.0,280.15,0.15
2015-12-29 07:30:00,4.6,101175.0,279.9,0.15
2015-12-29 07:45:00,4.1,101190.0,279.85,0.15
2015-12-29 08:00:00,4.1,101215.0,279.9,0.15
2015-12-29 08:15:00,4.5,101230.0,280.15,0.15
2015-12-29 08:30:00,4.1,101255.0,280.25,0.15
2015-12-29 08:45:00,4.3,101260.0,280.45,0.15
2015-12-29 09:00:00,4.449999999999999,101270.0,280.79999999999995,0.15
2015-12-29 09:15:00,4.2,101300.0,281.15,0.15
2015-12-29 09:30:00,4.2,101310.0,281.35,0.15
2015-12-29 09:45:00,4.6,101330.0,281.75,0.15
2015-12-29 10:00:00,4.65,101340.0,281.95,0.15
2015-12-29 10:15:00,3.9,101360.0,282.15,0.15
2015-12-29 10:30:00,4.2,101360.0,282.5,0.15
2015-12-29 10:45:00,4.7,101360.0,282.65,0.15
2015-12-29 11:00:00,4.2,101360.0,283.1,0.15
2015-12-29 11:15:00,4.6,101370.0,283.54999999999995,0.15
2015-12-29 11:30:00,4.35,101370.0,283.65,0.15
2015-12-29 11:45:00,4.9,101380.0,283.85,0.15
2015-12-29 12:00:00,3.8,101400.0,284.0,0.15
2015-12-29 12:15:00,3.8,101420.0,284.15,0.15
2015-12-29 12:30:00,4.05,101440.0,284.04999999999995,0.15
2015-12-29 12:45:00,4.1,101460.0,284.35,0.15
2015-12-29 13:00:00,5.1,101420.0,284.79999999999995,0.15
2015-12-29 13:15:00,4.9,101420.0,284.65,0.15
2015-12-29 13:30:00,4.5,101415.0,285.0,0.15
2015-12-29 13:45:00,4.8,101440.0,285.04999999999995,0.15
2015-12-29 14:00:00,4.550000000000001,101460.0,284.79999999999995,0.15
2015-12-29 14:15:00,4.5,101480.0,284.75,0.15
2015-12-29 14:30:00,4.199999999999999,101515.0,284.29999999999995,0.15
2015-12-29 14:45:00,3.4,101540.0,284.15,0.15
2015-12-29 15:00:00,3.5,101555.0,284.04999999999995,0.15
2015-12-29 15:15:00,3.5,101570.0,283.75,0.15
2015-12-29 15:30:00,2.65,101590.0,283.29999999999995,0.15
2015-12-29 15:45:00,2.5,101600.0,282.54999999999995,0.15
2015-12-29 16:00:00,2.55,101610.0,282.4,0.15
2015-12-29 16:15:00,2.3,101620.0,282.25,0.15
2015-12-29 16:30:00,2.35,101640.0,282.4,0.15
2015-12-29 16:45:00,2.3,101650.0,282.35,0.15
2015-12-29 17:00:00,2.3,101655.0,283.15,0.15
2015-12-29 17:15:00,3.3,101660.0,282.95,0.15
2015-12-29 17:30:00,3.05,101675.0,282.85,0.15
2015-12-29 17:45:00,3.2,101690.0,282.95,0.15
2015-12-29 18:00:00,2.4,101710.0,283.1,0.15
2015-12-29 18:15:00,3.1,101720.0,283.04999999999995,0.15
2015-12-29 18:30:00,2.9,101720.0,283.04999999999995,0.15
2015-12-29 18:45:00,2.6,101740.0,282.95,0.15
2015-12-29 19:00:00,3.1500000000000004,101740.0,283.0,0.15
2015-12-29 19:15:00,2.8,101750.0,283.04999999999995,0.15
2015-12-29 19:30:00,2.55,101745.0,283.0,0.15
2015-12-29 19:45:00,1.7,101770.0,282.65,0.15
2015-12-29 20:00:00,2.1,101775.0,282.6,0.15
2015-12-29 20:15:00,2.3,101790.0,282.85,0.15
2015-12-29 20:30:00,2.3,101800.0,282.4,0.15
2015-12-29 20:45:00,1.6,101820.0,281.95,0.15
2015-12-29 21:00:00,1.95,101820.0,282.1,0.15
2015-12-29 21:15:00,2.2,101820.0,282.15,0.15
2015-12-29 21:30:00,3.05,101815.0,282.15,0.15
2015-12-29 21:45:00,3.5,101810.0,282.45,0.15
2015-12-29 22:00:00,3.25,101825.0,282.0,0.15
2015-12-29 22:15:00,3.1,101830.0,281.95,0.15
2015-12-29 22:30:00,3.05,101825.0,281.5,0.15
2015-12-29 22:45:00,2.7,101830.0,281.54999999999995,0.15
2015-12-29 23:00:00,2.8,101845.0,280.75,0.15
2015-12-29 23:15:00,3.1,101850.0,280.54999999999995,0.15
2015-12-29 23:30:00,3.25,101845.0,280.45,0.15
2015-12-29 23:45:00,3.1,101850.0,280.65,0.15
2015-12-30 00:00:00,2.95,101840.0,280.29999999999995,0.15
2015-12-30 00:15:00,3.0,101840.0,280.25,0.15
2015-12-30 00:30:00,3.25,101835.0,280.2,0.15
2015-12-30 00:45:00,3.4,101840.0,280.04999999999995,0.15
2015-12-30 01:00:00,3.6,101830.0,279.9,0.15
2015-12-30 01:15:00,3.3,101820.0,279.75,0.15
2015-12-30 01:30:00,3.05,101825.0,279.95,0.15
2015-12-30 01:45:00,3.4,101820.0,279.75,0.15
2015-12-30 02:00:00,3.4,101810.0,279.85,0.15
2015-12-30 02:15:00,3.4,101800.0,279.75,0.15
2015-12-30 02:30:00,3.65,101785.0,279.65,0.15
2015-12-30 02:45:00,3.6,101760.0,279.54999999999995,0.15
2015-12-30 03:00:00,3.45,101750.0,279.5,0.15
2015-12-30 03:15:00,3.5,101740.0,279.54999999999995,0.15
2015-12-30 03:30:00,3.95,101745.0,279.5,0.15
2015-12-30 03:45:00,4.2,101750.0,279.54999999999995,0.15
2015-12-30 04:00:00,4.25,101745.0,279.35,0.15
2015-12-30 04:15:00,4.1,101740.0,279.35,0.15
2015-12-30 04:30:00,4.550000000000001,101715.0,279.4,0.15
2015-12-30 04:45:00,3.7,101710.0,279.45,0.15
2015-12-30 05:00:00,3.55,101700.0,279.35,0.15
2015-12-30 05:15:00,4.5,101690.0,278.95,0.15
2015-12-30 05:30:00,4.449999999999999,101695.0,278.6,0.15
2015-12-30 05:45:00,4.8,101710.0,278.65,0.15
2015-12-30 06:00:00,5.1,101725.0,278.75,0.15
2015-12-30 06:15:00,5.4,101730.0,278.75,0.15
2015-12-30 06:30:00,5.45,101715.0,278.85,0.15
2015-12-30 06:45:00,5.5,101720.0,279.04999999999995,0.15
2015-12-30 07:00:00,4.65,101720.0,279.1,0.15
2015-12-30 07:15:00,3.6,101730.0,279.25,0.15
2015-12-30 07:30:00,4.75,101710.0,279.35,0.15
2015-12-30 07:45:00,4.1,101700.0,279.45,0.15
2015-12-30 08:00:00,4.15,101680.0,279.6,0.15
2015-12-30 08:15:00,4.0,101670.0,279.85,0.15
2015-12-30 08:30:00,4.2,101660.0,280.0,0.15
2015-12-30 08:45:00,5.0,101660.0,280.25,0.15
2015-12-30 09:00:00,4.35,101635.0,280.5,0.15
2015-12-30 09:15:00,3.2,101620.0,280.54999999999995,0.15
2015-12-30 09:30:00,2.85,101600.0,281.04999999999995,0.15
2015-12-30 09:45:00,3.1,101600.0,281.65,0.15
2015-12-30 10:00:00,3.8,101580.0,281.7,0.15
2015-12-30 10:15:00,3.9,101560.0,282.04999999999995,0.15
2015-12-30 10:30:00,4.15,101525.0,281.75,0.15
2015-12-30 10:45:00,5.4,101490.0,281.65,0.15
2015-12-30 11:00:00,4.3,101460.0,281.85,0.15
2015-12-30 11:15:00,4.2,101440.0,281.95,0.15
2015-12-30 11:30:00,4.550000000000001,101420.0,281.85,0.15
2015-12-30 11:45:00,4.5,101390.0,281.85,0.15
2015-12-30 12:00:00,4.300000000000001,101360.0,281.95,0.15
2015-12-30 12:15:00,3.7,101340.0,281.85,0.15
2015-12-30 12:30:00,4.1,101315.0,282.1,0.15
2015-12-30 12:45:00,4.9,101300.0,282.15,0.15
2015-12-30 13:00:00,5.55,101305.0,282.29999999999995,0.15
2015-12-30 13:15:00,6.2,101290.0,282.35,0.15
2015-12-30 13:30:00,5.85,101300.0,282.29999999999995,0.15
2015-12-30 13:45:00,6.5,101270.0,282.25,0.15
2015-12-30 14:00:00,5.1,101250.0,282.0,0.15
2015-12-30 14:15:00,6.1,101230.0,281.95,0.15
2015-12-30 14:30:00,6.65,101225.0,281.95,0.15
2015-12-30 14:45:00,5.7,101220.0,281.75,0.15
2015-12-30 15:00:00,6.3,101205.0,281.5,0.15
2015-12-30 15:15:00,6.8,101190.0,281.35,0.15
2015-12-30 15:30:00,7.0,101180.0,281.15,0.15
2015-12-30 15:45:00,7.3,101170.0,281.04999999999995,0.15
2015-12-30 16:00:00,7.3,101150.0,280.85,0.15
2015-12-30 16:15:00,8.3,101130.0,280.65,0.15
2015-12-30 16:30:00,8.8,101100.0,280.5,0.15
2015-12-30 16:45:00,7.5,101070.0,280.35,0.15
2015-12-30 17:00:00,8.2,101065.0,280.2,0.15
2015-12-30 17:15:00,8.6,101050.0,280.04999999999995,0.15
2015-12-30 17:30:00,7.4,101040.0,279.9,0.15
2015-12-30 17:45:00,7.3,101010.0,279.85,0.15
2015-12-30 18:00:00,6.4,100995.0,279.79999999999995,0.15
2015-12-30 18:15:00,6.3,100990.0,279.85,0.15
2015-12-30 18:30:00,5.75,100990.0,279.75,0.15
2015-12-30 18:45:00,7.6,100970.0,279.75,0.15
2015-12-30 19:00:00,7.25,100920.0,279.6,0.15
2015-12-30 19:15:00,5.6,100920.0,279.54999999999995,0.15
2015-12-30 19:30:00,7.0,100890.0,279.5,0.15
2015-12-30 19:45:00,6.0,100870.0,279.45,0.15
2015-12-30 20:00:00,6.45,100845.0,279.45,0.15
2015-12-30 20:15:00,6.6,100850.0,279.35,0.15
2015-12-30 20:30:00,7.15,100815.0,279.35,0.15
2015-12-30 20:45:00,6.0,100800.0,279.25,0.15
2015-12-30 21:00:00,6.9,100785.0,279.29999999999995,0.15
2015-12-30 21:15:00,7.2,100760.0,279.15,0.15
2015-12-30 21:30:00,6.300000000000001,100730.0,279.0,0.15
2015-12-30 21:45:00,7.4,100700.0,278.95,0.15
2015-12-30 22:00:00,7.050000000000001,100675.0,278.9,0.15
2015-12-30 22:15:00,6.1,100660.0,278.85,0.15
2015-12-30 22:30:00,6.15,100660.0,278.75,0.15
2015-12-30 22:45:00,6.9,100630.0,278.85,0.15
2015-12-30 23:00:00,5.85,100640.0,278.95,0.15
2015-12-30 23:15:00,6.3,100640.0,278.85,0.15
2015-12-30 23:30:00,6.4,100620.0,278.9,0.15
2015-12-30 23:45:00,5.7,100600.0,278.95,0.15
2015-12-31 00:00:00,6.949999999999999,100575.0,279.0,0.15
2015-12-31 00:15:00,6.1,100570.0,279.04999999999995,0.15
2015-12-31 00:30:00,6.75,100525.0,279.2,0.15
2015-12-31 00:45:00,6.9,100490.0,279.25,0.15
2015-12-31 01:00:00,6.75,100500.0,279.29999999999995,0.15
2015-12-31 01:15:00,5.8,100530.0,279.15,0.15
2015-12-31 01:30:00,5.6,100545.0,279.25,0.15
2015-12-31 01:45:00,5.8,100560.0,279.15,0.15
2015-12-31 02:00:00,5.25,100545.0,279.25,0.15
2015-12-31 02:15:00,5.4,100530.0,279.35,0.15
2015-12-31 02:30:00,4.85,100540.0,279.4,0.15
2015-12-31 02:45:00,4.7,100550.0,279.54999999999995,0.15
2015-12-31 03:00:00,5.699999999999999,100520.0,279.7,0.15
2015-12-31 03:15:00,5.9,100500.0,279.85,0.15
2015-12-31 03:30:00,5.550000000000001,100475.0,279.9,0.15
2015-12-31 03:45:00,6.3,100490.0,280.04999999999995,0.15
2015-12-31 04:00:00,5.85,100490.0,280.2,0.15
2015-12-31 04:15:00,4.5,100480.0,280.35,0.15
2015-12-31 04:30:00,4.15,100505.0,280.45,0.15
2015-12-31 04:45:00,3.9,100510.0,280.45,0.15
2015-12-31 05:00:00,3.95,100535.0,280.4,0.15
2015-12-31 05:15:00,3.4,100540.0,280.35,0.15
2015-12-31 05:30:00,3.6,100530.0,280.5,0.15
2015-12-31 05:45:00,4.0,100560.0,280.65,0.15
2015-12-31 06:00:00,4.1,100595.0,280.54999999999995,0.15
2015-12-31 06:15:00,4.4,100620.0,280.54999999999995,0.15
2015-12-31 06:30:00,5.55,100635.0,280.1,0.15
2015-12-31 06:45:00,4.5,100670.0,279.85,0.15
2015-12-31 07:00:00,3.95,100690.0,279.85,0.15
2015-12-31 07:15:00,4.1,100720.0,279.85,0.15
2015-12-31 07:30:00,4.5,100745.0,279.95,0.15
2015-12-31 07:45:00,4.6,100760.0,279.95,0.15
2015-12-31 08:00:00,4.25,100790.0,279.95,0.15
2015-12-31 08:15:00,3.8,100800.0,280.04999999999995,0.15
2015-12-31 08:30:00,3.85,100820.0,280.15,0.15
2015-12-31 08:45:00,4.1,100830.0,280.15,0.15
2015-12-31 09:00:00,3.75,100845.0,280.25,0.15
2015-12-31 09:15:00,3.5,100860.0,280.35,0.15
2015-12-31 09:30:00,3.75,100890.0,280.54999999999995,0.15
2015-12-31 09:45:00,4.2,100910.0,280.85,0.15
2015-12-31 10:00:00,4.199999999999999,100925.0,281.2,0.15
2015-12-31 10:15:00,4.3,100930.0,281.54999999999995,0.15
2015-12-31 10:30:00,4.15,100925.0,281.7,0.15
2015-12-31 10:45:00,3.8,100930.0,282.04999999999995,0.15
2015-12-31 11:00:00,3.25,100945.0,282.25,0.15
2015-12-31 11:15:00,3.4,100950.0,283.04999999999995,0.15
2015-12-31 11:30:00,3.45,100950.0,283.35,0.15
2015-12-31 11:45:00,3.4,100940.0,283.54999999999995,0.15
2015-12-31 12:00:00,3.4,100945.0,284.15,0.15
2015-12-31 12:15:00,3.8,100960.0,284.54999999999995,0.15
2015-12-31 12:30:00,3.35,100960.0,284.85,0.15
2015-12-31 12:45:00,4.5,100980.0,285.04999999999995,0.15
2015-12-31 13:00:00,4.45,100995.0,285.29999999999995,0.15
2015-12-31 13:15:00,4.6,101010.0,285.35,0.15
2015-12-31 13:30:00,3.65,101025.0,284.9,0.15
2015-12-31 13:45:00,2.9,101030.0,285.35,0.15
2015-12-31 14:00:00,3.65,101040.0,285.4,0.15
2015-12-31 14:15:00,2.3,101040.0,284.85,0.15
2015-12-31 14:30:00,1.7,101055.0,284.5,0.15
2015-12-31 14:45:00,1.9,101070.0,283.95,0.15
2015-12-31 15:00:00,2.05,101080.0,283.4,0.15
2015-12-31 15:15:00,1.5,101110.0,282.65,0.15
2015-12-31 15:30:00,1.7,101125.0,281.65,0.15
2015-12-31 15:45:00,2.7,101130.0,281.45,0.15
2015-12-31 16:00:00,3.25,101140.0,281.15,0.15
2015-12-31 16:15:00,2.6,101160.0,281.25,0.15
2015-12-31 16:30:00,2.45,101150.0,281.15,0.15
2015-12-31 16:45:00,3.0,101170.0,280.15,0.15
2015-12-31 17:00:00,2.6,101165.0,280.25,0.15
2015-12-31 17:15:00,2.0,101170.0,280.15,0.15
2015-12-31 17:30:00,2.85,101185.0,279.79999999999995,0.15
2015-12-31 17:45:00,2.3,101190.0,280.45,0.15
2015-12-31 18:00:00,1.95,101200.0,279.04999999999995,0.15
2015-12-31 18:15:00,2.4,101200.0,280.15,0.15
2015-12-31 18:30:00,3.05,101205.0,279.0,0.15
2015-12-31 18:45:00,3.0,101200.0,278.85,0.15
2015-12-31 19:00:00,2.8,101200.0,279.4,0.15
2015-12-31 19:15:00,2.9,101210.0,279.75,0.15
2015-12-31 19:30:00,2.8,101215.0,280.1,0.15
2015-12-31 19:45:00,2.3,101220.0,279.35,0.15
2015-12-31 20:00:00,3.1,101215.0,279.95,0.15
2015-12-31 20:15:00,3.1,101200.0,279.75,0.15
2015-12-31 20:30:00,2.85,101210.0,279.65,0.15
2015-12-31 20:45:00,2.9,101220.0,279.75,0.15
2015-12-31 21:00:00,3.1,101210.0,279.6,0.15
2015-12-31 21:15:00,3.3,101210.0,279.75,0.15
2015-12-31 21:30:00,3.6,101205.0,279.9,0.15
2015-12-31 21:45:00,3.8,101210.0,279.65,0.15
2015-12-31 22:00:00,3.8,101210.0,277.65,0.15
2015-12-31 22:15:00,3.5,101240.0,276.95,0.15
2015-12-31 22:30:00,3.7,101250.0,278.29999999999995,0.15
2015-12-31 22:45:00,4.3,101250.0,278.25,0.15
2015-12-31 23:00:00,4.2,101245.0,278.35,0.15
2015-12-31 23:15:00,3.6,101250.0,278.15,0.15
2015-12-31 23:30:00,3.65,101250.0,278.2,0.15
2015-12-31 23:45:00,3.8,101250.0,278.15,0.15
